5.118406772613525391e+00,0.000000000000000000e+00,0.000000000000000000e+00,0.000000000000000000e+00,0.000000000000000000e+00,0.000000000000000000e+00,4.894736289978027344e+00
2.036285638809204102e+00,0.000000000000000000e+00,0.000000000000000000e+00,1.577409386634826660e+00,0.000000000000000000e+00,0.000000000000000000e+00,4.003991127014160156e+00
0.000000000000000000e+00,0.000000000000000000e+00,4.006451606750488281e+00,2.336790323257446289e+00,0.000000000000000000e+00,0.000000000000000000e+00,7.333869338035583496e-01
0.000000000000000000e+00,0.000000000000000000e+00,4.448678016662597656e+00,3.282213449478149414e+00,0.000000000000000000e+00,0.000000000000000000e+00,1.816374957561492920e-01
0.000000000000000000e+00,0.000000000000000000e+00,3.749834060668945312e+00,3.210768938064575195e+00,0.000000000000000000e+00,0.000000000000000000e+00,1.166903018951416016e+00
0.000000000000000000e+00,0.000000000000000000e+00,3.842715978622436523e+00,3.294430732727050781e+00,0.000000000000000000e+00,0.000000000000000000e+00,6.896662116050720215e-01
0.000000000000000000e+00,0.000000000000000000e+00,4.097628116607666016e+00,3.251223325729370117e+00,0.000000000000000000e+00,0.000000000000000000e+00,4.049588143825531006e-01
0.000000000000000000e+00,0.000000000000000000e+00,3.974048614501953125e+00,3.174512624740600586e+00,0.000000000000000000e+00,0.000000000000000000e+00,3.764130473136901855e-01
0.000000000000000000e+00,0.000000000000000000e+00,3.624016523361206055e+00,3.090363979339599609e+00,0.000000000000000000e+00,0.000000000000000000e+00,8.805716037750244141e-01
0.000000000000000000e+00,0.000000000000000000e+00,3.589560985565185547e+00,2.978417396545410156e+00,0.000000000000000000e+00,0.000000000000000000e+00,1.470957398414611816e+00
0.000000000000000000e+00,0.000000000000000000e+00,1.834304571151733398e+00,1.153251379728317261e-01,0.000000000000000000e+00,0.000000000000000000e+00,1.544183969497680664e+00
0.000000000000000000e+00,0.000000000000000000e+00,3.377472400665283203e+00,0.000000000000000000e+00,3.353065490722656250e+00,0.000000000000000000e+00,0.000000000000000000e+00
0.000000000000000000e+00,0.000000000000000000e+00,3.195001125335693359e+00,0.000000000000000000e+00,1.642136335372924805e+00,0.000000000000000000e+00,0.000000000000000000e+00
2.066701889038085938e+00,0.000000000000000000e+00,0.000000000000000000e+00,0.000000000000000000e+00,1.570026993751525879e+00,0.000000000000000000e+00,0.000000000000000000e+00
0.000000000000000000e+00,0.000000000000000000e+00,5.100412964820861816e-01,0.000000000000000000e+00,3.332257270812988281e+00,0.000000000000000000e+00,0.000000000000000000e+00
0.000000000000000000e+00,0.000000000000000000e+00,2.129144430160522461e+00,0.000000000000000000e+00,1.133595228195190430e+00,0.000000000000000000e+00,0.000000000000000000e+00
0.000000000000000000e+00,0.000000000000000000e+00,1.524385213851928711e+00,0.000000000000000000e+00,3.694473266601562500e+00,0.000000000000000000e+00,0.000000000000000000e+00
0.000000000000000000e+00,0.000000000000000000e+00,3.329832792282104492e+00,1.521022796630859375e+00,0.000000000000000000e+00,0.000000000000000000e+00,2.956665158271789551e-01
0.000000000000000000e+00,0.000000000000000000e+00,1.733418941497802734e+00,0.000000000000000000e+00,4.333016395568847656e+00,0.000000000000000000e+00,0.000000000000000000e+00
0.000000000000000000e+00,0.000000000000000000e+00,3.791271448135375977e+00,2.480928421020507812e+00,0.000000000000000000e+00,0.000000000000000000e+00,6.263830661773681641e-01
0.000000000000000000e+00,0.000000000000000000e+00,1.980385065078735352e+00,3.220842123031616211e+00,0.000000000000000000e+00,0.000000000000000000e+00,2.001807212829589844e+00
0.000000000000000000e+00,0.000000000000000000e+00,3.059972763061523438e+00,0.000000000000000000e+00,1.640608072280883789e+00,0.000000000000000000e+00,0.000000000000000000e+00
0.000000000000000000e+00,0.000000000000000000e+00,1.381454229354858398e+00,9.262878894805908203e-01,0.000000000000000000e+00,0.000000000000000000e+00,2.456159293651580811e-01
0.000000000000000000e+00,0.000000000000000000e+00,0.000000000000000000e+00,0.000000000000000000e+00,2.442745685577392578e+00,0.000000000000000000e+00,0.000000000000000000e+00
0.000000000000000000e+00,2.720152735710144043e-01,1.238352417945861816e+00,0.000000000000000000e+00,3.199501037597656250e+00,0.000000000000000000e+00,0.000000000000000000e+00
0.000000000000000000e+00,0.000000000000000000e+00,1.409518480300903320e+00,2.849944353103637695e+00,0.000000000000000000e+00,0.000000000000000000e+00,1.639929056167602539e+00
4.020727634429931641e+00,0.000000000000000000e+00,0.000000000000000000e+00,0.000000000000000000e+00,7.231634855270385742e-01,0.000000000000000000e+00,1.378168821334838867e+00
0.000000000000000000e+00,0.000000000000000000e+00,1.939743518829345703e+00,0.000000000000000000e+00,8.611783385276794434e-01,0.000000000000000000e+00,0.000000000000000000e+00
0.000000000000000000e+00,0.000000000000000000e+00,1.305997610092163086e+00,0.000000000000000000e+00,3.216893672943115234e+00,0.000000000000000000e+00,0.000000000000000000e+00
0.000000000000000000e+00,0.000000000000000000e+00,2.858593463897705078e+00,0.000000000000000000e+00,1.535689830780029297e+00,0.000000000000000000e+00,0.000000000000000000e+00
0.000000000000000000e+00,0.000000000000000000e+00,3.014785528182983398e+00,0.000000000000000000e+00,2.352461338043212891e+00,0.000000000000000000e+00,0.000000000000000000e+00
0.000000000000000000e+00,0.000000000000000000e+00,7.201629877090454102e-02,3.637753248214721680e+00,0.000000000000000000e+00,0.000000000000000000e+00,1.933876276016235352e+00
0.000000000000000000e+00,0.000000000000000000e+00,2.996947050094604492e+00,2.437923908233642578e+00,0.000000000000000000e+00,0.000000000000000000e+00,4.770497679710388184e-01
0.000000000000000000e+00,0.000000000000000000e+00,5.730175971984863281e-01,0.000000000000000000e+00,1.951075911521911621e+00,0.000000000000000000e+00,0.000000000000000000e+00
2.442894458770751953e+00,0.000000000000000000e+00,0.000000000000000000e+00,0.000000000000000000e+00,1.787023544311523438e-01,0.000000000000000000e+00,1.297749876976013184e+00
0.000000000000000000e+00,0.000000000000000000e+00,1.977203369140625000e+00,0.000000000000000000e+00,1.676427245140075684e+00,0.000000000000000000e+00,0.000000000000000000e+00
0.000000000000000000e+00,0.000000000000000000e+00,2.469570875167846680e+00,0.000000000000000000e+00,2.761646747589111328e+00,0.000000000000000000e+00,0.000000000000000000e+00
0.000000000000000000e+00,0.000000000000000000e+00,3.654135704040527344e+00,2.079310178756713867e+00,0.000000000000000000e+00,0.000000000000000000e+00,1.362226307392120361e-01
0.000000000000000000e+00,0.000000000000000000e+00,2.708144426345825195e+00,0.000000000000000000e+00,3.769840240478515625e+00,0.000000000000000000e+00,0.000000000000000000e+00
6.637495011091232300e-02,0.000000000000000000e+00,1.041651964187622070e+00,0.000000000000000000e+00,4.560531973838806152e-01,0.000000000000000000e+00,4.541138559579849243e-02
2.219511985778808594e+00,0.000000000000000000e+00,0.000000000000000000e+00,0.000000000000000000e+00,1.351745128631591797e+00,0.000000000000000000e+00,9.197197109460830688e-02
1.609717488288879395e+00,0.000000000000000000e+00,0.000000000000000000e+00,0.000000000000000000e+00,0.000000000000000000e+00,0.000000000000000000e+00,1.317049503326416016e+00
0.000000000000000000e+00,0.000000000000000000e+00,3.351884126663208008e+00,5.456926822662353516e-01,1.772213459014892578e+00,0.000000000000000000e+00,0.000000000000000000e+00
0.000000000000000000e+00,0.000000000000000000e+00,3.226209640502929688e+00,2.600800991058349609e+00,0.000000000000000000e+00,0.000000000000000000e+00,7.727093100547790527e-01
0.000000000000000000e+00,0.000000000000000000e+00,9.268805384635925293e-01,2.630422115325927734e+00,0.000000000000000000e+00,0.000000000000000000e+00,6.668866276741027832e-01
0.000000000000000000e+00,0.000000000000000000e+00,3.597780227661132812e+00,0.000000000000000000e+00,2.949444293975830078e+00,0.000000000000000000e+00,0.000000000000000000e+00
0.000000000000000000e+00,0.000000000000000000e+00,1.801903247833251953e+00,0.000000000000000000e+00,5.402164161205291748e-02,0.000000000000000000e+00,1.565237343311309814e-01
0.000000000000000000e+00,0.000000000000000000e+00,9.150627255439758301e-02,3.325042963027954102e+00,0.000000000000000000e+00,0.000000000000000000e+00,3.363675594329833984e+00
0.000000000000000000e+00,0.000000000000000000e+00,1.195954918861389160e+00,0.000000000000000000e+00,1.132707715034484863e+00,0.000000000000000000e+00,0.000000000000000000e+00
1.329106390476226807e-01,0.000000000000000000e+00,6.687222719192504883e-01,0.000000000000000000e+00,2.430492490530014038e-01,0.000000000000000000e+00,2.031880319118499756e-01
4.078937470912933350e-01,0.000000000000000000e+00,0.000000000000000000e+00,1.265516877174377441e+00,0.000000000000000000e+00,0.000000000000000000e+00,3.150462210178375244e-01
0.000000000000000000e+00,0.000000000000000000e+00,1.402177095413208008e+00,0.000000000000000000e+00,2.448764324188232422e+00,0.000000000000000000e+00,0.000000000000000000e+00
0.000000000000000000e+00,0.000000000000000000e+00,3.393464088439941406e+00,0.000000000000000000e+00,3.129096984863281250e+00,0.000000000000000000e+00,0.000000000000000000e+00
0.000000000000000000e+00,0.000000000000000000e+00,1.484932184219360352e+00,0.000000000000000000e+00,3.045691490173339844e+00,0.000000000000000000e+00,0.000000000000000000e+00
5.649364590644836426e-01,0.000000000000000000e+00,1.039155244827270508e+00,1.207842707633972168e+00,0.000000000000000000e+00,0.000000000000000000e+00,2.992864131927490234e+00
0.000000000000000000e+00,0.000000000000000000e+00,2.117477416992187500e+00,3.090070247650146484e+00,0.000000000000000000e+00,0.000000000000000000e+00,5.239586234092712402e-01
0.000000000000000000e+00,0.000000000000000000e+00,1.981064796447753906e+00,3.156363368034362793e-01,1.927729129791259766e+00,0.000000000000000000e+00,0.000000000000000000e+00
8.887754678726196289e-01,0.000000000000000000e+00,0.000000000000000000e+00,1.111479401588439941e+00,0.000000000000000000e+00,0.000000000000000000e+00,1.794726014137268066e+00
0.000000000000000000e+00,0.000000000000000000e+00,2.070241212844848633e+00,1.939715266227722168e+00,0.000000000000000000e+00,0.000000000000000000e+00,2.026193857192993164e+00
2.258188724517822266e+00,0.000000000000000000e+00,0.000000000000000000e+00,0.000000000000000000e+00,2.436769381165504456e-02,0.000000000000000000e+00,1.389555573463439941e+00
6.730155944824218750e-01,0.000000000000000000e+00,0.000000000000000000e+00,1.096957325935363770e+00,0.000000000000000000e+00,0.000000000000000000e+00,1.768473744392395020e+00
2.714003801345825195e+00,0.000000000000000000e+00,0.000000000000000000e+00,0.000000000000000000e+00,1.527495265007019043e+00,0.000000000000000000e+00,0.000000000000000000e+00
0.000000000000000000e+00,0.000000000000000000e+00,1.250138878822326660e-01,2.694383621215820312e+00,0.000000000000000000e+00,0.000000000000000000e+00,1.201876997947692871e+00
0.000000000000000000e+00,0.000000000000000000e+00,7.260983586311340332e-01,9.185214042663574219e-01,1.494615197181701660e+00,0.000000000000000000e+00,0.000000000000000000e+00
0.000000000000000000e+00,0.000000000000000000e+00,2.741665601730346680e+00,0.000000000000000000e+00,3.802159309387207031e+00,0.000000000000000000e+00,0.000000000000000000e+00
0.000000000000000000e+00,0.000000000000000000e+00,1.545501708984375000e+00,2.739173412322998047e+00,0.000000000000000000e+00,0.000000000000000000e+00,2.396401882171630859e+00
0.000000000000000000e+00,0.000000000000000000e+00,5.457198619842529297e-01,0.000000000000000000e+00,2.857308387756347656e+00,0.000000000000000000e+00,0.000000000000000000e+00
1.855424046516418457e-01,0.000000000000000000e+00,1.001164436340332031e+00,1.180619835853576660e+00,0.000000000000000000e+00,0.000000000000000000e+00,1.778387308120727539e+00
0.000000000000000000e+00,0.000000000000000000e+00,5.236541628837585449e-01,0.000000000000000000e+00,1.955911874771118164e+00,0.000000000000000000e+00,0.000000000000000000e+00
0.000000000000000000e+00,0.000000000000000000e+00,1.758971065282821655e-01,0.000000000000000000e+00,1.749020338058471680e+00,0.000000000000000000e+00,0.000000000000000000e+00
2.431934356689453125e+00,0.000000000000000000e+00,0.000000000000000000e+00,3.174804151058197021e-01,0.000000000000000000e+00,0.000000000000000000e+00,3.745016336441040039e+00
0.000000000000000000e+00,0.000000000000000000e+00,3.978896439075469971e-01,1.170421838760375977e+00,0.000000000000000000e+00,0.000000000000000000e+00,5.339956879615783691e-01
1.565609574317932129e+00,0.000000000000000000e+00,0.000000000000000000e+00,0.000000000000000000e+00,2.420764923095703125e+00,0.000000000000000000e+00,0.000000000000000000e+00
2.137752056121826172e+00,0.000000000000000000e+00,0.000000000000000000e+00,0.000000000000000000e+00,0.000000000000000000e+00,0.000000000000000000e+00,7.365837693214416504e-01
0.000000000000000000e+00,0.000000000000000000e+00,4.585896730422973633e-01,0.000000000000000000e+00,2.825336933135986328e+00,0.000000000000000000e+00,0.000000000000000000e+00
2.272911548614501953e+00,0.000000000000000000e+00,0.000000000000000000e+00,0.000000000000000000e+00,4.782262742519378662e-01,0.000000000000000000e+00,1.516326069831848145e+00
0.000000000000000000e+00,0.000000000000000000e+00,3.143992900848388672e+00,9.398162364959716797e-04,2.039501190185546875e+00,0.000000000000000000e+00,0.000000000000000000e+00
0.000000000000000000e+00,0.000000000000000000e+00,2.987896680831909180e+00,0.000000000000000000e+00,2.518029212951660156e+00,0.000000000000000000e+00,0.000000000000000000e+00
8.091500401496887207e-02,0.000000000000000000e+00,9.297851920127868652e-01,2.759260177612304688e+00,0.000000000000000000e+00,0.000000000000000000e+00,3.659171581268310547e+00
0.000000000000000000e+00,0.000000000000000000e+00,4.032182693481445312e+00,2.745981931686401367e+00,0.000000000000000000e+00,0.000000000000000000e+00,1.462606787681579590e+00
0.000000000000000000e+00,0.000000000000000000e+00,4.111239910125732422e+00,2.521837711334228516e+00,0.000000000000000000e+00,0.000000000000000000e+00,1.603466272354125977e-01
0.000000000000000000e+00,0.000000000000000000e+00,4.529536247253417969e+00,3.068511247634887695e+00,0.000000000000000000e+00,0.000000000000000000e+00,3.515692055225372314e-01
0.000000000000000000e+00,0.000000000000000000e+00,3.774688482284545898e+00,2.663221836090087891e+00,0.000000000000000000e+00,0.000000000000000000e+00,1.460577487945556641e+00
0.000000000000000000e+00,0.000000000000000000e+00,4.165618896484375000e+00,3.009309053421020508e+00,0.000000000000000000e+00,0.000000000000000000e+00,2.712398469448089600e-01
0.000000000000000000e+00,0.000000000000000000e+00,3.618658542633056641e+00,2.961630105972290039e+00,0.000000000000000000e+00,0.000000000000000000e+00,1.385427474975585938e+00
0.000000000000000000e+00,0.000000000000000000e+00,3.676842927932739258e+00,3.047105550765991211e+00,0.000000000000000000e+00,0.000000000000000000e+00,1.470782995223999023e+00
0.000000000000000000e+00,0.000000000000000000e+00,3.593702554702758789e+00,3.007592678070068359e+00,0.000000000000000000e+00,0.000000000000000000e+00,1.158364892005920410e+00
0.000000000000000000e+00,0.000000000000000000e+00,3.767165899276733398e+00,3.140898466110229492e+00,0.000000000000000000e+00,0.000000000000000000e+00,7.933109402656555176e-01
0.000000000000000000e+00,0.000000000000000000e+00,3.367061853408813477e+00,3.620404481887817383e+00,0.000000000000000000e+00,0.000000000000000000e+00,1.360478639602661133e+00
1.481485486030578613e+00,0.000000000000000000e+00,0.000000000000000000e+00,4.418210506439208984e+00,0.000000000000000000e+00,0.000000000000000000e+00,6.718643188476562500e+00
5.167519569396972656e+00,0.000000000000000000e+00,0.000000000000000000e+00,0.000000000000000000e+00,0.000000000000000000e+00,0.000000000000000000e+00,5.770635128021240234e+00
5.571746349334716797e+00,0.000000000000000000e+00,0.000000000000000000e+00,0.000000000000000000e+00,0.000000000000000000e+00,0.000000000000000000e+00,4.383630275726318359e+00
3.709051370620727539e+00,0.000000000000000000e+00,0.000000000000000000e+00,0.000000000000000000e+00,0.000000000000000000e+00,0.000000000000000000e+00,6.061540603637695312e+00
2.797464132308959961e+00,0.000000000000000000e+00,0.000000000000000000e+00,0.000000000000000000e+00,0.000000000000000000e+00,0.000000000000000000e+00,6.377721309661865234e+00
3.134356021881103516e+00,0.000000000000000000e+00,0.000000000000000000e+00,0.000000000000000000e+00,0.000000000000000000e+00,0.000000000000000000e+00,6.005830287933349609e+00
2.161119461059570312e+00,0.000000000000000000e+00,0.000000000000000000e+00,1.342290282249450684e+00,0.000000000000000000e+00,0.000000000000000000e+00,8.126970291137695312e+00
0.000000000000000000e+00,0.000000000000000000e+00,2.878730535507202148e+00,2.703708887100219727e+00,0.000000000000000000e+00,0.000000000000000000e+00,9.732760787010192871e-01
0.000000000000000000e+00,0.000000000000000000e+00,4.043806076049804688e+00,2.263357400894165039e+00,0.000000000000000000e+00,0.000000000000000000e+00,2.450229525566101074e-01
0.000000000000000000e+00,0.000000000000000000e+00,3.916784048080444336e+00,2.913615226745605469e+00,0.000000000000000000e+00,0.000000000000000000e+00,4.732113480567932129e-01
0.000000000000000000e+00,0.000000000000000000e+00,4.146712779998779297e+00,2.785026788711547852e+00,0.000000000000000000e+00,0.000000000000000000e+00,0.000000000000000000e+00
0.000000000000000000e+00,0.000000000000000000e+00,4.593448638916015625e+00,2.775460004806518555e+00,0.000000000000000000e+00,0.000000000000000000e+00,0.000000000000000000e+00
3.709222078323364258e-01,0.000000000000000000e+00,1.509352445602416992e+00,1.792911171913146973e+00,0.000000000000000000e+00,0.000000000000000000e+00,3.546369791030883789e+00
0.000000000000000000e+00,0.000000000000000000e+00,7.386091947555541992e-01,0.000000000000000000e+00,2.947336196899414062e+00,0.000000000000000000e+00,0.000000000000000000e+00
0.000000000000000000e+00,0.000000000000000000e+00,2.027869224548339844e-02,0.000000000000000000e+00,3.442386627197265625e+00,0.000000000000000000e+00,0.000000000000000000e+00
0.000000000000000000e+00,0.000000000000000000e+00,1.027750015258789062e+00,0.000000000000000000e+00,3.381626605987548828e+00,0.000000000000000000e+00,0.000000000000000000e+00
2.369431734085083008e+00,0.000000000000000000e+00,0.000000000000000000e+00,0.000000000000000000e+00,0.000000000000000000e+00,0.000000000000000000e+00,2.394357204437255859e+00
3.767681360244750977e+00,0.000000000000000000e+00,0.000000000000000000e+00,0.000000000000000000e+00,8.648270964622497559e-01,0.000000000000000000e+00,1.109910964965820312e+00
1.897216558456420898e+00,0.000000000000000000e+00,0.000000000000000000e+00,0.000000000000000000e+00,1.685450434684753418e+00,0.000000000000000000e+00,0.000000000000000000e+00
8.985601663589477539e-01,0.000000000000000000e+00,4.573789536952972412e-01,5.817314386367797852e-01,0.000000000000000000e+00,0.000000000000000000e+00,3.480963706970214844e+00
0.000000000000000000e+00,0.000000000000000000e+00,1.704617977142333984e+00,4.904139041900634766e-02,1.507096648216247559e+00,0.000000000000000000e+00,0.000000000000000000e+00
0.000000000000000000e+00,0.000000000000000000e+00,3.282961130142211914e+00,6.385765075683593750e-01,2.758743286132812500e+00,0.000000000000000000e+00,0.000000000000000000e+00
8.818506002426147461e-01,0.000000000000000000e+00,0.000000000000000000e+00,7.067135572433471680e-01,0.000000000000000000e+00,0.000000000000000000e+00,2.256693363189697266e+00
0.000000000000000000e+00,0.000000000000000000e+00,0.000000000000000000e+00,0.000000000000000000e+00,3.178125381469726562e+00,0.000000000000000000e+00,0.000000000000000000e+00
8.650090098381042480e-01,0.000000000000000000e+00,0.000000000000000000e+00,0.000000000000000000e+00,3.358777999877929688e+00,0.000000000000000000e+00,0.000000000000000000e+00
7.585977911949157715e-01,0.000000000000000000e+00,0.000000000000000000e+00,0.000000000000000000e+00,1.909343838691711426e+00,0.000000000000000000e+00,0.000000000000000000e+00
3.597889423370361328e+00,0.000000000000000000e+00,0.000000000000000000e+00,0.000000000000000000e+00,2.804430723190307617e-01,0.000000000000000000e+00,6.936581134796142578e-01
8.957889676094055176e-01,0.000000000000000000e+00,0.000000000000000000e+00,2.771886885166168213e-01,0.000000000000000000e+00,0.000000000000000000e+00,1.281118392944335938e+00
8.584633469581604004e-01,0.000000000000000000e+00,0.000000000000000000e+00,0.000000000000000000e+00,4.878997325897216797e+00,0.000000000000000000e+00,0.000000000000000000e+00
9.270154237747192383e-01,0.000000000000000000e+00,0.000000000000000000e+00,0.000000000000000000e+00,3.721428394317626953e+00,0.000000000000000000e+00,0.000000000000000000e+00
0.000000000000000000e+00,0.000000000000000000e+00,3.681987047195434570e+00,1.259322285652160645e+00,7.200958728790283203e-01,0.000000000000000000e+00,0.000000000000000000e+00
0.000000000000000000e+00,0.000000000000000000e+00,2.871975600719451904e-01,0.000000000000000000e+00,2.860071182250976562e+00,0.000000000000000000e+00,0.000000000000000000e+00
1.661949992179870605e+00,0.000000000000000000e+00,0.000000000000000000e+00,1.715834975242614746e+00,0.000000000000000000e+00,0.000000000000000000e+00,4.444215297698974609e+00
3.315179347991943359e+00,0.000000000000000000e+00,0.000000000000000000e+00,0.000000000000000000e+00,1.455487966537475586e+00,0.000000000000000000e+00,6.812939643859863281e-01
2.161010980606079102e+00,0.000000000000000000e+00,0.000000000000000000e+00,0.000000000000000000e+00,0.000000000000000000e+00,0.000000000000000000e+00,2.205518484115600586e+00
2.197798728942871094e+00,0.000000000000000000e+00,0.000000000000000000e+00,0.000000000000000000e+00,0.000000000000000000e+00,0.000000000000000000e+00,9.164453148841857910e-01
3.925144910812377930e+00,0.000000000000000000e+00,0.000000000000000000e+00,0.000000000000000000e+00,4.918635636568069458e-02,0.000000000000000000e+00,1.628030657768249512e+00
9.182382225990295410e-01,0.000000000000000000e+00,0.000000000000000000e+00,1.614890933036804199e+00,0.000000000000000000e+00,0.000000000000000000e+00,3.096919059753417969e+00
2.632778167724609375e+00,0.000000000000000000e+00,0.000000000000000000e+00,0.000000000000000000e+00,1.478347420692443848e+00,0.000000000000000000e+00,1.442611813545227051e-01
0.000000000000000000e+00,0.000000000000000000e+00,2.351993322372436523e-02,6.385099887847900391e-01,0.000000000000000000e+00,0.000000000000000000e+00,2.865928113460540771e-01
0.000000000000000000e+00,0.000000000000000000e+00,2.398435592651367188e+00,2.486443281173706055e+00,0.000000000000000000e+00,0.000000000000000000e+00,1.628059267997741699e+00
0.000000000000000000e+00,0.000000000000000000e+00,2.836012125015258789e+00,1.274943232536315918e+00,5.551973581314086914e-01,0.000000000000000000e+00,9.002044051885604858e-02
0.000000000000000000e+00,0.000000000000000000e+00,2.681437730789184570e+00,8.326593637466430664e-01,8.336378335952758789e-01,0.000000000000000000e+00,0.000000000000000000e+00
6.875959634780883789e-01,0.000000000000000000e+00,0.000000000000000000e+00,1.987503051757812500e+00,0.000000000000000000e+00,0.000000000000000000e+00,1.810561180114746094e+00
2.541687488555908203e+00,0.000000000000000000e+00,0.000000000000000000e+00,0.000000000000000000e+00,0.000000000000000000e+00,0.000000000000000000e+00,2.050571441650390625e+00
1.149137496948242188e+00,0.000000000000000000e+00,0.000000000000000000e+00,1.439080238342285156e+00,0.000000000000000000e+00,0.000000000000000000e+00,1.619898676872253418e+00
2.089977025985717773e+00,0.000000000000000000e+00,0.000000000000000000e+00,5.133644342422485352e-01,0.000000000000000000e+00,0.000000000000000000e+00,3.833210468292236328e+00
1.166268110275268555e+00,0.000000000000000000e+00,0.000000000000000000e+00,2.731568217277526855e-01,0.000000000000000000e+00,0.000000000000000000e+00,2.831152915954589844e+00
2.127986669540405273e+00,0.000000000000000000e+00,0.000000000000000000e+00,0.000000000000000000e+00,9.241613745689392090e-01,0.000000000000000000e+00,1.167949795722961426e+00
1.967408418655395508e+00,0.000000000000000000e+00,0.000000000000000000e+00,1.959177553653717041e-01,0.000000000000000000e+00,0.000000000000000000e+00,2.373820781707763672e+00
1.423832297325134277e+00,0.000000000000000000e+00,0.000000000000000000e+00,0.000000000000000000e+00,6.291772127151489258e-01,0.000000000000000000e+00,7.433110475540161133e-01
0.000000000000000000e+00,0.000000000000000000e+00,1.990796327590942383e+00,3.085900306701660156e+00,0.000000000000000000e+00,0.000000000000000000e+00,2.326785326004028320e+00
0.000000000000000000e+00,0.000000000000000000e+00,2.972018957138061523e+00,0.000000000000000000e+00,2.920563220977783203e+00,0.000000000000000000e+00,0.000000000000000000e+00
0.000000000000000000e+00,0.000000000000000000e+00,2.215120077133178711e+00,0.000000000000000000e+00,1.493387699127197266e+00,0.000000000000000000e+00,0.000000000000000000e+00
3.036624670028686523e+00,0.000000000000000000e+00,0.000000000000000000e+00,0.000000000000000000e+00,0.000000000000000000e+00,0.000000000000000000e+00,2.923997879028320312e+00
3.801015377044677734e+00,0.000000000000000000e+00,0.000000000000000000e+00,0.000000000000000000e+00,0.000000000000000000e+00,0.000000000000000000e+00,4.489236831665039062e+00
2.044710636138916016e+00,0.000000000000000000e+00,0.000000000000000000e+00,0.000000000000000000e+00,1.316254973411560059e+00,0.000000000000000000e+00,1.199327930808067322e-01
3.449970960617065430e+00,0.000000000000000000e+00,0.000000000000000000e+00,0.000000000000000000e+00,1.426426053047180176e+00,0.000000000000000000e+00,0.000000000000000000e+00
3.893157720565795898e+00,0.000000000000000000e+00,0.000000000000000000e+00,0.000000000000000000e+00,0.000000000000000000e+00,0.000000000000000000e+00,1.855874300003051758e+00
2.253908872604370117e+00,0.000000000000000000e+00,0.000000000000000000e+00,8.729567527770996094e-01,0.000000000000000000e+00,0.000000000000000000e+00,3.509869575500488281e+00
2.436544418334960938e+00,0.000000000000000000e+00,0.000000000000000000e+00,0.000000000000000000e+00,9.458603262901306152e-01,0.000000000000000000e+00,6.292427182197570801e-01
0.000000000000000000e+00,0.000000000000000000e+00,1.642810106277465820e+00,1.635885983705520630e-01,3.296975493431091309e-01,0.000000000000000000e+00,0.000000000000000000e+00
1.828872203826904297e+00,0.000000000000000000e+00,0.000000000000000000e+00,0.000000000000000000e+00,1.184227764606475830e-01,0.000000000000000000e+00,5.635734796524047852e-01
0.000000000000000000e+00,0.000000000000000000e+00,0.000000000000000000e+00,3.672619342803955078e+00,0.000000000000000000e+00,0.000000000000000000e+00,1.925299406051635742e+00
9.481029510498046875e-01,0.000000000000000000e+00,0.000000000000000000e+00,1.202870845794677734e+00,0.000000000000000000e+00,0.000000000000000000e+00,1.345979571342468262e+00
2.043874025344848633e+00,0.000000000000000000e+00,0.000000000000000000e+00,0.000000000000000000e+00,0.000000000000000000e+00,0.000000000000000000e+00,1.483085155487060547e+00
2.615080118179321289e+00,0.000000000000000000e+00,0.000000000000000000e+00,0.000000000000000000e+00,0.000000000000000000e+00,0.000000000000000000e+00,1.444686532020568848e+00
7.489881515502929688e-01,0.000000000000000000e+00,1.519962549209594727e-01,7.545621693134307861e-02,0.000000000000000000e+00,0.000000000000000000e+00,1.169602394104003906e+00
2.294845342636108398e+00,0.000000000000000000e+00,0.000000000000000000e+00,0.000000000000000000e+00,0.000000000000000000e+00,0.000000000000000000e+00,1.955144405364990234e+00
3.072138786315917969e+00,0.000000000000000000e+00,0.000000000000000000e+00,2.242883145809173584e-01,0.000000000000000000e+00,0.000000000000000000e+00,4.270144939422607422e+00
4.060974121093750000e+00,0.000000000000000000e+00,0.000000000000000000e+00,0.000000000000000000e+00,0.000000000000000000e+00,0.000000000000000000e+00,3.334964275360107422e+00
3.048963785171508789e+00,0.000000000000000000e+00,0.000000000000000000e+00,0.000000000000000000e+00,1.465446114540100098e+00,0.000000000000000000e+00,3.138145208358764648e-01
1.901264429092407227e+00,0.000000000000000000e+00,0.000000000000000000e+00,0.000000000000000000e+00,1.401413321495056152e+00,0.000000000000000000e+00,0.000000000000000000e+00
1.650844216346740723e+00,0.000000000000000000e+00,0.000000000000000000e+00,2.239841938018798828e+00,0.000000000000000000e+00,0.000000000000000000e+00,4.609083652496337891e+00
0.000000000000000000e+00,0.000000000000000000e+00,2.804370880126953125e+00,3.069630861282348633e+00,0.000000000000000000e+00,0.000000000000000000e+00,1.751818776130676270e+00
0.000000000000000000e+00,0.000000000000000000e+00,3.810960292816162109e+00,2.289422750473022461e+00,0.000000000000000000e+00,0.000000000000000000e+00,7.668772935867309570e-01
0.000000000000000000e+00,0.000000000000000000e+00,3.720569372177124023e+00,3.216805934906005859e+00,0.000000000000000000e+00,0.000000000000000000e+00,9.930817484855651855e-01
0.000000000000000000e+00,0.000000000000000000e+00,4.105057239532470703e+00,2.711741924285888672e+00,0.000000000000000000e+00,0.000000000000000000e+00,1.523333787918090820e+00
0.000000000000000000e+00,0.000000000000000000e+00,4.219978332519531250e+00,3.306144952774047852e+00,0.000000000000000000e+00,0.000000000000000000e+00,3.289724588394165039e-01
0.000000000000000000e+00,0.000000000000000000e+00,3.045522689819335938e+00,3.578555107116699219e+00,0.000000000000000000e+00,0.000000000000000000e+00,1.361371517181396484e+00
5.119346976280212402e-01,0.000000000000000000e+00,0.000000000000000000e+00,6.181074619293212891e+00,0.000000000000000000e+00,0.000000000000000000e+00,6.299617290496826172e+00
6.391615390777587891e+00,0.000000000000000000e+00,0.000000000000000000e+00,0.000000000000000000e+00,0.000000000000000000e+00,0.000000000000000000e+00,5.678789615631103516e+00
5.072186470031738281e+00,0.000000000000000000e+00,0.000000000000000000e+00,0.000000000000000000e+00,0.000000000000000000e+00,0.000000000000000000e+00,3.779331207275390625e+00
4.577611923217773438e+00,0.000000000000000000e+00,0.000000000000000000e+00,0.000000000000000000e+00,0.000000000000000000e+00,0.000000000000000000e+00,4.217870235443115234e+00
6.780676841735839844e+00,0.000000000000000000e+00,0.000000000000000000e+00,0.000000000000000000e+00,6.385787576436996460e-02,0.000000000000000000e+00,1.783303499221801758e+00
0.000000000000000000e+00,0.000000000000000000e+00,4.181767940521240234e+00,2.898536205291748047e+00,0.000000000000000000e+00,0.000000000000000000e+00,7.521910071372985840e-01
0.000000000000000000e+00,0.000000000000000000e+00,4.269543647766113281e+00,3.103267908096313477e+00,0.000000000000000000e+00,0.000000000000000000e+00,2.591675221920013428e-01
0.000000000000000000e+00,0.000000000000000000e+00,3.933323144912719727e+00,3.097068071365356445e+00,0.000000000000000000e+00,0.000000000000000000e+00,2.593492269515991211e-01
0.000000000000000000e+00,0.000000000000000000e+00,4.181414127349853516e+00,3.107172250747680664e+00,0.000000000000000000e+00,0.000000000000000000e+00,2.283553183078765869e-01
0.000000000000000000e+00,0.000000000000000000e+00,4.121015071868896484e+00,2.795502424240112305e+00,0.000000000000000000e+00,0.000000000000000000e+00,3.231343924999237061e-01
0.000000000000000000e+00,0.000000000000000000e+00,3.808748006820678711e+00,2.778409004211425781e+00,0.000000000000000000e+00,0.000000000000000000e+00,1.311225652694702148e+00
0.000000000000000000e+00,0.000000000000000000e+00,4.387807846069335938e+00,2.959231853485107422e+00,0.000000000000000000e+00,0.000000000000000000e+00,1.275566220283508301e-01
0.000000000000000000e+00,0.000000000000000000e+00,4.021848201751708984e+00,2.985015869140625000e+00,0.000000000000000000e+00,0.000000000000000000e+00,2.504090964794158936e-01
0.000000000000000000e+00,0.000000000000000000e+00,3.735133171081542969e+00,2.713346242904663086e+00,0.000000000000000000e+00,0.000000000000000000e+00,1.273598074913024902e+00
1.884920001029968262e+00,0.000000000000000000e+00,0.000000000000000000e+00,0.000000000000000000e+00,0.000000000000000000e+00,0.000000000000000000e+00,1.611472725868225098e+00
3.383050680160522461e+00,0.000000000000000000e+00,0.000000000000000000e+00,0.000000000000000000e+00,1.345861434936523438e+00,0.000000000000000000e+00,7.462061047554016113e-01
0.000000000000000000e+00,0.000000000000000000e+00,1.561789274215698242e+00,0.000000000000000000e+00,1.652391672134399414e+00,0.000000000000000000e+00,0.000000000000000000e+00
2.176203250885009766e+00,0.000000000000000000e+00,0.000000000000000000e+00,0.000000000000000000e+00,1.207113146781921387e+00,0.000000000000000000e+00,2.900968790054321289e-01
2.510743141174316406e+00,0.000000000000000000e+00,0.000000000000000000e+00,0.000000000000000000e+00,9.948699474334716797e-01,0.000000000000000000e+00,4.286409616470336914e-01
0.000000000000000000e+00,0.000000000000000000e+00,1.315871924161911011e-01,0.000000000000000000e+00,3.768175601959228516e+00,0.000000000000000000e+00,0.000000000000000000e+00
0.000000000000000000e+00,0.000000000000000000e+00,2.792920351028442383e+00,0.000000000000000000e+00,2.296350955963134766e+00,0.000000000000000000e+00,0.000000000000000000e+00
2.230376720428466797e+00,0.000000000000000000e+00,0.000000000000000000e+00,0.000000000000000000e+00,8.625944256782531738e-01,0.000000000000000000e+00,7.730480432510375977e-01
0.000000000000000000e+00,0.000000000000000000e+00,5.033560395240783691e-01,8.800889253616333008e-01,0.000000000000000000e+00,0.000000000000000000e+00,4.740078449249267578e-01
0.000000000000000000e+00,0.000000000000000000e+00,2.023120403289794922e+00,0.000000000000000000e+00,3.246940612792968750e+00,0.000000000000000000e+00,0.000000000000000000e+00
0.000000000000000000e+00,0.000000000000000000e+00,1.941362142562866211e+00,5.724427103996276855e-01,1.598928093910217285e+00,0.000000000000000000e+00,0.000000000000000000e+00
0.000000000000000000e+00,0.000000000000000000e+00,3.266824722290039062e+00,0.000000000000000000e+00,1.934503197669982910e+00,0.000000000000000000e+00,0.000000000000000000e+00
1.746954679489135742e+00,0.000000000000000000e+00,0.000000000000000000e+00,0.000000000000000000e+00,2.530267715454101562e+00,0.000000000000000000e+00,0.000000000000000000e+00
3.000370979309082031e+00,0.000000000000000000e+00,0.000000000000000000e+00,0.000000000000000000e+00,1.257545709609985352e+00,0.000000000000000000e+00,0.000000000000000000e+00
1.910496473312377930e+00,0.000000000000000000e+00,0.000000000000000000e+00,0.000000000000000000e+00,1.395921826362609863e+00,0.000000000000000000e+00,0.000000000000000000e+00
3.117858648300170898e+00,0.000000000000000000e+00,0.000000000000000000e+00,0.000000000000000000e+00,0.000000000000000000e+00,0.000000000000000000e+00,1.390015959739685059e+00
2.824142217636108398e+00,0.000000000000000000e+00,0.000000000000000000e+00,0.000000000000000000e+00,1.580778956413269043e-01,0.000000000000000000e+00,7.383161187171936035e-01
1.952156186103820801e+00,0.000000000000000000e+00,0.000000000000000000e+00,0.000000000000000000e+00,1.313426613807678223e+00,0.000000000000000000e+00,0.000000000000000000e+00
8.377232402563095093e-02,0.000000000000000000e+00,0.000000000000000000e+00,2.879394531250000000e+00,0.000000000000000000e+00,0.000000000000000000e+00,1.563068270683288574e+00
4.493712782859802246e-01,0.000000000000000000e+00,0.000000000000000000e+00,2.927168607711791992e+00,0.000000000000000000e+00,0.000000000000000000e+00,2.274387836456298828e+00
3.669988811016082764e-01,0.000000000000000000e+00,0.000000000000000000e+00,2.878753423690795898e+00,0.000000000000000000e+00,0.000000000000000000e+00,0.000000000000000000e+00
8.509966731071472168e-01,0.000000000000000000e+00,0.000000000000000000e+00,1.572170138359069824e+00,0.000000000000000000e+00,0.000000000000000000e+00,6.444066762924194336e-01
4.083399295806884766e+00,0.000000000000000000e+00,0.000000000000000000e+00,0.000000000000000000e+00,2.453966140747070312e+00,0.000000000000000000e+00,0.000000000000000000e+00
2.856301784515380859e+00,0.000000000000000000e+00,0.000000000000000000e+00,0.000000000000000000e+00,1.465552806854248047e+00,0.000000000000000000e+00,0.000000000000000000e+00
3.724581003189086914e+00,0.000000000000000000e+00,0.000000000000000000e+00,0.000000000000000000e+00,3.850807845592498779e-01,0.000000000000000000e+00,7.835282087326049805e-01
3.108140945434570312e+00,0.000000000000000000e+00,0.000000000000000000e+00,0.000000000000000000e+00,2.974373817443847656e+00,0.000000000000000000e+00,0.000000000000000000e+00
3.630342483520507812e+00,0.000000000000000000e+00,0.000000000000000000e+00,0.000000000000000000e+00,0.000000000000000000e+00,0.000000000000000000e+00,9.065229296684265137e-01
3.550810337066650391e+00,0.000000000000000000e+00,0.000000000000000000e+00,0.000000000000000000e+00,1.964453697204589844e+00,0.000000000000000000e+00,0.000000000000000000e+00
5.307965278625488281e+00,0.000000000000000000e+00,0.000000000000000000e+00,0.000000000000000000e+00,3.172234296798706055e-01,0.000000000000000000e+00,1.931556701660156250e+00
6.255447119474411011e-02,0.000000000000000000e+00,0.000000000000000000e+00,4.093060493469238281e+00,0.000000000000000000e+00,0.000000000000000000e+00,3.632822036743164062e+00
0.000000000000000000e+00,0.000000000000000000e+00,1.809073209762573242e+00,3.129893779754638672e+00,0.000000000000000000e+00,0.000000000000000000e+00,2.142922878265380859e+00
0.000000000000000000e+00,0.000000000000000000e+00,0.000000000000000000e+00,3.805980205535888672e+00,0.000000000000000000e+00,0.000000000000000000e+00,2.096182823181152344e+00
2.561280012130737305e+00,0.000000000000000000e+00,0.000000000000000000e+00,0.000000000000000000e+00,0.000000000000000000e+00,0.000000000000000000e+00,7.625525593757629395e-01
3.408784151077270508e+00,0.000000000000000000e+00,0.000000000000000000e+00,0.000000000000000000e+00,1.267158746719360352e+00,0.000000000000000000e+00,0.000000000000000000e+00
2.716839790344238281e+00,0.000000000000000000e+00,0.000000000000000000e+00,0.000000000000000000e+00,1.083993792533874512e+00,0.000000000000000000e+00,0.000000000000000000e+00
2.744129180908203125e+00,0.000000000000000000e+00,0.000000000000000000e+00,0.000000000000000000e+00,2.628007829189300537e-01,0.000000000000000000e+00,1.085728049278259277e+00
2.866250514984130859e+00,0.000000000000000000e+00,0.000000000000000000e+00,0.000000000000000000e+00,1.706804186105728149e-01,0.000000000000000000e+00,1.551514029502868652e+00
3.591588497161865234e+00,0.000000000000000000e+00,0.000000000000000000e+00,0.000000000000000000e+00,0.000000000000000000e+00,0.000000000000000000e+00,1.965825319290161133e+00
0.000000000000000000e+00,0.000000000000000000e+00,2.141237497329711914e+00,0.000000000000000000e+00,3.068908691406250000e+00,0.000000000000000000e+00,0.000000000000000000e+00
2.544067859649658203e+00,0.000000000000000000e+00,0.000000000000000000e+00,0.000000000000000000e+00,0.000000000000000000e+00,0.000000000000000000e+00,2.692532539367675781e+00
5.807552337646484375e-01,0.000000000000000000e+00,0.000000000000000000e+00,0.000000000000000000e+00,2.500747680664062500e+00,0.000000000000000000e+00,0.000000000000000000e+00
3.228363275527954102e+00,0.000000000000000000e+00,0.000000000000000000e+00,0.000000000000000000e+00,0.000000000000000000e+00,0.000000000000000000e+00,2.828359603881835938e+00
0.000000000000000000e+00,0.000000000000000000e+00,2.230721265077590942e-01,3.744903564453125000e+00,0.000000000000000000e+00,0.000000000000000000e+00,1.806921839714050293e+00
0.000000000000000000e+00,0.000000000000000000e+00,0.000000000000000000e+00,2.340647220611572266e+00,0.000000000000000000e+00,0.000000000000000000e+00,7.728854417800903320e-01
5.400646328926086426e-01,0.000000000000000000e+00,0.000000000000000000e+00,1.373540878295898438e+00,0.000000000000000000e+00,0.000000000000000000e+00,9.379965662956237793e-01
1.861979603767395020e+00,0.000000000000000000e+00,0.000000000000000000e+00,0.000000000000000000e+00,2.196018218994140625e+00,0.000000000000000000e+00,0.000000000000000000e+00
1.760194540023803711e+00,0.000000000000000000e+00,0.000000000000000000e+00,0.000000000000000000e+00,2.511572360992431641e+00,0.000000000000000000e+00,0.000000000000000000e+00
1.557080507278442383e+00,0.000000000000000000e+00,0.000000000000000000e+00,1.322293281555175781e+00,0.000000000000000000e+00,0.000000000000000000e+00,4.295222759246826172e+00
2.524653673171997070e+00,0.000000000000000000e+00,0.000000000000000000e+00,0.000000000000000000e+00,2.928867816925048828e+00,0.000000000000000000e+00,0.000000000000000000e+00
2.576546430587768555e+00,0.000000000000000000e+00,0.000000000000000000e+00,0.000000000000000000e+00,5.332460403442382812e-01,0.000000000000000000e+00,1.295708715915679932e-01
2.099336385726928711e+00,0.000000000000000000e+00,0.000000000000000000e+00,0.000000000000000000e+00,3.037331581115722656e+00,0.000000000000000000e+00,0.000000000000000000e+00
0.000000000000000000e+00,0.000000000000000000e+00,7.536042928695678711e-01,0.000000000000000000e+00,2.850897312164306641e+00,0.000000000000000000e+00,0.000000000000000000e+00
1.372776746749877930e+00,0.000000000000000000e+00,0.000000000000000000e+00,0.000000000000000000e+00,0.000000000000000000e+00,0.000000000000000000e+00,1.499263882637023926e+00
0.000000000000000000e+00,0.000000000000000000e+00,2.159549951553344727e+00,1.660732269287109375e+00,0.000000000000000000e+00,0.000000000000000000e+00,1.328047513961791992e+00
0.000000000000000000e+00,0.000000000000000000e+00,3.334826707839965820e+00,1.332844257354736328e+00,0.000000000000000000e+00,0.000000000000000000e+00,1.090929508209228516e+00
1.189423680305480957e+00,0.000000000000000000e+00,0.000000000000000000e+00,0.000000000000000000e+00,2.330913543701171875e+00,0.000000000000000000e+00,0.000000000000000000e+00
2.639554262161254883e+00,0.000000000000000000e+00,0.000000000000000000e+00,0.000000000000000000e+00,0.000000000000000000e+00,0.000000000000000000e+00,1.310841679573059082e+00
3.384837150573730469e+00,0.000000000000000000e+00,0.000000000000000000e+00,0.000000000000000000e+00,1.700349330902099609e+00,0.000000000000000000e+00,0.000000000000000000e+00
3.437813758850097656e+00,0.000000000000000000e+00,0.000000000000000000e+00,0.000000000000000000e+00,0.000000000000000000e+00,0.000000000000000000e+00,3.997418403625488281e+00
2.988878726959228516e+00,0.000000000000000000e+00,0.000000000000000000e+00,0.000000000000000000e+00,1.029493659734725952e-01,0.000000000000000000e+00,1.616769313812255859e+00
2.592677593231201172e+00,0.000000000000000000e+00,0.000000000000000000e+00,0.000000000000000000e+00,1.491453289985656738e+00,0.000000000000000000e+00,0.000000000000000000e+00
4.356753349304199219e+00,0.000000000000000000e+00,0.000000000000000000e+00,0.000000000000000000e+00,0.000000000000000000e+00,0.000000000000000000e+00,1.827609062194824219e+00
3.045043468475341797e+00,0.000000000000000000e+00,0.000000000000000000e+00,0.000000000000000000e+00,8.475466966629028320e-01,0.000000000000000000e+00,1.054069280624389648e+00
3.046934604644775391e+00,0.000000000000000000e+00,0.000000000000000000e+00,0.000000000000000000e+00,0.000000000000000000e+00,0.000000000000000000e+00,3.156914234161376953e+00
3.297924041748046875e+00,0.000000000000000000e+00,0.000000000000000000e+00,0.000000000000000000e+00,0.000000000000000000e+00,0.000000000000000000e+00,3.509151220321655273e+00
2.251187086105346680e+00,0.000000000000000000e+00,0.000000000000000000e+00,0.000000000000000000e+00,2.910951375961303711e-01,0.000000000000000000e+00,2.063076972961425781e+00
0.000000000000000000e+00,0.000000000000000000e+00,2.403523206710815430e+00,2.237409353256225586e+00,0.000000000000000000e+00,0.000000000000000000e+00,1.597787380218505859e+00
0.000000000000000000e+00,0.000000000000000000e+00,3.928386211395263672e+00,2.623407602310180664e+00,0.000000000000000000e+00,0.000000000000000000e+00,8.638769388198852539e-01
0.000000000000000000e+00,0.000000000000000000e+00,3.991656541824340820e+00,2.855791807174682617e+00,0.000000000000000000e+00,0.000000000000000000e+00,1.742257475852966309e-01
0.000000000000000000e+00,0.000000000000000000e+00,3.993521451950073242e+00,2.452308416366577148e+00,0.000000000000000000e+00,0.000000000000000000e+00,8.474116325378417969e-01
0.000000000000000000e+00,0.000000000000000000e+00,3.710675716400146484e+00,2.779469966888427734e+00,0.000000000000000000e+00,0.000000000000000000e+00,1.181390643119812012e+00
0.000000000000000000e+00,0.000000000000000000e+00,3.756552934646606445e+00,2.842073202133178711e+00,0.000000000000000000e+00,0.000000000000000000e+00,1.460547089576721191e+00
0.000000000000000000e+00,0.000000000000000000e+00,3.721452951431274414e+00,2.875406026840209961e+00,0.000000000000000000e+00,0.000000000000000000e+00,1.331736326217651367e+00
0.000000000000000000e+00,0.000000000000000000e+00,3.894639015197753906e+00,2.783673286437988281e+00,0.000000000000000000e+00,0.000000000000000000e+00,3.371929228305816650e-01
0.000000000000000000e+00,0.000000000000000000e+00,3.756678819656372070e+00,3.065917968750000000e+00,0.000000000000000000e+00,0.000000000000000000e+00,1.331645607948303223e+00
0.000000000000000000e+00,0.000000000000000000e+00,2.484381914138793945e+00,3.576779603958129883e+00,0.000000000000000000e+00,0.000000000000000000e+00,2.097762107849121094e+00
2.057990312576293945e+00,0.000000000000000000e+00,0.000000000000000000e+00,4.918105125427246094e+00,0.000000000000000000e+00,0.000000000000000000e+00,7.675770282745361328e+00
5.030317306518554688e+00,0.000000000000000000e+00,0.000000000000000000e+00,0.000000000000000000e+00,0.000000000000000000e+00,0.000000000000000000e+00,5.525280475616455078e+00
6.417757987976074219e+00,0.000000000000000000e+00,0.000000000000000000e+00,0.000000000000000000e+00,0.000000000000000000e+00,0.000000000000000000e+00,5.371133804321289062e+00
4.702436447143554688e+00,0.000000000000000000e+00,0.000000000000000000e+00,0.000000000000000000e+00,0.000000000000000000e+00,0.000000000000000000e+00,5.557320594787597656e+00
0.000000000000000000e+00,0.000000000000000000e+00,2.274829149246215820e-01,4.460329055786132812e+00,0.000000000000000000e+00,0.000000000000000000e+00,3.195379495620727539e+00
0.000000000000000000e+00,0.000000000000000000e+00,3.950782060623168945e+00,2.761639595031738281e+00,0.000000000000000000e+00,0.000000000000000000e+00,5.436184257268905640e-02
0.000000000000000000e+00,0.000000000000000000e+00,4.789462566375732422e+00,2.763065814971923828e+00,3.237065672874450684e-01,0.000000000000000000e+00,6.771962046623229980e-01
0.000000000000000000e+00,0.000000000000000000e+00,4.165538787841796875e+00,2.808362722396850586e+00,0.000000000000000000e+00,0.000000000000000000e+00,3.229691982269287109e-01
0.000000000000000000e+00,0.000000000000000000e+00,4.140229701995849609e+00,3.048902750015258789e+00,0.000000000000000000e+00,0.000000000000000000e+00,2.723078131675720215e-01
0.000000000000000000e+00,0.000000000000000000e+00,4.110661983489990234e+00,2.799078702926635742e+00,0.000000000000000000e+00,0.000000000000000000e+00,2.970981001853942871e-01
0.000000000000000000e+00,0.000000000000000000e+00,4.301483154296875000e+00,2.907805919647216797e+00,0.000000000000000000e+00,0.000000000000000000e+00,3.916223943233489990e-01
0.000000000000000000e+00,0.000000000000000000e+00,4.083951950073242188e+00,2.602717876434326172e+00,0.000000000000000000e+00,0.000000000000000000e+00,7.977048754692077637e-01
0.000000000000000000e+00,0.000000000000000000e+00,3.833874702453613281e+00,2.487560272216796875e+00,0.000000000000000000e+00,0.000000000000000000e+00,2.576751410961151123e-01
1.775065064430236816e-01,0.000000000000000000e+00,0.000000000000000000e+00,0.000000000000000000e+00,3.777667522430419922e+00,0.000000000000000000e+00,0.000000000000000000e+00
6.685590147972106934e-01,0.000000000000000000e+00,0.000000000000000000e+00,0.000000000000000000e+00,3.920582532882690430e-01,0.000000000000000000e+00,4.569587707519531250e-01
0.000000000000000000e+00,0.000000000000000000e+00,0.000000000000000000e+00,0.000000000000000000e+00,2.904084682464599609e+00,0.000000000000000000e+00,0.000000000000000000e+00
4.879550933837890625e-01,0.000000000000000000e+00,0.000000000000000000e+00,0.000000000000000000e+00,3.459631443023681641e+00,0.000000000000000000e+00,0.000000000000000000e+00
1.213282719254493713e-01,0.000000000000000000e+00,3.867967128753662109e-01,0.000000000000000000e+00,1.114840149879455566e+00,0.000000000000000000e+00,0.000000000000000000e+00
6.076787114143371582e-01,0.000000000000000000e+00,0.000000000000000000e+00,0.000000000000000000e+00,3.382154941558837891e+00,0.000000000000000000e+00,0.000000000000000000e+00
3.091198921203613281e+00,0.000000000000000000e+00,0.000000000000000000e+00,0.000000000000000000e+00,1.088473320007324219e+00,0.000000000000000000e+00,0.000000000000000000e+00
2.185360431671142578e+00,0.000000000000000000e+00,0.000000000000000000e+00,0.000000000000000000e+00,1.689565181732177734e+00,0.000000000000000000e+00,0.000000000000000000e+00
0.000000000000000000e+00,0.000000000000000000e+00,5.913410186767578125e-01,2.818198680877685547e+00,5.324582457542419434e-01,0.000000000000000000e+00,0.000000000000000000e+00
0.000000000000000000e+00,0.000000000000000000e+00,0.000000000000000000e+00,4.608651638031005859e+00,0.000000000000000000e+00,0.000000000000000000e+00,2.851972341537475586e+00
1.273961305618286133e+00,0.000000000000000000e+00,0.000000000000000000e+00,1.281534731388092041e-01,7.399262189865112305e-01,0.000000000000000000e+00,0.000000000000000000e+00
1.738557577133178711e+00,0.000000000000000000e+00,0.000000000000000000e+00,0.000000000000000000e+00,2.245600223541259766e+00,0.000000000000000000e+00,0.000000000000000000e+00
2.265583515167236328e+00,0.000000000000000000e+00,0.000000000000000000e+00,1.048564314842224121e-01,2.660033479332923889e-02,0.000000000000000000e+00,0.000000000000000000e+00
2.808750629425048828e+00,0.000000000000000000e+00,0.000000000000000000e+00,0.000000000000000000e+00,1.479447245597839355e+00,0.000000000000000000e+00,0.000000000000000000e+00
9.617509841918945312e-01,0.000000000000000000e+00,0.000000000000000000e+00,0.000000000000000000e+00,2.595560073852539062e+00,0.000000000000000000e+00,0.000000000000000000e+00
3.063897371292114258e+00,0.000000000000000000e+00,0.000000000000000000e+00,0.000000000000000000e+00,1.761276364326477051e+00,0.000000000000000000e+00,0.000000000000000000e+00
2.816093921661376953e+00,0.000000000000000000e+00,0.000000000000000000e+00,0.000000000000000000e+00,1.535095453262329102e+00,0.000000000000000000e+00,0.000000000000000000e+00
2.416115522384643555e+00,0.000000000000000000e+00,0.000000000000000000e+00,0.000000000000000000e+00,0.000000000000000000e+00,0.000000000000000000e+00,9.226023554801940918e-01
2.579590797424316406e+00,0.000000000000000000e+00,0.000000000000000000e+00,0.000000000000000000e+00,2.223892211914062500e+00,0.000000000000000000e+00,0.000000000000000000e+00
0.000000000000000000e+00,0.000000000000000000e+00,0.000000000000000000e+00,3.874692916870117188e+00,0.000000000000000000e+00,0.000000000000000000e+00,2.213076591491699219e+00
1.516755938529968262e+00,0.000000000000000000e+00,0.000000000000000000e+00,0.000000000000000000e+00,2.516329765319824219e+00,0.000000000000000000e+00,0.000000000000000000e+00
2.959969043731689453e+00,0.000000000000000000e+00,0.000000000000000000e+00,0.000000000000000000e+00,8.075270652770996094e-01,0.000000000000000000e+00,0.000000000000000000e+00
2.227366209030151367e+00,0.000000000000000000e+00,0.000000000000000000e+00,0.000000000000000000e+00,2.272201061248779297e+00,0.000000000000000000e+00,0.000000000000000000e+00
3.941581249237060547e+00,0.000000000000000000e+00,0.000000000000000000e+00,0.000000000000000000e+00,1.847655057907104492e+00,0.000000000000000000e+00,0.000000000000000000e+00
3.878243207931518555e+00,0.000000000000000000e+00,0.000000000000000000e+00,0.000000000000000000e+00,0.000000000000000000e+00,0.000000000000000000e+00,1.495457887649536133e+00
3.920410394668579102e+00,0.000000000000000000e+00,0.000000000000000000e+00,0.000000000000000000e+00,1.099724650382995605e+00,0.000000000000000000e+00,2.798771560192108154e-01
2.544169425964355469e+00,0.000000000000000000e+00,0.000000000000000000e+00,0.000000000000000000e+00,1.144858956336975098e+00,0.000000000000000000e+00,0.000000000000000000e+00
2.480480909347534180e+00,0.000000000000000000e+00,0.000000000000000000e+00,0.000000000000000000e+00,1.566753625869750977e+00,0.000000000000000000e+00,0.000000000000000000e+00
2.020587205886840820e+00,0.000000000000000000e+00,0.000000000000000000e+00,0.000000000000000000e+00,2.235889434814453125e+00,0.000000000000000000e+00,0.000000000000000000e+00
0.000000000000000000e+00,0.000000000000000000e+00,3.593745231628417969e+00,2.704822778701782227e+00,1.605301797389984131e-01,0.000000000000000000e+00,1.940847337245941162e-01
0.000000000000000000e+00,0.000000000000000000e+00,1.881475687026977539e+00,3.088318824768066406e+00,0.000000000000000000e+00,0.000000000000000000e+00,9.596205353736877441e-01
3.014664649963378906e+00,0.000000000000000000e+00,0.000000000000000000e+00,0.000000000000000000e+00,1.510366916656494141e+00,0.000000000000000000e+00,0.000000000000000000e+00
2.479904890060424805e+00,0.000000000000000000e+00,0.000000000000000000e+00,0.000000000000000000e+00,1.212672352790832520e+00,0.000000000000000000e+00,0.000000000000000000e+00
3.857028245925903320e+00,0.000000000000000000e+00,0.000000000000000000e+00,0.000000000000000000e+00,0.000000000000000000e+00,0.000000000000000000e+00,2.115841150283813477e+00
3.143619060516357422e+00,0.000000000000000000e+00,0.000000000000000000e+00,0.000000000000000000e+00,1.752979993820190430e+00,0.000000000000000000e+00,0.000000000000000000e+00
2.263392448425292969e+00,0.000000000000000000e+00,0.000000000000000000e+00,0.000000000000000000e+00,1.590192198753356934e+00,0.000000000000000000e+00,0.000000000000000000e+00
4.511847972869873047e+00,0.000000000000000000e+00,0.000000000000000000e+00,0.000000000000000000e+00,2.063931226730346680e+00,0.000000000000000000e+00,0.000000000000000000e+00
4.280978679656982422e+00,0.000000000000000000e+00,0.000000000000000000e+00,0.000000000000000000e+00,0.000000000000000000e+00,0.000000000000000000e+00,1.877576470375061035e+00
2.300280570983886719e+00,0.000000000000000000e+00,0.000000000000000000e+00,0.000000000000000000e+00,3.354156911373138428e-01,0.000000000000000000e+00,1.146652549505233765e-02
3.460475683212280273e+00,0.000000000000000000e+00,0.000000000000000000e+00,0.000000000000000000e+00,0.000000000000000000e+00,0.000000000000000000e+00,2.460771322250366211e+00
1.505257189273834229e-01,0.000000000000000000e+00,0.000000000000000000e+00,4.394705295562744141e+00,0.000000000000000000e+00,0.000000000000000000e+00,3.200767517089843750e+00
1.486980557441711426e+00,0.000000000000000000e+00,0.000000000000000000e+00,4.195455312728881836e-01,2.101167887449264526e-01,0.000000000000000000e+00,9.844950586557388306e-02
2.582833766937255859e+00,0.000000000000000000e+00,0.000000000000000000e+00,0.000000000000000000e+00,8.734628558158874512e-01,0.000000000000000000e+00,0.000000000000000000e+00
3.067065238952636719e+00,0.000000000000000000e+00,0.000000000000000000e+00,0.000000000000000000e+00,1.438647881150245667e-02,0.000000000000000000e+00,8.198246359825134277e-01
3.224941253662109375e+00,0.000000000000000000e+00,0.000000000000000000e+00,0.000000000000000000e+00,1.744652986526489258e+00,0.000000000000000000e+00,0.000000000000000000e+00
1.609311580657958984e+00,0.000000000000000000e+00,0.000000000000000000e+00,0.000000000000000000e+00,8.851172924041748047e-01,0.000000000000000000e+00,7.762060165405273438e-01
3.317277193069458008e+00,0.000000000000000000e+00,0.000000000000000000e+00,0.000000000000000000e+00,2.264822006225585938e+00,0.000000000000000000e+00,0.000000000000000000e+00
3.278601408004760742e+00,0.000000000000000000e+00,0.000000000000000000e+00,0.000000000000000000e+00,1.163220882415771484e+00,0.000000000000000000e+00,0.000000000000000000e+00
3.823834657669067383e+00,0.000000000000000000e+00,0.000000000000000000e+00,0.000000000000000000e+00,9.360948801040649414e-01,0.000000000000000000e+00,0.000000000000000000e+00
3.474770069122314453e+00,0.000000000000000000e+00,0.000000000000000000e+00,0.000000000000000000e+00,1.886161446571350098e+00,0.000000000000000000e+00,0.000000000000000000e+00
3.860442638397216797e+00,0.000000000000000000e+00,0.000000000000000000e+00,0.000000000000000000e+00,1.000024080276489258e+00,0.000000000000000000e+00,3.282740712165832520e-02
4.770301580429077148e-01,0.000000000000000000e+00,0.000000000000000000e+00,0.000000000000000000e+00,2.948498249053955078e+00,0.000000000000000000e+00,0.000000000000000000e+00
3.583815336227416992e+00,0.000000000000000000e+00,0.000000000000000000e+00,0.000000000000000000e+00,1.079988598823547363e+00,0.000000000000000000e+00,0.000000000000000000e+00
4.432166576385498047e+00,0.000000000000000000e+00,0.000000000000000000e+00,0.000000000000000000e+00,1.850911378860473633e+00,0.000000000000000000e+00,0.000000000000000000e+00
2.919837713241577148e+00,0.000000000000000000e+00,0.000000000000000000e+00,0.000000000000000000e+00,1.043582439422607422e+00,0.000000000000000000e+00,0.000000000000000000e+00
3.733835458755493164e+00,0.000000000000000000e+00,0.000000000000000000e+00,0.000000000000000000e+00,1.129396080970764160e+00,0.000000000000000000e+00,0.000000000000000000e+00
2.358871221542358398e+00,0.000000000000000000e+00,0.000000000000000000e+00,0.000000000000000000e+00,1.394366025924682617e+00,0.000000000000000000e+00,0.000000000000000000e+00
2.580010414123535156e+00,0.000000000000000000e+00,0.000000000000000000e+00,0.000000000000000000e+00,8.156395554542541504e-01,0.000000000000000000e+00,5.193189531564712524e-02
2.315457105636596680e+00,0.000000000000000000e+00,0.000000000000000000e+00,0.000000000000000000e+00,3.199035167694091797e+00,0.000000000000000000e+00,0.000000000000000000e+00
1.531046032905578613e+00,0.000000000000000000e+00,0.000000000000000000e+00,9.604178667068481445e-01,0.000000000000000000e+00,0.000000000000000000e+00,2.706445217132568359e+00
3.260326981544494629e-01,0.000000000000000000e+00,0.000000000000000000e+00,0.000000000000000000e+00,2.366832733154296875e+00,0.000000000000000000e+00,0.000000000000000000e+00
0.000000000000000000e+00,0.000000000000000000e+00,3.349439144134521484e+00,0.000000000000000000e+00,1.948549151420593262e+00,0.000000000000000000e+00,0.000000000000000000e+00
1.504241704940795898e+00,0.000000000000000000e+00,0.000000000000000000e+00,0.000000000000000000e+00,1.102095603942871094e+00,0.000000000000000000e+00,7.965851575136184692e-02
2.701219320297241211e+00,0.000000000000000000e+00,0.000000000000000000e+00,1.712392568588256836e-01,0.000000000000000000e+00,0.000000000000000000e+00,3.759312152862548828e+00
2.130106210708618164e+00,0.000000000000000000e+00,0.000000000000000000e+00,0.000000000000000000e+00,1.169732332229614258e+00,0.000000000000000000e+00,0.000000000000000000e+00
0.000000000000000000e+00,0.000000000000000000e+00,4.474191188812255859e+00,1.586910128593444824e+00,1.188724637031555176e+00,0.000000000000000000e+00,0.000000000000000000e+00
0.000000000000000000e+00,0.000000000000000000e+00,4.078488826751708984e+00,2.862045526504516602e+00,0.000000000000000000e+00,0.000000000000000000e+00,1.499601840972900391e+00
0.000000000000000000e+00,0.000000000000000000e+00,3.381364345550537109e+00,3.228346824645996094e+00,0.000000000000000000e+00,0.000000000000000000e+00,1.782006263732910156e+00
0.000000000000000000e+00,0.000000000000000000e+00,3.584981203079223633e+00,3.095465183258056641e+00,0.000000000000000000e+00,0.000000000000000000e+00,1.306538105010986328e+00
0.000000000000000000e+00,0.000000000000000000e+00,3.643952369689941406e+00,2.850614547729492188e+00,0.000000000000000000e+00,0.000000000000000000e+00,5.650153756141662598e-01
0.000000000000000000e+00,0.000000000000000000e+00,3.661199331283569336e+00,3.139770984649658203e+00,0.000000000000000000e+00,0.000000000000000000e+00,1.286474108695983887e+00
0.000000000000000000e+00,0.000000000000000000e+00,4.125153064727783203e+00,3.223995685577392578e+00,0.000000000000000000e+00,0.000000000000000000e+00,7.011285424232482910e-01
0.000000000000000000e+00,0.000000000000000000e+00,0.000000000000000000e+00,5.808585166931152344e+00,0.000000000000000000e+00,0.000000000000000000e+00,4.261081218719482422e+00
2.841563224792480469e+00,0.000000000000000000e+00,0.000000000000000000e+00,1.934996366500854492e+00,0.000000000000000000e+00,0.000000000000000000e+00,6.952440738677978516e+00
3.095344543457031250e+00,0.000000000000000000e+00,0.000000000000000000e+00,0.000000000000000000e+00,0.000000000000000000e+00,0.000000000000000000e+00,6.578960418701171875e+00
7.881990909576416016e+00,0.000000000000000000e+00,0.000000000000000000e+00,0.000000000000000000e+00,0.000000000000000000e+00,0.000000000000000000e+00,2.398186683654785156e+00
0.000000000000000000e+00,0.000000000000000000e+00,0.000000000000000000e+00,5.269556522369384766e+00,0.000000000000000000e+00,0.000000000000000000e+00,3.073142766952514648e+00
0.000000000000000000e+00,0.000000000000000000e+00,4.073652744293212891e+00,2.839353322982788086e+00,0.000000000000000000e+00,0.000000000000000000e+00,1.268811941146850586e+00
0.000000000000000000e+00,0.000000000000000000e+00,4.246435165405273438e+00,2.699856758117675781e+00,0.000000000000000000e+00,0.000000000000000000e+00,5.307762026786804199e-01
0.000000000000000000e+00,0.000000000000000000e+00,3.714378118515014648e+00,3.270127534866333008e+00,0.000000000000000000e+00,0.000000000000000000e+00,1.184949040412902832e+00
0.000000000000000000e+00,0.000000000000000000e+00,4.609941005706787109e+00,2.785235643386840820e+00,0.000000000000000000e+00,0.000000000000000000e+00,4.051926136016845703e-01
0.000000000000000000e+00,0.000000000000000000e+00,4.764938354492187500e+00,3.153768062591552734e+00,0.000000000000000000e+00,0.000000000000000000e+00,7.430588454008102417e-02
0.000000000000000000e+00,0.000000000000000000e+00,4.731667518615722656e+00,3.335553169250488281e+00,0.000000000000000000e+00,0.000000000000000000e+00,8.883451670408248901e-02
0.000000000000000000e+00,0.000000000000000000e+00,4.023689746856689453e+00,2.990079879760742188e+00,0.000000000000000000e+00,0.000000000000000000e+00,2.123755812644958496e-01
0.000000000000000000e+00,0.000000000000000000e+00,3.976583957672119141e+00,2.372348308563232422e+00,0.000000000000000000e+00,0.000000000000000000e+00,7.455633282661437988e-01
0.000000000000000000e+00,0.000000000000000000e+00,2.151498794555664062e-01,0.000000000000000000e+00,3.006712436676025391e+00,0.000000000000000000e+00,0.000000000000000000e+00
0.000000000000000000e+00,0.000000000000000000e+00,2.387299537658691406e+00,0.000000000000000000e+00,3.208719253540039062e+00,0.000000000000000000e+00,0.000000000000000000e+00
0.000000000000000000e+00,0.000000000000000000e+00,1.519255042076110840e-01,0.000000000000000000e+00,3.965617179870605469e+00,0.000000000000000000e+00,0.000000000000000000e+00
1.441527724266052246e+00,0.000000000000000000e+00,0.000000000000000000e+00,0.000000000000000000e+00,1.527550101280212402e+00,0.000000000000000000e+00,0.000000000000000000e+00
9.658155441284179688e-01,0.000000000000000000e+00,0.000000000000000000e+00,0.000000000000000000e+00,3.245847225189208984e+00,0.000000000000000000e+00,0.000000000000000000e+00
1.125573635101318359e+00,0.000000000000000000e+00,0.000000000000000000e+00,0.000000000000000000e+00,2.670075893402099609e+00,0.000000000000000000e+00,0.000000000000000000e+00
1.120214343070983887e+00,0.000000000000000000e+00,0.000000000000000000e+00,0.000000000000000000e+00,3.149419784545898438e+00,0.000000000000000000e+00,0.000000000000000000e+00
0.000000000000000000e+00,0.000000000000000000e+00,2.296517610549926758e+00,0.000000000000000000e+00,2.476059436798095703e+00,0.000000000000000000e+00,0.000000000000000000e+00
0.000000000000000000e+00,0.000000000000000000e+00,2.873040437698364258e+00,1.041265606880187988e+00,1.961204171180725098e+00,0.000000000000000000e+00,0.000000000000000000e+00
0.000000000000000000e+00,0.000000000000000000e+00,0.000000000000000000e+00,4.416764259338378906e+00,0.000000000000000000e+00,0.000000000000000000e+00,2.631668806076049805e+00
2.131002187728881836e+00,0.000000000000000000e+00,0.000000000000000000e+00,0.000000000000000000e+00,2.512133598327636719e+00,0.000000000000000000e+00,0.000000000000000000e+00
2.678180694580078125e+00,0.000000000000000000e+00,0.000000000000000000e+00,0.000000000000000000e+00,1.970942497253417969e+00,0.000000000000000000e+00,0.000000000000000000e+00
3.354976892471313477e+00,0.000000000000000000e+00,0.000000000000000000e+00,0.000000000000000000e+00,1.374651312828063965e+00,0.000000000000000000e+00,0.000000000000000000e+00
4.112712383270263672e+00,0.000000000000000000e+00,0.000000000000000000e+00,0.000000000000000000e+00,7.038022279739379883e-01,0.000000000000000000e+00,0.000000000000000000e+00
3.926222622394561768e-01,0.000000000000000000e+00,0.000000000000000000e+00,0.000000000000000000e+00,3.908998489379882812e+00,0.000000000000000000e+00,0.000000000000000000e+00
1.400735259056091309e+00,0.000000000000000000e+00,0.000000000000000000e+00,0.000000000000000000e+00,2.048460721969604492e+00,0.000000000000000000e+00,0.000000000000000000e+00
3.592292785644531250e+00,0.000000000000000000e+00,0.000000000000000000e+00,0.000000000000000000e+00,3.632054924964904785e-01,0.000000000000000000e+00,1.045243069529533386e-01
2.036707401275634766e+00,0.000000000000000000e+00,0.000000000000000000e+00,0.000000000000000000e+00,1.960140705108642578e+00,0.000000000000000000e+00,0.000000000000000000e+00
8.375653624534606934e-01,0.000000000000000000e+00,0.000000000000000000e+00,1.533109545707702637e+00,0.000000000000000000e+00,0.000000000000000000e+00,5.042470097541809082e-01
0.000000000000000000e+00,0.000000000000000000e+00,1.466071605682373047e+00,3.884541034698486328e+00,0.000000000000000000e+00,0.000000000000000000e+00,4.965308904647827148e-01
3.454841136932373047e+00,0.000000000000000000e+00,0.000000000000000000e+00,0.000000000000000000e+00,1.718652129173278809e+00,0.000000000000000000e+00,0.000000000000000000e+00
3.720136880874633789e+00,0.000000000000000000e+00,0.000000000000000000e+00,0.000000000000000000e+00,1.621812820434570312e+00,0.000000000000000000e+00,0.000000000000000000e+00
3.933759450912475586e+00,0.000000000000000000e+00,0.000000000000000000e+00,0.000000000000000000e+00,1.878795385360717773e+00,0.000000000000000000e+00,0.000000000000000000e+00
3.427066087722778320e+00,0.000000000000000000e+00,0.000000000000000000e+00,0.000000000000000000e+00,0.000000000000000000e+00,0.000000000000000000e+00,9.008409976959228516e-01
2.692795515060424805e+00,0.000000000000000000e+00,0.000000000000000000e+00,0.000000000000000000e+00,1.415118813514709473e+00,0.000000000000000000e+00,0.000000000000000000e+00
2.109577894210815430e+00,0.000000000000000000e+00,0.000000000000000000e+00,0.000000000000000000e+00,2.339517116546630859e+00,0.000000000000000000e+00,0.000000000000000000e+00
1.484426975250244141e+00,0.000000000000000000e+00,0.000000000000000000e+00,0.000000000000000000e+00,3.078011274337768555e-01,0.000000000000000000e+00,0.000000000000000000e+00
0.000000000000000000e+00,0.000000000000000000e+00,2.283648699522018433e-01,0.000000000000000000e+00,2.835148334503173828e+00,0.000000000000000000e+00,0.000000000000000000e+00
2.454759120941162109e+00,0.000000000000000000e+00,0.000000000000000000e+00,0.000000000000000000e+00,0.000000000000000000e+00,0.000000000000000000e+00,2.275892257690429688e+00
7.854977250099182129e-01,0.000000000000000000e+00,0.000000000000000000e+00,0.000000000000000000e+00,5.963292121887207031e-01,0.000000000000000000e+00,0.000000000000000000e+00
0.000000000000000000e+00,0.000000000000000000e+00,1.552077770233154297e+00,3.314231932163238525e-01,1.080523610115051270e+00,0.000000000000000000e+00,0.000000000000000000e+00
0.000000000000000000e+00,0.000000000000000000e+00,0.000000000000000000e+00,0.000000000000000000e+00,3.903946399688720703e+00,0.000000000000000000e+00,0.000000000000000000e+00
1.405505836009979248e-01,0.000000000000000000e+00,0.000000000000000000e+00,0.000000000000000000e+00,4.519556045532226562e+00,0.000000000000000000e+00,0.000000000000000000e+00
1.289305984973907471e-01,0.000000000000000000e+00,0.000000000000000000e+00,0.000000000000000000e+00,3.100096702575683594e+00,0.000000000000000000e+00,0.000000000000000000e+00
1.310028433799743652e-01,0.000000000000000000e+00,3.473750054836273193e-01,1.376538753509521484e+00,1.109432816505432129e+00,0.000000000000000000e+00,0.000000000000000000e+00
3.092761516571044922e+00,0.000000000000000000e+00,0.000000000000000000e+00,0.000000000000000000e+00,0.000000000000000000e+00,0.000000000000000000e+00,2.922342777252197266e+00
0.000000000000000000e+00,0.000000000000000000e+00,2.153759717941284180e+00,0.000000000000000000e+00,6.605018973350524902e-01,0.000000000000000000e+00,0.000000000000000000e+00
4.870378375053405762e-01,0.000000000000000000e+00,0.000000000000000000e+00,7.021456956863403320e-01,3.158853650093078613e-01,0.000000000000000000e+00,0.000000000000000000e+00
0.000000000000000000e+00,0.000000000000000000e+00,1.239042162895202637e+00,0.000000000000000000e+00,1.858925461769104004e+00,0.000000000000000000e+00,0.000000000000000000e+00
3.953667581081390381e-01,0.000000000000000000e+00,0.000000000000000000e+00,2.342674016952514648e+00,0.000000000000000000e+00,0.000000000000000000e+00,0.000000000000000000e+00
0.000000000000000000e+00,0.000000000000000000e+00,0.000000000000000000e+00,3.545830011367797852e+00,0.000000000000000000e+00,0.000000000000000000e+00,9.835394024848937988e-01
0.000000000000000000e+00,0.000000000000000000e+00,3.040007829666137695e+00,3.695251643657684326e-01,1.105999112129211426e+00,0.000000000000000000e+00,0.000000000000000000e+00
5.008657276630401611e-02,0.000000000000000000e+00,0.000000000000000000e+00,0.000000000000000000e+00,3.033758163452148438e+00,0.000000000000000000e+00,0.000000000000000000e+00
0.000000000000000000e+00,0.000000000000000000e+00,1.665897130966186523e+00,0.000000000000000000e+00,3.013161659240722656e+00,0.000000000000000000e+00,0.000000000000000000e+00
1.854350447654724121e+00,0.000000000000000000e+00,0.000000000000000000e+00,0.000000000000000000e+00,2.022790670394897461e+00,0.000000000000000000e+00,0.000000000000000000e+00
2.595242500305175781e+00,0.000000000000000000e+00,0.000000000000000000e+00,0.000000000000000000e+00,0.000000000000000000e+00,0.000000000000000000e+00,1.203300714492797852e+00
0.000000000000000000e+00,0.000000000000000000e+00,7.759917974472045898e-01,0.000000000000000000e+00,2.197173118591308594e+00,0.000000000000000000e+00,0.000000000000000000e+00
1.190148591995239258e+00,0.000000000000000000e+00,0.000000000000000000e+00,7.471406459808349609e-02,0.000000000000000000e+00,0.000000000000000000e+00,8.804393410682678223e-01
1.474186480045318604e-01,0.000000000000000000e+00,0.000000000000000000e+00,2.917959690093994141e-01,8.476368784904479980e-01,0.000000000000000000e+00,0.000000000000000000e+00
3.631585836410522461e-01,0.000000000000000000e+00,0.000000000000000000e+00,2.847552299499511719e+00,0.000000000000000000e+00,0.000000000000000000e+00,2.206350803375244141e+00
2.146254479885101318e-01,0.000000000000000000e+00,3.674801886081695557e-01,2.198450803756713867e+00,1.169433295726776123e-01,0.000000000000000000e+00,0.000000000000000000e+00
0.000000000000000000e+00,0.000000000000000000e+00,0.000000000000000000e+00,3.633790969848632812e+00,0.000000000000000000e+00,0.000000000000000000e+00,1.977005243301391602e+00
9.678149223327636719e-01,0.000000000000000000e+00,0.000000000000000000e+00,0.000000000000000000e+00,1.526729941368103027e+00,0.000000000000000000e+00,0.000000000000000000e+00
1.518653392791748047e+00,0.000000000000000000e+00,0.000000000000000000e+00,0.000000000000000000e+00,1.109235167503356934e+00,0.000000000000000000e+00,0.000000000000000000e+00
3.488003730773925781e+00,0.000000000000000000e+00,0.000000000000000000e+00,0.000000000000000000e+00,6.956911087036132812e-01,0.000000000000000000e+00,0.000000000000000000e+00
2.366357803344726562e+00,0.000000000000000000e+00,0.000000000000000000e+00,0.000000000000000000e+00,2.300155907869338989e-01,0.000000000000000000e+00,1.705150306224822998e-01
1.295374512672424316e+00,0.000000000000000000e+00,0.000000000000000000e+00,3.946429193019866943e-01,2.735180258750915527e-01,0.000000000000000000e+00,0.000000000000000000e+00
8.954454064369201660e-01,0.000000000000000000e+00,0.000000000000000000e+00,0.000000000000000000e+00,1.333216071128845215e+00,0.000000000000000000e+00,0.000000000000000000e+00
0.000000000000000000e+00,0.000000000000000000e+00,0.000000000000000000e+00,1.988614797592163086e+00,0.000000000000000000e+00,0.000000000000000000e+00,9.808360934257507324e-01
9.795031547546386719e-01,0.000000000000000000e+00,0.000000000000000000e+00,0.000000000000000000e+00,3.324565887451171875e+00,0.000000000000000000e+00,0.000000000000000000e+00
0.000000000000000000e+00,0.000000000000000000e+00,1.414564609527587891e+00,0.000000000000000000e+00,1.003911972045898438e+00,0.000000000000000000e+00,0.000000000000000000e+00
3.261957883834838867e+00,0.000000000000000000e+00,0.000000000000000000e+00,0.000000000000000000e+00,0.000000000000000000e+00,0.000000000000000000e+00,3.374386787414550781e+00
2.715599775314331055e+00,0.000000000000000000e+00,0.000000000000000000e+00,0.000000000000000000e+00,0.000000000000000000e+00,0.000000000000000000e+00,1.557130813598632812e+00
0.000000000000000000e+00,0.000000000000000000e+00,2.570059776306152344e+00,3.223638057708740234e+00,0.000000000000000000e+00,0.000000000000000000e+00,1.729557752609252930e+00
0.000000000000000000e+00,0.000000000000000000e+00,4.175403594970703125e+00,3.049446105957031250e+00,0.000000000000000000e+00,0.000000000000000000e+00,1.761790812015533447e-01
0.000000000000000000e+00,0.000000000000000000e+00,4.140366554260253906e+00,2.562228918075561523e+00,0.000000000000000000e+00,0.000000000000000000e+00,1.425785064697265625e+00
0.000000000000000000e+00,0.000000000000000000e+00,3.711528062820434570e+00,3.013124227523803711e+00,0.000000000000000000e+00,0.000000000000000000e+00,7.111352086067199707e-01
0.000000000000000000e+00,0.000000000000000000e+00,4.066597938537597656e+00,2.637449264526367188e+00,0.000000000000000000e+00,0.000000000000000000e+00,7.582427859306335449e-01
0.000000000000000000e+00,0.000000000000000000e+00,4.030788421630859375e+00,3.183624982833862305e+00,0.000000000000000000e+00,0.000000000000000000e+00,3.640786409378051758e-01
0.000000000000000000e+00,0.000000000000000000e+00,3.588622570037841797e+00,3.137749195098876953e+00,0.000000000000000000e+00,0.000000000000000000e+00,9.941006302833557129e-01
0.000000000000000000e+00,0.000000000000000000e+00,5.090760588645935059e-01,3.952429771423339844e+00,0.000000000000000000e+00,0.000000000000000000e+00,2.913535118103027344e+00
