0.000000000000000000e+00,1.649385833740234375e+01,3.148637115955352783e-01,0.000000000000000000e+00,0.000000000000000000e+00,1.339090347290039062e+00,2.737262725830078125e+01
0.000000000000000000e+00,3.702679824829101562e+01,2.372365951538085938e+00,0.000000000000000000e+00,5.589555501937866211e-01,0.000000000000000000e+00,5.142245101928710938e+01
0.000000000000000000e+00,3.834486770629882812e+01,3.278710603713989258e+00,0.000000000000000000e+00,0.000000000000000000e+00,1.948500052094459534e-02,5.263903808593750000e+01
0.000000000000000000e+00,3.055858993530273438e+01,4.720223248004913330e-01,0.000000000000000000e+00,7.540287971496582031e-01,5.338206291198730469e-01,4.512725830078125000e+01
0.000000000000000000e+00,3.353242111206054688e+01,5.053336620330810547e-01,0.000000000000000000e+00,1.142500162124633789e+00,0.000000000000000000e+00,4.695550537109375000e+01
0.000000000000000000e+00,3.306087875366210938e+01,7.890779972076416016e-01,0.000000000000000000e+00,9.579341411590576172e-01,2.104430198669433594e-01,4.786577606201171875e+01
0.000000000000000000e+00,3.671743774414062500e+01,3.158704042434692383e+00,0.000000000000000000e+00,1.074994444847106934e+00,2.506022453308105469e-01,5.259363555908203125e+01
0.000000000000000000e+00,3.223017883300781250e+01,2.119510412216186523e+00,0.000000000000000000e+00,6.480071544647216797e-01,7.292556762695312500e-02,4.538813781738281250e+01
0.000000000000000000e+00,2.332559204101562500e+01,1.526073336601257324e+00,0.000000000000000000e+00,0.000000000000000000e+00,2.274646759033203125e-01,3.254553222656250000e+01
0.000000000000000000e+00,2.099142265319824219e+01,5.642688274383544922e-01,0.000000000000000000e+00,0.000000000000000000e+00,2.256593704223632812e-01,2.924071884155273438e+01
0.000000000000000000e+00,1.885326004028320312e+01,1.795412063598632812e+00,0.000000000000000000e+00,0.000000000000000000e+00,1.017281055450439453e+00,2.700206184387207031e+01
0.000000000000000000e+00,2.231896400451660156e+01,1.315953373908996582e+00,0.000000000000000000e+00,0.000000000000000000e+00,0.000000000000000000e+00,3.027456665039062500e+01
0.000000000000000000e+00,2.533632278442382812e+01,1.642220497131347656e+00,0.000000000000000000e+00,0.000000000000000000e+00,0.000000000000000000e+00,3.450291824340820312e+01
0.000000000000000000e+00,1.543671894073486328e+01,5.522071123123168945e-01,0.000000000000000000e+00,0.000000000000000000e+00,1.268193960189819336e+00,2.355324745178222656e+01
0.000000000000000000e+00,2.108130836486816406e+01,5.195627689361572266e+00,0.000000000000000000e+00,3.506864979863166809e-02,1.251248836517333984e+00,2.813574600219726562e+01
0.000000000000000000e+00,1.719147300720214844e+01,1.901406645774841309e+00,0.000000000000000000e+00,0.000000000000000000e+00,5.084588527679443359e-01,2.256990814208984375e+01
0.000000000000000000e+00,1.320031356811523438e+01,9.740784764289855957e-02,0.000000000000000000e+00,0.000000000000000000e+00,9.786038398742675781e-01,2.061820602416992188e+01
0.000000000000000000e+00,1.849391746520996094e+01,4.618921577930450439e-01,0.000000000000000000e+00,0.000000000000000000e+00,1.104927062988281250e-01,2.542152976989746094e+01
0.000000000000000000e+00,2.140013504028320312e+01,2.631374120712280273e+00,0.000000000000000000e+00,7.943350821733474731e-03,4.632521048188209534e-02,2.985007286071777344e+01
0.000000000000000000e+00,1.959618568420410156e+01,9.540733098983764648e-01,0.000000000000000000e+00,0.000000000000000000e+00,4.516673088073730469e-01,2.632366371154785156e+01
0.000000000000000000e+00,1.638999748229980469e+01,3.623140096664428711e+00,0.000000000000000000e+00,0.000000000000000000e+00,1.104307174682617188e+00,2.226746559143066406e+01
0.000000000000000000e+00,2.000854873657226562e+01,1.002579569816589355e+00,0.000000000000000000e+00,0.000000000000000000e+00,5.032768249511718750e-01,2.691416358947753906e+01
0.000000000000000000e+00,1.967778587341308594e+01,3.240079164505004883e+00,0.000000000000000000e+00,0.000000000000000000e+00,7.339229583740234375e-01,2.686392402648925781e+01
0.000000000000000000e+00,1.258863162994384766e+01,2.122837781906127930e+00,0.000000000000000000e+00,0.000000000000000000e+00,5.198979377746582031e-01,1.687277603149414062e+01
0.000000000000000000e+00,1.976846504211425781e+01,1.061901211738586426e+00,0.000000000000000000e+00,0.000000000000000000e+00,1.382815837860107422e+00,3.062327575683593750e+01
0.000000000000000000e+00,2.390625572204589844e+01,4.930293083190917969e+00,0.000000000000000000e+00,0.000000000000000000e+00,1.486821174621582031e+00,3.225643157958984375e+01
0.000000000000000000e+00,1.811133766174316406e+01,1.557846426963806152e+00,0.000000000000000000e+00,0.000000000000000000e+00,6.572103500366210938e-02,2.296190071105957031e+01
0.000000000000000000e+00,1.852114105224609375e+01,1.979265213012695312e+00,0.000000000000000000e+00,0.000000000000000000e+00,1.600689888000488281e-01,2.603649139404296875e+01
0.000000000000000000e+00,1.520906448364257812e+01,1.784401237964630127e-01,0.000000000000000000e+00,0.000000000000000000e+00,1.784784555435180664e+00,2.613478088378906250e+01
0.000000000000000000e+00,2.382100296020507812e+01,5.635342121124267578e+00,0.000000000000000000e+00,0.000000000000000000e+00,1.108696460723876953e+00,3.257412338256835938e+01
0.000000000000000000e+00,1.867462730407714844e+01,1.935511112213134766e+00,0.000000000000000000e+00,0.000000000000000000e+00,3.150057792663574219e-01,2.427214050292968750e+01
0.000000000000000000e+00,1.085483169555664062e+01,1.571979820728302002e-01,0.000000000000000000e+00,0.000000000000000000e+00,4.864552021026611328e-01,1.654315376281738281e+01
0.000000000000000000e+00,1.595894432067871094e+01,3.838553667068481445e+00,0.000000000000000000e+00,2.254425436258316040e-01,1.212723255157470703e+00,2.229860115051269531e+01
0.000000000000000000e+00,1.773552703857421875e+01,2.163815975189208984e+00,0.000000000000000000e+00,0.000000000000000000e+00,5.243325233459472656e-01,2.239201736450195312e+01
0.000000000000000000e+00,1.519176769256591797e+01,1.372724294662475586e+00,0.000000000000000000e+00,0.000000000000000000e+00,4.777510166168212891e-01,1.948289489746093750e+01
0.000000000000000000e+00,2.358235549926757812e+01,5.472197055816650391e+00,0.000000000000000000e+00,3.124773800373077393e-01,1.572027683258056641e+00,3.143303680419921875e+01
0.000000000000000000e+00,1.683283615112304688e+01,6.779632568359375000e-01,0.000000000000000000e+00,5.887967944145202637e-01,0.000000000000000000e+00,2.233165359497070312e+01
0.000000000000000000e+00,1.848237037658691406e+01,5.817511677742004395e-02,0.000000000000000000e+00,0.000000000000000000e+00,1.435952186584472656e+00,2.888953018188476562e+01
0.000000000000000000e+00,1.407566547393798828e+01,2.106024026870727539e+00,0.000000000000000000e+00,0.000000000000000000e+00,9.163432121276855469e-01,1.861839294433593750e+01
0.000000000000000000e+00,1.856391906738281250e+01,1.559486389160156250e+00,0.000000000000000000e+00,0.000000000000000000e+00,1.772185325622558594e+00,3.086534690856933594e+01
0.000000000000000000e+00,1.460776042938232422e+01,2.012521266937255859e+00,0.000000000000000000e+00,0.000000000000000000e+00,3.344485759735107422e-01,1.999952697753906250e+01
0.000000000000000000e+00,2.007557487487792969e+01,2.158044576644897461e+00,0.000000000000000000e+00,0.000000000000000000e+00,1.000117778778076172e+00,2.962854766845703125e+01
0.000000000000000000e+00,1.353902244567871094e+01,1.028635859489440918e+00,0.000000000000000000e+00,0.000000000000000000e+00,2.539010047912597656e-01,1.773520278930664062e+01
0.000000000000000000e+00,2.227126312255859375e+01,5.202987194061279297e+00,0.000000000000000000e+00,0.000000000000000000e+00,1.496823787689208984e+00,2.995575904846191406e+01
0.000000000000000000e+00,3.149360466003417969e+01,2.721188068389892578e+00,0.000000000000000000e+00,0.000000000000000000e+00,2.159879684448242188e+00,4.485746383666992188e+01
0.000000000000000000e+00,4.154740524291992188e+01,8.118326187133789062e+00,0.000000000000000000e+00,0.000000000000000000e+00,1.831887722015380859e+00,5.587543487548828125e+01
0.000000000000000000e+00,3.164550781250000000e+01,2.946453332901000977e+00,0.000000000000000000e+00,0.000000000000000000e+00,6.706323623657226562e-01,4.111302947998046875e+01
0.000000000000000000e+00,2.150069808959960938e+01,2.620999574661254883e+00,0.000000000000000000e+00,0.000000000000000000e+00,1.118759632110595703e+00,3.226499557495117188e+01
0.000000000000000000e+00,2.220044136047363281e+01,3.764882564544677734e+00,0.000000000000000000e+00,0.000000000000000000e+00,3.400671482086181641e-01,2.969106864929199219e+01
0.000000000000000000e+00,1.426439762115478516e+01,2.355361700057983398e+00,0.000000000000000000e+00,0.000000000000000000e+00,5.792067050933837891e-01,1.890110969543457031e+01
0.000000000000000000e+00,1.771647834777832031e+01,1.274753928184509277e+00,0.000000000000000000e+00,0.000000000000000000e+00,1.524119377136230469e-01,2.277583122253417969e+01
0.000000000000000000e+00,1.653610801696777344e+01,5.770170688629150391e-01,0.000000000000000000e+00,0.000000000000000000e+00,6.553943157196044922e-01,2.309989166259765625e+01
0.000000000000000000e+00,1.810726737976074219e+01,4.403878211975097656e+00,0.000000000000000000e+00,0.000000000000000000e+00,8.795056343078613281e-01,2.423261260986328125e+01
0.000000000000000000e+00,1.908909416198730469e+01,2.018169403076171875e+00,0.000000000000000000e+00,0.000000000000000000e+00,5.963959693908691406e-01,2.496791458129882812e+01
0.000000000000000000e+00,3.575306320190429688e+01,1.069309520721435547e+01,0.000000000000000000e+00,0.000000000000000000e+00,3.035202026367187500e+00,4.859027481079101562e+01
0.000000000000000000e+00,1.956063842773437500e+01,3.709684848785400391e+00,0.000000000000000000e+00,1.754218488931655884e-01,1.580602407455444336e+00,2.643633270263671875e+01
0.000000000000000000e+00,1.316386699676513672e+01,6.260472536087036133e-01,0.000000000000000000e+00,0.000000000000000000e+00,0.000000000000000000e+00,1.720729255676269531e+01
0.000000000000000000e+00,1.869527816772460938e+01,3.792752265930175781e+00,0.000000000000000000e+00,0.000000000000000000e+00,3.650851249694824219e-01,2.552769660949707031e+01
0.000000000000000000e+00,2.463398361206054688e+01,3.037569761276245117e+00,0.000000000000000000e+00,0.000000000000000000e+00,1.226276874542236328e+00,3.174728393554687500e+01
0.000000000000000000e+00,2.707434844970703125e+01,2.864254951477050781e+00,0.000000000000000000e+00,0.000000000000000000e+00,9.087853431701660156e-01,3.562368392944335938e+01
0.000000000000000000e+00,2.018966293334960938e+01,2.964059114456176758e+00,0.000000000000000000e+00,0.000000000000000000e+00,3.386244773864746094e-01,2.717936897277832031e+01
0.000000000000000000e+00,2.024987411499023438e+01,1.438858747482299805e+00,0.000000000000000000e+00,0.000000000000000000e+00,1.559839725494384766e+00,3.198758697509765625e+01
0.000000000000000000e+00,2.463313484191894531e+01,7.183171272277832031e+00,0.000000000000000000e+00,0.000000000000000000e+00,1.999838829040527344e+00,3.371544647216796875e+01
0.000000000000000000e+00,2.917273330688476562e+01,6.094447612762451172e+00,0.000000000000000000e+00,0.000000000000000000e+00,2.213998794555664062e+00,3.938042831420898438e+01
0.000000000000000000e+00,2.369718360900878906e+01,5.789429187774658203e+00,0.000000000000000000e+00,0.000000000000000000e+00,1.342145681381225586e+00,3.178655815124511719e+01
0.000000000000000000e+00,1.580830001831054688e+01,7.799788713455200195e-01,0.000000000000000000e+00,0.000000000000000000e+00,4.903972148895263672e-01,2.089992713928222656e+01
0.000000000000000000e+00,2.353528213500976562e+01,7.612237930297851562e-01,0.000000000000000000e+00,0.000000000000000000e+00,6.075811758637428284e-02,3.282090759277343750e+01
0.000000000000000000e+00,2.622129440307617188e+01,3.011052906513214111e-01,0.000000000000000000e+00,3.591270148754119873e-01,0.000000000000000000e+00,3.565692138671875000e+01
0.000000000000000000e+00,2.909593963623046875e+01,6.207067966461181641e-01,0.000000000000000000e+00,2.915780246257781982e-01,0.000000000000000000e+00,4.086606597900390625e+01
0.000000000000000000e+00,2.489479255676269531e+01,0.000000000000000000e+00,0.000000000000000000e+00,3.389164507389068604e-01,8.884110450744628906e-01,3.795882034301757812e+01
0.000000000000000000e+00,3.398741531372070312e+01,1.160445690155029297e+00,0.000000000000000000e+00,7.861113548278808594e-01,0.000000000000000000e+00,4.678354263305664062e+01
0.000000000000000000e+00,3.598157119750976562e+01,4.816925823688507080e-01,0.000000000000000000e+00,7.648088335990905762e-01,0.000000000000000000e+00,4.930587768554687500e+01
0.000000000000000000e+00,3.708039093017578125e+01,3.780119717121124268e-01,0.000000000000000000e+00,9.694283008575439453e-01,0.000000000000000000e+00,5.111294555664062500e+01
0.000000000000000000e+00,2.292787170410156250e+01,3.318614244461059570e+00,0.000000000000000000e+00,0.000000000000000000e+00,0.000000000000000000e+00,2.996270942687988281e+01
0.000000000000000000e+00,2.711070632934570312e+01,1.633466720581054688e+01,0.000000000000000000e+00,0.000000000000000000e+00,1.877837657928466797e+00,5.655506896972656250e+01
0.000000000000000000e+00,1.555774593353271484e+01,0.000000000000000000e+00,0.000000000000000000e+00,5.372865870594978333e-02,3.105831146240234375e-01,2.291870880126953125e+01
0.000000000000000000e+00,2.813821792602539062e+01,3.269315063953399658e-01,0.000000000000000000e+00,4.265201985836029053e-01,0.000000000000000000e+00,3.859325027465820312e+01
0.000000000000000000e+00,1.807837486267089844e+01,0.000000000000000000e+00,0.000000000000000000e+00,0.000000000000000000e+00,4.452760219573974609e-01,2.612674331665039062e+01
0.000000000000000000e+00,5.094759368896484375e+01,9.205882072448730469e+00,0.000000000000000000e+00,0.000000000000000000e+00,3.815947055816650391e+00,6.758816528320312500e+01
0.000000000000000000e+00,4.882246017456054688e+01,8.232433795928955078e-01,0.000000000000000000e+00,1.829131603240966797e+00,0.000000000000000000e+00,6.826078033447265625e+01
0.000000000000000000e+00,5.076705932617187500e+01,0.000000000000000000e+00,0.000000000000000000e+00,1.201841235160827637e+00,0.000000000000000000e+00,7.077895355224609375e+01
0.000000000000000000e+00,4.769865036010742188e+01,0.000000000000000000e+00,0.000000000000000000e+00,1.366401791572570801e+00,0.000000000000000000e+00,6.765557098388671875e+01
0.000000000000000000e+00,4.744483184814453125e+01,0.000000000000000000e+00,0.000000000000000000e+00,5.669949054718017578e-01,0.000000000000000000e+00,6.702117156982421875e+01
0.000000000000000000e+00,6.367806625366210938e+01,9.649046897888183594e+00,0.000000000000000000e+00,1.070753574371337891e+00,5.240302085876464844e-01,8.237783050537109375e+01
0.000000000000000000e+00,4.992580413818359375e+01,1.521719646453857422e+01,0.000000000000000000e+00,0.000000000000000000e+00,1.758302211761474609e+00,6.741459655761718750e+01
0.000000000000000000e+00,2.402416610717773438e+01,6.739439487457275391e+00,0.000000000000000000e+00,0.000000000000000000e+00,2.221101760864257812e+00,3.523810577392578125e+01
0.000000000000000000e+00,1.499129867553710938e+01,1.348598003387451172e+00,0.000000000000000000e+00,0.000000000000000000e+00,2.936856746673583984e-01,2.061126518249511719e+01
0.000000000000000000e+00,2.430845642089843750e+01,3.801829099655151367e+00,0.000000000000000000e+00,0.000000000000000000e+00,9.457120895385742188e-01,3.234541320800781250e+01
0.000000000000000000e+00,2.222114944458007812e+01,2.404704332351684570e+00,0.000000000000000000e+00,0.000000000000000000e+00,3.789143562316894531e-01,2.948378562927246094e+01
0.000000000000000000e+00,1.473304748535156250e+01,2.046525001525878906e+00,0.000000000000000000e+00,0.000000000000000000e+00,1.251654624938964844e-01,1.876248359680175781e+01
0.000000000000000000e+00,1.476662349700927734e+01,3.558960556983947754e-02,0.000000000000000000e+00,0.000000000000000000e+00,3.972611427307128906e-01,2.142372512817382812e+01
0.000000000000000000e+00,2.314105606079101562e+01,3.722500324249267578e+00,0.000000000000000000e+00,0.000000000000000000e+00,5.682163238525390625e-01,3.115159988403320312e+01
0.000000000000000000e+00,2.511250877380371094e+01,2.459097146987915039e+00,0.000000000000000000e+00,0.000000000000000000e+00,3.512744903564453125e-01,3.295696640014648438e+01
0.000000000000000000e+00,2.212472534179687500e+01,3.003167867660522461e+00,0.000000000000000000e+00,0.000000000000000000e+00,5.800702571868896484e-01,2.918046951293945312e+01
0.000000000000000000e+00,2.576965332031250000e+01,4.258956909179687500e+00,0.000000000000000000e+00,0.000000000000000000e+00,6.494393348693847656e-01,3.433515930175781250e+01
0.000000000000000000e+00,2.685733985900878906e+01,4.159312725067138672e+00,0.000000000000000000e+00,0.000000000000000000e+00,4.356184005737304688e-01,3.478883743286132812e+01
0.000000000000000000e+00,2.009098815917968750e+01,1.754507541656494141e+00,0.000000000000000000e+00,0.000000000000000000e+00,5.834069252014160156e-01,2.802058219909667969e+01
0.000000000000000000e+00,3.034903717041015625e+01,5.724061012268066406e+00,0.000000000000000000e+00,0.000000000000000000e+00,1.255413055419921875e+00,4.056801986694335938e+01
0.000000000000000000e+00,1.952122306823730469e+01,7.962727546691894531e-01,0.000000000000000000e+00,0.000000000000000000e+00,1.683026313781738281e+00,3.090755462646484375e+01
0.000000000000000000e+00,2.002874565124511719e+01,3.455999135971069336e+00,0.000000000000000000e+00,0.000000000000000000e+00,5.176301002502441406e-01,2.631996345520019531e+01
0.000000000000000000e+00,2.318687629699707031e+01,3.728210687637329102e+00,0.000000000000000000e+00,0.000000000000000000e+00,5.335018634796142578e-01,2.965673255920410156e+01
0.000000000000000000e+00,1.701879310607910156e+01,7.634279727935791016e-01,0.000000000000000000e+00,0.000000000000000000e+00,1.377681732177734375e+00,2.761251831054687500e+01
0.000000000000000000e+00,1.703921318054199219e+01,4.114788532257080078e+00,0.000000000000000000e+00,3.072935640811920166e-01,1.338850975036621094e+00,2.311739730834960938e+01
0.000000000000000000e+00,4.425420379638671875e+01,5.205814838409423828e+00,0.000000000000000000e+00,0.000000000000000000e+00,1.980750560760498047e+00,5.855391693115234375e+01
0.000000000000000000e+00,9.795027923583984375e+01,2.543708038330078125e+01,0.000000000000000000e+00,0.000000000000000000e+00,6.142096042633056641e+00,1.315771026611328125e+02
0.000000000000000000e+00,6.316730880737304688e+01,1.400393199920654297e+01,0.000000000000000000e+00,0.000000000000000000e+00,5.129931926727294922e+00,8.601836395263671875e+01
0.000000000000000000e+00,8.749851226806640625e+01,2.227832031250000000e+01,0.000000000000000000e+00,0.000000000000000000e+00,5.048979282379150391e+00,1.177650756835937500e+02
0.000000000000000000e+00,4.821558761596679688e+01,1.293004417419433594e+01,0.000000000000000000e+00,0.000000000000000000e+00,4.633350849151611328e+00,6.566277313232421875e+01
0.000000000000000000e+00,5.815781021118164062e+01,1.174115753173828125e+01,0.000000000000000000e+00,0.000000000000000000e+00,4.981626033782958984e+00,7.900289916992187500e+01
0.000000000000000000e+00,7.697338867187500000e+01,1.832266235351562500e+01,0.000000000000000000e+00,0.000000000000000000e+00,4.627140522003173828e+00,1.038720245361328125e+02
0.000000000000000000e+00,5.658982086181640625e+01,3.031985282897949219e+01,0.000000000000000000e+00,0.000000000000000000e+00,8.536424636840820312e+00,8.596099853515625000e+01
0.000000000000000000e+00,4.123733520507812500e+01,1.042742633819580078e+01,0.000000000000000000e+00,0.000000000000000000e+00,2.467292308807373047e+00,5.490479278564453125e+01
0.000000000000000000e+00,4.545871353149414062e+01,1.246605968475341797e+01,0.000000000000000000e+00,0.000000000000000000e+00,3.642659187316894531e+00,6.280789947509765625e+01
0.000000000000000000e+00,5.537128448486328125e+01,7.761328220367431641e+00,0.000000000000000000e+00,0.000000000000000000e+00,2.513845920562744141e+00,7.154468536376953125e+01
0.000000000000000000e+00,3.251821517944335938e+01,1.302854442596435547e+01,0.000000000000000000e+00,0.000000000000000000e+00,1.716856479644775391e+00,5.271316528320312500e+01
0.000000000000000000e+00,3.341795349121093750e+01,1.406708621978759766e+01,0.000000000000000000e+00,0.000000000000000000e+00,2.529859066009521484e+00,5.636294937133789062e+01
0.000000000000000000e+00,4.516434097290039062e+01,1.314368724822998047e+01,0.000000000000000000e+00,0.000000000000000000e+00,0.000000000000000000e+00,6.112467193603515625e+01
0.000000000000000000e+00,3.636735153198242188e+01,7.346097469329833984e+00,0.000000000000000000e+00,0.000000000000000000e+00,1.786518573760986328e+00,4.856021881103515625e+01
0.000000000000000000e+00,2.275607299804687500e+01,3.660771846771240234e+00,0.000000000000000000e+00,0.000000000000000000e+00,6.586146354675292969e-01,3.026701545715332031e+01
0.000000000000000000e+00,1.054024410247802734e+01,4.044366180896759033e-01,0.000000000000000000e+00,0.000000000000000000e+00,3.391106128692626953e-01,1.464099788665771484e+01
0.000000000000000000e+00,1.769747352600097656e+01,6.735189437866210938e+00,0.000000000000000000e+00,3.985964655876159668e-01,1.856406211853027344e+00,2.459403038024902344e+01
0.000000000000000000e+00,1.680396652221679688e+01,1.106164574623107910e+00,0.000000000000000000e+00,0.000000000000000000e+00,1.238974571228027344e+00,2.674883270263671875e+01
0.000000000000000000e+00,2.074599838256835938e+01,3.827506542205810547e+00,0.000000000000000000e+00,1.324016600847244263e-03,3.356580734252929688e-01,2.790452003479003906e+01
0.000000000000000000e+00,2.204382324218750000e+01,6.446811199188232422e+00,0.000000000000000000e+00,0.000000000000000000e+00,2.291098117828369141e+00,3.423025894165039062e+01
0.000000000000000000e+00,3.674272155761718750e+01,8.197813987731933594e+00,0.000000000000000000e+00,0.000000000000000000e+00,2.395226001739501953e+00,4.934354019165039062e+01
0.000000000000000000e+00,4.991214370727539062e+01,1.109994983673095703e+01,0.000000000000000000e+00,0.000000000000000000e+00,1.701201915740966797e+00,6.434479522705078125e+01
0.000000000000000000e+00,3.450932693481445312e+01,8.112399101257324219e+00,0.000000000000000000e+00,0.000000000000000000e+00,4.168097019195556641e+00,4.798724365234375000e+01
0.000000000000000000e+00,2.992202377319335938e+01,1.093051433563232422e+01,0.000000000000000000e+00,7.226039469242095947e-02,3.515724182128906250e+00,4.300405883789062500e+01
0.000000000000000000e+00,2.527733230590820312e+01,3.995065689086914062e+00,0.000000000000000000e+00,0.000000000000000000e+00,4.366822242736816406e-01,3.300017547607421875e+01
0.000000000000000000e+00,2.465792465209960938e+01,2.844522476196289062e+00,0.000000000000000000e+00,0.000000000000000000e+00,1.145454406738281250e+00,3.557064056396484375e+01
0.000000000000000000e+00,2.544994926452636719e+01,1.716893076896667480e+00,0.000000000000000000e+00,0.000000000000000000e+00,4.052143096923828125e-01,3.510824584960937500e+01
0.000000000000000000e+00,1.473784160614013672e+01,1.694664239883422852e+00,0.000000000000000000e+00,2.089575678110122681e-01,2.718665599822998047e-01,2.134434700012207031e+01
0.000000000000000000e+00,2.088993835449218750e+01,1.266293287277221680e+00,0.000000000000000000e+00,0.000000000000000000e+00,1.463459968566894531e+00,3.231868743896484375e+01
0.000000000000000000e+00,1.532525634765625000e+01,2.025275468826293945e+00,0.000000000000000000e+00,0.000000000000000000e+00,3.748703002929687500e-01,2.026459121704101562e+01
0.000000000000000000e+00,2.088287353515625000e+01,5.332099437713623047e+00,0.000000000000000000e+00,3.917897045612335205e-01,9.455010890960693359e-01,2.884118080139160156e+01
0.000000000000000000e+00,1.357992649078369141e+01,8.904740810394287109e-01,0.000000000000000000e+00,5.461509898304939270e-02,3.153893947601318359e-01,2.014128875732421875e+01
0.000000000000000000e+00,1.014328765869140625e+01,0.000000000000000000e+00,0.000000000000000000e+00,0.000000000000000000e+00,2.571386098861694336e-01,1.420071506500244141e+01
0.000000000000000000e+00,1.746706390380859375e+01,7.331386804580688477e-01,0.000000000000000000e+00,0.000000000000000000e+00,6.867668628692626953e-01,2.606229400634765625e+01
0.000000000000000000e+00,1.670448112487792969e+01,2.489767789840698242e+00,0.000000000000000000e+00,0.000000000000000000e+00,3.326721191406250000e-01,2.367429351806640625e+01
0.000000000000000000e+00,2.521245574951171875e+01,3.894006013870239258e+00,0.000000000000000000e+00,0.000000000000000000e+00,9.158377647399902344e-01,3.291134262084960938e+01
0.000000000000000000e+00,2.250184631347656250e+01,2.252447605133056641e+00,0.000000000000000000e+00,0.000000000000000000e+00,8.195371627807617188e-01,3.035938453674316406e+01
0.000000000000000000e+00,2.149570274353027344e+01,3.746817350387573242e+00,0.000000000000000000e+00,0.000000000000000000e+00,1.377156734466552734e+00,3.172882080078125000e+01
0.000000000000000000e+00,2.071522712707519531e+01,1.904740333557128906e+00,0.000000000000000000e+00,0.000000000000000000e+00,0.000000000000000000e+00,2.674359130859375000e+01
0.000000000000000000e+00,2.116339683532714844e+01,4.410979270935058594e+00,0.000000000000000000e+00,0.000000000000000000e+00,3.514101505279541016e-01,2.844527053833007812e+01
0.000000000000000000e+00,1.863397979736328125e+01,3.161140918731689453e+00,0.000000000000000000e+00,0.000000000000000000e+00,7.476606369018554688e-01,2.603830528259277344e+01
0.000000000000000000e+00,1.766307449340820312e+01,3.007244586944580078e+00,0.000000000000000000e+00,2.233055084943771362e-01,4.758610725402832031e-01,2.437273025512695312e+01
0.000000000000000000e+00,1.602436637878417969e+01,4.328110814094543457e-02,0.000000000000000000e+00,0.000000000000000000e+00,9.782400131225585938e-01,2.468325614929199219e+01
0.000000000000000000e+00,1.617487907409667969e+01,3.414819478988647461e+00,0.000000000000000000e+00,0.000000000000000000e+00,4.817254543304443359e-01,2.233623886108398438e+01
0.000000000000000000e+00,2.713292694091796875e+01,7.817234039306640625e+00,0.000000000000000000e+00,0.000000000000000000e+00,2.344390392303466797e+00,3.747938537597656250e+01
0.000000000000000000e+00,2.316321182250976562e+01,1.144033551216125488e+00,0.000000000000000000e+00,0.000000000000000000e+00,4.550352096557617188e-01,3.064566993713378906e+01
0.000000000000000000e+00,1.879192924499511719e+01,5.900140762329101562e+00,0.000000000000000000e+00,0.000000000000000000e+00,1.583118438720703125e+00,2.631513595581054688e+01
0.000000000000000000e+00,2.247921371459960938e+01,1.068840622901916504e+00,0.000000000000000000e+00,0.000000000000000000e+00,1.093213558197021484e+00,3.303599166870117188e+01
0.000000000000000000e+00,1.641392707824707031e+01,7.241629362106323242e-01,0.000000000000000000e+00,0.000000000000000000e+00,0.000000000000000000e+00,2.190538787841796875e+01
0.000000000000000000e+00,3.223962402343750000e+01,1.554327011108398438e+00,0.000000000000000000e+00,1.213995367288589478e-01,0.000000000000000000e+00,4.422913360595703125e+01
0.000000000000000000e+00,3.321947097778320312e+01,1.276057004928588867e+00,0.000000000000000000e+00,9.082190990447998047e-01,0.000000000000000000e+00,4.573371887207031250e+01
0.000000000000000000e+00,2.864692687988281250e+01,4.699867069721221924e-01,0.000000000000000000e+00,2.081780582666397095e-01,3.539590835571289062e-01,4.129380416870117188e+01
0.000000000000000000e+00,2.882218170166015625e+01,0.000000000000000000e+00,0.000000000000000000e+00,3.962713778018951416e-01,1.722121238708496094e-01,4.120620727539062500e+01
0.000000000000000000e+00,3.344396209716796875e+01,5.660378932952880859e-01,0.000000000000000000e+00,8.389569520950317383e-01,0.000000000000000000e+00,4.591612243652343750e+01
0.000000000000000000e+00,2.592964935302734375e+01,0.000000000000000000e+00,0.000000000000000000e+00,4.343940690159797668e-02,1.010176181793212891e+00,3.944389724731445312e+01
0.000000000000000000e+00,3.234417343139648438e+01,5.163719654083251953e-01,0.000000000000000000e+00,1.152634143829345703e+00,0.000000000000000000e+00,4.530780029296875000e+01
0.000000000000000000e+00,3.444824600219726562e+01,1.044227361679077148e+00,0.000000000000000000e+00,3.721302449703216553e-01,0.000000000000000000e+00,4.747593688964843750e+01
0.000000000000000000e+00,2.245004272460937500e+01,2.936673879623413086e+00,0.000000000000000000e+00,0.000000000000000000e+00,0.000000000000000000e+00,3.092698860168457031e+01
0.000000000000000000e+00,2.814653205871582031e+01,1.029202651977539062e+01,0.000000000000000000e+00,0.000000000000000000e+00,3.106173992156982422e+00,5.385234451293945312e+01
0.000000000000000000e+00,1.524861812591552734e+01,2.894769668579101562e+00,0.000000000000000000e+00,0.000000000000000000e+00,1.685236930847167969e+00,2.711825561523437500e+01
0.000000000000000000e+00,2.729061698913574219e+01,1.597529888153076172e+00,0.000000000000000000e+00,0.000000000000000000e+00,2.248115539550781250e-01,3.705505371093750000e+01
0.000000000000000000e+00,2.993552780151367188e+01,1.420121669769287109e+00,0.000000000000000000e+00,5.364589691162109375e-01,0.000000000000000000e+00,4.186624526977539062e+01
0.000000000000000000e+00,3.784543991088867188e+01,4.936025142669677734e+00,0.000000000000000000e+00,0.000000000000000000e+00,5.910525321960449219e-01,5.379276657104492188e+01
0.000000000000000000e+00,2.898728561401367188e+01,2.855932474136352539e+00,0.000000000000000000e+00,3.420016467571258545e-01,3.812875747680664062e-01,4.147916793823242188e+01
0.000000000000000000e+00,2.688689422607421875e+01,1.797767639160156250e+00,0.000000000000000000e+00,8.723329305648803711e-01,1.753581523895263672e+00,4.340239334106445312e+01
0.000000000000000000e+00,2.461366271972656250e+01,1.918141245841979980e+00,0.000000000000000000e+00,5.545929074287414551e-01,0.000000000000000000e+00,3.456231689453125000e+01
0.000000000000000000e+00,3.375082015991210938e+01,6.512169837951660156e-01,0.000000000000000000e+00,9.893164634704589844e-01,0.000000000000000000e+00,4.637535858154296875e+01
0.000000000000000000e+00,2.879800224304199219e+01,0.000000000000000000e+00,0.000000000000000000e+00,2.452141195535659790e-01,1.926327124238014221e-02,4.039770889282226562e+01
0.000000000000000000e+00,1.359774971008300781e+01,0.000000000000000000e+00,0.000000000000000000e+00,0.000000000000000000e+00,1.038463592529296875e+00,2.089450263977050781e+01
0.000000000000000000e+00,1.489196205139160156e+01,2.970863819122314453e+00,0.000000000000000000e+00,2.850213944911956787e-01,8.312181234359741211e-01,2.016665077209472656e+01
0.000000000000000000e+00,1.602331352233886719e+01,1.136604189872741699e+00,0.000000000000000000e+00,0.000000000000000000e+00,7.420349121093750000e-01,2.396189498901367188e+01
0.000000000000000000e+00,1.335427474975585938e+01,1.948984503746032715e+00,0.000000000000000000e+00,0.000000000000000000e+00,3.891730308532714844e-01,1.906411361694335938e+01
0.000000000000000000e+00,2.028403091430664062e+01,2.732589006423950195e+00,0.000000000000000000e+00,0.000000000000000000e+00,7.543282508850097656e-01,2.691209411621093750e+01
0.000000000000000000e+00,1.561393070220947266e+01,2.899587392807006836e+00,0.000000000000000000e+00,0.000000000000000000e+00,8.941957950592041016e-01,2.098436737060546875e+01
0.000000000000000000e+00,1.419453430175781250e+01,6.795430183410644531e-01,0.000000000000000000e+00,0.000000000000000000e+00,9.081201553344726562e-01,2.192323112487792969e+01
0.000000000000000000e+00,3.627210235595703125e+01,5.339793682098388672e+00,0.000000000000000000e+00,0.000000000000000000e+00,1.516045570373535156e+00,4.713151550292968750e+01
0.000000000000000000e+00,6.677559661865234375e+01,1.479207324981689453e+01,0.000000000000000000e+00,0.000000000000000000e+00,2.594647884368896484e+00,8.744178009033203125e+01
0.000000000000000000e+00,4.904980850219726562e+01,1.004827785491943359e+01,0.000000000000000000e+00,0.000000000000000000e+00,2.532203197479248047e+00,6.527658081054687500e+01
0.000000000000000000e+00,5.829098129272460938e+01,2.211778259277343750e+01,0.000000000000000000e+00,0.000000000000000000e+00,4.070339679718017578e+00,8.877320861816406250e+01
0.000000000000000000e+00,2.360843658447265625e+01,3.244981050491333008e+00,0.000000000000000000e+00,0.000000000000000000e+00,6.888456344604492188e-01,2.998891639709472656e+01
0.000000000000000000e+00,3.756061553955078125e+01,4.307085990905761719e+00,0.000000000000000000e+00,0.000000000000000000e+00,1.173489570617675781e+00,4.847703552246093750e+01
0.000000000000000000e+00,2.781816864013671875e+01,5.859130382537841797e+00,0.000000000000000000e+00,0.000000000000000000e+00,1.212244510650634766e+00,3.726619338989257812e+01
0.000000000000000000e+00,2.087975120544433594e+01,1.420836448669433594e+00,0.000000000000000000e+00,0.000000000000000000e+00,1.560120105743408203e+00,3.144435501098632812e+01
0.000000000000000000e+00,2.508732223510742188e+01,3.342213869094848633e+00,0.000000000000000000e+00,0.000000000000000000e+00,8.877086639404296875e-01,3.298091506958007812e+01
0.000000000000000000e+00,3.151821517944335938e+01,6.800102710723876953e+00,0.000000000000000000e+00,0.000000000000000000e+00,1.632540702819824219e+00,4.240505218505859375e+01
0.000000000000000000e+00,2.188586044311523438e+01,2.435153722763061523e+00,0.000000000000000000e+00,0.000000000000000000e+00,6.459963321685791016e-01,2.903338813781738281e+01
0.000000000000000000e+00,1.794578933715820312e+01,3.035239696502685547e+00,0.000000000000000000e+00,0.000000000000000000e+00,8.031110763549804688e-01,2.439059257507324219e+01
0.000000000000000000e+00,1.682037734985351562e+01,0.000000000000000000e+00,0.000000000000000000e+00,0.000000000000000000e+00,4.877195358276367188e-01,2.416334533691406250e+01
0.000000000000000000e+00,1.420493030548095703e+01,1.210366964340209961e+00,0.000000000000000000e+00,0.000000000000000000e+00,3.679301738739013672e-01,1.948794555664062500e+01
0.000000000000000000e+00,2.511973190307617188e+01,7.850195884704589844e+00,0.000000000000000000e+00,5.452651530504226685e-03,2.837139129638671875e+00,3.720476913452148438e+01
0.000000000000000000e+00,4.054135131835937500e+01,6.823111057281494141e+00,0.000000000000000000e+00,0.000000000000000000e+00,2.279990673065185547e+00,6.035722351074218750e+01
0.000000000000000000e+00,3.381279373168945312e+01,7.498661518096923828e+00,0.000000000000000000e+00,0.000000000000000000e+00,2.047688007354736328e+00,4.590186309814453125e+01
0.000000000000000000e+00,2.024507904052734375e+01,7.108952999114990234e-01,0.000000000000000000e+00,0.000000000000000000e+00,1.697115421295166016e+00,3.161812210083007812e+01
0.000000000000000000e+00,1.324835777282714844e+01,1.340788125991821289e+00,0.000000000000000000e+00,0.000000000000000000e+00,1.597664356231689453e-01,1.752476501464843750e+01
0.000000000000000000e+00,1.176923274993896484e+01,7.031767368316650391e-01,0.000000000000000000e+00,0.000000000000000000e+00,6.394081115722656250e-01,1.817901992797851562e+01
0.000000000000000000e+00,2.131145477294921875e+01,4.236821651458740234e+00,0.000000000000000000e+00,0.000000000000000000e+00,8.969185352325439453e-01,2.864395904541015625e+01
0.000000000000000000e+00,2.282502555847167969e+01,5.453459262847900391e+00,0.000000000000000000e+00,0.000000000000000000e+00,1.189738273620605469e+00,3.025652885437011719e+01
0.000000000000000000e+00,1.662273788452148438e+01,1.843073964118957520e+00,0.000000000000000000e+00,0.000000000000000000e+00,4.311172962188720703e-01,2.250963973999023438e+01
0.000000000000000000e+00,3.093886947631835938e+01,4.413344860076904297e+00,0.000000000000000000e+00,0.000000000000000000e+00,1.352099418640136719e+00,3.975077819824218750e+01
0.000000000000000000e+00,3.161674118041992188e+01,5.263612747192382812e+00,0.000000000000000000e+00,0.000000000000000000e+00,1.042121887207031250e+00,4.256653594970703125e+01
0.000000000000000000e+00,1.917020988464355469e+01,3.072769403457641602e+00,0.000000000000000000e+00,0.000000000000000000e+00,9.833905696868896484e-01,2.715628623962402344e+01
0.000000000000000000e+00,1.669435882568359375e+01,2.145510673522949219e+00,0.000000000000000000e+00,0.000000000000000000e+00,4.935073852539062500e-01,2.377075004577636719e+01
0.000000000000000000e+00,2.209218025207519531e+01,2.759351730346679688e+00,0.000000000000000000e+00,0.000000000000000000e+00,9.780459403991699219e-01,2.880664634704589844e+01
0.000000000000000000e+00,2.297864913940429688e+01,3.376134157180786133e+00,0.000000000000000000e+00,0.000000000000000000e+00,8.557331562042236328e-01,2.987082862854003906e+01
0.000000000000000000e+00,2.530984306335449219e+01,6.366997241973876953e+00,0.000000000000000000e+00,0.000000000000000000e+00,1.573392391204833984e+00,3.542779922485351562e+01
0.000000000000000000e+00,2.490609359741210938e+01,2.222605943679809570e+00,0.000000000000000000e+00,0.000000000000000000e+00,1.651042461395263672e+00,3.507984924316406250e+01
0.000000000000000000e+00,2.271407699584960938e+01,2.830926179885864258e+00,0.000000000000000000e+00,0.000000000000000000e+00,8.516809940338134766e-01,3.071741676330566406e+01
0.000000000000000000e+00,3.077010345458984375e+01,3.764069318771362305e+00,0.000000000000000000e+00,0.000000000000000000e+00,6.933917999267578125e-01,4.013484954833984375e+01
0.000000000000000000e+00,2.166067886352539062e+01,1.685518741607666016e+00,0.000000000000000000e+00,0.000000000000000000e+00,7.521562576293945312e-01,3.087461662292480469e+01
0.000000000000000000e+00,1.683184242248535156e+01,1.811062693595886230e+00,0.000000000000000000e+00,0.000000000000000000e+00,4.223101139068603516e-01,2.205819320678710938e+01
0.000000000000000000e+00,2.524369430541992188e+01,2.287895202636718750e+00,0.000000000000000000e+00,0.000000000000000000e+00,1.091128349304199219e+00,3.839297866821289062e+01
0.000000000000000000e+00,2.913214111328125000e+01,5.215857505798339844e+00,0.000000000000000000e+00,0.000000000000000000e+00,4.125881195068359375e-01,4.052282333374023438e+01
0.000000000000000000e+00,2.190479278564453125e+01,2.973324537277221680e+00,0.000000000000000000e+00,0.000000000000000000e+00,4.702506065368652344e-01,2.867602348327636719e+01
0.000000000000000000e+00,2.424473190307617188e+01,1.604644536972045898e+00,0.000000000000000000e+00,0.000000000000000000e+00,2.111900806427001953e+00,3.523809432983398438e+01
0.000000000000000000e+00,1.724793243408203125e+01,3.450018882751464844e+00,0.000000000000000000e+00,0.000000000000000000e+00,1.509894251823425293e+00,2.326022720336914062e+01
0.000000000000000000e+00,3.013333511352539062e+01,3.282895326614379883e+00,0.000000000000000000e+00,0.000000000000000000e+00,8.852944374084472656e-01,4.265556335449218750e+01
0.000000000000000000e+00,2.228518104553222656e+01,3.519370079040527344e+00,0.000000000000000000e+00,0.000000000000000000e+00,8.646569252014160156e-01,3.101206970214843750e+01
0.000000000000000000e+00,3.237223052978515625e+01,1.083624839782714844e+01,0.000000000000000000e+00,4.180585220456123352e-02,3.099566936492919922e+00,4.752784347534179688e+01
0.000000000000000000e+00,2.401216125488281250e+01,3.474974870681762695e+00,0.000000000000000000e+00,0.000000000000000000e+00,1.406894207000732422e+00,3.106395339965820312e+01
0.000000000000000000e+00,1.863919258117675781e+01,1.493944168090820312e+00,0.000000000000000000e+00,0.000000000000000000e+00,1.247897148132324219e-01,2.471884918212890625e+01
0.000000000000000000e+00,3.995114517211914062e+01,4.118662357330322266e+00,0.000000000000000000e+00,0.000000000000000000e+00,1.708434581756591797e+00,5.135942459106445312e+01
0.000000000000000000e+00,5.181388092041015625e+01,1.111987400054931641e+01,0.000000000000000000e+00,0.000000000000000000e+00,3.304870128631591797e+00,7.084815979003906250e+01
0.000000000000000000e+00,4.559366226196289062e+01,1.020005702972412109e+01,0.000000000000000000e+00,0.000000000000000000e+00,1.714622974395751953e+00,6.201816558837890625e+01
0.000000000000000000e+00,2.892849159240722656e+01,6.995479106903076172e+00,0.000000000000000000e+00,0.000000000000000000e+00,1.102192878723144531e+00,4.017762756347656250e+01
0.000000000000000000e+00,2.896583557128906250e+01,2.940227985382080078e+00,0.000000000000000000e+00,0.000000000000000000e+00,8.217129707336425781e-01,3.907836914062500000e+01
0.000000000000000000e+00,2.802812957763671875e+01,6.536888599395751953e+00,0.000000000000000000e+00,0.000000000000000000e+00,2.389314174652099609e+00,3.811581420898437500e+01
0.000000000000000000e+00,2.908297348022460938e+01,5.809039592742919922e+00,0.000000000000000000e+00,0.000000000000000000e+00,2.419748306274414062e+00,3.997205734252929688e+01
0.000000000000000000e+00,1.769476318359375000e+01,3.017713546752929688e+00,0.000000000000000000e+00,0.000000000000000000e+00,1.618065834045410156e-01,2.339877891540527344e+01
0.000000000000000000e+00,3.023184013366699219e+01,7.559047222137451172e+00,0.000000000000000000e+00,0.000000000000000000e+00,2.215310573577880859e+00,4.176406860351562500e+01
0.000000000000000000e+00,2.108145332336425781e+01,2.348132133483886719e+00,0.000000000000000000e+00,0.000000000000000000e+00,5.650501251220703125e-01,2.890119552612304688e+01
0.000000000000000000e+00,1.466209888458251953e+01,3.024399042129516602e+00,0.000000000000000000e+00,0.000000000000000000e+00,1.163620471954345703e+00,2.000171089172363281e+01
0.000000000000000000e+00,2.800650787353515625e+01,2.881886720657348633e+00,0.000000000000000000e+00,0.000000000000000000e+00,9.050149917602539062e-01,3.728647994995117188e+01
0.000000000000000000e+00,1.505323696136474609e+01,1.576150417327880859e+00,0.000000000000000000e+00,0.000000000000000000e+00,1.955332756042480469e-01,2.012221527099609375e+01
0.000000000000000000e+00,2.119712448120117188e+01,1.500021457672119141e+00,0.000000000000000000e+00,0.000000000000000000e+00,8.422403335571289062e-01,2.977802658081054688e+01
0.000000000000000000e+00,1.971297454833984375e+01,1.422450304031372070e+00,0.000000000000000000e+00,0.000000000000000000e+00,6.674189567565917969e-01,2.682704544067382812e+01
0.000000000000000000e+00,2.517360877990722656e+01,2.043288946151733398e+00,0.000000000000000000e+00,0.000000000000000000e+00,4.437541961669921875e-01,3.280107116699218750e+01
0.000000000000000000e+00,1.989513397216796875e+01,0.000000000000000000e+00,0.000000000000000000e+00,0.000000000000000000e+00,7.614741325378417969e-01,2.999807357788085938e+01
0.000000000000000000e+00,2.294603157043457031e+01,0.000000000000000000e+00,0.000000000000000000e+00,0.000000000000000000e+00,3.127432242035865784e-02,3.196924400329589844e+01
0.000000000000000000e+00,2.865678215026855469e+01,0.000000000000000000e+00,0.000000000000000000e+00,4.676930010318756104e-01,1.687445640563964844e-01,4.110654067993164062e+01
0.000000000000000000e+00,2.681648254394531250e+01,0.000000000000000000e+00,0.000000000000000000e+00,1.504418998956680298e-01,4.346313476562500000e-01,3.898674392700195312e+01
0.000000000000000000e+00,3.076575851440429688e+01,0.000000000000000000e+00,0.000000000000000000e+00,2.288261801004409790e-01,1.489496603608131409e-02,4.335359191894531250e+01
0.000000000000000000e+00,3.260210037231445312e+01,1.398756802082061768e-01,0.000000000000000000e+00,5.381284356117248535e-01,0.000000000000000000e+00,4.512167358398437500e+01
0.000000000000000000e+00,1.895267677307128906e+01,2.957863330841064453e+00,0.000000000000000000e+00,0.000000000000000000e+00,0.000000000000000000e+00,2.581546020507812500e+01
0.000000000000000000e+00,3.595030975341796875e+01,9.232352256774902344e+00,0.000000000000000000e+00,0.000000000000000000e+00,2.747501850128173828e+00,5.443943023681640625e+01
0.000000000000000000e+00,3.291446685791015625e+01,8.199359893798828125e+00,0.000000000000000000e+00,0.000000000000000000e+00,1.890513420104980469e+00,4.403680038452148438e+01
0.000000000000000000e+00,3.204953002929687500e+01,2.086148977279663086e+00,0.000000000000000000e+00,8.313981890678405762e-01,0.000000000000000000e+00,4.414759826660156250e+01
0.000000000000000000e+00,3.275730133056640625e+01,7.168495655059814453e-01,0.000000000000000000e+00,8.390961885452270508e-01,0.000000000000000000e+00,4.528047561645507812e+01
0.000000000000000000e+00,4.055609512329101562e+01,1.765598773956298828e+00,0.000000000000000000e+00,7.712761759757995605e-01,0.000000000000000000e+00,5.579438400268554688e+01
0.000000000000000000e+00,3.557862472534179688e+01,8.874447345733642578e-01,0.000000000000000000e+00,9.602984189987182617e-01,2.482743263244628906e-01,5.128940582275390625e+01
0.000000000000000000e+00,3.540624618530273438e+01,7.034146785736083984e-01,0.000000000000000000e+00,1.004910230636596680e+00,6.727075576782226562e-02,5.052417755126953125e+01
0.000000000000000000e+00,3.793935012817382812e+01,5.263874530792236328e-01,0.000000000000000000e+00,1.302902221679687500e+00,0.000000000000000000e+00,5.348664093017578125e+01
0.000000000000000000e+00,3.502067947387695312e+01,3.804233670234680176e-02,0.000000000000000000e+00,9.005460739135742188e-01,4.192304983735084534e-02,5.003521347045898438e+01
0.000000000000000000e+00,4.500557327270507812e+01,1.468698740005493164e+00,0.000000000000000000e+00,1.340589165687561035e+00,0.000000000000000000e+00,6.200330352783203125e+01
0.000000000000000000e+00,4.927700424194335938e+01,4.331191539764404297e+00,0.000000000000000000e+00,1.209215998649597168e+00,2.491335868835449219e-01,6.992716979980468750e+01
0.000000000000000000e+00,2.926682662963867188e+01,2.778995037078857422e+00,0.000000000000000000e+00,1.619248032569885254e+00,5.295495986938476562e-01,4.375429534912109375e+01
0.000000000000000000e+00,3.105432510375976562e+01,5.646748542785644531e-01,0.000000000000000000e+00,8.811945319175720215e-01,0.000000000000000000e+00,4.366723632812500000e+01
0.000000000000000000e+00,1.995583915710449219e+01,1.121786117553710938e+00,0.000000000000000000e+00,7.146026492118835449e-01,1.538689136505126953e-01,2.850443267822265625e+01
0.000000000000000000e+00,1.968319129943847656e+01,1.449391365051269531e+00,0.000000000000000000e+00,0.000000000000000000e+00,3.896486759185791016e-01,2.596208000183105469e+01
0.000000000000000000e+00,2.686685943603515625e+01,5.233060359954833984e+00,0.000000000000000000e+00,0.000000000000000000e+00,1.150816917419433594e+00,3.725294113159179688e+01
0.000000000000000000e+00,3.540907287597656250e+01,6.751097679138183594e+00,0.000000000000000000e+00,0.000000000000000000e+00,1.178429126739501953e+00,4.744976425170898438e+01
0.000000000000000000e+00,3.051102066040039062e+01,6.994077682495117188e+00,0.000000000000000000e+00,0.000000000000000000e+00,1.973107814788818359e+00,4.187936019897460938e+01
0.000000000000000000e+00,2.276517295837402344e+01,2.563934087753295898e+00,0.000000000000000000e+00,0.000000000000000000e+00,1.054140090942382812e+00,2.927431106567382812e+01
0.000000000000000000e+00,1.926799964904785156e+01,3.166577100753784180e+00,0.000000000000000000e+00,0.000000000000000000e+00,2.699787616729736328e-01,2.555080413818359375e+01
0.000000000000000000e+00,2.272730636596679688e+01,7.209369659423828125e+00,0.000000000000000000e+00,1.751182228326797485e-01,2.361434698104858398e+00,3.186235618591308594e+01
0.000000000000000000e+00,3.120873260498046875e+01,5.339955806732177734e+00,0.000000000000000000e+00,0.000000000000000000e+00,1.580311775207519531e+00,4.162077331542968750e+01
0.000000000000000000e+00,1.473970508575439453e+01,0.000000000000000000e+00,0.000000000000000000e+00,0.000000000000000000e+00,3.983218669891357422e-01,2.026114082336425781e+01
0.000000000000000000e+00,1.892485046386718750e+01,6.341630220413208008e-01,0.000000000000000000e+00,3.760395348072052002e-01,1.158957481384277344e-01,2.567288398742675781e+01
0.000000000000000000e+00,2.304070663452148438e+01,2.763588726520538330e-01,0.000000000000000000e+00,0.000000000000000000e+00,8.319687843322753906e-01,3.387064361572265625e+01
0.000000000000000000e+00,1.794790649414062500e+01,3.393389225006103516e+00,0.000000000000000000e+00,0.000000000000000000e+00,8.923947811126708984e-01,2.457626342773437500e+01
0.000000000000000000e+00,1.685407447814941406e+01,1.622216939926147461e+00,0.000000000000000000e+00,0.000000000000000000e+00,8.114964962005615234e-01,2.485027122497558594e+01
0.000000000000000000e+00,2.297102165222167969e+01,7.703276157379150391e+00,0.000000000000000000e+00,1.496237069368362427e-01,2.823291540145874023e+00,3.310909271240234375e+01
0.000000000000000000e+00,3.025537490844726562e+01,2.992917537689208984e+00,0.000000000000000000e+00,0.000000000000000000e+00,2.152632236480712891e+00,4.368459701538085938e+01
0.000000000000000000e+00,1.978264999389648438e+01,3.750003576278686523e+00,0.000000000000000000e+00,0.000000000000000000e+00,1.579568862915039062e+00,2.707971763610839844e+01
0.000000000000000000e+00,2.018276214599609375e+01,2.316499948501586914e+00,0.000000000000000000e+00,0.000000000000000000e+00,9.913976192474365234e-01,2.633770179748535156e+01
0.000000000000000000e+00,2.771883583068847656e+01,5.497848510742187500e+00,0.000000000000000000e+00,0.000000000000000000e+00,1.405614852905273438e+00,3.783789062500000000e+01
0.000000000000000000e+00,2.694279670715332031e+01,1.692344069480895996e+00,0.000000000000000000e+00,0.000000000000000000e+00,7.451615333557128906e-01,3.614644622802734375e+01
0.000000000000000000e+00,2.972919464111328125e+01,4.897484302520751953e+00,0.000000000000000000e+00,0.000000000000000000e+00,9.556627273559570312e-01,4.037935638427734375e+01
0.000000000000000000e+00,9.877131462097167969e+00,6.617248058319091797e-01,0.000000000000000000e+00,0.000000000000000000e+00,2.011354446411132812e+00,1.987883758544921875e+01
0.000000000000000000e+00,1.234146118164062500e+01,0.000000000000000000e+00,0.000000000000000000e+00,0.000000000000000000e+00,0.000000000000000000e+00,1.668334960937500000e+01
0.000000000000000000e+00,2.377108001708984375e+01,8.038444519042968750e-01,0.000000000000000000e+00,2.952032983303070068e-01,7.110071182250976562e-02,3.321374130249023438e+01
0.000000000000000000e+00,2.208637428283691406e+01,9.019708633422851562e-01,0.000000000000000000e+00,2.700155377388000488e-01,2.939176559448242188e-01,3.134806251525878906e+01
0.000000000000000000e+00,1.636740493774414062e+01,1.561854839324951172e+00,0.000000000000000000e+00,0.000000000000000000e+00,4.410867691040039062e-01,2.214771461486816406e+01
0.000000000000000000e+00,1.340312099456787109e+01,3.765961229801177979e-01,0.000000000000000000e+00,0.000000000000000000e+00,7.680585384368896484e-01,2.064082336425781250e+01
0.000000000000000000e+00,1.659955406188964844e+01,1.387421727180480957e+00,0.000000000000000000e+00,0.000000000000000000e+00,4.092466831207275391e-01,2.249340057373046875e+01
0.000000000000000000e+00,2.441585922241210938e+01,6.521567821502685547e+00,0.000000000000000000e+00,1.465863823890686035e+00,2.055120468139648438e+00,3.555217742919921875e+01
0.000000000000000000e+00,1.822448730468750000e+01,3.320774316787719727e+00,0.000000000000000000e+00,2.329033166170120239e-01,8.322069644927978516e-01,2.462506294250488281e+01
0.000000000000000000e+00,1.873133277893066406e+01,1.500319957733154297e+00,0.000000000000000000e+00,0.000000000000000000e+00,4.167413711547851562e-01,2.405927276611328125e+01
0.000000000000000000e+00,2.039670944213867188e+01,4.126941204071044922e+00,0.000000000000000000e+00,0.000000000000000000e+00,1.074946403503417969e+00,2.810050582885742188e+01
0.000000000000000000e+00,1.298172569274902344e+01,2.123568773269653320e+00,0.000000000000000000e+00,0.000000000000000000e+00,1.676475882530212402e+00,1.893526268005371094e+01
0.000000000000000000e+00,2.419194793701171875e+01,8.252387046813964844e+00,0.000000000000000000e+00,0.000000000000000000e+00,2.570804357528686523e+00,3.424758529663085938e+01
0.000000000000000000e+00,3.789399719238281250e+01,7.662497043609619141e+00,0.000000000000000000e+00,0.000000000000000000e+00,1.717328071594238281e+00,5.067878723144531250e+01
0.000000000000000000e+00,3.644135665893554688e+01,8.469156265258789062e+00,0.000000000000000000e+00,0.000000000000000000e+00,1.969927310943603516e+00,5.052780151367187500e+01
0.000000000000000000e+00,3.127349853515625000e+01,5.276343822479248047e+00,0.000000000000000000e+00,0.000000000000000000e+00,2.360776901245117188e+00,4.227170944213867188e+01
0.000000000000000000e+00,3.023653030395507812e+01,7.148639202117919922e+00,0.000000000000000000e+00,0.000000000000000000e+00,2.536249637603759766e+00,4.186134338378906250e+01
0.000000000000000000e+00,3.806615447998046875e+01,3.585348129272460938e+00,0.000000000000000000e+00,0.000000000000000000e+00,2.369937896728515625e+00,5.309018707275390625e+01
0.000000000000000000e+00,2.909365844726562500e+01,5.805761337280273438e+00,0.000000000000000000e+00,0.000000000000000000e+00,1.863176822662353516e+00,3.942317962646484375e+01
0.000000000000000000e+00,3.209651184082031250e+01,5.216591358184814453e+00,0.000000000000000000e+00,0.000000000000000000e+00,9.149360656738281250e-01,4.144895172119140625e+01
0.000000000000000000e+00,4.602972030639648438e+01,7.424805164337158203e+00,0.000000000000000000e+00,0.000000000000000000e+00,1.434737682342529297e+00,5.989571380615234375e+01
0.000000000000000000e+00,1.735419082641601562e+01,3.343625068664550781e+00,0.000000000000000000e+00,0.000000000000000000e+00,3.191554546356201172e-01,2.366612815856933594e+01
0.000000000000000000e+00,2.088208389282226562e+01,3.263656377792358398e+00,0.000000000000000000e+00,0.000000000000000000e+00,2.337546348571777344e-01,2.854196739196777344e+01
0.000000000000000000e+00,2.819466781616210938e+01,3.644817352294921875e+00,0.000000000000000000e+00,0.000000000000000000e+00,2.030673027038574219e+00,4.477347564697265625e+01
0.000000000000000000e+00,1.819233703613281250e+01,5.948083400726318359e-01,0.000000000000000000e+00,0.000000000000000000e+00,5.609989538788795471e-02,2.344887733459472656e+01
0.000000000000000000e+00,1.834496116638183594e+01,3.465049266815185547e+00,0.000000000000000000e+00,0.000000000000000000e+00,5.205154418945312500e-01,2.504404640197753906e+01
0.000000000000000000e+00,1.774031257629394531e+01,1.331711053848266602e+00,0.000000000000000000e+00,1.171818524599075317e-01,0.000000000000000000e+00,2.371409606933593750e+01
0.000000000000000000e+00,1.570153522491455078e+01,4.756849110126495361e-01,0.000000000000000000e+00,0.000000000000000000e+00,1.180708408355712891e-01,2.124457931518554688e+01
0.000000000000000000e+00,2.031605529785156250e+01,2.623836517333984375e+00,0.000000000000000000e+00,6.281222403049468994e-02,7.596361637115478516e-01,2.807122993469238281e+01
0.000000000000000000e+00,2.845528984069824219e+01,4.708215236663818359e+00,0.000000000000000000e+00,0.000000000000000000e+00,1.455452442169189453e+00,3.856848907470703125e+01
0.000000000000000000e+00,3.871397018432617188e+01,3.506458044052124023e+00,0.000000000000000000e+00,0.000000000000000000e+00,1.203083515167236328e+00,5.025381088256835938e+01
0.000000000000000000e+00,2.045891380310058594e+01,1.284410715103149414e+00,0.000000000000000000e+00,0.000000000000000000e+00,5.675697699189186096e-02,2.703340911865234375e+01
0.000000000000000000e+00,1.763246154785156250e+01,8.438588380813598633e-01,0.000000000000000000e+00,0.000000000000000000e+00,3.436193466186523438e-01,2.468078613281250000e+01
0.000000000000000000e+00,2.220466232299804688e+01,1.923406362533569336e+00,0.000000000000000000e+00,1.178584694862365723e+00,2.224869728088378906e-01,3.256129837036132812e+01
0.000000000000000000e+00,2.124946594238281250e+01,1.993568897247314453e+00,0.000000000000000000e+00,0.000000000000000000e+00,3.048286437988281250e-01,2.800551223754882812e+01
0.000000000000000000e+00,2.584559631347656250e+01,1.813330888748168945e+00,0.000000000000000000e+00,0.000000000000000000e+00,1.440557956695556641e+00,3.663751983642578125e+01
0.000000000000000000e+00,1.179418277740478516e+01,1.689922809600830078e+00,0.000000000000000000e+00,0.000000000000000000e+00,7.433444261550903320e-01,1.577719211578369141e+01
0.000000000000000000e+00,1.982289314270019531e+01,1.804510951042175293e+00,0.000000000000000000e+00,0.000000000000000000e+00,4.546844959259033203e-01,2.710646820068359375e+01
0.000000000000000000e+00,2.156604957580566406e+01,1.771431803703308105e+00,0.000000000000000000e+00,0.000000000000000000e+00,7.158932685852050781e-01,2.855245018005371094e+01
0.000000000000000000e+00,5.378277969360351562e+01,1.241289806365966797e+01,0.000000000000000000e+00,0.000000000000000000e+00,4.540661334991455078e+00,7.169974517822265625e+01
0.000000000000000000e+00,5.163154220581054688e+01,1.079611492156982422e+01,0.000000000000000000e+00,0.000000000000000000e+00,6.978530406951904297e+00,7.408013153076171875e+01
0.000000000000000000e+00,3.183570480346679688e+01,1.352688217163085938e+01,0.000000000000000000e+00,3.256635963916778564e-01,4.496285915374755859e+00,4.722927856445312500e+01
0.000000000000000000e+00,1.670666885375976562e+01,2.499139547348022461e+00,0.000000000000000000e+00,0.000000000000000000e+00,4.236707687377929688e-01,2.285886573791503906e+01
0.000000000000000000e+00,3.499153518676757812e+01,2.480909109115600586e+00,0.000000000000000000e+00,9.734562635421752930e-01,2.328906059265136719e-01,4.987211608886718750e+01
0.000000000000000000e+00,4.324843215942382812e+01,4.255766391754150391e+00,0.000000000000000000e+00,1.609621524810791016e+00,2.072415351867675781e-01,6.207374954223632812e+01
0.000000000000000000e+00,3.936957168579101562e+01,5.036966800689697266e-01,0.000000000000000000e+00,1.154636144638061523e+00,0.000000000000000000e+00,5.520233535766601562e+01
0.000000000000000000e+00,3.659268951416015625e+01,2.106211483478546143e-01,0.000000000000000000e+00,1.134348034858703613e+00,0.000000000000000000e+00,5.189783096313476562e+01
0.000000000000000000e+00,3.743330383300781250e+01,7.897565364837646484e-01,0.000000000000000000e+00,1.213101267814636230e+00,0.000000000000000000e+00,5.296258544921875000e+01
0.000000000000000000e+00,3.552175140380859375e+01,4.746415913105010986e-01,0.000000000000000000e+00,1.141720175743103027e+00,1.892280951142311096e-02,5.081038665771484375e+01
0.000000000000000000e+00,3.596751785278320312e+01,6.484776735305786133e-03,0.000000000000000000e+00,1.197631597518920898e+00,0.000000000000000000e+00,5.127360916137695312e+01
0.000000000000000000e+00,3.752870178222656250e+01,1.981931686401367188e+00,0.000000000000000000e+00,0.000000000000000000e+00,0.000000000000000000e+00,5.194628143310546875e+01
0.000000000000000000e+00,2.482861709594726562e+01,6.312206745147705078e+00,0.000000000000000000e+00,0.000000000000000000e+00,3.120092391967773438e+00,3.589884948730468750e+01
0.000000000000000000e+00,3.693025588989257812e+01,1.159138011932373047e+01,0.000000000000000000e+00,0.000000000000000000e+00,2.477269649505615234e+00,4.968438720703125000e+01
0.000000000000000000e+00,3.155802536010742188e+01,2.731015980243682861e-01,0.000000000000000000e+00,7.282993197441101074e-01,0.000000000000000000e+00,4.377486038208007812e+01
0.000000000000000000e+00,3.847586059570312500e+01,1.679044961929321289e+00,0.000000000000000000e+00,8.121631145477294922e-01,0.000000000000000000e+00,5.311233520507812500e+01
0.000000000000000000e+00,3.492089462280273438e+01,2.447688877582550049e-01,0.000000000000000000e+00,9.956369400024414062e-01,0.000000000000000000e+00,4.928356170654296875e+01
0.000000000000000000e+00,2.917180824279785156e+01,1.947877705097198486e-01,0.000000000000000000e+00,5.773239135742187500e-01,8.276476860046386719e-01,4.377330017089843750e+01
0.000000000000000000e+00,2.969174194335937500e+01,0.000000000000000000e+00,0.000000000000000000e+00,6.467461585998535156e-01,3.305358886718750000e-01,4.312305831909179688e+01
0.000000000000000000e+00,2.857800674438476562e+01,1.851381540298461914e+00,0.000000000000000000e+00,1.912951469421386719e+00,3.674197196960449219e-01,4.288542175292968750e+01
0.000000000000000000e+00,3.327625656127929688e+01,5.714633464813232422e-01,0.000000000000000000e+00,9.201310276985168457e-01,6.948914527893066406e-01,4.957494735717773438e+01
0.000000000000000000e+00,3.236940002441406250e+01,0.000000000000000000e+00,0.000000000000000000e+00,1.036714315414428711e+00,0.000000000000000000e+00,4.614411163330078125e+01
0.000000000000000000e+00,3.157139968872070312e+01,0.000000000000000000e+00,0.000000000000000000e+00,7.520517110824584961e-01,3.063278198242187500e-01,4.578151321411132812e+01
0.000000000000000000e+00,3.260396957397460938e+01,3.742468655109405518e-01,0.000000000000000000e+00,9.684433937072753906e-01,0.000000000000000000e+00,4.564302825927734375e+01
0.000000000000000000e+00,3.291527175903320312e+01,6.068599224090576172e-01,0.000000000000000000e+00,1.065473794937133789e+00,2.495146170258522034e-02,4.704058837890625000e+01
0.000000000000000000e+00,2.284424591064453125e+01,2.834929227828979492e+00,0.000000000000000000e+00,0.000000000000000000e+00,9.893274307250976562e-02,3.150410079956054688e+01
0.000000000000000000e+00,2.058994483947753906e+01,1.663379430770874023e+00,0.000000000000000000e+00,0.000000000000000000e+00,1.516096591949462891e-01,2.711244010925292969e+01
0.000000000000000000e+00,2.574190139770507812e+01,1.639002323150634766e+00,0.000000000000000000e+00,0.000000000000000000e+00,1.716741085052490234e+00,3.741619110107421875e+01
0.000000000000000000e+00,1.797874069213867188e+01,3.194825172424316406e+00,0.000000000000000000e+00,3.072366714477539062e-01,3.583178520202636719e-01,2.420746994018554688e+01
0.000000000000000000e+00,2.125363922119140625e+01,1.029885053634643555e+00,0.000000000000000000e+00,0.000000000000000000e+00,1.001536846160888672e-01,2.871911621093750000e+01
0.000000000000000000e+00,1.963723182678222656e+01,1.689883708953857422e+00,0.000000000000000000e+00,0.000000000000000000e+00,2.948324680328369141e-01,2.650456237792968750e+01
0.000000000000000000e+00,2.060335922241210938e+01,1.414230227470397949e+00,0.000000000000000000e+00,2.158568054437637329e-01,4.132585525512695312e-01,2.953015899658203125e+01
0.000000000000000000e+00,2.494579315185546875e+01,2.639959096908569336e+00,0.000000000000000000e+00,0.000000000000000000e+00,3.247995376586914062e-01,3.272645950317382812e+01
0.000000000000000000e+00,2.059448432922363281e+01,1.786941766738891602e+00,0.000000000000000000e+00,0.000000000000000000e+00,7.977489382028579712e-03,2.752567100524902344e+01
0.000000000000000000e+00,2.003605270385742188e+01,2.934428930282592773e+00,0.000000000000000000e+00,1.542754620313644409e-01,3.677086830139160156e-01,2.879393959045410156e+01
0.000000000000000000e+00,1.684371185302734375e+01,2.150742053985595703e+00,0.000000000000000000e+00,0.000000000000000000e+00,2.103447914123535156e-01,2.313914299011230469e+01
0.000000000000000000e+00,2.614879608154296875e+01,2.877609491348266602e+00,0.000000000000000000e+00,0.000000000000000000e+00,2.486188411712646484e+00,4.137645721435546875e+01
0.000000000000000000e+00,1.500817203521728516e+01,2.488995552062988281e+00,0.000000000000000000e+00,0.000000000000000000e+00,1.023930668830871582e+00,2.014196205139160156e+01
0.000000000000000000e+00,1.510779762268066406e+01,1.430805206298828125e+00,0.000000000000000000e+00,0.000000000000000000e+00,2.169551849365234375e-01,2.039879798889160156e+01
0.000000000000000000e+00,1.653910446166992188e+01,1.461732149124145508e+00,0.000000000000000000e+00,0.000000000000000000e+00,1.414338588714599609e+00,2.641066741943359375e+01
0.000000000000000000e+00,1.412403011322021484e+01,1.383788108825683594e+00,0.000000000000000000e+00,1.088930517435073853e-01,4.823806285858154297e-01,1.883483505249023438e+01
0.000000000000000000e+00,2.199908065795898438e+01,1.818900823593139648e+00,0.000000000000000000e+00,0.000000000000000000e+00,1.451317310333251953e+00,3.391095352172851562e+01
0.000000000000000000e+00,4.408695983886718750e+01,5.847153186798095703e+00,0.000000000000000000e+00,0.000000000000000000e+00,1.717197895050048828e+00,6.003897476196289062e+01
0.000000000000000000e+00,5.046856307983398438e+01,1.300866127014160156e+01,0.000000000000000000e+00,0.000000000000000000e+00,3.211727619171142578e+00,6.964507293701171875e+01
0.000000000000000000e+00,2.916954040527343750e+01,4.235638141632080078e+00,0.000000000000000000e+00,0.000000000000000000e+00,1.085162162780761719e+00,3.934392547607421875e+01
0.000000000000000000e+00,1.641093063354492188e+01,1.479405283927917480e+00,0.000000000000000000e+00,4.749406278133392334e-01,4.960799589753150940e-02,2.257455825805664062e+01
0.000000000000000000e+00,2.427105712890625000e+01,2.083813428878784180e+00,0.000000000000000000e+00,0.000000000000000000e+00,4.447283744812011719e-01,3.320425796508789062e+01
0.000000000000000000e+00,2.452200508117675781e+01,1.605914950370788574e+00,0.000000000000000000e+00,0.000000000000000000e+00,7.481479644775390625e-01,3.292777633666992188e+01
0.000000000000000000e+00,1.761173820495605469e+01,3.193871736526489258e+00,0.000000000000000000e+00,1.518302112817764282e-01,7.804989814758300781e-01,2.287381935119628906e+01
0.000000000000000000e+00,2.302161407470703125e+01,1.314437866210937500e+00,0.000000000000000000e+00,0.000000000000000000e+00,4.927725791931152344e-01,3.074018478393554688e+01
0.000000000000000000e+00,1.951211166381835938e+01,7.070695161819458008e-01,0.000000000000000000e+00,0.000000000000000000e+00,4.292151927947998047e-01,2.677665901184082031e+01
0.000000000000000000e+00,1.622513008117675781e+01,2.634503841400146484e+00,0.000000000000000000e+00,0.000000000000000000e+00,8.615386486053466797e-01,2.135364723205566406e+01
0.000000000000000000e+00,1.311733531951904297e+01,1.122335791587829590e+00,0.000000000000000000e+00,0.000000000000000000e+00,5.337419509887695312e-01,1.751597023010253906e+01
0.000000000000000000e+00,1.720693016052246094e+01,7.072716951370239258e-01,0.000000000000000000e+00,0.000000000000000000e+00,8.140090852975845337e-03,2.284109306335449219e+01
0.000000000000000000e+00,2.051408386230468750e+01,1.644719481468200684e+00,0.000000000000000000e+00,0.000000000000000000e+00,1.209292411804199219e-01,2.762797355651855469e+01
0.000000000000000000e+00,2.784476089477539062e+01,2.077448606491088867e+00,0.000000000000000000e+00,0.000000000000000000e+00,3.364386558532714844e-01,3.596393203735351562e+01
0.000000000000000000e+00,1.638326263427734375e+01,1.727793931961059570e+00,0.000000000000000000e+00,0.000000000000000000e+00,6.673884391784667969e-02,2.214711189270019531e+01
0.000000000000000000e+00,1.687247085571289062e+01,2.021707057952880859e+00,0.000000000000000000e+00,0.000000000000000000e+00,1.207471266388893127e-02,2.232293319702148438e+01
0.000000000000000000e+00,3.437684249877929688e+01,6.550966739654541016e+00,0.000000000000000000e+00,0.000000000000000000e+00,1.068047523498535156e+00,4.607097244262695312e+01
0.000000000000000000e+00,1.860713005065917969e+01,3.029805898666381836e+00,0.000000000000000000e+00,3.220332562923431396e-01,9.497575759887695312e-01,2.655952262878417969e+01
0.000000000000000000e+00,2.320311355590820312e+01,1.925107598304748535e+00,0.000000000000000000e+00,0.000000000000000000e+00,1.604507446289062500e+00,3.534548950195312500e+01
0.000000000000000000e+00,2.346355438232421875e+01,3.822299957275390625e+00,0.000000000000000000e+00,0.000000000000000000e+00,1.403496026992797852e+00,3.135411071777343750e+01
0.000000000000000000e+00,2.617456054687500000e+01,7.165720462799072266e+00,0.000000000000000000e+00,0.000000000000000000e+00,1.904857635498046875e+00,3.651388549804687500e+01
0.000000000000000000e+00,2.638057327270507812e+01,1.618129014968872070e+00,0.000000000000000000e+00,0.000000000000000000e+00,1.355680942535400391e+00,3.873875045776367188e+01
0.000000000000000000e+00,1.795713996887207031e+01,2.155527114868164062e+00,0.000000000000000000e+00,1.056294292211532593e-01,4.588162899017333984e-01,2.573282623291015625e+01
0.000000000000000000e+00,1.932881927490234375e+01,1.351004362106323242e+00,0.000000000000000000e+00,0.000000000000000000e+00,4.636893272399902344e-01,2.795607757568359375e+01
0.000000000000000000e+00,3.267564010620117188e+01,6.767392158508300781e+00,0.000000000000000000e+00,0.000000000000000000e+00,1.542325019836425781e+00,4.452658843994140625e+01
0.000000000000000000e+00,3.151128005981445312e+01,3.176653146743774414e+00,0.000000000000000000e+00,0.000000000000000000e+00,6.878232955932617188e-01,4.109733200073242188e+01
0.000000000000000000e+00,3.409206771850585938e+01,4.741262912750244141e+00,0.000000000000000000e+00,0.000000000000000000e+00,5.431761741638183594e-01,4.336033630371093750e+01
0.000000000000000000e+00,2.585594558715820312e+01,5.819525241851806641e+00,0.000000000000000000e+00,0.000000000000000000e+00,0.000000000000000000e+00,3.551966476440429688e+01
0.000000000000000000e+00,3.120495605468750000e+01,3.430437326431274414e+00,0.000000000000000000e+00,0.000000000000000000e+00,1.389252185821533203e+00,4.466650390625000000e+01
0.000000000000000000e+00,2.842626571655273438e+01,6.884798049926757812e+00,0.000000000000000000e+00,0.000000000000000000e+00,1.755262374877929688e+00,3.910932922363281250e+01
0.000000000000000000e+00,2.289222908020019531e+01,1.580519437789916992e+00,0.000000000000000000e+00,0.000000000000000000e+00,1.395343303680419922e+00,3.221120834350585938e+01
0.000000000000000000e+00,2.194185638427734375e+01,3.335795640945434570e+00,0.000000000000000000e+00,0.000000000000000000e+00,1.102599859237670898e+00,2.899579620361328125e+01
0.000000000000000000e+00,1.564550781250000000e+01,4.629244804382324219e+00,0.000000000000000000e+00,2.874512225389480591e-03,1.219364762306213379e+00,2.201019287109375000e+01
0.000000000000000000e+00,2.022117805480957031e+01,8.155610561370849609e-01,0.000000000000000000e+00,0.000000000000000000e+00,7.308006286621093750e-02,2.680054092407226562e+01
0.000000000000000000e+00,2.996763610839843750e+01,5.464646339416503906e+00,0.000000000000000000e+00,0.000000000000000000e+00,1.256408214569091797e+00,4.069145965576171875e+01
0.000000000000000000e+00,3.471174240112304688e+01,5.847938537597656250e+00,0.000000000000000000e+00,0.000000000000000000e+00,1.184106826782226562e+00,4.496026229858398438e+01
0.000000000000000000e+00,4.721626663208007812e+01,8.619676589965820312e+00,0.000000000000000000e+00,0.000000000000000000e+00,2.087778568267822266e+00,6.347680664062500000e+01
0.000000000000000000e+00,3.128862571716308594e+01,4.575791358947753906e+00,0.000000000000000000e+00,0.000000000000000000e+00,1.049626350402832031e+00,4.116274642944335938e+01
0.000000000000000000e+00,4.308845901489257812e+01,9.469525337219238281e+00,0.000000000000000000e+00,0.000000000000000000e+00,1.094676494598388672e+00,5.628266525268554688e+01
0.000000000000000000e+00,3.025193405151367188e+01,4.338651180267333984e+00,0.000000000000000000e+00,3.042036592960357666e-01,3.355641365051269531e-01,4.287400817871093750e+01
0.000000000000000000e+00,1.763342094421386719e+01,1.208050966262817383e+00,0.000000000000000000e+00,0.000000000000000000e+00,1.075095653533935547e+00,2.800019645690917969e+01
0.000000000000000000e+00,2.146088027954101562e+01,3.619369745254516602e+00,0.000000000000000000e+00,0.000000000000000000e+00,1.005918741226196289e+00,3.036952590942382812e+01
0.000000000000000000e+00,2.247695350646972656e+01,1.804347038269042969e+00,0.000000000000000000e+00,0.000000000000000000e+00,1.533700942993164062e+00,3.541409683227539062e+01
0.000000000000000000e+00,1.741621780395507812e+01,4.152032852172851562e+00,0.000000000000000000e+00,0.000000000000000000e+00,1.307410955429077148e+00,2.444606781005859375e+01
0.000000000000000000e+00,2.429618644714355469e+01,1.578018665313720703e+00,0.000000000000000000e+00,0.000000000000000000e+00,7.108163833618164062e-01,3.368463897705078125e+01
0.000000000000000000e+00,2.357259178161621094e+01,5.314122676849365234e+00,0.000000000000000000e+00,0.000000000000000000e+00,1.315369844436645508e+00,3.247244262695312500e+01
0.000000000000000000e+00,2.103010940551757812e+01,7.306555509567260742e-01,0.000000000000000000e+00,0.000000000000000000e+00,1.660952568054199219e-01,2.815982627868652344e+01
0.000000000000000000e+00,1.356169414520263672e+01,2.048745155334472656e+00,0.000000000000000000e+00,0.000000000000000000e+00,5.076785087585449219e-01,1.813075065612792969e+01
0.000000000000000000e+00,1.737619400024414062e+01,2.375636339187622070e+00,0.000000000000000000e+00,0.000000000000000000e+00,1.385360240936279297e+00,2.636179924011230469e+01
0.000000000000000000e+00,3.241330718994140625e+01,7.323766231536865234e+00,0.000000000000000000e+00,0.000000000000000000e+00,1.325461864471435547e+00,4.501942825317382812e+01
0.000000000000000000e+00,2.296551132202148438e+01,9.705079078674316406e+00,0.000000000000000000e+00,0.000000000000000000e+00,1.429375648498535156e+00,3.624922561645507812e+01
0.000000000000000000e+00,9.623480796813964844e+00,6.606758832931518555e-01,0.000000000000000000e+00,0.000000000000000000e+00,0.000000000000000000e+00,1.221284484863281250e+01
0.000000000000000000e+00,3.311808776855468750e+01,2.601253032684326172e+00,0.000000000000000000e+00,5.858001708984375000e-01,0.000000000000000000e+00,4.602896881103515625e+01
0.000000000000000000e+00,2.609259796142578125e+01,1.611097157001495361e-01,0.000000000000000000e+00,1.019366860389709473e+00,5.080847740173339844e-01,3.891448593139648438e+01
0.000000000000000000e+00,4.034901046752929688e+01,3.449742555618286133e+00,0.000000000000000000e+00,1.431405067443847656e+00,2.480454444885253906e-01,5.789579391479492188e+01
0.000000000000000000e+00,3.282189178466796875e+01,3.458288311958312988e-02,0.000000000000000000e+00,1.196397781372070312e+00,1.639528274536132812e-01,4.751421356201171875e+01
0.000000000000000000e+00,3.426335525512695312e+01,6.442478299140930176e-02,0.000000000000000000e+00,9.067163467407226562e-01,0.000000000000000000e+00,4.854862594604492188e+01
0.000000000000000000e+00,3.236225509643554688e+01,0.000000000000000000e+00,0.000000000000000000e+00,1.036920309066772461e+00,3.907680884003639221e-02,4.634075927734375000e+01
0.000000000000000000e+00,3.947163772583007812e+01,1.885834932327270508e+00,0.000000000000000000e+00,1.347759127616882324e+00,0.000000000000000000e+00,5.532323074340820312e+01
0.000000000000000000e+00,2.428731918334960938e+01,1.939744710922241211e+00,0.000000000000000000e+00,0.000000000000000000e+00,1.155533790588378906e-01,3.331300354003906250e+01
