2.170980834960937500e+01,3.088499307632446289e+00,3.368717575073242188e+01,1.590112876892089844e+01,1.860831451416015625e+01,2.369804000854492188e+01,4.955072402954101562e-01
1.661127853393554688e+01,3.087962865829467773e+00,2.630108261108398438e+01,1.398335170745849609e+01,1.739344406127929688e+01,1.842409706115722656e+01,1.833975553512573242e+00
2.563740921020507812e+01,3.630083322525024414e+00,3.993203353881835938e+01,2.089464569091796875e+01,2.497654342651367188e+01,2.964250183105468750e+01,1.109736919403076172e+00
2.427090454101562500e+01,2.174296617507934570e+00,4.057897186279296875e+01,2.370511817932128906e+01,2.478892326354980469e+01,3.067575836181640625e+01,1.249471187591552734e+00
3.038533592224121094e+01,1.820145845413208008e+00,5.278294754028320312e+01,3.219697189331054688e+01,3.173767852783203125e+01,3.971130752563476562e+01,1.929008960723876953e+00
2.543376922607421875e+01,9.605546593666076660e-01,4.481231307983398438e+01,2.808086585998535156e+01,2.653927230834960938e+01,3.462816238403320312e+01,1.103138923645019531e+00
2.524302291870117188e+01,2.152972459793090820e+00,4.351285552978515625e+01,2.675460624694824219e+01,2.701230239868164062e+01,3.318040847778320312e+01,1.569069862365722656e+00
2.295051383972167969e+01,2.917198896408081055e+00,3.851271438598632812e+01,2.326594543457031250e+01,2.490535545349121094e+01,2.955414199829101562e+01,1.370503902435302734e+00
2.433184051513671875e+01,3.157025814056396484e+00,4.012563705444335938e+01,2.343652725219726562e+01,2.569817543029785156e+01,3.045287704467773438e+01,1.405223846435546875e+00
2.715032958984375000e+01,2.731207132339477539e+00,4.501204299926757812e+01,2.583383369445800781e+01,2.763522529602050781e+01,3.358977508544921875e+01,1.530143260955810547e+00
1.456134128570556641e+01,1.938341259956359863e+00,2.425020027160644531e+01,1.388219928741455078e+01,1.548284435272216797e+01,1.731283378601074219e+01,1.597733497619628906e+00
2.148013687133789062e+01,5.847400665283203125e+00,2.927961349487304688e+01,9.122418403625488281e+00,1.795293998718261719e+01,1.653459358215332031e+01,2.297435522079467773e+00
2.015924644470214844e+01,5.235972881317138672e+00,2.608610153198242188e+01,7.041189193725585938e+00,1.602685928344726562e+01,1.527138328552246094e+01,1.420099496841430664e+00
2.315937423706054688e+01,7.910820960998535156e+00,3.012179183959960938e+01,9.503060340881347656e+00,2.163031387329101562e+01,1.782317924499511719e+01,3.238746643066406250e+00
2.123421478271484375e+01,6.175071239471435547e+00,2.881697845458984375e+01,9.743854522705078125e+00,1.936378097534179688e+01,1.671364402770996094e+01,3.029770612716674805e+00
2.023458099365234375e+01,5.287029743194580078e+00,2.733138656616210938e+01,7.695099830627441406e+00,1.621758842468261719e+01,1.460877037048339844e+01,1.874162673950195312e+00
2.022929000854492188e+01,4.806175231933593750e+00,2.743080902099609375e+01,8.928973197937011719e+00,1.719979286193847656e+01,1.611343002319335938e+01,2.080828905105590820e+00
2.408811569213867188e+01,6.725454807281494141e+00,3.316781616210937500e+01,1.048225116729736328e+01,2.071174621582031250e+01,1.802614974975585938e+01,2.835072994232177734e+00
2.914677429199218750e+01,8.050222396850585938e+00,3.892378234863281250e+01,1.158700656890869141e+01,2.442372322082519531e+01,2.202960586547851562e+01,3.012164354324340820e+00
3.092743301391601562e+01,8.203205108642578125e+00,4.047909927368164062e+01,1.081461238861083984e+01,2.445927238464355469e+01,2.282479858398437500e+01,2.311832904815673828e+00
1.491386699676513672e+01,3.653419256210327148e+00,2.091034317016601562e+01,7.404801368713378906e+00,1.309636402130126953e+01,1.214929389953613281e+01,1.890099525451660156e+00
1.689597129821777344e+01,4.140725612640380859e+00,2.339816284179687500e+01,7.219725131988525391e+00,1.373275661468505859e+01,1.273817443847656250e+01,1.579250574111938477e+00
2.477702903747558594e+01,6.251336097717285156e+00,3.407880020141601562e+01,1.015180969238281250e+01,1.999393272399902344e+01,1.831354713439941406e+01,2.135532379150390625e+00
2.653702163696289062e+01,6.524604797363281250e+00,3.514633560180664062e+01,9.140037536621093750e+00,2.030284690856933594e+01,1.907236289978027344e+01,1.816820621490478516e+00
2.925082015991210938e+01,9.988554954528808594e+00,3.828528213500976562e+01,1.229597663879394531e+01,2.785352325439453125e+01,2.221395874023437500e+01,4.485173225402832031e+00
3.133510589599609375e+01,8.634238243103027344e+00,4.158732223510742188e+01,1.155957508087158203e+01,2.536018753051757812e+01,2.299711227416992188e+01,2.790994644165039062e+00
2.342118453979492188e+01,6.663653373718261719e+00,3.138611221313476562e+01,9.353761672973632812e+00,1.940013504028320312e+01,1.789523124694824219e+01,2.281073808670043945e+00
1.853020668029785156e+01,5.092673301696777344e+00,2.433861541748046875e+01,6.876338005065917969e+00,1.515485668182373047e+01,1.397971153259277344e+01,1.608031272888183594e+00
1.969590377807617188e+01,4.442171573638916016e+00,2.660458374023437500e+01,8.158371925354003906e+00,1.574952793121337891e+01,1.555877494812011719e+01,1.667354345321655273e+00
2.311269760131835938e+01,4.855995655059814453e+00,3.068404197692871094e+01,8.213604927062988281e+00,1.686787986755371094e+01,1.762644958496093750e+01,1.074557065963745117e+00
2.360929870605468750e+01,6.310588359832763672e+00,3.233357620239257812e+01,1.047122859954833984e+01,2.007036781311035156e+01,1.854017448425292969e+01,2.704464912414550781e+00
2.237568283081054688e+01,6.001260280609130859e+00,3.027931594848632812e+01,8.898307800292968750e+00,1.818165016174316406e+01,1.673591232299804688e+01,2.133774995803833008e+00
2.684359931945800781e+01,6.317397594451904297e+00,3.519707870483398438e+01,9.919841766357421875e+00,2.073346900939941406e+01,2.116654586791992188e+01,1.619300127029418945e+00
2.272905349731445312e+01,5.481425762176513672e+00,2.934971618652343750e+01,7.198848724365234375e+00,1.687837219238281250e+01,1.671545410156250000e+01,1.047254085540771484e+00
1.898073959350585938e+01,3.778015375137329102e+00,2.546270751953125000e+01,7.331024169921875000e+00,1.397510623931884766e+01,1.515397071838378906e+01,9.286389350891113281e-01
2.696772575378417969e+01,7.184415340423583984e+00,3.505424118041992188e+01,9.571546554565429688e+00,2.139407157897949219e+01,2.059427452087402344e+01,1.891508579254150391e+00
2.329740524291992188e+01,6.490499019622802734e+00,3.152218627929687500e+01,9.590537071228027344e+00,1.934578895568847656e+01,1.782825851440429688e+01,2.374127626419067383e+00
2.442710113525390625e+01,6.674700260162353516e+00,3.137082099914550781e+01,8.297083854675292969e+00,1.946265220642089844e+01,1.844602394104003906e+01,1.678902864456176758e+00
1.679037284851074219e+01,3.755096673965454102e+00,2.202507591247558594e+01,5.477224349975585938e+00,1.213394451141357422e+01,1.235609817504882812e+01,6.642584800720214844e-01
1.730202865600585938e+01,4.397930145263671875e+00,2.304336166381835938e+01,6.238010883331298828e+00,1.335944557189941406e+01,1.277147483825683594e+01,1.175313711166381836e+00
2.671796417236328125e+01,7.871369361877441406e+00,3.536935806274414062e+01,1.062005233764648438e+01,2.274923896789550781e+01,2.052541351318359375e+01,2.798518657684326172e+00
2.294350433349609375e+01,5.757826328277587891e+00,2.800251007080078125e+01,6.626114845275878906e+00,1.655521774291992188e+01,1.761919593811035156e+01,1.812670230865478516e-01
3.416158676147460938e+01,1.105632686614990234e+01,4.163161087036132812e+01,9.561964988708496094e+00,2.651499748229980469e+01,2.478374099731445312e+01,1.329286098480224609e+00
2.499193954467773438e+01,6.470200061798095703e+00,2.933584594726562500e+01,6.391761779785156250e+00,1.805073738098144531e+01,1.934080505371093750e+01,0.000000000000000000e+00
2.425047874450683594e+01,5.334033966064453125e+00,3.063725280761718750e+01,7.647179603576660156e+00,1.728253555297851562e+01,1.901843833923339844e+01,3.937768936157226562e-01
2.732638931274414062e+01,7.338664054870605469e+00,3.485776901245117188e+01,8.951365470886230469e+00,2.113336181640625000e+01,2.090428161621093750e+01,1.453135251998901367e+00
2.855341720581054688e+01,8.144560813903808594e+00,3.781721878051757812e+01,1.066261196136474609e+01,2.318909072875976562e+01,2.139053153991699219e+01,2.487190961837768555e+00
2.502450942993164062e+01,5.578278064727783203e+00,3.301530838012695312e+01,9.550637245178222656e+00,1.918652343750000000e+01,2.011056709289550781e+01,1.449941396713256836e+00
2.105116844177246094e+01,4.230071544647216797e+00,2.662794685363769531e+01,7.071720600128173828e+00,1.508067512512207031e+01,1.702679252624511719e+01,3.250086307525634766e-01
2.444666481018066406e+01,4.866942882537841797e+00,2.920256805419921875e+01,7.036027908325195312e+00,1.756244659423828125e+01,1.976785087585449219e+01,0.000000000000000000e+00
2.240354156494140625e+01,5.777706623077392578e+00,2.905183792114257812e+01,7.691903114318847656e+00,1.690437507629394531e+01,1.719811248779296875e+01,7.769706249237060547e-01
3.210345840454101562e+01,9.267515182495117188e+00,4.044775009155273438e+01,9.405240058898925781e+00,2.451832389831542969e+01,2.341604995727539062e+01,1.535846710205078125e+00
2.670858383178710938e+01,8.116271018981933594e+00,3.367559432983398438e+01,8.173510551452636719e+00,2.121896934509277344e+01,1.953940200805664062e+01,1.684971809387207031e+00
2.169277572631835938e+01,5.516659259796142578e+00,2.691145706176757812e+01,6.140801906585693359e+00,1.572121524810791016e+01,1.607624244689941406e+01,3.984003067016601562e-01
1.983251953125000000e+01,3.209163665771484375e+00,2.462185668945312500e+01,6.569728851318359375e+00,1.454013252258300781e+01,1.654757308959960938e+01,0.000000000000000000e+00
2.287216186523437500e+01,5.702574253082275391e+00,3.006043243408203125e+01,8.171139717102050781e+00,1.770699119567871094e+01,1.732904434204101562e+01,1.489578962326049805e+00
2.981168174743652344e+01,8.229818344116210938e+00,3.879719924926757812e+01,9.913327217102050781e+00,2.297704315185546875e+01,2.193155670166015625e+01,1.840259075164794922e+00
2.079467964172363281e+01,5.217329502105712891e+00,2.691331863403320312e+01,7.029861450195312500e+00,1.577245044708251953e+01,1.592148590087890625e+01,1.049173355102539062e+00
2.237180709838867188e+01,5.314692974090576172e+00,2.807293891906738281e+01,6.834877490997314453e+00,1.645864868164062500e+01,1.717985534667968750e+01,6.302547454833984375e-01
2.793877601623535156e+01,8.633458137512207031e+00,3.383723068237304688e+01,7.514768123626708984e+00,2.156762123107910156e+01,2.029991912841796875e+01,1.018148899078369141e+00
3.189962387084960938e+01,7.219719409942626953e+00,4.113019561767578125e+01,1.068532180786132812e+01,2.323119354248046875e+01,2.472029685974121094e+01,1.041927337646484375e+00
1.748118591308593750e+01,2.222681760787963867e+00,2.434733963012695312e+01,8.080887794494628906e+00,1.254287052154541016e+01,1.534439468383789062e+01,7.897262573242187500e-01
2.190021514892578125e+01,1.626232028007507324e+00,3.309578323364257812e+01,1.444047641754150391e+01,1.755066871643066406e+01,2.237067222595214844e+01,1.511498451232910156e+00
2.278943443298339844e+01,0.000000000000000000e+00,3.953091812133789062e+01,2.376444244384765625e+01,2.199119949340820312e+01,3.037499809265136719e+01,6.150584220886230469e-01
2.470142364501953125e+01,9.289239645004272461e-01,4.297371292114257812e+01,2.670732879638671875e+01,2.530885314941406250e+01,3.379496765136718750e+01,5.780291557312011719e-01
2.411841011047363281e+01,2.339962959289550781e+00,4.088449096679687500e+01,2.491600799560546875e+01,2.555757904052734375e+01,3.182205581665039062e+01,9.357576370239257812e-01
2.845990562438964844e+01,2.493416547775268555e+00,4.790910720825195312e+01,2.818049430847167969e+01,2.926139450073242188e+01,3.605806350708007812e+01,1.617744445800781250e+00
2.346527099609375000e+01,4.994902908802032471e-01,4.036613082885742188e+01,2.437788772583007812e+01,2.293896865844726562e+01,3.160033035278320312e+01,2.471580505371093750e-01
2.468271255493164062e+01,6.278321743011474609e-01,4.208654785156250000e+01,2.494770050048828125e+01,2.380403137207031250e+01,3.264227294921875000e+01,3.047666549682617188e-01
2.383052825927734375e+01,2.026965096592903137e-02,4.097380828857421875e+01,2.465571975708007812e+01,2.267968750000000000e+01,3.236624526977539062e+01,0.000000000000000000e+00
2.590004158020019531e+01,0.000000000000000000e+00,4.451192855834960938e+01,2.631490135192871094e+01,2.428163719177246094e+01,3.440165328979492188e+01,2.082538604736328125e-01
2.724865722656250000e+01,4.355786144733428955e-01,4.791045761108398438e+01,2.973833656311035156e+01,2.746009063720703125e+01,3.727766418457031250e+01,7.042975425720214844e-01
2.415456390380859375e+01,1.065161585807800293e+00,4.113058090209960938e+01,2.450248718261718750e+01,2.389141464233398438e+01,3.178446197509765625e+01,5.653967857360839844e-01
2.533710289001464844e+01,9.734522104263305664e-01,4.344940567016601562e+01,2.607171821594238281e+01,2.516818428039550781e+01,3.349190521240234375e+01,7.067618370056152344e-01
2.399370574951171875e+01,1.253093838691711426e+00,4.079828262329101562e+01,2.437244224548339844e+01,2.396059226989746094e+01,3.158987617492675781e+01,5.940279960632324219e-01
2.138324928283691406e+01,3.216408491134643555e+00,3.471073532104492188e+01,1.998294258117675781e+01,2.264470863342285156e+01,2.639575195312500000e+01,1.285961627960205078e+00
1.998967552185058594e+01,4.366952419281005859e+00,3.164137840270996094e+01,1.778771018981933594e+01,2.175307273864746094e+01,2.393428802490234375e+01,1.077013492584228516e+00
2.383431243896484375e+01,3.420088529586791992e+00,3.660268020629882812e+01,1.881880760192871094e+01,2.283673095703125000e+01,2.750769424438476562e+01,6.382656097412109375e-01
2.746988296508789062e+01,1.989701867103576660e+00,4.655576705932617188e+01,2.750700569152832031e+01,2.798509788513183594e+01,3.508349227905273438e+01,1.477376937866210938e+00
2.381488990783691406e+01,2.270068883895874023e+00,3.849195480346679688e+01,2.131005668640136719e+01,2.314611625671386719e+01,2.916751480102539062e+01,8.030347824096679688e-01
2.424462890625000000e+01,6.502568721771240234e-01,4.173384475708007812e+01,2.513982009887695312e+01,2.385245132446289062e+01,3.236764526367187500e+01,4.679431915283203125e-01
2.397284317016601562e+01,0.000000000000000000e+00,4.148389816284179688e+01,2.513175964355468750e+01,2.276965904235839844e+01,3.282078933715820312e+01,0.000000000000000000e+00
2.309510421752929688e+01,1.506400227546691895e+00,3.933879852294921875e+01,2.378780746459960938e+01,2.360948371887207031e+01,3.059948348999023438e+01,6.643276214599609375e-01
2.350647354125976562e+01,0.000000000000000000e+00,4.040167999267578125e+01,2.385961341857910156e+01,2.126101684570312500e+01,3.177031707763671875e+01,0.000000000000000000e+00
2.280971336364746094e+01,1.128491640090942383e+00,3.877752304077148438e+01,2.323245429992675781e+01,2.272693252563476562e+01,3.023346138000488281e+01,4.189062118530273438e-01
2.662001228332519531e+01,8.187669515609741211e-01,4.649734878540039062e+01,2.860067176818847656e+01,2.705414772033691406e+01,3.579788970947265625e+01,9.723911285400390625e-01
2.404258728027343750e+01,9.340977668762207031e-01,4.084289550781250000e+01,2.403127861022949219e+01,2.343291473388671875e+01,3.127818679809570312e+01,6.004381179809570312e-01
2.453240203857421875e+01,2.357612997293472290e-01,4.203916168212890625e+01,2.478333663940429688e+01,2.326641273498535156e+01,3.229710006713867188e+01,3.656153678894042969e-01
2.867995834350585938e+01,2.599759399890899658e-01,5.074963760375976562e+01,3.152443504333496094e+01,2.896688461303710938e+01,3.902501296997070312e+01,1.067686557769775391e+00
2.308933258056640625e+01,8.532223105430603027e-01,3.841728210449218750e+01,2.188623809814453125e+01,2.167220497131347656e+01,2.953285598754882812e+01,2.754473686218261719e-01
2.235028076171875000e+01,2.557975292205810547e+00,3.594704055786132812e+01,1.974330329895019531e+01,2.212853431701660156e+01,2.680066490173339844e+01,1.149952888488769531e+00
2.116269302368164062e+01,6.337368488311767578e-01,3.194180107116699219e+01,1.406520080566406250e+01,1.619776535034179688e+01,2.252202224731445312e+01,3.165230751037597656e-01
2.267570686340332031e+01,4.721936702728271484e+00,2.807336044311523438e+01,7.243041992187500000e+00,1.613624572753906250e+01,1.828491210937500000e+01,1.047108098864555359e-01
2.499469375610351562e+01,6.496502399444580078e+00,3.171294021606445312e+01,7.574125289916992188e+00,1.894375228881835938e+01,1.835194206237792969e+01,1.195530414581298828e+00
2.797192955017089844e+01,6.435986995697021484e+00,3.864568710327148438e+01,1.213529109954833984e+01,2.223147010803222656e+01,2.199513626098632812e+01,2.527256488800048828e+00
3.022369003295898438e+01,1.106041049957275391e+01,3.874166107177734375e+01,1.124349689483642578e+01,2.755257225036621094e+01,2.253072166442871094e+01,3.786846876144409180e+00
2.254616165161132812e+01,6.733673572540283203e+00,3.048273468017578125e+01,9.284263610839843750e+00,1.913202667236328125e+01,1.709980964660644531e+01,2.019143342971801758e+00
1.830695724487304688e+01,5.043344974517822266e+00,2.436566543579101562e+01,6.702880859375000000e+00,1.477662467956542969e+01,1.324152565002441406e+01,1.638991117477416992e+00
2.154554748535156250e+01,4.443668842315673828e+00,3.035383224487304688e+01,1.037739562988281250e+01,1.730826377868652344e+01,1.790742111206054688e+01,2.084067583084106445e+00
2.435864257812500000e+01,7.271855354309082031e+00,3.149722290039062500e+01,9.530906677246093750e+00,2.153409385681152344e+01,1.892133522033691406e+01,2.754581928253173828e+00
2.543761062622070312e+01,7.826331615447998047e+00,3.463232040405273438e+01,1.065555572509765625e+01,2.204533767700195312e+01,1.882392883300781250e+01,3.043116092681884766e+00
3.144677162170410156e+01,1.054294872283935547e+01,4.045628738403320312e+01,9.472966194152832031e+00,2.534262847900390625e+01,2.117919921875000000e+01,2.565912723541259766e+00
2.909582138061523438e+01,8.769948005676269531e+00,3.690264511108398438e+01,8.863898277282714844e+00,2.292806434631347656e+01,2.097813796997070312e+01,1.838009834289550781e+00
2.569266510009765625e+01,6.338433742523193359e+00,3.198154640197753906e+01,7.454377174377441406e+00,1.860133361816406250e+01,1.933778190612792969e+01,5.152840614318847656e-01
2.820779037475585938e+01,8.540850639343261719e+00,3.384280395507812500e+01,6.934824466705322266e+00,2.102918815612792969e+01,2.019859695434570312e+01,5.948801040649414062e-01
2.306450653076171875e+01,6.523798465728759766e+00,2.854664230346679688e+01,6.660290241241455078e+00,1.774962234497070312e+01,1.728397369384765625e+01,1.067897796630859375e+00
2.870228385925292969e+01,7.722587108612060547e+00,3.409504699707031250e+01,7.196592807769775391e+00,2.066880035400390625e+01,2.141099166870117188e+01,3.473328799009323120e-02
2.902601051330566406e+01,8.024308204650878906e+00,3.359698867797851562e+01,7.228956222534179688e+00,2.145385742187500000e+01,2.226234054565429688e+01,0.000000000000000000e+00
2.545000839233398438e+01,4.978332042694091797e+00,2.944613838195800781e+01,6.131146430969238281e+00,1.835951423645019531e+01,2.045706748962402344e+01,0.000000000000000000e+00
3.738312149047851562e+01,1.028653049468994141e+01,4.560776138305664062e+01,1.087642192840576172e+01,2.776735877990722656e+01,2.842272949218750000e+01,7.197060585021972656e-01
3.718506240844726562e+01,1.134146595001220703e+01,4.616557693481445312e+01,1.130685710906982422e+01,2.936360740661621094e+01,2.747476959228515625e+01,1.960905551910400391e+00
1.907970046997070312e+01,4.681731700897216797e+00,2.609560585021972656e+01,8.204579353332519531e+00,1.542888545989990234e+01,1.518672943115234375e+01,1.364124298095703125e+00
2.479706192016601562e+01,5.843369007110595703e+00,3.141467666625976562e+01,8.151453018188476562e+00,1.880861282348632812e+01,1.954032897949218750e+01,1.039370298385620117e+00
2.931772613525390625e+01,7.030268192291259766e+00,3.858671188354492188e+01,1.065083408355712891e+01,2.245387840270996094e+01,2.267506408691406250e+01,1.757146358489990234e+00
3.018703079223632812e+01,9.057605743408203125e+00,3.608554458618164062e+01,7.735857963562011719e+00,2.266569519042968750e+01,2.192826843261718750e+01,6.179990768432617188e-01
2.747002410888671875e+01,7.630237579345703125e+00,3.247908401489257812e+01,7.104176998138427734e+00,2.016254806518554688e+01,2.080579376220703125e+01,1.291122436523437500e-01
3.724001693725585938e+01,1.078758907318115234e+01,4.770007705688476562e+01,1.189796543121337891e+01,2.853295898437500000e+01,2.743971252441406250e+01,1.945758819580078125e+00
2.585757064819335938e+01,6.401337623596191406e+00,2.939155578613281250e+01,5.709679603576660156e+00,1.818152236938476562e+01,1.976664733886718750e+01,0.000000000000000000e+00
3.032489776611328125e+01,9.252890586853027344e+00,3.543851089477539062e+01,7.033454418182373047e+00,2.220532798767089844e+01,2.185464286804199219e+01,8.711337298154830933e-02
3.112771606445312500e+01,8.242439270019531250e+00,3.722517013549804688e+01,8.012309074401855469e+00,2.255475044250488281e+01,2.354039001464843750e+01,6.495413780212402344e-01
2.085946273803710938e+01,5.276431083679199219e+00,2.507166862487792969e+01,5.363549232482910156e+00,1.487886524200439453e+01,1.567176437377929688e+01,4.219817370176315308e-02
1.983330535888671875e+01,4.738791465759277344e+00,2.505872344970703125e+01,5.867847442626953125e+00,1.410077285766601562e+01,1.472646713256835938e+01,3.786418437957763672e-01
2.584014892578125000e+01,7.744865417480468750e+00,3.508768081665039062e+01,1.058004474639892578e+01,2.181087303161621094e+01,1.923294448852539062e+01,2.895661830902099609e+00
2.475644493103027344e+01,7.396191596984863281e+00,3.341930007934570312e+01,9.704314231872558594e+00,2.061485481262207031e+01,1.806815910339355469e+01,2.623817920684814453e+00
2.639318084716796875e+01,8.270730018615722656e+00,3.429975509643554688e+01,9.387604713439941406e+00,2.193901252746582031e+01,1.958413314819335938e+01,2.382924318313598633e+00
2.474360275268554688e+01,6.905136585235595703e+00,2.979690170288085938e+01,6.531835079193115234e+00,1.824088668823242188e+01,1.849155426025390625e+01,3.604762554168701172e-01
2.630442047119140625e+01,6.765601158142089844e+00,3.074491691589355469e+01,6.728196144104003906e+00,1.881197166442871094e+01,2.025357627868652344e+01,0.000000000000000000e+00
2.982974052429199219e+01,8.673229217529296875e+00,3.531302642822265625e+01,6.944007396697998047e+00,2.204635810852050781e+01,2.166260147094726562e+01,4.149956703186035156e-01
2.299649429321289062e+01,5.960291385650634766e+00,3.007439041137695312e+01,7.823942184448242188e+00,1.757995414733886719e+01,1.709037971496582031e+01,1.372143983840942383e+00
2.088977813720703125e+01,6.368371963500976562e+00,2.825634384155273438e+01,8.572436332702636719e+00,1.789790153503417969e+01,1.555197143554687500e+01,2.442434072494506836e+00
2.280104827880859375e+01,5.144467830657958984e+00,2.826423263549804688e+01,6.666511535644531250e+00,1.605513954162597656e+01,1.754050636291503906e+01,7.235764712095260620e-02
2.791816329956054688e+01,7.318763256072998047e+00,3.381943130493164062e+01,7.717766761779785156e+00,2.041094017028808594e+01,2.119271469116210938e+01,3.431158065795898438e-01
2.675867271423339844e+01,8.021502494812011719e+00,3.466739273071289062e+01,8.879841804504394531e+00,2.133620834350585938e+01,1.943264579772949219e+01,1.753867626190185547e+00
2.317754745483398438e+01,7.571773052215576172e+00,2.941723251342773438e+01,6.690962791442871094e+00,1.835209465026855469e+01,1.592495727539062500e+01,1.578795671463012695e+00
1.930945396423339844e+01,5.088771343231201172e+00,2.531033897399902344e+01,7.147669792175292969e+00,1.552129554748535156e+01,1.482413673400878906e+01,1.498336553573608398e+00
2.300100708007812500e+01,5.667577743530273438e+00,2.988067626953125000e+01,7.258218765258789062e+00,1.690693283081054688e+01,1.674837875366210938e+01,1.026609897613525391e+00
3.083237457275390625e+01,9.008102416992187500e+00,3.813839721679687500e+01,9.013693809509277344e+00,2.371111869812011719e+01,2.293327713012695312e+01,1.266915321350097656e+00
2.630657386779785156e+01,7.853559017181396484e+00,3.254829025268554688e+01,7.397649288177490234e+00,2.030316352844238281e+01,1.924320220947265625e+01,1.192743539810180664e+00
2.572381973266601562e+01,5.640801906585693359e+00,3.137805938720703125e+01,7.621393203735351562e+00,1.830656433105468750e+01,2.046723556518554688e+01,4.151486605405807495e-02
2.272240257263183594e+01,6.671723842620849609e+00,2.891446304321289062e+01,6.816013336181640625e+00,1.742704963684082031e+01,1.632019805908203125e+01,1.208200216293334961e+00
2.113385200500488281e+01,4.816417217254638672e+00,2.757897567749023438e+01,6.865458488464355469e+00,1.543382740020751953e+01,1.559978485107421875e+01,9.135601520538330078e-01
1.487952327728271484e+01,3.974317550659179688e+00,1.890427017211914062e+01,4.741529464721679688e+00,1.154402256011962891e+01,1.117570495605468750e+01,8.064446449279785156e-01
1.352164745330810547e+01,7.073499262332916260e-02,1.918000793457031250e+01,6.451273441314697266e+00,8.181087493896484375e+00,1.277071189880371094e+01,0.000000000000000000e+00
2.342019271850585938e+01,1.453974723815917969e+00,3.468037033081054688e+01,1.407509517669677734e+01,1.753210830688476562e+01,2.323011779785156250e+01,8.891735076904296875e-01
2.230746459960937500e+01,3.763075172901153564e-01,3.755115127563476562e+01,2.125011253356933594e+01,2.067504692077636719e+01,2.806745147705078125e+01,7.600259780883789062e-01
2.578215789794921875e+01,1.804692506790161133e+00,4.420730972290039062e+01,2.666826820373535156e+01,2.672946166992187500e+01,3.351101303100585938e+01,1.442376136779785156e+00
2.522103500366210938e+01,0.000000000000000000e+00,4.377550125122070312e+01,2.603627204895019531e+01,2.318207168579101562e+01,3.395204544067382812e+01,0.000000000000000000e+00
2.558633041381835938e+01,0.000000000000000000e+00,4.504598236083984375e+01,2.759871292114257812e+01,2.476996994018554688e+01,3.492720031738281250e+01,4.011034965515136719e-01
2.357037544250488281e+01,1.931003451347351074e+00,4.001725387573242188e+01,2.415892791748046875e+01,2.450822830200195312e+01,3.088719940185546875e+01,9.438366889953613281e-01
2.258572196960449219e+01,9.698316454887390137e-01,3.839570236206054688e+01,2.278561401367187500e+01,2.222823333740234375e+01,2.964762115478515625e+01,4.885621070861816406e-01
2.679470443725585938e+01,0.000000000000000000e+00,4.749102401733398438e+01,2.904331779479980469e+01,2.489594841003417969e+01,3.708691024780273438e+01,0.000000000000000000e+00
2.233289718627929688e+01,5.150013566017150879e-01,3.813442611694335938e+01,2.274165153503417969e+01,2.157497787475585938e+01,2.978413200378417969e+01,1.798887252807617188e-01
2.492764663696289062e+01,4.118628799915313721e-01,4.305868911743164062e+01,2.588228607177734375e+01,2.428278732299804688e+01,3.324590682983398438e+01,4.981036186218261719e-01
2.409060668945312500e+01,0.000000000000000000e+00,4.124637985229492188e+01,2.370249938964843750e+01,2.070511436462402344e+01,3.194575500488281250e+01,0.000000000000000000e+00
2.434671211242675781e+01,9.452985525131225586e-01,4.188008117675781250e+01,2.528925514221191406e+01,2.434978675842285156e+01,3.234329223632812500e+01,6.868467330932617188e-01
2.613935470581054688e+01,1.630963683128356934e+00,4.525179672241210938e+01,2.786607742309570312e+01,2.733526611328125000e+01,3.485984039306640625e+01,1.181254386901855469e+00
1.954240226745605469e+01,2.612437248229980469e+00,3.323538208007812500e+01,2.035241317749023438e+01,2.187867355346679688e+01,2.493193054199218750e+01,1.977193355560302734e+00
1.889506912231445312e+01,1.576010465621948242e+00,3.221197891235351562e+01,1.906254959106445312e+01,1.941903305053710938e+01,2.399592781066894531e+01,1.281222820281982422e+00
2.528270721435546875e+01,2.700168609619140625e+00,4.096930313110351562e+01,2.280131149291992188e+01,2.504253768920898438e+01,3.080526733398437500e+01,1.097506999969482422e+00
2.452009773254394531e+01,5.079840421676635742e-01,4.231295394897460938e+01,2.547802734375000000e+01,2.401680374145507812e+01,3.272349929809570312e+01,5.068259239196777344e-01
2.292638015747070312e+01,1.857353597879409790e-01,3.962885665893554688e+01,2.417830467224121094e+01,2.231249046325683594e+01,3.138719558715820312e+01,5.113791674375534058e-02
2.581286621093750000e+01,2.267920970916748047e+00,4.392929458618164062e+01,2.646230506896972656e+01,2.710187530517578125e+01,3.340232467651367188e+01,1.463716983795166016e+00
2.567799758911132812e+01,1.760593414306640625e+00,4.221786880493164062e+01,2.366439819335937500e+01,2.463047790527343750e+01,3.188622856140136719e+01,7.465100288391113281e-01
2.526033782958984375e+01,2.291600704193115234e+00,4.312958145141601562e+01,2.619053268432617188e+01,2.678914451599121094e+01,3.287617874145507812e+01,1.485900878906250000e+00
2.325875663757324219e+01,2.632837533950805664e+00,3.907588958740234375e+01,2.351012802124023438e+01,2.481285667419433594e+01,3.004012298583984375e+01,1.219333648681640625e+00
2.594486808776855469e+01,2.372860193252563477e+00,4.237939834594726562e+01,2.376333808898925781e+01,2.550087356567382812e+01,3.192660140991210938e+01,1.071077823638916016e+00
2.404042816162109375e+01,0.000000000000000000e+00,4.164094924926757812e+01,2.460868453979492188e+01,2.099612617492675781e+01,3.290621566772460938e+01,0.000000000000000000e+00
2.350344467163085938e+01,0.000000000000000000e+00,4.000674057006835938e+01,2.331101036071777344e+01,2.154781341552734375e+01,3.107132148742675781e+01,0.000000000000000000e+00
2.589989852905273438e+01,4.626387596130371094e+00,4.106074523925781250e+01,2.300324821472167969e+01,2.748008918762207031e+01,3.113669013977050781e+01,1.456513404846191406e+00
1.405886554718017578e+01,1.315097212791442871e+00,2.403378295898437500e+01,1.439997196197509766e+01,1.490244007110595703e+01,1.782462310791015625e+01,1.153616189956665039e+00
1.808063125610351562e+01,1.958856105804443359e+00,2.618578338623046875e+01,9.726771354675292969e+00,1.348822879791259766e+01,1.658881568908691406e+01,1.265427589416503906e+00
1.916865539550781250e+01,4.752151966094970703e+00,2.505306243896484375e+01,5.950494766235351562e+00,1.402253532409667969e+01,1.356116104125976562e+01,8.045141696929931641e-01
1.794643402099609375e+01,5.944684982299804688e+00,2.410051727294921875e+01,7.177229881286621094e+00,1.561153697967529297e+01,1.315067481994628906e+01,2.174929857254028320e+00
2.252636718750000000e+01,6.111597537994384766e+00,2.918611145019531250e+01,8.237256050109863281e+00,1.838246345520019531e+01,1.743993568420410156e+01,1.785928726196289062e+00
1.765443420410156250e+01,4.060946941375732422e+00,2.300317382812500000e+01,5.893553733825683594e+00,1.290007781982421875e+01,1.337890243530273438e+01,5.771911144256591797e-01
2.541861724853515625e+01,7.836292266845703125e+00,3.254297637939453125e+01,8.272041320800781250e+00,2.043090057373046875e+01,1.864168167114257812e+01,1.837084293365478516e+00
2.158357238769531250e+01,6.221470355987548828e+00,2.895281219482421875e+01,8.769733428955078125e+00,1.841250610351562500e+01,1.626807212829589844e+01,2.418080329895019531e+00
2.207824707031250000e+01,6.087523460388183594e+00,2.969970321655273438e+01,8.487159729003906250e+00,1.768767166137695312e+01,1.646435928344726562e+01,1.922258615493774414e+00
1.943057632446289062e+01,6.313506126403808594e+00,2.397430610656738281e+01,5.173995971679687500e+00,1.527093219757080078e+01,1.367885589599609375e+01,1.045218944549560547e+00
2.492184448242187500e+01,6.698339462280273438e+00,3.246471786499023438e+01,8.286442756652832031e+00,1.917067527770996094e+01,1.826134872436523438e+01,1.542025089263916016e+00
2.068375015258789062e+01,5.693760871887207031e+00,2.686873626708984375e+01,6.593294143676757812e+00,1.558652305603027344e+01,1.501100349426269531e+01,1.093132495880126953e+00
2.739251327514648438e+01,8.385760307312011719e+00,3.622408676147460938e+01,1.080527973175048828e+01,2.367709541320800781e+01,2.066310310363769531e+01,3.081393003463745117e+00
2.209428024291992188e+01,5.731392860412597656e+00,3.036951828002929688e+01,9.755301475524902344e+00,1.834119987487792969e+01,1.744623947143554688e+01,2.317913293838500977e+00
1.749502372741699219e+01,4.527985095977783203e+00,2.444788932800292969e+01,8.699289321899414062e+00,1.570930767059326172e+01,1.412903785705566406e+01,2.520299196243286133e+00
2.139198112487792969e+01,6.015348434448242188e+00,2.837036514282226562e+01,7.961683273315429688e+00,1.766471672058105469e+01,1.558092880249023438e+01,2.086499214172363281e+00
2.659915542602539062e+01,6.471153736114501953e+00,3.432957839965820312e+01,8.348488807678222656e+00,1.991138458251953125e+01,1.927588081359863281e+01,1.347305774688720703e+00
2.760846328735351562e+01,8.414131164550781250e+00,3.769686126708984375e+01,1.237487125396728516e+01,2.504820060729980469e+01,2.090548324584960938e+01,4.006607055664062500e+00
2.498736190795898438e+01,6.680242538452148438e+00,3.433771514892578125e+01,1.028806591033935547e+01,2.046719932556152344e+01,1.839138412475585938e+01,2.645225048065185547e+00
2.780390167236328125e+01,8.431203842163085938e+00,3.703259658813476562e+01,1.120247364044189453e+01,2.448326683044433594e+01,2.056381607055664062e+01,3.495411157608032227e+00
2.796593093872070312e+01,7.961781978607177734e+00,3.734854125976562500e+01,1.172107315063476562e+01,2.435068321228027344e+01,2.165575790405273438e+01,3.294403791427612305e+00
2.896990776062011719e+01,8.010091781616210938e+00,3.917117309570312500e+01,1.079256153106689453e+01,2.317361831665039062e+01,2.050945663452148438e+01,2.710414886474609375e+00
2.193442535400390625e+01,6.306622982025146484e+00,3.004193878173828125e+01,9.392573356628417969e+00,1.894840240478515625e+01,1.629044723510742188e+01,2.770940303802490234e+00
2.751235771179199219e+01,7.850475311279296875e+00,3.675935745239257812e+01,1.091355609893798828e+01,2.334674072265625000e+01,2.049101066589355469e+01,3.027669906616210938e+00
2.858958816528320312e+01,7.984003543853759766e+00,3.709715652465820312e+01,8.854344367980957031e+00,2.182714462280273438e+01,1.998122024536132812e+01,1.761933803558349609e+00
1.843066596984863281e+01,4.586378574371337891e+00,2.445893859863281250e+01,6.624072074890136719e+00,1.402242851257324219e+01,1.388417816162109375e+01,1.131601095199584961e+00
1.472436428070068359e+01,2.349461793899536133e+00,1.760677719116210938e+01,4.048664093017578125e+00,1.010827350616455078e+01,1.196322059631347656e+01,0.000000000000000000e+00
1.785821723937988281e+01,2.743719339370727539e+00,2.407259750366210938e+01,6.676818370819091797e+00,1.183419990539550781e+01,1.468445014953613281e+01,0.000000000000000000e+00
2.460753822326660156e+01,7.133561611175537109e+00,3.290334701538085938e+01,1.033697032928466797e+01,2.184193038940429688e+01,1.866034889221191406e+01,3.172570466995239258e+00
2.094519424438476562e+01,5.577411651611328125e+00,2.878004837036132812e+01,9.118756294250488281e+00,1.764707756042480469e+01,1.604638290405273438e+01,2.389942884445190430e+00
1.944072723388671875e+01,4.425922393798828125e+00,2.655611419677734375e+01,8.821498870849609375e+00,1.637002563476562500e+01,1.576497268676757812e+01,2.101903676986694336e+00
2.073566436767578125e+01,5.062144756317138672e+00,2.855209159851074219e+01,8.912934303283691406e+00,1.685966873168945312e+01,1.603762435913085938e+01,1.781894445419311523e+00
2.452320861816406250e+01,6.441975593566894531e+00,3.231530380249023438e+01,9.687604904174804688e+00,2.080349922180175781e+01,1.880629920959472656e+01,2.542549848556518555e+00
2.038988876342773438e+01,5.647238731384277344e+00,2.717577934265136719e+01,7.608720779418945312e+00,1.650426101684570312e+01,1.496819114685058594e+01,1.831620454788208008e+00
2.254449653625488281e+01,6.100984096527099609e+00,3.070502853393554688e+01,9.301747322082519531e+00,1.863627815246582031e+01,1.697557258605957031e+01,2.349878549575805664e+00
1.893297576904296875e+01,5.784580230712890625e+00,2.563462829589843750e+01,9.011047363281250000e+00,1.809842872619628906e+01,1.498876190185546875e+01,3.099853038787841797e+00
2.253358078002929688e+01,5.750755310058593750e+00,3.058155441284179688e+01,8.872555732727050781e+00,1.812205886840820312e+01,1.659715270996093750e+01,2.123855113983154297e+00
1.906356048583984375e+01,4.477344989776611328e+00,2.608951950073242188e+01,8.272909164428710938e+00,1.571536064147949219e+01,1.489684677124023438e+01,1.959505081176757812e+00
1.976396751403808594e+01,6.241291522979736328e+00,2.664544296264648438e+01,9.324105262756347656e+00,1.886664009094238281e+01,1.574814033508300781e+01,3.168448925018310547e+00
2.565085601806640625e+01,7.658297061920166016e+00,3.418067550659179688e+01,9.840665817260742188e+00,2.174710655212402344e+01,1.862964057922363281e+01,2.830124378204345703e+00
2.065491485595703125e+01,6.034866333007812500e+00,2.815663528442382812e+01,8.260466575622558594e+00,1.690964889526367188e+01,1.521492576599121094e+01,2.085589170455932617e+00
1.635472869873046875e+01,3.837159872055053711e+00,2.221955108642578125e+01,7.405763626098632812e+00,1.391040229797363281e+01,1.333675765991210938e+01,1.790181398391723633e+00
2.583699798583984375e+01,6.753514766693115234e+00,3.505307388305664062e+01,1.018492794036865234e+01,2.091924858093261719e+01,1.898357200622558594e+01,2.508575916290283203e+00
2.269935798645019531e+01,5.362690925598144531e+00,3.064653968811035156e+01,9.450250625610351562e+00,1.871468925476074219e+01,1.757292175292968750e+01,2.257881164550781250e+00
1.723563385009765625e+01,4.355206012725830078e+00,2.300535774230957031e+01,6.908985614776611328e+00,1.394078350067138672e+01,1.356182098388671875e+01,1.449192762374877930e+00
2.582862091064453125e+01,5.649858474731445312e+00,3.493535995483398438e+01,1.021985816955566406e+01,1.994967651367187500e+01,1.989097976684570312e+01,1.876267433166503906e+00
2.259367370605468750e+01,5.081956386566162109e+00,3.054347991943359375e+01,8.926193237304687500e+00,1.768390083312988281e+01,1.720195960998535156e+01,1.807210683822631836e+00
2.390751457214355469e+01,6.971759796142578125e+00,3.289858627319335938e+01,1.056225204467773438e+01,2.111158561706542969e+01,1.778957939147949219e+01,3.296024799346923828e+00
2.325498962402343750e+01,4.651314258575439453e+00,3.150646591186523438e+01,9.052890777587890625e+00,1.716088676452636719e+01,1.814807701110839844e+01,1.297716140747070312e+00
2.030781555175781250e+01,4.568499565124511719e+00,2.752292633056640625e+01,8.429222106933593750e+00,1.626966476440429688e+01,1.588520240783691406e+01,1.781374692916870117e+00
1.678889083862304688e+01,2.088412761688232422e+00,2.316739654541015625e+01,7.879306793212890625e+00,1.242348098754882812e+01,1.499307060241699219e+01,8.742015361785888672e-01
1.978896713256835938e+01,8.459530472755432129e-01,3.027748107910156250e+01,1.326465129852294922e+01,1.517524814605712891e+01,2.061029624938964844e+01,6.652512550354003906e-01
2.290000343322753906e+01,4.150177955627441406e+00,3.390985870361328125e+01,1.605193138122558594e+01,2.157787895202636719e+01,2.453151321411132812e+01,1.193094730377197266e+00
2.293788146972656250e+01,4.053163051605224609e+00,3.615623474121093750e+01,2.024053192138671875e+01,2.424849128723144531e+01,2.774120140075683594e+01,1.032295227050781250e+00
2.348413276672363281e+01,2.166330337524414062e+00,3.944714736938476562e+01,2.333124351501464844e+01,2.432219123840332031e+01,2.995966339111328125e+01,1.226167201995849609e+00
2.163293075561523438e+01,1.467739462852478027e+00,3.584762573242187500e+01,2.067434120178222656e+01,2.115969848632812500e+01,2.768743515014648438e+01,4.209361076354980469e-01
2.510478401184082031e+01,0.000000000000000000e+00,4.415998458862304688e+01,2.725378036499023438e+01,2.411356925964355469e+01,3.488930892944335938e+01,0.000000000000000000e+00
2.465259552001953125e+01,0.000000000000000000e+00,4.297802352905273438e+01,2.558165359497070312e+01,2.172232818603515625e+01,3.384194183349609375e+01,0.000000000000000000e+00
2.525746154785156250e+01,1.130703330039978027e+00,4.348728179931640625e+01,2.646282768249511719e+01,2.553901863098144531e+01,3.379146194458007812e+01,6.498937606811523438e-01
2.361237907409667969e+01,3.034456014633178711e+00,3.893446350097656250e+01,2.284099197387695312e+01,2.492863845825195312e+01,2.980289268493652344e+01,1.194172859191894531e+00
2.365845108032226562e+01,2.444642782211303711e+00,3.947518539428710938e+01,2.329755592346191406e+01,2.458037948608398438e+01,3.019097518920898438e+01,1.123579025268554688e+00
2.340429306030273438e+01,2.620607614517211914e+00,3.911134719848632812e+01,2.335655593872070312e+01,2.469709396362304688e+01,3.017847824096679688e+01,1.031804084777832031e+00
2.574184417724609375e+01,2.951149463653564453e+00,4.144272994995117188e+01,2.277879524230957031e+01,2.547624206542968750e+01,3.091269302368164062e+01,1.218220710754394531e+00
2.214658355712890625e+01,3.969645261764526367e+00,3.333704757690429688e+01,1.616495132446289062e+01,2.098023796081542969e+01,2.412683486938476562e+01,1.102337360382080078e+00
4.128599929809570312e+01,5.008413314819335938e+00,6.186776351928710938e+01,2.751568984985351562e+01,3.466065979003906250e+01,4.290066146850585938e+01,2.452866554260253906e+00
3.795395278930664062e+01,4.866966724395751953e+00,5.960331344604492188e+01,3.066754913330078125e+01,3.551507949829101562e+01,4.356576156616210938e+01,2.161557674407958984e+00
3.684019851684570312e+01,3.940601587295532227e+00,5.958028030395507812e+01,3.190443229675292969e+01,3.442948913574218750e+01,4.402883529663085938e+01,1.492182731628417969e+00
3.724773025512695312e+01,4.211123943328857422e+00,6.018874359130859375e+01,3.245362854003906250e+01,3.538753890991210938e+01,4.452601242065429688e+01,1.877926826477050781e+00
3.325189590454101562e+01,4.240031242370605469e+00,5.425101852416992188e+01,2.939259147644042969e+01,3.174947547912597656e+01,3.983500289916992188e+01,1.459011554718017578e+00
2.205307769775390625e+01,3.082319498062133789e+00,3.343022918701171875e+01,1.507922840118408203e+01,1.842469406127929688e+01,2.344911956787109375e+01,4.144310951232910156e-01
1.528608417510986328e+01,2.527816772460937500e+00,2.504819679260253906e+01,1.437709617614746094e+01,1.655198669433593750e+01,1.832198715209960938e+01,1.536076545715332031e+00
2.152413940429687500e+01,9.765511751174926758e-01,3.677462387084960938e+01,2.212734603881835938e+01,2.153762626647949219e+01,2.855192565917968750e+01,4.978342056274414062e-01
2.212141799926757812e+01,2.246302843093872070e+00,3.659000396728515625e+01,2.122828483581542969e+01,2.255611228942871094e+01,2.792919731140136719e+01,9.243931770324707031e-01
2.184851074218750000e+01,1.542439579963684082e+00,3.586725616455078125e+01,2.025487709045410156e+01,2.102495574951171875e+01,2.746866035461425781e+01,4.488096237182617188e-01
2.257291221618652344e+01,6.537292599678039551e-01,3.772415542602539062e+01,2.149586296081542969e+01,2.112110137939453125e+01,2.880397033691406250e+01,3.795304298400878906e-01
2.415056610107421875e+01,2.246443510055541992e+00,4.029904556274414062e+01,2.355606079101562500e+01,2.469238662719726562e+01,3.059831619262695312e+01,1.164355754852294922e+00
2.481550025939941406e+01,2.793615579605102539e+00,4.247698974609375000e+01,2.636585044860839844e+01,2.726846122741699219e+01,3.283004760742187500e+01,1.447089672088623047e+00
2.676856994628906250e+01,0.000000000000000000e+00,4.697950744628906250e+01,2.881408309936523438e+01,2.551371574401855469e+01,3.700244140625000000e+01,0.000000000000000000e+00
2.417380714416503906e+01,1.313862919807434082e+00,4.196265029907226562e+01,2.592885208129882812e+01,2.516484832763671875e+01,3.246329116821289062e+01,9.817557334899902344e-01
2.326017761230468750e+01,1.685980439186096191e+00,3.868067550659179688e+01,2.245403480529785156e+01,2.303790855407714844e+01,2.978182983398437500e+01,6.446371078491210938e-01
2.215173721313476562e+01,1.989918112754821777e+00,3.732997894287109375e+01,2.243850326538085938e+01,2.302801132202148438e+01,2.897981262207031250e+01,7.658562660217285156e-01
2.236489486694335938e+01,1.433336019515991211e+00,3.580773925781250000e+01,1.825429344177246094e+01,1.995557594299316406e+01,2.539807891845703125e+01,1.211106777191162109e+00
2.100202941894531250e+01,4.813589572906494141e+00,2.843354797363281250e+01,9.315928459167480469e+00,1.744466209411621094e+01,1.724529647827148438e+01,2.050757646560668945e+00
2.381678771972656250e+01,6.195308208465576172e+00,3.214811706542968750e+01,9.593887329101562500e+00,1.969884681701660156e+01,1.782889556884765625e+01,2.448956012725830078e+00
2.370922470092773438e+01,5.623994350433349609e+00,3.300832366943359375e+01,1.036206912994384766e+01,1.918642044067382812e+01,1.807993507385253906e+01,2.448444843292236328e+00
3.052381896972656250e+01,7.756558895111083984e+00,4.045780563354492188e+01,1.103539657592773438e+01,2.392129325866699219e+01,2.257231140136718750e+01,2.304546833038330078e+00
1.677998733520507812e+01,4.257144451141357422e+00,2.319641113281250000e+01,7.505242347717285156e+00,1.393109226226806641e+01,1.325636291503906250e+01,1.475281476974487305e+00
1.660087966918945312e+01,2.995249986648559570e+00,2.225310134887695312e+01,6.735950946807861328e+00,1.225678730010986328e+01,1.389295578002929688e+01,7.550027370452880859e-01
1.597068119049072266e+01,3.626044273376464844e+00,2.170508575439453125e+01,6.544470787048339844e+00,1.252883243560791016e+01,1.247338294982910156e+01,1.266632556915283203e+00
2.203185272216796875e+01,5.778641700744628906e+00,2.922086334228515625e+01,8.413658142089843750e+00,1.790593719482421875e+01,1.669119644165039062e+01,1.935748577117919922e+00
1.764190864562988281e+01,4.012123584747314453e+00,2.439507675170898438e+01,7.591505527496337891e+00,1.378538608551025391e+01,1.395621109008789062e+01,1.209203720092773438e+00
1.738340950012207031e+01,4.161167144775390625e+00,2.297937583923339844e+01,6.500428199768066406e+00,1.320347785949707031e+01,1.379998397827148438e+01,9.462575912475585938e-01
1.475193023681640625e+01,3.091292858123779297e+00,1.918994331359863281e+01,5.207455158233642578e+00,1.083971786499023438e+01,1.179206466674804688e+01,5.429887771606445312e-01
1.887097358703613281e+01,1.897416710853576660e+00,2.484677124023437500e+01,6.996404170989990234e+00,1.304875659942626953e+01,1.623389816284179688e+01,0.000000000000000000e+00
2.217132568359375000e+01,4.720471382141113281e+00,2.822679519653320312e+01,6.774136066436767578e+00,1.581616878509521484e+01,1.691338729858398438e+01,5.319116115570068359e-01
1.629831695556640625e+01,3.266338348388671875e+00,2.125249481201171875e+01,6.874935626983642578e+00,1.332531833648681641e+01,1.408354377746582031e+01,1.204813480377197266e+00
2.008823013305664062e+01,4.741016387939453125e+00,2.767713928222656250e+01,8.032778739929199219e+00,1.504734992980957031e+01,1.541932487487792969e+01,8.347108364105224609e-01
1.840262413024902344e+01,5.141837596893310547e+00,2.555667495727539062e+01,8.630431175231933594e+00,1.607401657104492188e+01,1.464673614501953125e+01,1.605949401855468750e+00
2.347109222412109375e+01,7.054427623748779297e+00,3.220631027221679688e+01,1.025434017181396484e+01,2.021268653869628906e+01,1.800882148742675781e+01,2.428901672363281250e+00
2.018949127197265625e+01,5.678329467773437500e+00,2.742260169982910156e+01,8.567087173461914062e+00,1.743489265441894531e+01,1.519205093383789062e+01,2.452601671218872070e+00
1.780123519897460938e+01,4.687225341796875000e+00,2.455296897888183594e+01,7.735143661499023438e+00,1.467702484130859375e+01,1.376615142822265625e+01,1.743321895599365234e+00
1.990165519714355469e+01,5.589560985565185547e+00,2.610563659667968750e+01,7.026716232299804688e+00,1.590337467193603516e+01,1.468576240539550781e+01,1.464421987533569336e+00
1.878791046142578125e+01,4.519976615905761719e+00,2.582189941406250000e+01,8.265165328979492188e+00,1.535493850708007812e+01,1.490969085693359375e+01,1.840681076049804688e+00
1.574179553985595703e+01,3.641070842742919922e+00,2.185259246826171875e+01,7.682641983032226562e+00,1.376287269592285156e+01,1.288383293151855469e+01,2.033788204193115234e+00
2.800177764892578125e+01,7.944563388824462891e+00,3.776801300048828125e+01,1.112890529632568359e+01,2.364990043640136719e+01,2.037739181518554688e+01,3.177304029464721680e+00
3.036351966857910156e+01,7.734739780426025391e+00,3.891176986694335938e+01,9.370846748352050781e+00,2.284371376037597656e+01,2.211843490600585938e+01,1.498121738433837891e+00
2.276057052612304688e+01,5.308176517486572266e+00,2.938531684875488281e+01,7.728243827819824219e+00,1.697262763977050781e+01,1.780068969726562500e+01,9.528117179870605469e-01
1.962886428833007812e+01,5.119431018829345703e+00,2.401504707336425781e+01,5.342816352844238281e+00,1.441546916961669922e+01,1.471590614318847656e+01,3.926959037780761719e-01
1.753519058227539062e+01,5.332554817199707031e+00,2.341304397583007812e+01,6.931020259857177734e+00,1.511573219299316406e+01,1.289702606201171875e+01,2.041005373001098633e+00
2.153388214111328125e+01,3.648528337478637695e+00,2.534643936157226562e+01,5.543511390686035156e+00,1.548050689697265625e+01,1.739208602905273438e+01,0.000000000000000000e+00
3.363922119140625000e+01,1.058098602294921875e+01,4.424412918090820312e+01,1.172387790679931641e+01,2.757358741760253906e+01,2.388440895080566406e+01,3.111785888671875000e+00
2.911846160888671875e+01,6.829776287078857422e+00,3.295554351806640625e+01,6.619704246520996094e+00,2.055825805664062500e+01,2.256997108459472656e+01,0.000000000000000000e+00
3.201264953613281250e+01,8.961617469787597656e+00,3.659941864013671875e+01,7.140415668487548828e+00,2.285538673400878906e+01,2.383045959472656250e+01,0.000000000000000000e+00
2.523648262023925781e+01,6.024062633514404297e+00,3.076327323913574219e+01,7.327497005462646484e+00,1.814890289306640625e+01,1.979482460021972656e+01,6.032996177673339844e-01
2.403055191040039062e+01,5.135531425476074219e+00,3.002462387084960938e+01,7.282289505004882812e+00,1.686189460754394531e+01,1.866080093383789062e+01,1.735873222351074219e-01
2.024354743957519531e+01,4.645137310028076172e+00,2.711907768249511719e+01,7.871354103088378906e+00,1.541090679168701172e+01,1.609042358398437500e+01,8.000617027282714844e-01
2.045502853393554688e+01,4.550458908081054688e+00,2.574585914611816406e+01,6.015827178955078125e+00,1.436592674255371094e+01,1.530505943298339844e+01,2.740030288696289062e-01
2.433436965942382812e+01,4.724275588989257812e+00,3.004738616943359375e+01,7.911689758300781250e+00,1.804605674743652344e+01,2.004152870178222656e+01,9.812347590923309326e-03
2.110969161987304688e+01,4.267582416534423828e+00,2.838968276977539062e+01,8.603926658630371094e+00,1.591297340393066406e+01,1.739862442016601562e+01,1.174184799194335938e+00
1.785491180419921875e+01,3.993527173995971680e+00,2.384199523925781250e+01,6.797836303710937500e+00,1.354683494567871094e+01,1.395736694335937500e+01,1.071273803710937500e+00
1.874971199035644531e+01,4.492216587066650391e+00,2.616952514648437500e+01,9.434580802917480469e+00,1.661716079711914062e+01,1.558123779296875000e+01,2.411352396011352539e+00
2.326107788085937500e+01,4.253522872924804688e+00,3.308538818359375000e+01,1.168224811553955078e+01,1.869219970703125000e+01,1.969433975219726562e+01,2.319050788879394531e+00
1.975022888183593750e+01,4.829490661621093750e+00,2.726067733764648438e+01,8.232209205627441406e+00,1.561544322967529297e+01,1.501669883728027344e+01,1.556510925292968750e+00
2.706057167053222656e+01,5.012238502502441406e+00,3.614565658569335938e+01,9.749718666076660156e+00,1.883925056457519531e+01,2.125988769531250000e+01,7.893538475036621094e-01
1.783957481384277344e+01,4.938591003417968750e+00,2.395251083374023438e+01,7.818021774291992188e+00,1.569146919250488281e+01,1.416486358642578125e+01,2.166977405548095703e+00
1.892569732666015625e+01,4.918024539947509766e+00,2.609175872802734375e+01,8.336949348449707031e+00,1.604384803771972656e+01,1.443294334411621094e+01,2.247050762176513672e+00
2.577440643310546875e+01,7.399523735046386719e+00,3.412201309204101562e+01,9.306476593017578125e+00,2.086915397644042969e+01,1.869010353088378906e+01,2.285472393035888672e+00
2.021859169006347656e+01,4.054348468780517578e+00,2.640113067626953125e+01,7.317771911621093750e+00,1.492298412322998047e+01,1.627134323120117188e+01,8.134942054748535156e-01
2.461231613159179688e+01,5.743971824645996094e+00,3.253540420532226562e+01,9.395642280578613281e+00,1.925711631774902344e+01,1.936172676086425781e+01,1.688548803329467773e+00
2.173729324340820312e+01,5.325474739074707031e+00,2.923607254028320312e+01,8.728802680969238281e+00,1.724100875854492188e+01,1.703728103637695312e+01,1.728301763534545898e+00
2.157659339904785156e+01,5.550663471221923828e+00,2.810432052612304688e+01,7.737168312072753906e+00,1.709864044189453125e+01,1.651525115966796875e+01,1.518510580062866211e+00
2.452454757690429688e+01,5.138211250305175781e+00,3.200491333007812500e+01,8.788174629211425781e+00,1.841329956054687500e+01,1.932170867919921875e+01,1.198602199554443359e+00
2.046343803405761719e+01,8.787326812744140625e-01,2.887487030029296875e+01,1.037495231628417969e+01,1.376355361938476562e+01,1.988552284240722656e+01,0.000000000000000000e+00
2.263185882568359375e+01,5.886677503585815430e-01,3.678750991821289062e+01,1.859616851806640625e+01,1.901889610290527344e+01,2.584693145751953125e+01,1.302388191223144531e+00
2.331976890563964844e+01,1.274081349372863770e+00,3.890761566162109375e+01,2.217378425598144531e+01,2.249357604980468750e+01,2.928276634216308594e+01,8.746290206909179688e-01
2.444572830200195312e+01,2.113793611526489258e+00,4.030101394653320312e+01,2.295760345458984375e+01,2.425428962707519531e+01,3.047505569458007812e+01,1.028533458709716797e+00
2.454065322875976562e+01,1.822249770164489746e+00,4.129864120483398438e+01,2.426362228393554688e+01,2.479102325439453125e+01,3.138617706298828125e+01,1.076217651367187500e+00
2.405019760131835938e+01,0.000000000000000000e+00,4.159904098510742188e+01,2.462992286682128906e+01,2.185502243041992188e+01,3.240343093872070312e+01,0.000000000000000000e+00
2.514208602905273438e+01,3.121091425418853760e-01,4.352385711669921875e+01,2.623436355590820312e+01,2.445110321044921875e+01,3.367725753784179688e+01,4.317970275878906250e-01
2.722451972961425781e+01,0.000000000000000000e+00,4.862080001831054688e+01,3.035289192199707031e+01,2.618787765502929688e+01,3.819265365600585938e+01,1.072473451495170593e-01
2.273597908020019531e+01,2.618829488754272461e+00,3.735022354125976562e+01,2.171543502807617188e+01,2.344007682800292969e+01,2.877990531921386719e+01,8.586030006408691406e-01
2.351314163208007812e+01,2.015814542770385742e+00,4.014743804931640625e+01,2.474433898925781250e+01,2.490659332275390625e+01,3.149249267578125000e+01,8.066997528076171875e-01
2.390673828125000000e+01,2.566282510757446289e+00,3.996953964233398438e+01,2.374406814575195312e+01,2.507360649108886719e+01,3.063144874572753906e+01,1.170271873474121094e+00
2.392005729675292969e+01,2.107141733169555664e+00,4.045853805541992188e+01,2.426676559448242188e+01,2.490324974060058594e+01,3.103813552856445312e+01,1.100513935089111328e+00
2.307286643981933594e+01,8.307920694351196289e-01,3.896018600463867188e+01,2.289758110046386719e+01,2.224911117553710938e+01,3.029896545410156250e+01,2.192540168762207031e-01
2.302290344238281250e+01,1.873225688934326172e+00,3.885831069946289062e+01,2.324812507629394531e+01,2.368830680847167969e+01,3.001857376098632812e+01,8.157854080200195312e-01
2.406697273254394531e+01,2.399818181991577148e+00,4.033657455444335938e+01,2.392490386962890625e+01,2.505958557128906250e+01,3.083452415466308594e+01,1.143914222717285156e+00
2.634121704101562500e+01,2.356575250625610352e+00,4.473310852050781250e+01,2.680136871337890625e+01,2.759105491638183594e+01,3.385599517822265625e+01,1.573183059692382812e+00
2.421641731262207031e+01,2.300762891769409180e+00,4.092641067504882812e+01,2.456152915954589844e+01,2.540889358520507812e+01,3.131855392456054688e+01,1.229723453521728516e+00
2.114415740966796875e+01,3.301448345184326172e+00,3.415998458862304688e+01,1.987937164306640625e+01,2.267379760742187500e+01,2.646738815307617188e+01,9.655818939208984375e-01
3.227872085571289062e+01,5.421655178070068359e+00,4.912496948242187500e+01,2.421416854858398438e+01,3.101044082641601562e+01,3.505896377563476562e+01,2.666597843170166016e+00
2.487817001342773438e+01,2.195134878158569336e+00,4.092226028442382812e+01,2.173239707946777344e+01,2.210683441162109375e+01,2.999350166320800781e+01,3.014550209045410156e-01
2.308972930908203125e+01,6.852648854255676270e-01,3.800540542602539062e+01,2.096630096435546875e+01,2.110590362548828125e+01,2.861699295043945312e+01,4.800763130187988281e-01
2.237188529968261719e+01,1.580101132392883301e+00,3.836614608764648438e+01,2.337995147705078125e+01,2.328371047973632812e+01,2.956704902648925781e+01,9.563436508178710938e-01
2.322747039794921875e+01,2.170342922210693359e+00,3.801935195922851562e+01,2.153905677795410156e+01,2.299592399597167969e+01,2.893144798278808594e+01,7.604079246520996094e-01
2.528118133544921875e+01,2.379043579101562500e+00,4.153135299682617188e+01,2.351217079162597656e+01,2.515488243103027344e+01,3.123242950439453125e+01,1.139723777770996094e+00
2.449125099182128906e+01,2.599134445190429688e+00,4.087872314453125000e+01,2.402124023437500000e+01,2.552881813049316406e+01,3.092333030700683594e+01,1.408669471740722656e+00
2.435311508178710938e+01,1.762014627456665039e+00,4.202603912353515625e+01,2.588640975952148438e+01,2.571059226989746094e+01,3.237172698974609375e+01,1.190373897552490234e+00
2.690775108337402344e+01,7.617641985416412354e-02,4.698004531860351562e+01,2.856613159179687500e+01,2.624112701416015625e+01,3.630091094970703125e+01,5.607662200927734375e-01
2.354404449462890625e+01,9.042018651962280273e-01,4.055603408813476562e+01,2.460309791564941406e+01,2.360161209106445312e+01,3.146897888183593750e+01,5.865159034729003906e-01
2.535214424133300781e+01,9.899414777755737305e-01,4.463664245605468750e+01,2.806464195251464844e+01,2.649340057373046875e+01,3.472817230224609375e+01,9.713711738586425781e-01
2.376940155029296875e+01,1.619311928749084473e+00,4.126556396484375000e+01,2.575025558471679688e+01,2.524135589599609375e+01,3.211563873291015625e+01,1.018963336944580078e+00
2.328670883178710938e+01,1.810108304023742676e+00,3.980928802490234375e+01,2.429188346862792969e+01,2.437903976440429688e+01,3.081489562988281250e+01,9.511456489562988281e-01
1.943785095214843750e+01,3.727875709533691406e+00,3.176493835449218750e+01,1.877714157104492188e+01,2.197408103942871094e+01,2.389707565307617188e+01,1.672272205352783203e+00
3.501554870605468750e+01,6.246815204620361328e+00,5.465260696411132812e+01,2.372248840332031250e+01,3.123491668701171875e+01,3.229642105102539062e+01,3.244065284729003906e+00
1.841960144042968750e+01,4.195851802825927734e+00,2.450443649291992188e+01,6.930666923522949219e+00,1.431931018829345703e+01,1.408605575561523438e+01,1.076598167419433594e+00
1.496460914611816406e+01,2.442039489746093750e+00,2.062916374206542969e+01,6.486853122711181641e+00,1.114123344421386719e+01,1.229169464111328125e+01,9.151730537414550781e-01
1.601142883300781250e+01,4.211120128631591797e+00,2.099514389038085938e+01,6.958861351013183594e+00,1.417062187194824219e+01,1.331379508972167969e+01,1.796900153160095215e+00
2.196846771240234375e+01,5.541835308074951172e+00,3.028453445434570312e+01,9.228292465209960938e+00,1.789761352539062500e+01,1.641506767272949219e+01,2.281105995178222656e+00
3.228467178344726562e+01,7.979899883270263672e+00,4.285244369506835938e+01,1.126927852630615234e+01,2.482012367248535156e+01,2.330465698242187500e+01,2.051703453063964844e+00
1.326492023468017578e+01,1.706352353096008301e+00,1.727019500732421875e+01,5.203233718872070312e+00,9.415514945983886719e+00,1.152318191528320312e+01,0.000000000000000000e+00
2.602241897583007812e+01,5.227582454681396484e+00,3.231443023681640625e+01,8.564280509948730469e+00,1.949750137329101562e+01,2.153413200378417969e+01,1.738262176513671875e-01
1.622642707824707031e+01,3.360756635665893555e+00,2.081212615966796875e+01,5.062680244445800781e+00,1.151337432861328125e+01,1.238095474243164062e+01,3.907835483551025391e-01
2.102573394775390625e+01,4.644191265106201172e+00,2.664955902099609375e+01,5.829173088073730469e+00,1.431381893157958984e+01,1.563729286193847656e+01,1.504120826721191406e-01
1.884730720520019531e+01,4.498514652252197266e+00,2.365511131286621094e+01,5.746252059936523438e+00,1.388601779937744141e+01,1.465339660644531250e+01,5.311775207519531250e-01
1.518151760101318359e+01,3.102228164672851562e+00,1.853816413879394531e+01,4.301418304443359375e+00,1.035898399353027344e+01,1.193504714965820312e+01,0.000000000000000000e+00
1.834997558593750000e+01,3.579438447952270508e+00,2.250286865234375000e+01,5.634001731872558594e+00,1.288341236114501953e+01,1.482147407531738281e+01,0.000000000000000000e+00
2.387545013427734375e+01,5.232115745544433594e+00,3.068958854675292969e+01,7.016681671142578125e+00,1.671085548400878906e+01,1.738675117492675781e+01,5.742359161376953125e-01
2.827035522460937500e+01,3.958768129348754883e+00,3.960075759887695312e+01,1.294564342498779297e+01,1.982232856750488281e+01,2.470666503906250000e+01,1.097545623779296875e+00
2.181828689575195312e+01,5.154297351837158203e+00,2.847270965576171875e+01,7.680072784423828125e+00,1.626528930664062500e+01,1.716997146606445312e+01,9.657580852508544922e-01
1.589058399200439453e+01,3.704773664474487305e+00,2.223788642883300781e+01,7.163502693176269531e+00,1.253976726531982422e+01,1.279733276367187500e+01,8.614132404327392578e-01
2.048668289184570312e+01,3.745754718780517578e+00,2.688730049133300781e+01,6.936315536499023438e+00,1.423226737976074219e+01,1.594394302368164062e+01,4.792780876159667969e-01
1.791840744018554688e+01,4.109161853790283203e+00,2.456028747558593750e+01,8.009070396423339844e+00,1.461726093292236328e+01,1.458930015563964844e+01,1.693252325057983398e+00
1.891329956054687500e+01,4.381887435913085938e+00,2.411814880371093750e+01,5.280529022216796875e+00,1.307789707183837891e+01,1.375234985351562500e+01,3.057816028594970703e-01
2.377159881591796875e+01,7.524166584014892578e+00,3.023556900024414062e+01,7.349939346313476562e+00,1.896720123291015625e+01,1.710762405395507812e+01,1.623785018920898438e+00
2.291856002807617188e+01,6.598721981048583984e+00,2.860213088989257812e+01,6.346136569976806641e+00,1.700930023193359375e+01,1.637286376953125000e+01,7.620780467987060547e-01
1.572993373870849609e+01,1.764103293418884277e+00,1.876679992675781250e+01,4.283899307250976562e+00,1.125800228118896484e+01,1.309257507324218750e+01,0.000000000000000000e+00
1.660931015014648438e+01,3.857181787490844727e+00,2.119096183776855469e+01,5.232051372528076172e+00,1.219131278991699219e+01,1.270208930969238281e+01,5.601067543029785156e-01
1.926332092285156250e+01,3.593438386917114258e+00,2.479674720764160156e+01,6.935628890991210938e+00,1.345464992523193359e+01,1.621510696411132812e+01,0.000000000000000000e+00
2.866754150390625000e+01,6.511393070220947266e+00,3.418945693969726562e+01,7.975078582763671875e+00,2.049415397644042969e+01,2.260863304138183594e+01,0.000000000000000000e+00
3.150421905517578125e+01,8.822661399841308594e+00,3.869726943969726562e+01,9.598122596740722656e+00,2.377717781066894531e+01,2.380453872680664062e+01,8.494462966918945312e-01
3.987989044189453125e+01,1.127520179748535156e+01,4.667215347290039062e+01,1.031581592559814453e+01,2.951274108886718750e+01,3.036121559143066406e+01,1.370654106140136719e-01
2.672079086303710938e+01,6.024123668670654297e+00,3.213002014160156250e+01,7.411350250244140625e+00,2.031328392028808594e+01,2.105454635620117188e+01,0.000000000000000000e+00
2.511025810241699219e+01,6.612580299377441406e+00,2.829640960693359375e+01,5.276667594909667969e+00,1.749032020568847656e+01,1.895612716674804688e+01,0.000000000000000000e+00
2.035942268371582031e+01,4.718672275543212891e+00,2.336590194702148438e+01,4.722135543823242188e+00,1.477149200439453125e+01,1.584796524047851562e+01,0.000000000000000000e+00
2.455518150329589844e+01,5.685859203338623047e+00,2.849301910400390625e+01,6.057782173156738281e+00,1.783173561096191406e+01,1.914204597473144531e+01,0.000000000000000000e+00
2.341123580932617188e+01,6.016956806182861328e+00,2.761900329589843750e+01,6.098846435546875000e+00,1.674177360534667969e+01,1.790524291992187500e+01,0.000000000000000000e+00
2.294263076782226562e+01,4.978086471557617188e+00,2.599618530273437500e+01,5.316401004791259766e+00,1.656653976440429688e+01,1.808272552490234375e+01,0.000000000000000000e+00
2.715118789672851562e+01,7.930656909942626953e+00,3.127740287780761719e+01,6.062776088714599609e+00,1.947669410705566406e+01,1.977589035034179688e+01,0.000000000000000000e+00
2.499945449829101562e+01,7.367341518402099609e+00,3.167401695251464844e+01,7.554982662200927734e+00,1.967286109924316406e+01,1.792221832275390625e+01,1.576462745666503906e+00
1.884631538391113281e+01,4.053030490875244141e+00,2.365275573730468750e+01,5.752418994903564453e+00,1.369665241241455078e+01,1.472415924072265625e+01,4.485938549041748047e-01
1.823830032348632812e+01,4.418833255767822266e+00,2.381915283203125000e+01,6.321300506591796875e+00,1.373599529266357422e+01,1.399098968505859375e+01,9.231400489807128906e-01
1.997522735595703125e+01,5.593789100646972656e+00,2.773013305664062500e+01,9.098481178283691406e+00,1.694114303588867188e+01,1.578985404968261719e+01,1.663540840148925781e+00
3.001271820068359375e+01,9.131721496582031250e+00,3.845447921752929688e+01,9.078154563903808594e+00,2.355082893371582031e+01,2.093208694458007812e+01,2.029939651489257812e+00
2.488488769531250000e+01,7.601028442382812500e+00,3.177302169799804688e+01,7.731902122497558594e+00,1.973293876647949219e+01,1.782002258300781250e+01,1.695347785949707031e+00
2.518804359436035156e+01,6.882834434509277344e+00,3.125073623657226562e+01,6.767570018768310547e+00,1.843498611450195312e+01,1.813190650939941406e+01,6.734189987182617188e-01
2.044158554077148438e+01,5.610770225524902344e+00,2.695502471923828125e+01,6.982159137725830078e+00,1.602549171447753906e+01,1.455797767639160156e+01,1.550239324569702148e+00
2.644649314880371094e+01,7.269173145294189453e+00,3.596189880371093750e+01,1.105644512176513672e+01,2.253211784362792969e+01,1.970468139648437500e+01,3.119670152664184570e+00
2.826957130432128906e+01,7.642508983612060547e+00,3.722230911254882812e+01,9.878623962402343750e+00,2.219482803344726562e+01,2.066458511352539062e+01,2.095747470855712891e+00
2.413966751098632812e+01,5.821471214294433594e+00,3.157945823669433594e+01,8.975407600402832031e+00,1.877601814270019531e+01,1.919766616821289062e+01,1.474066257476806641e+00
1.723562240600585938e+01,3.430500268936157227e+00,2.294894790649414062e+01,6.647388935089111328e+00,1.289466571807861328e+01,1.383842468261718750e+01,8.965964317321777344e-01
1.556764888763427734e+01,3.778872728347778320e+00,2.125035476684570312e+01,7.699878215789794922e+00,1.397052764892578125e+01,1.330093955993652344e+01,2.027472496032714844e+00
2.294470214843750000e+01,5.522389411926269531e+00,3.004040527343750000e+01,8.316241264343261719e+00,1.787577629089355469e+01,1.768477249145507812e+01,1.498131275177001953e+00
1.541044330596923828e+01,3.929096460342407227e+00,2.120406723022460938e+01,7.319336414337158203e+00,1.340026473999023438e+01,1.267078781127929688e+01,1.873568296432495117e+00
1.521585941314697266e+01,3.163157224655151367e+00,2.004640769958496094e+01,5.790042400360107422e+00,1.148985385894775391e+01,1.234942817687988281e+01,7.653646469116210938e-01
1.713971328735351562e+01,1.430607438087463379e+00,2.468794631958007812e+01,9.437337875366210938e+00,1.270650482177734375e+01,1.647372817993164062e+01,6.129684448242187500e-01
2.156224060058593750e+01,2.094391107559204102e+00,3.367830657958984375e+01,1.581764030456542969e+01,1.859734153747558594e+01,2.274577713012695312e+01,1.099928855895996094e+00
2.002915573120117188e+01,7.366695404052734375e-01,3.415210342407226562e+01,2.025223731994628906e+01,1.990028953552246094e+01,2.594207191467285156e+01,9.213967323303222656e-01
2.602305603027343750e+01,2.294295549392700195e+00,4.169109725952148438e+01,2.222435569763183594e+01,2.445320892333984375e+01,3.082894134521484375e+01,9.563684463500976562e-01
2.465349006652832031e+01,3.095795586705207825e-02,4.277054977416992188e+01,2.569446754455566406e+01,2.365873336791992188e+01,3.301255798339843750e+01,3.894381523132324219e-01
2.258121490478515625e+01,2.211478233337402344e+00,3.753999710083007812e+01,2.203734207153320312e+01,2.314987754821777344e+01,2.888978576660156250e+01,8.202905654907226562e-01
2.201153182983398438e+01,0.000000000000000000e+00,3.771580886840820312e+01,2.244092750549316406e+01,2.042046546936035156e+01,2.980356597900390625e+01,0.000000000000000000e+00
2.475591468811035156e+01,1.530318379402160645e+00,4.193391418457031250e+01,2.476848793029785156e+01,2.484280014038085938e+01,3.192372131347656250e+01,1.001750946044921875e+00
2.329667663574218750e+01,3.219981908798217773e+00,3.711387252807617188e+01,2.069613075256347656e+01,2.367275619506835938e+01,2.845823287963867188e+01,8.457741737365722656e-01
2.189183044433593750e+01,1.651404976844787598e+00,3.712367630004882812e+01,2.244883537292480469e+01,2.257051086425781250e+01,2.895306968688964844e+01,6.414175033569335938e-01
2.497172927856445312e+01,2.145220041275024414e+00,4.211173629760742188e+01,2.495056915283203125e+01,2.573605537414550781e+01,3.196416854858398438e+01,1.282071113586425781e+00
2.243079948425292969e+01,2.748980045318603516e+00,3.674906539916992188e+01,2.140844154357910156e+01,2.329554939270019531e+01,2.842394638061523438e+01,8.300828933715820312e-01
2.314752388000488281e+01,2.106179669499397278e-02,4.010424804687500000e+01,2.450965690612792969e+01,2.240859413146972656e+01,3.182092475891113281e+01,0.000000000000000000e+00
3.061395835876464844e+01,2.077803373336791992e+00,5.080054855346679688e+01,2.851168823242187500e+01,2.977491760253906250e+01,3.738766860961914062e+01,1.726325035095214844e+00
2.193224716186523438e+01,1.486438632011413574e+00,3.711745834350585938e+01,2.222628593444824219e+01,2.224769020080566406e+01,2.883545494079589844e+01,5.858550071716308594e-01
2.643553161621093750e+01,7.534052431583404541e-02,4.686715316772460938e+01,2.932087326049804688e+01,2.657275772094726562e+01,3.652603530883789062e+01,6.397900581359863281e-01
1.900397491455078125e+01,3.526219367980957031e+00,3.031116867065429688e+01,1.671740531921386719e+01,2.011472892761230469e+01,2.218893432617187500e+01,1.551254272460937500e+00
