8.212383270263671875e+00,0.000000000000000000e+00,1.370154190063476562e+01,2.053614044189453125e+01,2.336118125915527344e+01,9.763799667358398438e+00,0.000000000000000000e+00
0.000000000000000000e+00,0.000000000000000000e+00,3.425084352493286133e+00,7.008543014526367188e+00,4.329086685180664062e+01,2.913004302978515625e+01,0.000000000000000000e+00
0.000000000000000000e+00,0.000000000000000000e+00,1.313430964946746826e-01,8.453557968139648438e+00,4.656252670288085938e+01,2.956204032897949219e+01,0.000000000000000000e+00
0.000000000000000000e+00,0.000000000000000000e+00,0.000000000000000000e+00,6.401002883911132812e+00,4.477897262573242188e+01,2.936565208435058594e+01,0.000000000000000000e+00
0.000000000000000000e+00,0.000000000000000000e+00,0.000000000000000000e+00,7.261644363403320312e+00,4.464771652221679688e+01,2.877614212036132812e+01,0.000000000000000000e+00
0.000000000000000000e+00,0.000000000000000000e+00,2.910355806350708008e+00,6.331249237060546875e+00,4.380074691772460938e+01,2.968951606750488281e+01,0.000000000000000000e+00
0.000000000000000000e+00,0.000000000000000000e+00,2.931940317153930664e+00,5.645873069763183594e+00,4.492546463012695312e+01,3.083989524841308594e+01,0.000000000000000000e+00
6.342434883117675781e+00,0.000000000000000000e+00,1.530991649627685547e+01,1.446725368499755859e+01,9.092497825622558594e+00,6.126435279846191406e+00,0.000000000000000000e+00
2.359131622314453125e+01,0.000000000000000000e+00,4.190525054931640625e+01,4.543590927124023438e+01,3.743131399154663086e+00,0.000000000000000000e+00,0.000000000000000000e+00
2.414529800415039062e+01,0.000000000000000000e+00,4.659175872802734375e+01,4.806844711303710938e+01,7.364475250244140625e+00,7.629653215408325195e-01,0.000000000000000000e+00
1.684858131408691406e+01,0.000000000000000000e+00,3.285090637207031250e+01,3.180299949645996094e+01,3.888863325119018555e+00,6.849490404129028320e-01,0.000000000000000000e+00
0.000000000000000000e+00,0.000000000000000000e+00,2.383303880691528320e+00,6.138869285583496094e+00,2.659397888183593750e+01,1.791612052917480469e+01,0.000000000000000000e+00
6.804945468902587891e-01,0.000000000000000000e+00,7.685000896453857422e+00,8.169820785522460938e+00,2.239682006835937500e+01,1.409360599517822266e+01,0.000000000000000000e+00
3.386713027954101562e+01,0.000000000000000000e+00,6.312668609619140625e+01,6.576482391357421875e+01,7.250902175903320312e+00,0.000000000000000000e+00,0.000000000000000000e+00
1.244091701507568359e+01,0.000000000000000000e+00,2.769051742553710938e+01,2.551154899597167969e+01,9.978313446044921875e+00,6.096798896789550781e+00,0.000000000000000000e+00
1.995880126953125000e+01,0.000000000000000000e+00,3.685385513305664062e+01,3.902000045776367188e+01,1.408746480941772461e+00,0.000000000000000000e+00,0.000000000000000000e+00
2.223058700561523438e+01,0.000000000000000000e+00,4.274340057373046875e+01,4.276734542846679688e+01,1.040626287460327148e+00,0.000000000000000000e+00,0.000000000000000000e+00
2.617313003540039062e+01,0.000000000000000000e+00,4.629494476318359375e+01,5.119645690917968750e+01,5.054862976074218750e+00,0.000000000000000000e+00,0.000000000000000000e+00
1.924823379516601562e+01,0.000000000000000000e+00,3.784056091308593750e+01,3.771568679809570312e+01,7.369027137756347656e+00,1.157587170600891113e+00,0.000000000000000000e+00
1.866833877563476562e+01,0.000000000000000000e+00,3.378796386718750000e+01,3.584871673583984375e+01,9.730384945869445801e-01,0.000000000000000000e+00,0.000000000000000000e+00
2.145698928833007812e+01,1.099050402641296387e+00,4.017062377929687500e+01,4.184894561767578125e+01,0.000000000000000000e+00,0.000000000000000000e+00,0.000000000000000000e+00
3.302152252197265625e+01,1.828425288200378418e+00,6.339652252197265625e+01,6.516754150390625000e+01,0.000000000000000000e+00,0.000000000000000000e+00,0.000000000000000000e+00
2.396128082275390625e+01,0.000000000000000000e+00,4.265280151367187500e+01,4.580851364135742188e+01,4.834484100341796875e+00,0.000000000000000000e+00,0.000000000000000000e+00
3.065607643127441406e+01,2.015516996383666992e+00,5.548320770263671875e+01,6.039532089233398438e+01,0.000000000000000000e+00,0.000000000000000000e+00,0.000000000000000000e+00
1.735426712036132812e+01,0.000000000000000000e+00,3.174727630615234375e+01,3.488852310180664062e+01,0.000000000000000000e+00,0.000000000000000000e+00,0.000000000000000000e+00
1.653940963745117188e+01,0.000000000000000000e+00,3.221635437011718750e+01,3.638312911987304688e+01,2.749240636825561523e+00,0.000000000000000000e+00,0.000000000000000000e+00
9.894417762756347656e+00,0.000000000000000000e+00,2.333721160888671875e+01,2.088665962219238281e+01,1.428922462463378906e+01,9.797802925109863281e+00,0.000000000000000000e+00
1.114414453506469727e+00,0.000000000000000000e+00,9.588953018188476562e+00,7.647987365722656250e+00,4.700188827514648438e+01,3.385675048828125000e+01,0.000000000000000000e+00
1.238019371032714844e+01,0.000000000000000000e+00,2.243626022338867188e+01,2.467757797241210938e+01,1.156839370727539062e+01,5.418886184692382812e+00,0.000000000000000000e+00
7.469859600067138672e+00,0.000000000000000000e+00,1.843274497985839844e+01,1.822757911682128906e+01,2.193246078491210938e+01,1.414032459259033203e+01,0.000000000000000000e+00
1.442381477355957031e+01,0.000000000000000000e+00,3.347467041015625000e+01,3.115549087524414062e+01,3.847310781478881836e+00,4.239412546157836914e-01,0.000000000000000000e+00
1.625077819824218750e+01,0.000000000000000000e+00,3.530030822753906250e+01,3.226749801635742188e+01,3.336503744125366211e+00,0.000000000000000000e+00,0.000000000000000000e+00
1.373987293243408203e+01,0.000000000000000000e+00,2.801032638549804688e+01,2.796367835998535156e+01,7.026317596435546875e+00,1.696696400642395020e+00,0.000000000000000000e+00
2.251392745971679688e+01,0.000000000000000000e+00,4.340802383422851562e+01,4.676456832885742188e+01,0.000000000000000000e+00,0.000000000000000000e+00,0.000000000000000000e+00
1.963441085815429688e+01,0.000000000000000000e+00,3.798601531982421875e+01,4.148687362670898438e+01,0.000000000000000000e+00,0.000000000000000000e+00,0.000000000000000000e+00
1.526674365997314453e+01,0.000000000000000000e+00,3.160204124450683594e+01,2.959732437133789062e+01,3.270286321640014648e+00,0.000000000000000000e+00,0.000000000000000000e+00
2.300501441955566406e+01,1.037193179130554199e+00,4.387145996093750000e+01,4.709386062622070312e+01,0.000000000000000000e+00,0.000000000000000000e+00,0.000000000000000000e+00
1.506905841827392578e+01,0.000000000000000000e+00,3.172446441650390625e+01,3.175533485412597656e+01,3.700957059860229492e+00,0.000000000000000000e+00,0.000000000000000000e+00
2.927019882202148438e+01,0.000000000000000000e+00,5.973791503906250000e+01,5.482996749877929688e+01,5.981269836425781250e+00,0.000000000000000000e+00,0.000000000000000000e+00
2.304270935058593750e+01,0.000000000000000000e+00,4.082691574096679688e+01,4.426216506958007812e+01,8.831499218940734863e-01,0.000000000000000000e+00,0.000000000000000000e+00
1.756433486938476562e+01,0.000000000000000000e+00,3.753099441528320312e+01,3.540166854858398438e+01,1.060634374618530273e+00,0.000000000000000000e+00,0.000000000000000000e+00
2.709175682067871094e+01,2.612156867980957031e+00,4.909275817871093750e+01,5.351408386230468750e+01,0.000000000000000000e+00,0.000000000000000000e+00,0.000000000000000000e+00
1.682083129882812500e+01,0.000000000000000000e+00,3.463354492187500000e+01,3.585609054565429688e+01,3.247766256332397461e+00,1.731730848550796509e-01,0.000000000000000000e+00
8.867374420166015625e+00,0.000000000000000000e+00,2.192282867431640625e+01,2.167095947265625000e+01,1.277404499053955078e+01,8.483662605285644531e+00,0.000000000000000000e+00
2.075004768371582031e+01,4.150755703449249268e-02,4.340092468261718750e+01,4.123962783813476562e+01,0.000000000000000000e+00,0.000000000000000000e+00,0.000000000000000000e+00
1.272504997253417969e+01,0.000000000000000000e+00,2.537976264953613281e+01,2.571897697448730469e+01,3.942322492599487305e+00,0.000000000000000000e+00,0.000000000000000000e+00
1.942817687988281250e+01,4.720707535743713379e-01,3.772554779052734375e+01,3.894533157348632812e+01,0.000000000000000000e+00,0.000000000000000000e+00,0.000000000000000000e+00
1.658811569213867188e+01,0.000000000000000000e+00,3.485141754150390625e+01,3.425177764892578125e+01,2.887428998947143555e+00,0.000000000000000000e+00,0.000000000000000000e+00
2.482971954345703125e+01,0.000000000000000000e+00,4.297625732421875000e+01,4.791182327270507812e+01,1.581640005111694336e+00,0.000000000000000000e+00,0.000000000000000000e+00
2.539023208618164062e+01,0.000000000000000000e+00,4.529756164550781250e+01,4.910533142089843750e+01,6.210708618164062500e+00,0.000000000000000000e+00,0.000000000000000000e+00
3.977725219726562500e+01,0.000000000000000000e+00,6.952927398681640625e+01,7.613192749023437500e+01,1.844575643539428711e+00,0.000000000000000000e+00,0.000000000000000000e+00
1.509975528717041016e+01,0.000000000000000000e+00,3.000449371337890625e+01,3.221041488647460938e+01,1.200809669494628906e+01,5.577687740325927734e+00,0.000000000000000000e+00
0.000000000000000000e+00,0.000000000000000000e+00,1.306242227554321289e+00,6.699796676635742188e+00,3.308811187744140625e+01,2.227434349060058594e+01,0.000000000000000000e+00
1.346963167190551758e+00,0.000000000000000000e+00,7.345784664154052734e+00,4.633090019226074219e+00,1.922933769226074219e+01,1.395420551300048828e+01,0.000000000000000000e+00
2.595057678222656250e+01,0.000000000000000000e+00,4.900831222534179688e+01,5.355620956420898438e+01,0.000000000000000000e+00,0.000000000000000000e+00,0.000000000000000000e+00
2.649357223510742188e+01,2.033053398132324219e+00,5.041158676147460938e+01,5.230758285522460938e+01,0.000000000000000000e+00,0.000000000000000000e+00,0.000000000000000000e+00
2.425682258605957031e+01,2.451105356216430664e+00,4.577442550659179688e+01,4.910496902465820312e+01,0.000000000000000000e+00,0.000000000000000000e+00,0.000000000000000000e+00
2.024992561340332031e+01,7.553253769874572754e-01,3.947066497802734375e+01,4.157228851318359375e+01,0.000000000000000000e+00,0.000000000000000000e+00,0.000000000000000000e+00
9.272562980651855469e+00,0.000000000000000000e+00,2.093941497802734375e+01,2.084484672546386719e+01,9.421163558959960938e+00,4.651477813720703125e+00,0.000000000000000000e+00
1.137599468231201172e+01,0.000000000000000000e+00,2.785116195678710938e+01,2.339190864562988281e+01,1.185410499572753906e+01,8.114714622497558594e+00,0.000000000000000000e+00
1.413832187652587891e+01,0.000000000000000000e+00,3.166396713256835938e+01,2.880367469787597656e+01,7.231186866760253906e+00,2.638312578201293945e+00,0.000000000000000000e+00
1.540876579284667969e+01,0.000000000000000000e+00,3.225343704223632812e+01,3.073617744445800781e+01,3.851752996444702148e+00,7.537289857864379883e-01,0.000000000000000000e+00
1.683545684814453125e+01,0.000000000000000000e+00,3.092959403991699219e+01,3.361617660522460938e+01,4.597565650939941406e+00,0.000000000000000000e+00,0.000000000000000000e+00
3.486482620239257812e+01,0.000000000000000000e+00,5.886302947998046875e+01,6.385449600219726562e+01,6.546663284301757812e+00,0.000000000000000000e+00,0.000000000000000000e+00
1.960349845886230469e+01,0.000000000000000000e+00,3.382600784301757812e+01,3.772863388061523438e+01,1.781274557113647461e+00,0.000000000000000000e+00,0.000000000000000000e+00
2.634645253419876099e-02,0.000000000000000000e+00,9.694584846496582031e+00,5.003499984741210938e+00,3.653062820434570312e+01,2.712736129760742188e+01,0.000000000000000000e+00
9.412817955017089844e+00,0.000000000000000000e+00,2.096341323852539062e+01,1.945337867736816406e+01,7.351076602935791016e+00,4.045825481414794922e+00,0.000000000000000000e+00
2.190400886535644531e+01,0.000000000000000000e+00,3.868793106079101562e+01,4.192176055908203125e+01,3.647718191146850586e+00,0.000000000000000000e+00,0.000000000000000000e+00
2.875325012207031250e+01,1.882174134254455566e+00,5.060969543457031250e+01,5.754556655883789062e+01,0.000000000000000000e+00,0.000000000000000000e+00,0.000000000000000000e+00
2.398591423034667969e+01,5.413029789924621582e-01,4.618218231201171875e+01,4.776958847045898438e+01,0.000000000000000000e+00,0.000000000000000000e+00,0.000000000000000000e+00
4.746485710144042969e+00,0.000000000000000000e+00,1.565529918670654297e+01,1.354345417022705078e+01,2.896483230590820312e+01,2.017711830139160156e+01,0.000000000000000000e+00
1.673022079467773438e+01,5.188499093055725098e-01,3.254322814941406250e+01,3.265484237670898438e+01,0.000000000000000000e+00,0.000000000000000000e+00,0.000000000000000000e+00
2.498502349853515625e+01,0.000000000000000000e+00,4.670468902587890625e+01,5.086373138427734375e+01,8.316047668457031250e+00,7.067824602127075195e-01,0.000000000000000000e+00
1.397979640960693359e+01,0.000000000000000000e+00,2.770528411865234375e+01,2.810132408142089844e+01,1.219305801391601562e+01,6.225257873535156250e+00,0.000000000000000000e+00
2.215277481079101562e+01,0.000000000000000000e+00,4.006592559814453125e+01,4.456006240844726562e+01,1.086931419372558594e+01,3.046745538711547852e+00,0.000000000000000000e+00
0.000000000000000000e+00,0.000000000000000000e+00,0.000000000000000000e+00,9.114075660705566406e+00,4.859687423706054688e+01,3.113718605041503906e+01,0.000000000000000000e+00
0.000000000000000000e+00,0.000000000000000000e+00,0.000000000000000000e+00,6.405317306518554688e+00,4.238108825683593750e+01,2.762652015686035156e+01,0.000000000000000000e+00
0.000000000000000000e+00,0.000000000000000000e+00,6.421482563018798828e-01,6.589027404785156250e+00,4.265174484252929688e+01,2.801692771911621094e+01,0.000000000000000000e+00
0.000000000000000000e+00,0.000000000000000000e+00,1.305532693862915039e+00,6.759945869445800781e+00,3.801055526733398438e+01,2.523109245300292969e+01,0.000000000000000000e+00
0.000000000000000000e+00,0.000000000000000000e+00,3.024712800979614258e+00,8.339121818542480469e+00,4.836828231811523438e+01,3.212897109985351562e+01,0.000000000000000000e+00
0.000000000000000000e+00,0.000000000000000000e+00,3.778958559036254883e+00,6.385551452636718750e+00,4.294233703613281250e+01,2.930793952941894531e+01,0.000000000000000000e+00
0.000000000000000000e+00,0.000000000000000000e+00,2.905201196670532227e+00,7.004313468933105469e+00,4.514297485351562500e+01,3.031871223449707031e+01,0.000000000000000000e+00
0.000000000000000000e+00,0.000000000000000000e+00,2.980794191360473633e+00,1.150605297088623047e+01,5.860289382934570312e+01,3.816377639770507812e+01,0.000000000000000000e+00
4.342649078369140625e+01,2.433601379394531250e+00,6.970504760742187500e+01,8.264762115478515625e+01,0.000000000000000000e+00,0.000000000000000000e+00,0.000000000000000000e+00
3.168277740478515625e+01,1.732463955879211426e+00,4.893344879150390625e+01,5.971323013305664062e+01,0.000000000000000000e+00,0.000000000000000000e+00,0.000000000000000000e+00
1.450921344757080078e+01,0.000000000000000000e+00,2.699103546142578125e+01,2.986998939514160156e+01,4.685618400573730469e+00,0.000000000000000000e+00,0.000000000000000000e+00
0.000000000000000000e+00,0.000000000000000000e+00,4.504247665405273438e+00,8.315697669982910156e+00,3.274615478515625000e+01,2.108170127868652344e+01,0.000000000000000000e+00
0.000000000000000000e+00,0.000000000000000000e+00,3.781816720962524414e+00,9.106582641601562500e+00,4.696350479125976562e+01,3.051956748962402344e+01,0.000000000000000000e+00
0.000000000000000000e+00,0.000000000000000000e+00,4.242112159729003906e+00,6.387584686279296875e+00,4.214487075805664062e+01,2.878964424133300781e+01,0.000000000000000000e+00
0.000000000000000000e+00,0.000000000000000000e+00,6.049369812011718750e+00,7.025861740112304688e+00,4.438151931762695312e+01,3.066616630554199219e+01,0.000000000000000000e+00
0.000000000000000000e+00,0.000000000000000000e+00,4.317072868347167969e+00,5.384614944458007812e+00,4.124895858764648438e+01,2.879915618896484375e+01,0.000000000000000000e+00
0.000000000000000000e+00,0.000000000000000000e+00,0.000000000000000000e+00,6.790773391723632812e+00,5.204346084594726562e+01,3.455721282958984375e+01,0.000000000000000000e+00
0.000000000000000000e+00,0.000000000000000000e+00,7.326614856719970703e-01,6.789568901062011719e+00,4.436635971069335938e+01,2.934292793273925781e+01,0.000000000000000000e+00
2.439680099487304688e+01,1.640154980123043060e-03,4.312816619873046875e+01,5.004428863525390625e+01,0.000000000000000000e+00,0.000000000000000000e+00,0.000000000000000000e+00
2.268946838378906250e+01,0.000000000000000000e+00,4.152239990234375000e+01,4.452356719970703125e+01,2.311115026473999023e+00,0.000000000000000000e+00,0.000000000000000000e+00
2.521690750122070312e+01,0.000000000000000000e+00,4.715013885498046875e+01,5.205730056762695312e+01,7.583654522895812988e-01,0.000000000000000000e+00,0.000000000000000000e+00
2.826705551147460938e+01,1.456846356391906738e+00,5.329089355468750000e+01,5.552076339721679688e+01,0.000000000000000000e+00,0.000000000000000000e+00,0.000000000000000000e+00
1.595656871795654297e+01,0.000000000000000000e+00,3.004966735839843750e+01,3.043948745727539062e+01,6.309458732604980469e+00,3.738118410110473633e-01,0.000000000000000000e+00
2.133979415893554688e+01,0.000000000000000000e+00,4.035313415527343750e+01,4.166605377197265625e+01,1.187991857528686523e+00,0.000000000000000000e+00,0.000000000000000000e+00
1.909910964965820312e+01,0.000000000000000000e+00,3.755128479003906250e+01,3.607447814941406250e+01,4.069169998168945312e+00,1.244939863681793213e-02,0.000000000000000000e+00
2.853874588012695312e+01,0.000000000000000000e+00,5.169557952880859375e+01,5.540890502929687500e+01,8.433774948120117188e+00,3.229590654373168945e-01,0.000000000000000000e+00
2.123566818237304688e+01,0.000000000000000000e+00,4.265396118164062500e+01,4.054389953613281250e+01,2.446292638778686523e+00,0.000000000000000000e+00,0.000000000000000000e+00
2.907799530029296875e+01,0.000000000000000000e+00,5.300304412841796875e+01,5.980546951293945312e+01,5.455486297607421875e+00,0.000000000000000000e+00,0.000000000000000000e+00
1.591739559173583984e+01,0.000000000000000000e+00,3.010542678833007812e+01,3.173176383972167969e+01,7.155646324157714844e+00,1.702064633369445801e+00,0.000000000000000000e+00
5.612704753875732422e+00,0.000000000000000000e+00,1.661824035644531250e+01,1.391944313049316406e+01,1.776975822448730469e+01,1.183916282653808594e+01,0.000000000000000000e+00
2.214663124084472656e+01,0.000000000000000000e+00,4.422795867919921875e+01,4.298215484619140625e+01,0.000000000000000000e+00,0.000000000000000000e+00,0.000000000000000000e+00
1.879809570312500000e+01,0.000000000000000000e+00,3.473536682128906250e+01,3.582057571411132812e+01,2.879974126815795898e+00,0.000000000000000000e+00,0.000000000000000000e+00
2.497031021118164062e+01,0.000000000000000000e+00,4.834435272216796875e+01,5.262649154663085938e+01,0.000000000000000000e+00,0.000000000000000000e+00,0.000000000000000000e+00
3.459920883178710938e+01,1.836182951927185059e+00,6.643722534179687500e+01,7.318493652343750000e+01,0.000000000000000000e+00,0.000000000000000000e+00,0.000000000000000000e+00
2.010587692260742188e+01,0.000000000000000000e+00,3.743882369995117188e+01,3.965885543823242188e+01,1.487704992294311523e+00,0.000000000000000000e+00,0.000000000000000000e+00
1.763979721069335938e+01,0.000000000000000000e+00,3.926770019531250000e+01,3.592973709106445312e+01,5.140050888061523438e+00,1.260658383369445801e+00,0.000000000000000000e+00
6.912297725677490234e+00,0.000000000000000000e+00,1.756899833679199219e+01,1.615840530395507812e+01,1.398439121246337891e+01,8.774508476257324219e+00,0.000000000000000000e+00
3.197171401977539062e+01,1.149379134178161621e+00,5.930534362792968750e+01,6.277959823608398438e+01,0.000000000000000000e+00,0.000000000000000000e+00,0.000000000000000000e+00
3.532506561279296875e+01,2.525779485702514648e+00,6.696529388427734375e+01,6.706749725341796875e+01,0.000000000000000000e+00,0.000000000000000000e+00,0.000000000000000000e+00
2.969440078735351562e+01,2.798606872558593750e+00,5.615116119384765625e+01,5.780202865600585938e+01,0.000000000000000000e+00,0.000000000000000000e+00,0.000000000000000000e+00
3.968624114990234375e+01,0.000000000000000000e+00,7.788919830322265625e+01,7.697208404541015625e+01,1.941940069198608398e+00,0.000000000000000000e+00,0.000000000000000000e+00
2.723332214355468750e+01,2.528460502624511719e+00,4.727728271484375000e+01,5.568872451782226562e+01,0.000000000000000000e+00,0.000000000000000000e+00,0.000000000000000000e+00
1.825283050537109375e+01,1.083475947380065918e+00,3.554089355468750000e+01,3.615656661987304688e+01,0.000000000000000000e+00,0.000000000000000000e+00,0.000000000000000000e+00
9.781796455383300781e+00,0.000000000000000000e+00,2.107514190673828125e+01,2.107040596008300781e+01,1.118524074554443359e+01,7.673812866210937500e+00,0.000000000000000000e+00
2.067842102050781250e+01,0.000000000000000000e+00,3.882204437255859375e+01,4.050574493408203125e+01,3.521487951278686523e+00,0.000000000000000000e+00,0.000000000000000000e+00
2.949567794799804688e+01,0.000000000000000000e+00,5.296622848510742188e+01,5.620147705078125000e+01,5.239152908325195312e+00,0.000000000000000000e+00,0.000000000000000000e+00
1.901981544494628906e+01,0.000000000000000000e+00,3.973886489868164062e+01,4.050329971313476562e+01,9.235876202583312988e-01,0.000000000000000000e+00,0.000000000000000000e+00
9.803144454956054688e+00,0.000000000000000000e+00,2.177144432067871094e+01,2.057910728454589844e+01,1.396523475646972656e+01,7.589799880981445312e+00,0.000000000000000000e+00
8.083048820495605469e+00,0.000000000000000000e+00,1.972633743286132812e+01,1.767158699035644531e+01,5.012529373168945312e+00,2.155725240707397461e+00,0.000000000000000000e+00
1.168400859832763672e+01,0.000000000000000000e+00,2.661065673828125000e+01,2.369809150695800781e+01,1.691951751708984375e+01,1.015386390686035156e+01,0.000000000000000000e+00
1.443038082122802734e+01,0.000000000000000000e+00,2.818680953979492188e+01,3.083237266540527344e+01,9.028676986694335938e+00,3.190438985824584961e+00,0.000000000000000000e+00
1.826102066040039062e+01,0.000000000000000000e+00,3.717111206054687500e+01,3.786148452758789062e+01,0.000000000000000000e+00,0.000000000000000000e+00,0.000000000000000000e+00
1.230657482147216797e+01,0.000000000000000000e+00,2.660291481018066406e+01,2.482456016540527344e+01,4.572837829589843750e+00,8.887048959732055664e-01,0.000000000000000000e+00
1.045096874237060547e+01,0.000000000000000000e+00,2.870201492309570312e+01,2.514823150634765625e+01,7.528642654418945312e+00,3.857536792755126953e+00,0.000000000000000000e+00
1.260139942169189453e+01,0.000000000000000000e+00,2.508736419677734375e+01,2.486345100402832031e+01,2.399164915084838867e+00,0.000000000000000000e+00,0.000000000000000000e+00
0.000000000000000000e+00,0.000000000000000000e+00,7.307046413421630859e+00,5.447004795074462891e+00,1.755796432495117188e+01,1.220486164093017578e+01,0.000000000000000000e+00
2.553521347045898438e+01,0.000000000000000000e+00,4.885751342773437500e+01,5.046786117553710938e+01,6.384737014770507812e+00,0.000000000000000000e+00,0.000000000000000000e+00
2.307520675659179688e+01,2.152977466583251953e+00,4.284477996826171875e+01,4.656304168701171875e+01,0.000000000000000000e+00,0.000000000000000000e+00,0.000000000000000000e+00
1.918206787109375000e+01,0.000000000000000000e+00,3.424703216552734375e+01,3.723702239990234375e+01,1.442523717880249023e+00,0.000000000000000000e+00,0.000000000000000000e+00
7.451334953308105469e+00,0.000000000000000000e+00,1.825424957275390625e+01,1.649060249328613281e+01,1.020903968811035156e+01,5.773610591888427734e+00,0.000000000000000000e+00
2.241152381896972656e+01,0.000000000000000000e+00,4.181163787841796875e+01,4.470000839233398438e+01,1.171205282211303711e+00,0.000000000000000000e+00,0.000000000000000000e+00
2.788100242614746094e+01,0.000000000000000000e+00,5.403797149658203125e+01,6.109186935424804688e+01,8.612205505371093750e+00,1.026889234781265259e-01,0.000000000000000000e+00
1.742646026611328125e+01,0.000000000000000000e+00,3.416111755371093750e+01,3.890559387207031250e+01,4.612943649291992188e+00,0.000000000000000000e+00,0.000000000000000000e+00
1.864416599273681641e-01,0.000000000000000000e+00,7.645299911499023438e+00,5.826561450958251953e+00,2.102624511718750000e+01,1.518257617950439453e+01,0.000000000000000000e+00
1.259378719329833984e+01,0.000000000000000000e+00,2.956135940551757812e+01,2.749582672119140625e+01,1.199791526794433594e+01,6.418442726135253906e+00,0.000000000000000000e+00
1.085364341735839844e+01,0.000000000000000000e+00,2.790353393554687500e+01,2.259770393371582031e+01,1.311508941650390625e+01,8.737766265869140625e+00,0.000000000000000000e+00
1.737381172180175781e+01,8.579898476600646973e-01,3.384601974487304688e+01,3.391413497924804688e+01,0.000000000000000000e+00,0.000000000000000000e+00,0.000000000000000000e+00
1.965588760375976562e+01,0.000000000000000000e+00,3.706790542602539062e+01,3.948707199096679688e+01,2.008192062377929688e+01,1.114645290374755859e+01,0.000000000000000000e+00
0.000000000000000000e+00,0.000000000000000000e+00,4.567548751831054688e+00,7.514672279357910156e+00,2.087893295288085938e+01,1.269291973114013672e+01,0.000000000000000000e+00
9.434473514556884766e-01,0.000000000000000000e+00,1.097727108001708984e+01,8.186809539794921875e+00,2.898147583007812500e+01,2.047513008117675781e+01,0.000000000000000000e+00
0.000000000000000000e+00,0.000000000000000000e+00,0.000000000000000000e+00,4.185959339141845703e+00,3.652450942993164062e+01,2.385185432434082031e+01,0.000000000000000000e+00
0.000000000000000000e+00,0.000000000000000000e+00,7.374677658081054688e+00,5.321646690368652344e+00,2.503980827331542969e+01,1.843791961669921875e+01,0.000000000000000000e+00
3.543749809265136719e+00,0.000000000000000000e+00,1.213260936737060547e+01,1.061376476287841797e+01,1.594812583923339844e+01,1.091016769409179688e+01,0.000000000000000000e+00
2.444815826416015625e+01,0.000000000000000000e+00,4.507430267333984375e+01,4.836449813842773438e+01,1.013333225250244141e+01,2.677462816238403320e+00,0.000000000000000000e+00
2.024888610839843750e+01,0.000000000000000000e+00,3.472724914550781250e+01,3.888743209838867188e+01,1.130519962310791016e+01,3.084201097488403320e+00,0.000000000000000000e+00
2.333428192138671875e+01,0.000000000000000000e+00,4.272450637817382812e+01,4.575351715087890625e+01,5.704374313354492188e+00,0.000000000000000000e+00,0.000000000000000000e+00
9.593802452087402344e+00,0.000000000000000000e+00,2.240159988403320312e+01,1.988228797912597656e+01,5.385791301727294922e+00,2.627332448959350586e+00,0.000000000000000000e+00
0.000000000000000000e+00,0.000000000000000000e+00,5.238990783691406250e+00,3.157302856445312500e+00,3.530341720581054688e+01,2.565706443786621094e+01,0.000000000000000000e+00
2.326633834838867188e+01,1.550550341606140137e+00,4.580111312866210938e+01,4.806301116943359375e+01,0.000000000000000000e+00,0.000000000000000000e+00,0.000000000000000000e+00
3.723706817626953125e+01,2.995419025421142578e+00,7.131069946289062500e+01,7.706002807617187500e+01,0.000000000000000000e+00,0.000000000000000000e+00,0.000000000000000000e+00
1.102450275421142578e+01,0.000000000000000000e+00,2.599643135070800781e+01,2.330025863647460938e+01,1.158958435058593750e+01,6.048741817474365234e+00,0.000000000000000000e+00
1.912376022338867188e+01,0.000000000000000000e+00,3.588491821289062500e+01,3.783630752563476562e+01,5.116840362548828125e+00,1.511842161417007446e-01,0.000000000000000000e+00
1.488274192810058594e+01,0.000000000000000000e+00,3.084036254882812500e+01,3.068832588195800781e+01,7.378492355346679688e+00,1.449311852455139160e+00,0.000000000000000000e+00
3.949073028564453125e+01,3.100221633911132812e+00,7.075408935546875000e+01,7.766649627685546875e+01,0.000000000000000000e+00,0.000000000000000000e+00,0.000000000000000000e+00
1.601469612121582031e+01,0.000000000000000000e+00,3.505795288085937500e+01,3.209366989135742188e+01,6.503267288208007812e+00,2.768128156661987305e+00,0.000000000000000000e+00
2.112108612060546875e+01,0.000000000000000000e+00,3.772818374633789062e+01,4.091264724731445312e+01,3.162963628768920898e+00,0.000000000000000000e+00,0.000000000000000000e+00
1.844204139709472656e+01,0.000000000000000000e+00,3.364389419555664062e+01,3.527301406860351562e+01,5.891463279724121094e+00,1.021979451179504395e+00,0.000000000000000000e+00
2.609856414794921875e+01,0.000000000000000000e+00,4.558031845092773438e+01,5.089352035522460938e+01,1.170169258117675781e+01,1.678248524665832520e+00,0.000000000000000000e+00
0.000000000000000000e+00,0.000000000000000000e+00,2.131787538528442383e+00,8.997612953186035156e+00,2.714746475219726562e+01,1.542549228668212891e+01,0.000000000000000000e+00
0.000000000000000000e+00,0.000000000000000000e+00,3.421103715896606445e+00,1.024281692504882812e+01,3.997560882568359375e+01,2.465267753601074219e+01,0.000000000000000000e+00
0.000000000000000000e+00,0.000000000000000000e+00,6.612880706787109375e+00,7.936135292053222656e+00,4.612108993530273438e+01,3.164272117614746094e+01,0.000000000000000000e+00
0.000000000000000000e+00,0.000000000000000000e+00,1.974944353103637695e+00,1.159367656707763672e+01,5.140024185180664062e+01,3.240453338623046875e+01,0.000000000000000000e+00
0.000000000000000000e+00,0.000000000000000000e+00,0.000000000000000000e+00,6.858177185058593750e+00,4.451743698120117188e+01,2.844956779479980469e+01,0.000000000000000000e+00
0.000000000000000000e+00,0.000000000000000000e+00,0.000000000000000000e+00,6.277986526489257812e+00,4.337658309936523438e+01,2.874654197692871094e+01,0.000000000000000000e+00
0.000000000000000000e+00,0.000000000000000000e+00,0.000000000000000000e+00,7.496065616607666016e+00,4.277108764648437500e+01,2.673841667175292969e+01,0.000000000000000000e+00
1.930355834960937500e+01,0.000000000000000000e+00,3.264366149902343750e+01,4.077436447143554688e+01,1.696255111694335938e+01,2.773684740066528320e+00,0.000000000000000000e+00
7.595428466796875000e+01,0.000000000000000000e+00,1.244797744750976562e+02,1.428158721923828125e+02,1.985767364501953125e+01,0.000000000000000000e+00,0.000000000000000000e+00
5.537217330932617188e+01,2.775914192199707031e+00,1.002092971801757812e+02,1.244700164794921875e+02,0.000000000000000000e+00,0.000000000000000000e+00,0.000000000000000000e+00
0.000000000000000000e+00,0.000000000000000000e+00,3.398180246353149414e+00,9.827329635620117188e+00,2.616912841796875000e+01,1.493661022186279297e+01,0.000000000000000000e+00
0.000000000000000000e+00,0.000000000000000000e+00,4.305031001567840576e-01,7.442435264587402344e+00,4.948907089233398438e+01,3.318554306030273438e+01,0.000000000000000000e+00
0.000000000000000000e+00,0.000000000000000000e+00,0.000000000000000000e+00,1.004065418243408203e+01,5.172550582885742188e+01,3.329048538208007812e+01,0.000000000000000000e+00
0.000000000000000000e+00,0.000000000000000000e+00,3.467214822769165039e+00,7.263864517211914062e+00,4.458447647094726562e+01,3.014350318908691406e+01,0.000000000000000000e+00
0.000000000000000000e+00,0.000000000000000000e+00,4.110108375549316406e+00,8.814839363098144531e+00,4.990268325805664062e+01,3.335749435424804688e+01,0.000000000000000000e+00
0.000000000000000000e+00,0.000000000000000000e+00,1.840214967727661133e+00,6.966444969177246094e+00,5.042724227905273438e+01,3.435636520385742188e+01,0.000000000000000000e+00
0.000000000000000000e+00,0.000000000000000000e+00,2.049105882644653320e+00,7.343156814575195312e+00,5.178116226196289062e+01,3.544997406005859375e+01,0.000000000000000000e+00
0.000000000000000000e+00,0.000000000000000000e+00,0.000000000000000000e+00,1.340179157257080078e+01,7.316428375244140625e+01,4.522143173217773438e+01,0.000000000000000000e+00
5.426485538482666016e-01,0.000000000000000000e+00,8.139057159423828125e+00,7.870017051696777344e+00,4.406681060791015625e+01,3.088958740234375000e+01,0.000000000000000000e+00
1.085710620880126953e+01,0.000000000000000000e+00,2.254162597656250000e+01,2.153419685363769531e+01,4.874406337738037109e+00,1.692658066749572754e+00,0.000000000000000000e+00
1.662680816650390625e+01,0.000000000000000000e+00,3.100217819213867188e+01,3.397136306762695312e+01,1.427212619781494141e+01,6.926581859588623047e+00,0.000000000000000000e+00
2.694089508056640625e+01,0.000000000000000000e+00,4.914336013793945312e+01,5.149930191040039062e+01,2.130660772323608398e+00,0.000000000000000000e+00,0.000000000000000000e+00
9.854043960571289062e+00,0.000000000000000000e+00,2.369518089294433594e+01,2.359803199768066406e+01,1.907353401184082031e+01,1.108375835418701172e+01,0.000000000000000000e+00
2.419460487365722656e+01,2.214968681335449219e+00,4.484841156005859375e+01,4.780890274047851562e+01,0.000000000000000000e+00,0.000000000000000000e+00,0.000000000000000000e+00
1.821743202209472656e+01,0.000000000000000000e+00,3.472433471679687500e+01,3.576333618164062500e+01,3.160856366157531738e-01,0.000000000000000000e+00,0.000000000000000000e+00
0.000000000000000000e+00,0.000000000000000000e+00,6.224080562591552734e+00,7.081802368164062500e+00,2.187789154052734375e+01,1.556803226470947266e+01,0.000000000000000000e+00
3.346703720092773438e+01,9.437125325202941895e-01,6.016372680664062500e+01,6.497042083740234375e+01,0.000000000000000000e+00,0.000000000000000000e+00,0.000000000000000000e+00
1.711313247680664062e+01,0.000000000000000000e+00,3.328527450561523438e+01,3.566598510742187500e+01,7.356808662414550781e+00,8.882447481155395508e-01,0.000000000000000000e+00
5.252200603485107422e+00,0.000000000000000000e+00,1.246829509735107422e+01,1.404513168334960938e+01,1.781399345397949219e+01,1.114685916900634766e+01,0.000000000000000000e+00
8.485589981079101562e+00,0.000000000000000000e+00,2.050193405151367188e+01,1.742551422119140625e+01,1.002472400665283203e+01,5.990894317626953125e+00,0.000000000000000000e+00
1.787328910827636719e+01,0.000000000000000000e+00,3.514218139648437500e+01,3.794744110107421875e+01,0.000000000000000000e+00,0.000000000000000000e+00,0.000000000000000000e+00
1.469669628143310547e+01,0.000000000000000000e+00,2.986831665039062500e+01,3.022268486022949219e+01,5.776000022888183594e+00,1.862503647804260254e+00,0.000000000000000000e+00
2.279833602905273438e+01,2.034516334533691406e+00,4.248423004150390625e+01,4.538035964965820312e+01,0.000000000000000000e+00,0.000000000000000000e+00,0.000000000000000000e+00
1.699084472656250000e+01,0.000000000000000000e+00,3.409613800048828125e+01,3.345691680908203125e+01,8.541677594184875488e-01,0.000000000000000000e+00,0.000000000000000000e+00
3.414722442626953125e+01,4.651251435279846191e-01,6.194732666015625000e+01,7.031152343750000000e+01,0.000000000000000000e+00,0.000000000000000000e+00,0.000000000000000000e+00
2.684788703918457031e+01,1.814466834068298340e+00,5.120239257812500000e+01,5.516400527954101562e+01,0.000000000000000000e+00,0.000000000000000000e+00,0.000000000000000000e+00
3.245575332641601562e+01,1.171231627464294434e+00,6.274677276611328125e+01,6.760258483886718750e+01,0.000000000000000000e+00,0.000000000000000000e+00,0.000000000000000000e+00
2.246960449218750000e+01,1.030987381935119629e+00,4.189041900634765625e+01,4.414561080932617188e+01,0.000000000000000000e+00,0.000000000000000000e+00,0.000000000000000000e+00
1.377936267852783203e+01,0.000000000000000000e+00,2.953256607055664062e+01,2.927079200744628906e+01,5.149741172790527344e+00,1.623393177986145020e+00,0.000000000000000000e+00
1.880885314941406250e+01,0.000000000000000000e+00,3.437930297851562500e+01,3.817358398437500000e+01,7.306147575378417969e+00,1.522503018379211426e+00,0.000000000000000000e+00
0.000000000000000000e+00,0.000000000000000000e+00,3.019187211990356445e+00,7.706791400909423828e+00,3.292313385009765625e+01,2.149340629577636719e+01,0.000000000000000000e+00
0.000000000000000000e+00,0.000000000000000000e+00,0.000000000000000000e+00,7.248248577117919922e+00,2.997712707519531250e+01,1.855132484436035156e+01,0.000000000000000000e+00
1.651796102523803711e+00,0.000000000000000000e+00,1.021933746337890625e+01,5.601073265075683594e+00,1.794785308837890625e+01,1.338891601562500000e+01,0.000000000000000000e+00
0.000000000000000000e+00,0.000000000000000000e+00,9.350729942321777344e+00,9.920673370361328125e+00,2.046899032592773438e+01,1.337842082977294922e+01,0.000000000000000000e+00
2.101528930664062500e+01,0.000000000000000000e+00,4.231006622314453125e+01,4.411225128173828125e+01,3.058122396469116211e+00,0.000000000000000000e+00,0.000000000000000000e+00
3.023791122436523438e+01,1.464870333671569824e+00,5.695034027099609375e+01,6.011016082763671875e+01,0.000000000000000000e+00,0.000000000000000000e+00,0.000000000000000000e+00
1.773873138427734375e+01,1.954503804445266724e-01,3.729928588867187500e+01,3.541603851318359375e+01,0.000000000000000000e+00,0.000000000000000000e+00,0.000000000000000000e+00
1.304963779449462891e+01,0.000000000000000000e+00,2.972915267944335938e+01,2.879501914978027344e+01,4.530410766601562500e+00,5.216394662857055664e-01,0.000000000000000000e+00
1.336752986907958984e+01,0.000000000000000000e+00,3.003477096557617188e+01,2.971500015258789062e+01,3.471996068954467773e+00,0.000000000000000000e+00,0.000000000000000000e+00
1.412777805328369141e+01,0.000000000000000000e+00,2.916328048706054688e+01,2.878612709045410156e+01,7.079093933105468750e+00,2.478795289993286133e+00,0.000000000000000000e+00
4.155670928955078125e+01,0.000000000000000000e+00,8.277870941162109375e+01,8.520409393310546875e+01,0.000000000000000000e+00,0.000000000000000000e+00,0.000000000000000000e+00
2.462940025329589844e+01,0.000000000000000000e+00,4.535903930664062500e+01,4.827052688598632812e+01,8.694669723510742188e+00,9.859286546707153320e-01,0.000000000000000000e+00
2.816079330444335938e+01,0.000000000000000000e+00,4.890367126464843750e+01,5.350667190551757812e+01,1.164778327941894531e+01,2.390176057815551758e+00,0.000000000000000000e+00
2.093215560913085938e+01,0.000000000000000000e+00,3.614412689208984375e+01,3.990060043334960938e+01,5.371492385864257812e+00,0.000000000000000000e+00,0.000000000000000000e+00
2.974694061279296875e+01,1.699157595634460449e+00,5.205023193359375000e+01,5.881989669799804688e+01,0.000000000000000000e+00,0.000000000000000000e+00,0.000000000000000000e+00
1.291484165191650391e+01,0.000000000000000000e+00,2.921162796020507812e+01,3.006726646423339844e+01,9.640941619873046875e+00,5.039018630981445312e+00,0.000000000000000000e+00
1.388691234588623047e+01,0.000000000000000000e+00,2.911324310302734375e+01,3.019123840332031250e+01,4.070614814758300781e+00,0.000000000000000000e+00,0.000000000000000000e+00
2.326972389221191406e+01,1.982763648033142090e+00,4.416086578369140625e+01,4.710803985595703125e+01,0.000000000000000000e+00,0.000000000000000000e+00,0.000000000000000000e+00
3.635241699218750000e+01,4.182602405548095703e+00,6.282693481445312500e+01,7.364573669433593750e+01,0.000000000000000000e+00,0.000000000000000000e+00,0.000000000000000000e+00
1.408545112609863281e+01,0.000000000000000000e+00,2.738023567199707031e+01,2.756946372985839844e+01,6.381643414497375488e-01,0.000000000000000000e+00,0.000000000000000000e+00
0.000000000000000000e+00,0.000000000000000000e+00,4.658018112182617188e+00,5.326371669769287109e+00,1.757013320922851562e+01,1.232029438018798828e+01,0.000000000000000000e+00
1.290894985198974609e+01,0.000000000000000000e+00,2.745579528808593750e+01,3.013081550598144531e+01,1.022011184692382812e+01,5.186279773712158203e+00,0.000000000000000000e+00
1.038486766815185547e+01,0.000000000000000000e+00,2.364165115356445312e+01,2.133850669860839844e+01,1.000638580322265625e+01,7.173491954803466797e+00,0.000000000000000000e+00
2.137887954711914062e+01,0.000000000000000000e+00,4.332561111450195312e+01,4.553455352783203125e+01,6.556611061096191406e+00,8.115540742874145508e-01,0.000000000000000000e+00
2.193420600891113281e+01,0.000000000000000000e+00,4.233810424804687500e+01,4.431198883056640625e+01,3.652410268783569336e+00,0.000000000000000000e+00,0.000000000000000000e+00
3.271394729614257812e+01,0.000000000000000000e+00,6.913161468505859375e+01,6.040267562866210938e+01,1.209486198425292969e+01,4.034706115722656250e+00,0.000000000000000000e+00
1.661379814147949219e+01,1.794380694627761841e-01,3.072145462036132812e+01,3.229204940795898438e+01,0.000000000000000000e+00,0.000000000000000000e+00,0.000000000000000000e+00
2.427106285095214844e+01,0.000000000000000000e+00,4.764891052246093750e+01,4.955072402954101562e+01,7.423685193061828613e-01,0.000000000000000000e+00,0.000000000000000000e+00
1.282233142852783203e+01,0.000000000000000000e+00,2.857249069213867188e+01,2.680271720886230469e+01,5.784253120422363281e+00,1.062466263771057129e+00,0.000000000000000000e+00
1.151544952392578125e+01,0.000000000000000000e+00,2.505518722534179688e+01,2.618694114685058594e+01,1.159233474731445312e+01,5.536303520202636719e+00,0.000000000000000000e+00
3.437332153320312500e+01,2.388056278228759766e+00,6.420742797851562500e+01,6.594633483886718750e+01,0.000000000000000000e+00,0.000000000000000000e+00,0.000000000000000000e+00
2.542181777954101562e+01,1.715910077095031738e+00,4.552300643920898438e+01,5.049328613281250000e+01,0.000000000000000000e+00,0.000000000000000000e+00,0.000000000000000000e+00
2.155939483642578125e+01,5.871651768684387207e-01,4.231202697753906250e+01,4.302597427368164062e+01,0.000000000000000000e+00,0.000000000000000000e+00,0.000000000000000000e+00
2.985870170593261719e+01,0.000000000000000000e+00,5.298810577392578125e+01,5.679330825805664062e+01,5.068429946899414062e+00,0.000000000000000000e+00,0.000000000000000000e+00
2.558673620223999023e+00,0.000000000000000000e+00,1.374338436126708984e+01,9.502293586730957031e+00,2.006963348388671875e+01,1.361714553833007812e+01,0.000000000000000000e+00
2.178131103515625000e+01,0.000000000000000000e+00,4.188470458984375000e+01,4.217803573608398438e+01,4.705501556396484375e+00,0.000000000000000000e+00,0.000000000000000000e+00
1.244783592224121094e+01,0.000000000000000000e+00,2.366618156433105469e+01,2.738429832458496094e+01,2.089523315429687500e+01,1.054183959960937500e+01,0.000000000000000000e+00
1.316868782043457031e+01,0.000000000000000000e+00,2.500255012512207031e+01,2.805425453186035156e+01,1.931670379638671875e+01,1.117285633087158203e+01,0.000000000000000000e+00
8.423614501953125000e+00,0.000000000000000000e+00,2.178471374511718750e+01,2.011285400390625000e+01,1.610134887695312500e+01,9.054868698120117188e+00,0.000000000000000000e+00
2.365615844726562500e+01,8.091362118721008301e-01,4.488530731201171875e+01,4.567718124389648438e+01,0.000000000000000000e+00,0.000000000000000000e+00,0.000000000000000000e+00
1.232248592376708984e+01,0.000000000000000000e+00,2.651528358459472656e+01,2.498859977722167969e+01,3.168544530868530273e+00,1.022612005472183228e-01,0.000000000000000000e+00
2.152842712402343750e+01,0.000000000000000000e+00,4.587642669677734375e+01,4.392939758300781250e+01,0.000000000000000000e+00,0.000000000000000000e+00,0.000000000000000000e+00
1.536388158798217773e+00,0.000000000000000000e+00,1.024402141571044922e+01,6.013690948486328125e+00,3.069437217712402344e+01,2.284067726135253906e+01,0.000000000000000000e+00
8.516944885253906250e+00,0.000000000000000000e+00,2.136907196044921875e+01,1.760552978515625000e+01,1.202368736267089844e+01,7.704766273498535156e+00,0.000000000000000000e+00
1.621197891235351562e+01,0.000000000000000000e+00,3.471720123291015625e+01,3.255422210693359375e+01,9.897687911987304688e+00,4.399307250976562500e+00,0.000000000000000000e+00
5.291745185852050781e+00,0.000000000000000000e+00,1.447135066986083984e+01,1.166607093811035156e+01,5.849127292633056641e+00,3.476153135299682617e+00,0.000000000000000000e+00
1.020553493499755859e+01,0.000000000000000000e+00,2.299239730834960938e+01,2.360021781921386719e+01,1.704181671142578125e+01,1.093585777282714844e+01,0.000000000000000000e+00
0.000000000000000000e+00,0.000000000000000000e+00,5.854093074798583984e+00,6.057986736297607422e+00,2.277606010437011719e+01,1.630891609191894531e+01,0.000000000000000000e+00
8.122259140014648438e+00,0.000000000000000000e+00,1.754891204833984375e+01,1.914091491699218750e+01,2.092387771606445312e+01,1.219899463653564453e+01,0.000000000000000000e+00
1.852838134765625000e+01,0.000000000000000000e+00,3.366948699951171875e+01,3.539574813842773438e+01,1.093158626556396484e+01,4.372964859008789062e+00,0.000000000000000000e+00
0.000000000000000000e+00,0.000000000000000000e+00,4.021864891052246094e+00,1.080436897277832031e+01,4.245004653930664062e+01,2.676181983947753906e+01,0.000000000000000000e+00
0.000000000000000000e+00,0.000000000000000000e+00,0.000000000000000000e+00,7.297346115112304688e+00,4.254650878906250000e+01,2.692411231994628906e+01,0.000000000000000000e+00
0.000000000000000000e+00,0.000000000000000000e+00,2.532703578472137451e-01,8.113418579101562500e+00,5.114105606079101562e+01,3.334035110473632812e+01,0.000000000000000000e+00
0.000000000000000000e+00,0.000000000000000000e+00,2.474281549453735352e+00,6.881229400634765625e+00,4.218691635131835938e+01,2.834884071350097656e+01,0.000000000000000000e+00
0.000000000000000000e+00,0.000000000000000000e+00,3.925223588943481445e+00,7.657134056091308594e+00,4.601647186279296875e+01,3.110004425048828125e+01,0.000000000000000000e+00
0.000000000000000000e+00,0.000000000000000000e+00,3.982569932937622070e+00,6.554616928100585938e+00,4.076275253295898438e+01,2.785639381408691406e+01,0.000000000000000000e+00
0.000000000000000000e+00,0.000000000000000000e+00,3.111733675003051758e+00,1.071401596069335938e+01,5.179891586303710938e+01,3.469748687744140625e+01,0.000000000000000000e+00
2.258927154541015625e+01,0.000000000000000000e+00,3.546908950805664062e+01,4.390931320190429688e+01,1.048160648345947266e+01,0.000000000000000000e+00,0.000000000000000000e+00
4.831284332275390625e+01,4.190314769744873047e+00,7.660912322998046875e+01,9.379457092285156250e+01,0.000000000000000000e+00,0.000000000000000000e+00,0.000000000000000000e+00
5.290458679199218750e+00,0.000000000000000000e+00,1.272115039825439453e+01,1.572874259948730469e+01,2.740707206726074219e+01,1.650254631042480469e+01,0.000000000000000000e+00
0.000000000000000000e+00,0.000000000000000000e+00,5.360745429992675781e+00,1.119813728332519531e+01,4.580738449096679688e+01,2.897482109069824219e+01,0.000000000000000000e+00
0.000000000000000000e+00,0.000000000000000000e+00,2.032866716384887695e+00,6.437868118286132812e+00,4.570596694946289062e+01,3.080491638183593750e+01,0.000000000000000000e+00
0.000000000000000000e+00,0.000000000000000000e+00,5.110828876495361328e-01,6.555141448974609375e+00,5.174419784545898438e+01,3.481023025512695312e+01,0.000000000000000000e+00
0.000000000000000000e+00,0.000000000000000000e+00,0.000000000000000000e+00,8.601498603820800781e+00,6.302245712280273438e+01,4.030949783325195312e+01,0.000000000000000000e+00
0.000000000000000000e+00,0.000000000000000000e+00,3.530507326126098633e+00,7.105383872985839844e+00,4.967184829711914062e+01,3.410560226440429688e+01,0.000000000000000000e+00
0.000000000000000000e+00,0.000000000000000000e+00,0.000000000000000000e+00,6.835705757141113281e+00,5.315336990356445312e+01,3.518652343750000000e+01,0.000000000000000000e+00
0.000000000000000000e+00,0.000000000000000000e+00,3.944239854812622070e+00,1.105652809143066406e+01,5.440027999877929688e+01,3.586663436889648438e+01,0.000000000000000000e+00
0.000000000000000000e+00,0.000000000000000000e+00,7.382962226867675781e+00,8.129870414733886719e+00,4.384983825683593750e+01,3.071879768371582031e+01,0.000000000000000000e+00
1.064854431152343750e+01,0.000000000000000000e+00,2.519408035278320312e+01,2.257666969299316406e+01,1.369309043884277344e+01,8.180683135986328125e+00,0.000000000000000000e+00
8.574809074401855469e+00,0.000000000000000000e+00,2.384778594970703125e+01,2.212962722778320312e+01,2.371998405456542969e+01,1.405447864532470703e+01,0.000000000000000000e+00
4.491671752929687500e+01,4.041188716888427734e+00,8.376611328125000000e+01,9.194240570068359375e+01,0.000000000000000000e+00,0.000000000000000000e+00,0.000000000000000000e+00
1.907054519653320312e+01,2.088919878005981445e+00,3.431383514404296875e+01,3.722869491577148438e+01,0.000000000000000000e+00,0.000000000000000000e+00,0.000000000000000000e+00
2.278317070007324219e+01,0.000000000000000000e+00,4.169327545166015625e+01,4.535492324829101562e+01,0.000000000000000000e+00,0.000000000000000000e+00,0.000000000000000000e+00
1.647713088989257812e+01,0.000000000000000000e+00,3.282563018798828125e+01,3.177742195129394531e+01,5.555503964424133301e-01,0.000000000000000000e+00,0.000000000000000000e+00
1.802442169189453125e+01,0.000000000000000000e+00,3.695551300048828125e+01,3.838948059082031250e+01,8.056674003601074219e+00,2.292161703109741211e+00,0.000000000000000000e+00
3.093823814392089844e+01,8.890896439552307129e-01,5.823509216308593750e+01,6.139314651489257812e+01,0.000000000000000000e+00,0.000000000000000000e+00,0.000000000000000000e+00
2.921857833862304688e+01,0.000000000000000000e+00,5.251052474975585938e+01,5.678647994995117188e+01,5.709629505872726440e-02,0.000000000000000000e+00,0.000000000000000000e+00
2.763693237304687500e+01,0.000000000000000000e+00,4.819010162353515625e+01,5.349251937866210938e+01,9.648931622505187988e-01,0.000000000000000000e+00,0.000000000000000000e+00
2.162978744506835938e+01,0.000000000000000000e+00,4.746771240234375000e+01,4.399841690063476562e+01,2.116676092147827148e+00,0.000000000000000000e+00,0.000000000000000000e+00
2.190499114990234375e+01,0.000000000000000000e+00,4.417018127441406250e+01,4.578755187988281250e+01,2.493974447250366211e+00,0.000000000000000000e+00,0.000000000000000000e+00
2.117203521728515625e+01,0.000000000000000000e+00,4.315636825561523438e+01,4.307028961181640625e+01,1.816411733627319336e+00,0.000000000000000000e+00,0.000000000000000000e+00
2.590693855285644531e+01,1.033646345138549805e+00,5.109196472167968750e+01,5.569649887084960938e+01,0.000000000000000000e+00,0.000000000000000000e+00,0.000000000000000000e+00
2.532618331909179688e+01,0.000000000000000000e+00,5.352589797973632812e+01,5.279174423217773438e+01,0.000000000000000000e+00,0.000000000000000000e+00,0.000000000000000000e+00
2.622240447998046875e+01,2.437486648559570312e+00,4.661188125610351562e+01,5.196318817138671875e+01,0.000000000000000000e+00,0.000000000000000000e+00,0.000000000000000000e+00
3.503113174438476562e+01,3.142030000686645508e+00,6.661698150634765625e+01,7.151225280761718750e+01,0.000000000000000000e+00,0.000000000000000000e+00,0.000000000000000000e+00
2.408263397216796875e+01,0.000000000000000000e+00,4.249569702148437500e+01,4.620359420776367188e+01,3.276860952377319336e+00,0.000000000000000000e+00,0.000000000000000000e+00
2.067144012451171875e+01,0.000000000000000000e+00,4.168464660644531250e+01,4.040792083740234375e+01,5.545893669128417969e+00,9.249325990676879883e-01,0.000000000000000000e+00
1.484983921051025391e+01,0.000000000000000000e+00,2.842928695678710938e+01,2.898073387145996094e+01,3.158406972885131836e+00,0.000000000000000000e+00,0.000000000000000000e+00
2.517204666137695312e+01,0.000000000000000000e+00,4.827357101440429688e+01,4.864903640747070312e+01,4.482748031616210938e+00,0.000000000000000000e+00,0.000000000000000000e+00
0.000000000000000000e+00,0.000000000000000000e+00,6.008093833923339844e+00,5.657909393310546875e+00,1.927742767333984375e+01,1.349585437774658203e+01,0.000000000000000000e+00
0.000000000000000000e+00,0.000000000000000000e+00,4.030282020568847656e+00,4.564704418182373047e+00,2.272165679931640625e+01,1.576540279388427734e+01,0.000000000000000000e+00
2.440338850021362305e+00,0.000000000000000000e+00,9.858848571777343750e+00,8.258487701416015625e+00,2.009933280944824219e+01,1.315867614746093750e+01,0.000000000000000000e+00
0.000000000000000000e+00,0.000000000000000000e+00,5.785779953002929688e+00,7.333988666534423828e+00,3.162785911560058594e+01,2.197792243957519531e+01,0.000000000000000000e+00
2.236005020141601562e+01,0.000000000000000000e+00,4.594361495971679688e+01,4.297834014892578125e+01,4.199029922485351562e+00,0.000000000000000000e+00,0.000000000000000000e+00
2.841623687744140625e+01,0.000000000000000000e+00,5.635785675048828125e+01,6.105294418334960938e+01,0.000000000000000000e+00,0.000000000000000000e+00,0.000000000000000000e+00
2.214398765563964844e+01,0.000000000000000000e+00,4.204428482055664062e+01,4.350947570800781250e+01,2.066922903060913086e+00,0.000000000000000000e+00,0.000000000000000000e+00
2.830607032775878906e+01,0.000000000000000000e+00,5.599536132812500000e+01,5.937792587280273438e+01,0.000000000000000000e+00,0.000000000000000000e+00,0.000000000000000000e+00
1.166597747802734375e+01,0.000000000000000000e+00,2.467280197143554688e+01,2.445922851562500000e+01,1.009995269775390625e+01,4.825007915496826172e+00,0.000000000000000000e+00
1.642343521118164062e+01,0.000000000000000000e+00,3.374860382080078125e+01,3.240641784667968750e+01,4.509356498718261719e+00,6.995350122451782227e-01,0.000000000000000000e+00
0.000000000000000000e+00,0.000000000000000000e+00,6.292342185974121094e+00,5.246050357818603516e+00,1.889992141723632812e+01,1.381349468231201172e+01,0.000000000000000000e+00
1.359838390350341797e+01,0.000000000000000000e+00,2.988350677490234375e+01,2.780540275573730469e+01,1.005327510833740234e+01,4.970565319061279297e+00,0.000000000000000000e+00
2.596094322204589844e+01,0.000000000000000000e+00,4.606717681884765625e+01,4.965262985229492188e+01,2.283447027206420898e+00,0.000000000000000000e+00,0.000000000000000000e+00
1.287570762634277344e+01,0.000000000000000000e+00,2.852821731567382812e+01,2.519602394104003906e+01,5.771883964538574219e+00,1.603893399238586426e+00,0.000000000000000000e+00
2.945569229125976562e+01,3.320405721664428711e+00,5.414003753662109375e+01,6.004829406738281250e+01,0.000000000000000000e+00,0.000000000000000000e+00,0.000000000000000000e+00
1.547272109985351562e+01,0.000000000000000000e+00,3.101983261108398438e+01,2.953989410400390625e+01,3.712599515914916992e+00,1.511885076761245728e-01,0.000000000000000000e+00
1.063731765747070312e+01,0.000000000000000000e+00,2.445317840576171875e+01,2.340482902526855469e+01,1.204121685028076172e+01,6.872205734252929688e+00,0.000000000000000000e+00
1.874578475952148438e+01,0.000000000000000000e+00,4.230057525634765625e+01,3.948777008056640625e+01,0.000000000000000000e+00,0.000000000000000000e+00,0.000000000000000000e+00
2.098965454101562500e+01,0.000000000000000000e+00,4.531450653076171875e+01,4.477348327636718750e+01,0.000000000000000000e+00,0.000000000000000000e+00,0.000000000000000000e+00
2.710478973388671875e+01,2.441179990768432617e+00,5.121212768554687500e+01,5.506231307983398438e+01,0.000000000000000000e+00,0.000000000000000000e+00,0.000000000000000000e+00
1.734401512145996094e+01,0.000000000000000000e+00,3.797568130493164062e+01,3.542458343505859375e+01,3.118736028671264648e+00,0.000000000000000000e+00,0.000000000000000000e+00
1.205127429962158203e+01,0.000000000000000000e+00,2.789461135864257812e+01,2.544894790649414062e+01,9.833492279052734375e+00,5.029708862304687500e+00,0.000000000000000000e+00
3.288018941879272461e+00,0.000000000000000000e+00,1.283277988433837891e+01,9.518098831176757812e+00,1.614156532287597656e+01,1.218697166442871094e+01,0.000000000000000000e+00
2.227868080139160156e+01,0.000000000000000000e+00,4.046887207031250000e+01,4.280324172973632812e+01,6.196977615356445312e+00,0.000000000000000000e+00,0.000000000000000000e+00
2.803348159790039062e+01,0.000000000000000000e+00,5.154164886474609375e+01,5.427331161499023438e+01,6.226328015327453613e-01,0.000000000000000000e+00,0.000000000000000000e+00
0.000000000000000000e+00,0.000000000000000000e+00,0.000000000000000000e+00,5.690971374511718750e+00,3.398337936401367188e+01,2.211522293090820312e+01,0.000000000000000000e+00
0.000000000000000000e+00,0.000000000000000000e+00,1.339834451675415039e+00,3.904056549072265625e+00,2.173064041137695312e+01,1.424402046203613281e+01,0.000000000000000000e+00
1.797795867919921875e+01,3.172224164009094238e-01,3.702678680419921875e+01,3.540008163452148438e+01,7.370832562446594238e-01,0.000000000000000000e+00,0.000000000000000000e+00
3.193784713745117188e+00,0.000000000000000000e+00,1.771540832519531250e+01,1.905360603332519531e+01,1.994059944152832031e+01,9.796013832092285156e+00,0.000000000000000000e+00
2.437227058410644531e+01,0.000000000000000000e+00,5.001451110839843750e+01,5.270065689086914062e+01,0.000000000000000000e+00,0.000000000000000000e+00,0.000000000000000000e+00
2.164853858947753906e+01,0.000000000000000000e+00,4.721732711791992188e+01,4.709225845336914062e+01,0.000000000000000000e+00,0.000000000000000000e+00,0.000000000000000000e+00
2.059488677978515625e+01,0.000000000000000000e+00,4.011022186279296875e+01,4.231917572021484375e+01,0.000000000000000000e+00,0.000000000000000000e+00,0.000000000000000000e+00
2.341889572143554688e+01,6.793056130409240723e-01,4.752783966064453125e+01,4.652902603149414062e+01,0.000000000000000000e+00,0.000000000000000000e+00,0.000000000000000000e+00
1.645490646362304688e+01,0.000000000000000000e+00,3.820468521118164062e+01,3.512113189697265625e+01,1.387670278549194336e+00,0.000000000000000000e+00,0.000000000000000000e+00
1.711424636840820312e+01,0.000000000000000000e+00,3.536057281494140625e+01,3.438998794555664062e+01,1.544383764266967773e+00,0.000000000000000000e+00,0.000000000000000000e+00
2.008997344970703125e+01,0.000000000000000000e+00,3.587401580810546875e+01,3.949680709838867188e+01,3.345890760421752930e+00,0.000000000000000000e+00,0.000000000000000000e+00
3.444462203979492188e+01,0.000000000000000000e+00,6.111782073974609375e+01,6.636100769042968750e+01,0.000000000000000000e+00,0.000000000000000000e+00,0.000000000000000000e+00
1.763946914672851562e+01,0.000000000000000000e+00,3.391836929321289062e+01,3.227383804321289062e+01,5.866855621337890625e+00,9.063638746738433838e-02,0.000000000000000000e+00
2.374085235595703125e+01,1.091163903474807739e-01,4.902706146240234375e+01,4.876822280883789062e+01,0.000000000000000000e+00,0.000000000000000000e+00,0.000000000000000000e+00
1.728145790100097656e+01,0.000000000000000000e+00,3.391917800903320312e+01,3.501630401611328125e+01,9.401386260986328125e+00,2.291229486465454102e+00,0.000000000000000000e+00
3.385161209106445312e+01,2.592928886413574219e+00,6.501042175292968750e+01,7.126731109619140625e+01,0.000000000000000000e+00,0.000000000000000000e+00,0.000000000000000000e+00
1.069317436218261719e+01,0.000000000000000000e+00,2.240617370605468750e+01,2.151888465881347656e+01,1.888167142868041992e+00,0.000000000000000000e+00,0.000000000000000000e+00
2.192309379577636719e+01,0.000000000000000000e+00,4.314450073242187500e+01,4.382164382934570312e+01,4.059783935546875000e+00,0.000000000000000000e+00,0.000000000000000000e+00
5.832360458374023438e+01,5.001957893371582031e+00,1.074304275512695312e+02,1.134200897216796875e+02,0.000000000000000000e+00,0.000000000000000000e+00,0.000000000000000000e+00
1.844053649902343750e+01,0.000000000000000000e+00,3.729104614257812500e+01,3.759179687500000000e+01,4.596032142639160156e+00,0.000000000000000000e+00,0.000000000000000000e+00
2.190493011474609375e+01,0.000000000000000000e+00,4.753880310058593750e+01,4.499526596069335938e+01,0.000000000000000000e+00,0.000000000000000000e+00,0.000000000000000000e+00
1.716096115112304688e+01,0.000000000000000000e+00,3.499328994750976562e+01,3.454286956787109375e+01,8.401374816894531250e+00,1.639837384223937988e+00,0.000000000000000000e+00
2.046866226196289062e+01,0.000000000000000000e+00,4.753030776977539062e+01,4.476179122924804688e+01,3.493200063705444336e+00,0.000000000000000000e+00,0.000000000000000000e+00
4.985997676849365234e-01,0.000000000000000000e+00,7.357303142547607422e+00,7.018150329589843750e+00,2.817726898193359375e+01,1.979168891906738281e+01,0.000000000000000000e+00
0.000000000000000000e+00,0.000000000000000000e+00,0.000000000000000000e+00,3.730906963348388672e+00,3.115358352661132812e+01,2.100249290466308594e+01,0.000000000000000000e+00
0.000000000000000000e+00,0.000000000000000000e+00,5.205915451049804688e+00,8.945104598999023438e+00,4.155267333984375000e+01,2.735457801818847656e+01,0.000000000000000000e+00
0.000000000000000000e+00,0.000000000000000000e+00,0.000000000000000000e+00,7.153840065002441406e+00,5.075251770019531250e+01,3.309184265136718750e+01,0.000000000000000000e+00
0.000000000000000000e+00,0.000000000000000000e+00,7.148382067680358887e-02,6.110982894897460938e+00,4.013327407836914062e+01,2.685048866271972656e+01,0.000000000000000000e+00
0.000000000000000000e+00,0.000000000000000000e+00,5.501806259155273438e+00,5.391248703002929688e+00,3.819942092895507812e+01,2.688604927062988281e+01,0.000000000000000000e+00
0.000000000000000000e+00,0.000000000000000000e+00,0.000000000000000000e+00,7.867180824279785156e+00,4.601533889770507812e+01,2.924614143371582031e+01,0.000000000000000000e+00
0.000000000000000000e+00,0.000000000000000000e+00,2.779257059097290039e+00,6.867153167724609375e+00,4.736437225341796875e+01,3.181668472290039062e+01,0.000000000000000000e+00
0.000000000000000000e+00,0.000000000000000000e+00,3.777343928813934326e-01,6.610844612121582031e+00,4.675361251831054688e+01,3.083805465698242188e+01,0.000000000000000000e+00
1.100502490997314453e+01,0.000000000000000000e+00,2.134258079528808594e+01,2.655840682983398438e+01,1.040806579589843750e+01,1.282185196876525879e+00,0.000000000000000000e+00
5.397935104370117188e+01,2.932486534118652344e+00,8.765376281738281250e+01,1.097221832275390625e+02,0.000000000000000000e+00,0.000000000000000000e+00,0.000000000000000000e+00
3.405022430419921875e+01,2.435166358947753906e+00,5.504806518554687500e+01,6.497151184082031250e+01,0.000000000000000000e+00,0.000000000000000000e+00,0.000000000000000000e+00
0.000000000000000000e+00,0.000000000000000000e+00,6.537784576416015625e+00,1.005265808105468750e+01,4.513285827636718750e+01,2.947063636779785156e+01,0.000000000000000000e+00
0.000000000000000000e+00,0.000000000000000000e+00,2.983877360820770264e-01,6.601304054260253906e+00,3.876849746704101562e+01,2.509675788879394531e+01,0.000000000000000000e+00
0.000000000000000000e+00,0.000000000000000000e+00,1.893737077713012695e+00,5.816627502441406250e+00,4.365201950073242188e+01,2.945628547668457031e+01,0.000000000000000000e+00
0.000000000000000000e+00,0.000000000000000000e+00,0.000000000000000000e+00,5.977141380310058594e+00,5.019527053833007812e+01,3.243703079223632812e+01,0.000000000000000000e+00
0.000000000000000000e+00,0.000000000000000000e+00,0.000000000000000000e+00,6.838394165039062500e+00,5.752466583251953125e+01,3.712194442749023438e+01,0.000000000000000000e+00
0.000000000000000000e+00,0.000000000000000000e+00,4.637928962707519531e+00,5.059982299804687500e+00,4.398030471801757812e+01,3.088962936401367188e+01,0.000000000000000000e+00
0.000000000000000000e+00,0.000000000000000000e+00,3.345379114151000977e+00,5.927691459655761719e+00,4.655125808715820312e+01,3.203959274291992188e+01,0.000000000000000000e+00
0.000000000000000000e+00,0.000000000000000000e+00,0.000000000000000000e+00,8.690534591674804688e+00,5.504952621459960938e+01,3.573245239257812500e+01,0.000000000000000000e+00
0.000000000000000000e+00,0.000000000000000000e+00,3.842594385147094727e+00,6.997744560241699219e+00,4.228306198120117188e+01,2.901513290405273438e+01,0.000000000000000000e+00
1.022585773468017578e+01,0.000000000000000000e+00,2.427409744262695312e+01,2.178492164611816406e+01,1.335552024841308594e+01,8.890423774719238281e+00,0.000000000000000000e+00
2.477031517028808594e+01,0.000000000000000000e+00,4.396001052856445312e+01,4.808369445800781250e+01,1.242780447006225586e+00,0.000000000000000000e+00,0.000000000000000000e+00
1.456669139862060547e+01,0.000000000000000000e+00,3.177024841308593750e+01,2.967621803283691406e+01,1.010951709747314453e+01,4.843513488769531250e+00,0.000000000000000000e+00
1.829813385009765625e+01,0.000000000000000000e+00,3.427636718750000000e+01,3.575723648071289062e+01,1.134265613555908203e+01,3.612746953964233398e+00,0.000000000000000000e+00
1.315905666351318359e+01,0.000000000000000000e+00,3.093024063110351562e+01,2.630303382873535156e+01,8.469411849975585938e+00,4.500889778137207031e+00,0.000000000000000000e+00
2.073709869384765625e+01,4.119546711444854736e-02,4.275420379638671875e+01,4.136598587036132812e+01,7.398775219917297363e-01,0.000000000000000000e+00,0.000000000000000000e+00
1.107994747161865234e+01,0.000000000000000000e+00,2.436761474609375000e+01,2.253548622131347656e+01,3.317553281784057617e+00,4.062999784946441650e-02,0.000000000000000000e+00
1.358445835113525391e+01,0.000000000000000000e+00,2.741696929931640625e+01,2.624349021911621094e+01,3.385139226913452148e+00,0.000000000000000000e+00,0.000000000000000000e+00
1.159052944183349609e+01,0.000000000000000000e+00,2.277582168579101562e+01,2.343117523193359375e+01,6.881031990051269531e+00,2.356982469558715820e+00,0.000000000000000000e+00
1.766856002807617188e+01,0.000000000000000000e+00,3.409857177734375000e+01,3.560636520385742188e+01,1.069044399261474609e+01,2.842841386795043945e+00,0.000000000000000000e+00
4.236875915527343750e+01,0.000000000000000000e+00,7.666252899169921875e+01,8.107292175292968750e+01,1.489475011825561523e+00,0.000000000000000000e+00,0.000000000000000000e+00
3.501031494140625000e+01,8.070674538612365723e-01,6.259700012207031250e+01,6.686669158935546875e+01,0.000000000000000000e+00,0.000000000000000000e+00,0.000000000000000000e+00
5.029615783691406250e+01,3.503098487854003906e+00,9.196337890625000000e+01,1.023590698242187500e+02,0.000000000000000000e+00,0.000000000000000000e+00,0.000000000000000000e+00
2.507290649414062500e+01,3.005522727966308594e+00,4.515599060058593750e+01,5.198697280883789062e+01,0.000000000000000000e+00,0.000000000000000000e+00,0.000000000000000000e+00
2.831062889099121094e+01,0.000000000000000000e+00,6.123902130126953125e+01,6.242764663696289062e+01,0.000000000000000000e+00,0.000000000000000000e+00,0.000000000000000000e+00
3.092485618591308594e+01,2.853855609893798828e+00,5.687742233276367188e+01,6.116086196899414062e+01,0.000000000000000000e+00,0.000000000000000000e+00,0.000000000000000000e+00
5.031029510498046875e+01,5.935190677642822266e+00,9.183663940429687500e+01,1.043581237792968750e+02,0.000000000000000000e+00,0.000000000000000000e+00,0.000000000000000000e+00
2.792318153381347656e+01,2.460191994905471802e-01,5.906318664550781250e+01,5.780844879150390625e+01,0.000000000000000000e+00,0.000000000000000000e+00,0.000000000000000000e+00
1.605739593505859375e+01,0.000000000000000000e+00,3.115427398681640625e+01,3.240339279174804688e+01,2.996533155441284180e+00,0.000000000000000000e+00,0.000000000000000000e+00
1.121714496612548828e+01,0.000000000000000000e+00,2.198496246337890625e+01,2.192999839782714844e+01,2.203448057174682617e+00,0.000000000000000000e+00,0.000000000000000000e+00
4.407410144805908203e+00,0.000000000000000000e+00,1.235270404815673828e+01,1.229837989807128906e+01,1.465976142883300781e+01,8.392210960388183594e+00,0.000000000000000000e+00
1.586179828643798828e+01,0.000000000000000000e+00,3.008293533325195312e+01,3.105748367309570312e+01,5.218573570251464844e+00,0.000000000000000000e+00,0.000000000000000000e+00
9.999130249023437500e+00,0.000000000000000000e+00,2.335883522033691406e+01,2.200607681274414062e+01,1.286529541015625000e+01,7.482672691345214844e+00,0.000000000000000000e+00
0.000000000000000000e+00,0.000000000000000000e+00,0.000000000000000000e+00,3.979383945465087891e+00,2.659226226806640625e+01,1.717208290100097656e+01,0.000000000000000000e+00
6.768851280212402344e+00,0.000000000000000000e+00,1.768375968933105469e+01,1.672657775878906250e+01,1.657363128662109375e+01,1.125598049163818359e+01,0.000000000000000000e+00
2.492320060729980469e+01,0.000000000000000000e+00,5.085901641845703125e+01,4.981369400024414062e+01,4.352384567260742188e+00,0.000000000000000000e+00,0.000000000000000000e+00
1.772387886047363281e+01,0.000000000000000000e+00,3.439996719360351562e+01,3.770875930786132812e+01,6.459117889404296875e+00,9.476586580276489258e-01,0.000000000000000000e+00
1.693157196044921875e+01,0.000000000000000000e+00,3.582960891723632812e+01,3.324286651611328125e+01,1.083328008651733398e+00,0.000000000000000000e+00,0.000000000000000000e+00
1.366024494171142578e+01,0.000000000000000000e+00,2.871688461303710938e+01,2.801062202453613281e+01,2.001291036605834961e+00,0.000000000000000000e+00,0.000000000000000000e+00
1.938682746887207031e+01,0.000000000000000000e+00,3.703587722778320312e+01,3.986198425292968750e+01,0.000000000000000000e+00,0.000000000000000000e+00,0.000000000000000000e+00
2.007312011718750000e+01,0.000000000000000000e+00,3.740056991577148438e+01,4.231940841674804688e+01,2.534092664718627930e+00,0.000000000000000000e+00,0.000000000000000000e+00
8.389660835266113281e+00,0.000000000000000000e+00,2.143828582763671875e+01,1.994249153137207031e+01,1.598113536834716797e+01,1.150384807586669922e+01,0.000000000000000000e+00
1.008287429809570312e+01,0.000000000000000000e+00,2.509204483032226562e+01,2.180925941467285156e+01,1.161473655700683594e+01,6.907266139984130859e+00,0.000000000000000000e+00
2.864684581756591797e+00,0.000000000000000000e+00,1.172065830230712891e+01,1.007968044281005859e+01,1.831031036376953125e+01,1.311222362518310547e+01,0.000000000000000000e+00
1.304817390441894531e+01,0.000000000000000000e+00,2.401006507873535156e+01,2.638734626770019531e+01,3.669688940048217773e+00,0.000000000000000000e+00,0.000000000000000000e+00
4.035290527343750000e+01,0.000000000000000000e+00,6.943400573730468750e+01,7.660195159912109375e+01,5.875082015991210938e+00,0.000000000000000000e+00,0.000000000000000000e+00
3.065777587890625000e+01,0.000000000000000000e+00,6.047958374023437500e+01,5.987363815307617188e+01,1.705934286117553711e+00,0.000000000000000000e+00,0.000000000000000000e+00
4.779309844970703125e+01,2.224196910858154297e+00,8.718897247314453125e+01,9.239699554443359375e+01,0.000000000000000000e+00,0.000000000000000000e+00,0.000000000000000000e+00
2.461855888366699219e+01,2.449427396059036255e-01,4.963413238525390625e+01,5.105861282348632812e+01,0.000000000000000000e+00,0.000000000000000000e+00,0.000000000000000000e+00
1.306820869445800781e+01,0.000000000000000000e+00,3.336978149414062500e+01,2.938619041442871094e+01,1.112011623382568359e+01,6.362725257873535156e+00,0.000000000000000000e+00
2.554081344604492188e+01,3.346493840217590332e-01,4.970390319824218750e+01,5.200049972534179688e+01,0.000000000000000000e+00,0.000000000000000000e+00,0.000000000000000000e+00
1.940565109252929688e+01,0.000000000000000000e+00,4.380808639526367188e+01,4.311713409423828125e+01,0.000000000000000000e+00,0.000000000000000000e+00,0.000000000000000000e+00
9.672949790954589844e+00,0.000000000000000000e+00,2.452130317687988281e+01,2.126110267639160156e+01,1.258439064025878906e+01,7.615473747253417969e+00,0.000000000000000000e+00
4.376207828521728516e+00,0.000000000000000000e+00,1.662193489074707031e+01,1.201531505584716797e+01,1.357389163970947266e+01,9.504032135009765625e+00,0.000000000000000000e+00
1.584156322479248047e+01,0.000000000000000000e+00,3.291496276855468750e+01,3.111590385437011719e+01,2.524776220321655273e+00,0.000000000000000000e+00,0.000000000000000000e+00
7.674908161163330078e+00,0.000000000000000000e+00,1.828397750854492188e+01,1.649240303039550781e+01,8.145280838012695312e+00,4.044776439666748047e+00,0.000000000000000000e+00
5.346384525299072266e+00,0.000000000000000000e+00,1.656342887878417969e+01,1.304329681396484375e+01,1.613991546630859375e+01,1.135535335540771484e+01,0.000000000000000000e+00
1.878658676147460938e+01,0.000000000000000000e+00,3.614583587646484375e+01,3.960896682739257812e+01,7.259385108947753906e+00,8.352748155593872070e-01,0.000000000000000000e+00
8.061448097229003906e+00,0.000000000000000000e+00,1.707879638671875000e+01,1.684237098693847656e+01,6.857957363128662109e+00,3.013611078262329102e+00,0.000000000000000000e+00
0.000000000000000000e+00,0.000000000000000000e+00,7.155234813690185547e+00,3.652248382568359375e+00,2.898848915100097656e+01,2.059927558898925781e+01,0.000000000000000000e+00
2.452827453613281250e+01,1.196968674659729004e+00,4.824475097656250000e+01,5.089588928222656250e+01,0.000000000000000000e+00,0.000000000000000000e+00,0.000000000000000000e+00
1.685670471191406250e+01,0.000000000000000000e+00,3.205689239501953125e+01,3.309804916381835938e+01,3.072450757026672363e-01,0.000000000000000000e+00,0.000000000000000000e+00
2.044390678405761719e+01,0.000000000000000000e+00,4.168578338623046875e+01,4.087505722045898438e+01,2.097115707397460938e+01,1.148690605163574219e+01,0.000000000000000000e+00
1.432780742645263672e+01,0.000000000000000000e+00,3.074065208435058594e+01,2.894754600524902344e+01,2.566272497177124023e+00,0.000000000000000000e+00,0.000000000000000000e+00
1.318727207183837891e+01,0.000000000000000000e+00,2.804690933227539062e+01,2.785739707946777344e+01,4.286857604980468750e+00,6.067758798599243164e-01,0.000000000000000000e+00
2.294372558593750000e+01,5.438855290412902832e-01,4.698081970214843750e+01,4.559004592895507812e+01,0.000000000000000000e+00,0.000000000000000000e+00,0.000000000000000000e+00
1.885421752929687500e+01,0.000000000000000000e+00,3.897306442260742188e+01,3.941253662109375000e+01,0.000000000000000000e+00,0.000000000000000000e+00,0.000000000000000000e+00
2.541594696044921875e+01,5.518968403339385986e-02,5.164710998535156250e+01,5.077038192749023438e+01,0.000000000000000000e+00,0.000000000000000000e+00,0.000000000000000000e+00
1.009009647369384766e+01,0.000000000000000000e+00,2.507258605957031250e+01,2.193743896484375000e+01,6.429501056671142578e+00,3.742396831512451172e+00,0.000000000000000000e+00
2.726940917968750000e+01,0.000000000000000000e+00,5.037670135498046875e+01,5.340223312377929688e+01,4.732053875923156738e-01,0.000000000000000000e+00,0.000000000000000000e+00
3.823746109008789062e+01,0.000000000000000000e+00,6.825531768798828125e+01,7.223747253417968750e+01,2.472268819808959961e+00,0.000000000000000000e+00,0.000000000000000000e+00
2.043535041809082031e+01,0.000000000000000000e+00,3.472514343261718750e+01,3.927938842773437500e+01,6.472597122192382812e+00,0.000000000000000000e+00,0.000000000000000000e+00
1.783025360107421875e+01,0.000000000000000000e+00,3.260289001464843750e+01,3.489088058471679688e+01,5.573795318603515625e+00,6.138907670974731445e-01,0.000000000000000000e+00
1.692461013793945312e+01,0.000000000000000000e+00,3.556150817871093750e+01,3.609563064575195312e+01,3.396409749984741211e+00,0.000000000000000000e+00,0.000000000000000000e+00
1.883774375915527344e+01,0.000000000000000000e+00,3.968770599365234375e+01,3.738050842285156250e+01,2.421062231063842773e+00,0.000000000000000000e+00,0.000000000000000000e+00
1.877749443054199219e+01,0.000000000000000000e+00,3.899712753295898438e+01,3.837456130981445312e+01,0.000000000000000000e+00,0.000000000000000000e+00,0.000000000000000000e+00
1.386749172210693359e+01,0.000000000000000000e+00,3.086569213867187500e+01,2.968273735046386719e+01,3.262950658798217773e+00,0.000000000000000000e+00,0.000000000000000000e+00
1.591041469573974609e+01,0.000000000000000000e+00,3.487104797363281250e+01,3.427216720581054688e+01,2.737456083297729492e+00,0.000000000000000000e+00,0.000000000000000000e+00
8.406580924987792969e+00,0.000000000000000000e+00,1.743975067138671875e+01,1.830493927001953125e+01,1.019689750671386719e+01,4.724545478820800781e+00,0.000000000000000000e+00
9.650251865386962891e-01,0.000000000000000000e+00,8.680727958679199219e+00,8.949426651000976562e+00,4.015217971801757812e+01,2.813359260559082031e+01,0.000000000000000000e+00
1.845735740661621094e+01,0.000000000000000000e+00,3.738298034667968750e+01,3.745674896240234375e+01,1.129731464385986328e+01,4.776124000549316406e+00,0.000000000000000000e+00
3.156030845642089844e+01,0.000000000000000000e+00,5.467717742919921875e+01,5.958491134643554688e+01,6.235805511474609375e+00,0.000000000000000000e+00,0.000000000000000000e+00
0.000000000000000000e+00,0.000000000000000000e+00,2.681063890457153320e+00,1.035610198974609375e+01,2.934789085388183594e+01,1.750336265563964844e+01,0.000000000000000000e+00
0.000000000000000000e+00,0.000000000000000000e+00,0.000000000000000000e+00,7.015161991119384766e+00,4.127547073364257812e+01,2.592212486267089844e+01,0.000000000000000000e+00
0.000000000000000000e+00,0.000000000000000000e+00,1.571323573589324951e-01,7.866248130798339844e+00,4.896364212036132812e+01,3.173607826232910156e+01,0.000000000000000000e+00
0.000000000000000000e+00,0.000000000000000000e+00,2.353816270828247070e+00,6.889561653137207031e+00,4.319403457641601562e+01,2.882427787780761719e+01,0.000000000000000000e+00
0.000000000000000000e+00,0.000000000000000000e+00,1.332812547683715820e+00,6.605459213256835938e+00,4.587851333618164062e+01,3.067480087280273438e+01,0.000000000000000000e+00
0.000000000000000000e+00,0.000000000000000000e+00,1.695015132427215576e-01,6.988775253295898438e+00,4.700858688354492188e+01,3.105573844909667969e+01,0.000000000000000000e+00
0.000000000000000000e+00,0.000000000000000000e+00,2.756473720073699951e-01,6.924705505371093750e+00,4.796042633056640625e+01,3.183296775817871094e+01,0.000000000000000000e+00
0.000000000000000000e+00,0.000000000000000000e+00,0.000000000000000000e+00,7.487832069396972656e+00,5.366669082641601562e+01,3.430183410644531250e+01,0.000000000000000000e+00
0.000000000000000000e+00,0.000000000000000000e+00,2.494443178176879883e+00,6.585280418395996094e+00,4.317895889282226562e+01,2.890653038024902344e+01,0.000000000000000000e+00
0.000000000000000000e+00,0.000000000000000000e+00,1.546376466751098633e+00,8.314492225646972656e+00,4.665384292602539062e+01,3.023496818542480469e+01,0.000000000000000000e+00
3.045006179809570312e+01,0.000000000000000000e+00,4.909694671630859375e+01,5.867302322387695312e+01,1.842240142822265625e+01,4.553710222244262695e-01,0.000000000000000000e+00
