0.000000000000000000e+00,2.981322109699249268e-01,0.000000000000000000e+00,2.038522481918334961e+00,0.000000000000000000e+00,0.000000000000000000e+00,0.000000000000000000e+00,6.027664661407470703e+00
0.000000000000000000e+00,1.761072874069213867e+00,0.000000000000000000e+00,3.526947736740112305e+00,0.000000000000000000e+00,1.265595078468322754e+00,0.000000000000000000e+00,0.000000000000000000e+00
0.000000000000000000e+00,1.365547180175781250e+00,0.000000000000000000e+00,3.050713300704956055e+00,0.000000000000000000e+00,3.886883974075317383e+00,0.000000000000000000e+00,0.000000000000000000e+00
0.000000000000000000e+00,1.507877349853515625e+00,0.000000000000000000e+00,2.946863412857055664e+00,0.000000000000000000e+00,4.418890953063964844e+00,0.000000000000000000e+00,0.000000000000000000e+00
0.000000000000000000e+00,1.033560514450073242e+00,0.000000000000000000e+00,3.655326843261718750e+00,0.000000000000000000e+00,2.739334821701049805e+00,0.000000000000000000e+00,0.000000000000000000e+00
0.000000000000000000e+00,1.348209142684936523e+00,0.000000000000000000e+00,3.009877920150756836e+00,0.000000000000000000e+00,3.872755765914916992e+00,0.000000000000000000e+00,0.000000000000000000e+00
0.000000000000000000e+00,1.473489046096801758e+00,0.000000000000000000e+00,2.922671079635620117e+00,0.000000000000000000e+00,4.383556842803955078e+00,0.000000000000000000e+00,0.000000000000000000e+00
0.000000000000000000e+00,1.139708757400512695e+00,0.000000000000000000e+00,3.417502403259277344e+00,0.000000000000000000e+00,3.190008878707885742e+00,0.000000000000000000e+00,0.000000000000000000e+00
0.000000000000000000e+00,1.615926027297973633e+00,0.000000000000000000e+00,2.693475246429443359e+00,0.000000000000000000e+00,4.703273773193359375e+00,0.000000000000000000e+00,0.000000000000000000e+00
0.000000000000000000e+00,1.090043902397155762e+00,0.000000000000000000e+00,3.299523353576660156e+00,0.000000000000000000e+00,3.437200784683227539e+00,0.000000000000000000e+00,0.000000000000000000e+00
0.000000000000000000e+00,1.313254117965698242e+00,0.000000000000000000e+00,2.946839809417724609e+00,0.000000000000000000e+00,4.087385177612304688e+00,0.000000000000000000e+00,0.000000000000000000e+00
0.000000000000000000e+00,3.556815624237060547e+00,0.000000000000000000e+00,3.774964570999145508e+00,0.000000000000000000e+00,0.000000000000000000e+00,0.000000000000000000e+00,1.040336370468139648e+00
0.000000000000000000e+00,2.208762168884277344e+00,2.329273700714111328e+00,0.000000000000000000e+00,0.000000000000000000e+00,5.151775360107421875e+00,0.000000000000000000e+00,0.000000000000000000e+00
0.000000000000000000e+00,3.183671712875366211e+00,3.857833147048950195e+00,0.000000000000000000e+00,0.000000000000000000e+00,6.407530903816223145e-01,0.000000000000000000e+00,9.315338134765625000e-01
0.000000000000000000e+00,9.752280712127685547e-01,3.192456960678100586e+00,0.000000000000000000e+00,0.000000000000000000e+00,3.715349674224853516e+00,6.527175903320312500e-01,0.000000000000000000e+00
0.000000000000000000e+00,0.000000000000000000e+00,2.910651445388793945e+00,0.000000000000000000e+00,0.000000000000000000e+00,0.000000000000000000e+00,1.293489336967468262e+00,1.964969635009765625e+00
0.000000000000000000e+00,0.000000000000000000e+00,3.927810490131378174e-01,0.000000000000000000e+00,0.000000000000000000e+00,2.254095792770385742e+00,4.032715320587158203e+00,0.000000000000000000e+00
0.000000000000000000e+00,0.000000000000000000e+00,1.436687946319580078e+00,0.000000000000000000e+00,0.000000000000000000e+00,0.000000000000000000e+00,3.450523614883422852e+00,2.165524959564208984e+00
0.000000000000000000e+00,0.000000000000000000e+00,3.147308826446533203e+00,0.000000000000000000e+00,0.000000000000000000e+00,1.659841656684875488e+00,2.455472946166992188e+00,0.000000000000000000e+00
0.000000000000000000e+00,2.386960685253143311e-01,3.420677423477172852e+00,0.000000000000000000e+00,0.000000000000000000e+00,2.196282625198364258e+00,2.576331198215484619e-01,0.000000000000000000e+00
0.000000000000000000e+00,1.710298657417297363e-02,3.253510475158691406e+00,0.000000000000000000e+00,0.000000000000000000e+00,0.000000000000000000e+00,0.000000000000000000e+00,2.882300138473510742e+00
0.000000000000000000e+00,0.000000000000000000e+00,0.000000000000000000e+00,1.275055050849914551e+00,0.000000000000000000e+00,0.000000000000000000e+00,2.518734455108642578e+00,1.169514894485473633e+00
0.000000000000000000e+00,2.445347309112548828e+00,0.000000000000000000e+00,4.740467548370361328e+00,0.000000000000000000e+00,0.000000000000000000e+00,0.000000000000000000e+00,3.125676155090332031e+00
0.000000000000000000e+00,8.782863616943359375e-01,0.000000000000000000e+00,2.847392082214355469e+00,0.000000000000000000e+00,0.000000000000000000e+00,1.995255589485168457e+00,2.885485172271728516e+00
0.000000000000000000e+00,3.779428601264953613e-01,4.205137193202972412e-01,0.000000000000000000e+00,0.000000000000000000e+00,3.975234031677246094e+00,1.554127693176269531e+00,0.000000000000000000e+00
0.000000000000000000e+00,0.000000000000000000e+00,0.000000000000000000e+00,1.855637729167938232e-01,0.000000000000000000e+00,1.659123539924621582e+00,3.768079280853271484e+00,0.000000000000000000e+00
0.000000000000000000e+00,0.000000000000000000e+00,3.830122649669647217e-01,0.000000000000000000e+00,0.000000000000000000e+00,0.000000000000000000e+00,4.163775444030761719e+00,8.021095991134643555e-01
0.000000000000000000e+00,0.000000000000000000e+00,2.125057220458984375e+00,0.000000000000000000e+00,0.000000000000000000e+00,0.000000000000000000e+00,3.247772693634033203e+00,2.684366703033447266e+00
0.000000000000000000e+00,4.025178253650665283e-01,4.182943820953369141e+00,0.000000000000000000e+00,0.000000000000000000e+00,0.000000000000000000e+00,5.174139142036437988e-02,3.410658240318298340e-02
0.000000000000000000e+00,7.478836774826049805e-01,4.164628028869628906e+00,0.000000000000000000e+00,0.000000000000000000e+00,0.000000000000000000e+00,0.000000000000000000e+00,2.380514383316040039e+00
0.000000000000000000e+00,0.000000000000000000e+00,2.968429088592529297e+00,0.000000000000000000e+00,0.000000000000000000e+00,2.435559511184692383e+00,2.354412317276000977e+00,0.000000000000000000e+00
0.000000000000000000e+00,0.000000000000000000e+00,8.687872886657714844e-01,0.000000000000000000e+00,0.000000000000000000e+00,0.000000000000000000e+00,4.666492938995361328e+00,0.000000000000000000e+00
0.000000000000000000e+00,0.000000000000000000e+00,0.000000000000000000e+00,0.000000000000000000e+00,0.000000000000000000e+00,2.217552423477172852e+00,4.038215637207031250e+00,0.000000000000000000e+00
0.000000000000000000e+00,0.000000000000000000e+00,5.919660329818725586e-01,0.000000000000000000e+00,0.000000000000000000e+00,0.000000000000000000e+00,4.050031185150146484e+00,0.000000000000000000e+00
0.000000000000000000e+00,0.000000000000000000e+00,0.000000000000000000e+00,1.420365273952484131e-01,0.000000000000000000e+00,0.000000000000000000e+00,3.493561267852783203e+00,0.000000000000000000e+00
0.000000000000000000e+00,2.676562070846557617e+00,0.000000000000000000e+00,4.323835849761962891e+00,0.000000000000000000e+00,0.000000000000000000e+00,0.000000000000000000e+00,3.082835197448730469e+00
0.000000000000000000e+00,3.610836267471313477e+00,0.000000000000000000e+00,2.509369134902954102e+00,0.000000000000000000e+00,1.252296686172485352e+00,0.000000000000000000e+00,0.000000000000000000e+00
0.000000000000000000e+00,1.764473021030426025e-01,3.759560585021972656e+00,0.000000000000000000e+00,0.000000000000000000e+00,3.794218778610229492e+00,9.617036581039428711e-01,0.000000000000000000e+00
0.000000000000000000e+00,1.293031692504882812e+00,4.117101192474365234e+00,0.000000000000000000e+00,0.000000000000000000e+00,0.000000000000000000e+00,0.000000000000000000e+00,5.652171373367309570e-01
0.000000000000000000e+00,2.103556394577026367e+00,4.163908481597900391e+00,0.000000000000000000e+00,0.000000000000000000e+00,0.000000000000000000e+00,0.000000000000000000e+00,2.435625314712524414e+00
0.000000000000000000e+00,5.805689096450805664e-01,4.573478698730468750e+00,0.000000000000000000e+00,0.000000000000000000e+00,8.983530998229980469e-01,6.978043317794799805e-01,0.000000000000000000e+00
0.000000000000000000e+00,0.000000000000000000e+00,0.000000000000000000e+00,0.000000000000000000e+00,0.000000000000000000e+00,3.309713602066040039e+00,4.187224864959716797e+00,0.000000000000000000e+00
0.000000000000000000e+00,0.000000000000000000e+00,0.000000000000000000e+00,2.202036082744598389e-01,0.000000000000000000e+00,3.175729513168334961e+00,4.403310775756835938e+00,0.000000000000000000e+00
0.000000000000000000e+00,0.000000000000000000e+00,1.911339402198791504e+00,0.000000000000000000e+00,0.000000000000000000e+00,4.990183115005493164e-01,3.791836738586425781e+00,0.000000000000000000e+00
0.000000000000000000e+00,0.000000000000000000e+00,3.960381507873535156e+00,0.000000000000000000e+00,0.000000000000000000e+00,0.000000000000000000e+00,2.131591081619262695e+00,1.855838596820831299e-01
0.000000000000000000e+00,7.416095733642578125e-01,3.996868610382080078e+00,0.000000000000000000e+00,0.000000000000000000e+00,0.000000000000000000e+00,0.000000000000000000e+00,3.905872404575347900e-01
0.000000000000000000e+00,0.000000000000000000e+00,0.000000000000000000e+00,4.357855021953582764e-01,0.000000000000000000e+00,0.000000000000000000e+00,2.041993618011474609e+00,1.143381953239440918e+00
0.000000000000000000e+00,0.000000000000000000e+00,0.000000000000000000e+00,1.002919197082519531e+00,0.000000000000000000e+00,6.830132007598876953e-01,1.564556360244750977e+00,3.858443200588226318e-01
0.000000000000000000e+00,0.000000000000000000e+00,0.000000000000000000e+00,1.584311127662658691e+00,0.000000000000000000e+00,3.338720083236694336e+00,1.498247146606445312e+00,0.000000000000000000e+00
0.000000000000000000e+00,0.000000000000000000e+00,1.581138253211975098e+00,0.000000000000000000e+00,0.000000000000000000e+00,3.047736406326293945e+00,2.340271234512329102e+00,0.000000000000000000e+00
0.000000000000000000e+00,0.000000000000000000e+00,0.000000000000000000e+00,3.963155448436737061e-01,0.000000000000000000e+00,0.000000000000000000e+00,3.666937828063964844e+00,2.531279087066650391e+00
0.000000000000000000e+00,0.000000000000000000e+00,3.000560522079467773e+00,0.000000000000000000e+00,0.000000000000000000e+00,0.000000000000000000e+00,1.292736411094665527e+00,2.248574256896972656e+00
0.000000000000000000e+00,0.000000000000000000e+00,3.865622520446777344e+00,0.000000000000000000e+00,0.000000000000000000e+00,0.000000000000000000e+00,1.185110449790954590e+00,3.187313079833984375e+00
0.000000000000000000e+00,2.633711397647857666e-01,4.472179412841796875e+00,0.000000000000000000e+00,0.000000000000000000e+00,2.976322412490844727e+00,7.408634424209594727e-01,0.000000000000000000e+00
0.000000000000000000e+00,0.000000000000000000e+00,1.712798237800598145e+00,0.000000000000000000e+00,0.000000000000000000e+00,0.000000000000000000e+00,2.650277853012084961e+00,2.228932857513427734e+00
0.000000000000000000e+00,0.000000000000000000e+00,8.812669515609741211e-01,0.000000000000000000e+00,0.000000000000000000e+00,0.000000000000000000e+00,4.786829471588134766e+00,0.000000000000000000e+00
0.000000000000000000e+00,0.000000000000000000e+00,4.473347365856170654e-01,0.000000000000000000e+00,0.000000000000000000e+00,0.000000000000000000e+00,4.110192298889160156e+00,7.315087318420410156e-01
0.000000000000000000e+00,0.000000000000000000e+00,1.415703773498535156e+00,0.000000000000000000e+00,0.000000000000000000e+00,0.000000000000000000e+00,2.962005853652954102e+00,1.474521160125732422e+00
0.000000000000000000e+00,0.000000000000000000e+00,2.082588195800781250e+00,0.000000000000000000e+00,0.000000000000000000e+00,0.000000000000000000e+00,1.776003956794738770e+00,3.554173946380615234e+00
0.000000000000000000e+00,3.029419660568237305e+00,0.000000000000000000e+00,2.837801456451416016e+00,0.000000000000000000e+00,0.000000000000000000e+00,0.000000000000000000e+00,2.107295036315917969e+00
0.000000000000000000e+00,3.351451158523559570e+00,0.000000000000000000e+00,4.168955802917480469e+00,0.000000000000000000e+00,0.000000000000000000e+00,0.000000000000000000e+00,2.363329648971557617e+00
0.000000000000000000e+00,3.032439708709716797e+00,1.880005002021789551e+00,1.050184726715087891e+00,0.000000000000000000e+00,0.000000000000000000e+00,0.000000000000000000e+00,2.886080741882324219e+00
0.000000000000000000e+00,1.136379539966583252e-01,3.555810451507568359e+00,0.000000000000000000e+00,0.000000000000000000e+00,1.980581283569335938e+00,5.370692014694213867e-01,0.000000000000000000e+00
0.000000000000000000e+00,1.937857866287231445e+00,4.600879669189453125e+00,0.000000000000000000e+00,0.000000000000000000e+00,2.100614458322525024e-01,0.000000000000000000e+00,1.409718096256256104e-01
0.000000000000000000e+00,0.000000000000000000e+00,3.873205661773681641e+00,0.000000000000000000e+00,0.000000000000000000e+00,1.075611710548400879e+00,2.930649816989898682e-01,0.000000000000000000e+00
0.000000000000000000e+00,2.290346384048461914e+00,4.144503593444824219e+00,0.000000000000000000e+00,0.000000000000000000e+00,0.000000000000000000e+00,0.000000000000000000e+00,2.139980792999267578e+00
0.000000000000000000e+00,8.345901966094970703e-01,5.586701393127441406e+00,0.000000000000000000e+00,0.000000000000000000e+00,9.546976089477539062e-01,5.035944581031799316e-01,0.000000000000000000e+00
0.000000000000000000e+00,0.000000000000000000e+00,3.047070264816284180e+00,0.000000000000000000e+00,0.000000000000000000e+00,0.000000000000000000e+00,1.497862219810485840e+00,2.587338447570800781e+00
0.000000000000000000e+00,0.000000000000000000e+00,0.000000000000000000e+00,3.891915082931518555e-03,0.000000000000000000e+00,2.165263652801513672e+00,4.316593647003173828e+00,0.000000000000000000e+00
0.000000000000000000e+00,0.000000000000000000e+00,0.000000000000000000e+00,3.541285693645477295e-01,0.000000000000000000e+00,1.301645398139953613e+00,4.315540790557861328e+00,0.000000000000000000e+00
0.000000000000000000e+00,0.000000000000000000e+00,3.315389752388000488e-01,0.000000000000000000e+00,0.000000000000000000e+00,2.073749780654907227e+00,3.168536186218261719e+00,0.000000000000000000e+00
0.000000000000000000e+00,2.044732272624969482e-01,4.694014787673950195e-01,0.000000000000000000e+00,0.000000000000000000e+00,8.804125785827636719e-01,1.697524070739746094e+00,0.000000000000000000e+00
0.000000000000000000e+00,3.662489891052246094e+00,0.000000000000000000e+00,3.078804731369018555e+00,0.000000000000000000e+00,0.000000000000000000e+00,0.000000000000000000e+00,0.000000000000000000e+00
0.000000000000000000e+00,3.279498100280761719e+00,0.000000000000000000e+00,4.357630729675292969e+00,0.000000000000000000e+00,0.000000000000000000e+00,0.000000000000000000e+00,2.259958505630493164e+00
0.000000000000000000e+00,3.346350193023681641e+00,2.393464326858520508e+00,9.457699060440063477e-01,0.000000000000000000e+00,0.000000000000000000e+00,0.000000000000000000e+00,3.195636987686157227e+00
0.000000000000000000e+00,3.118474781513214111e-01,3.680067539215087891e+00,0.000000000000000000e+00,0.000000000000000000e+00,7.476271688938140869e-02,0.000000000000000000e+00,2.553502619266510010e-01
0.000000000000000000e+00,1.637036085128784180e+00,4.908504009246826172e+00,0.000000000000000000e+00,0.000000000000000000e+00,1.020543098449707031e+00,0.000000000000000000e+00,0.000000000000000000e+00
0.000000000000000000e+00,0.000000000000000000e+00,3.765803337097167969e+00,0.000000000000000000e+00,0.000000000000000000e+00,0.000000000000000000e+00,9.877132177352905273e-01,7.896104454994201660e-02
0.000000000000000000e+00,0.000000000000000000e+00,3.927557945251464844e+00,0.000000000000000000e+00,0.000000000000000000e+00,0.000000000000000000e+00,2.544982671737670898e+00,8.505520820617675781e-01
0.000000000000000000e+00,0.000000000000000000e+00,0.000000000000000000e+00,0.000000000000000000e+00,0.000000000000000000e+00,2.993660688400268555e+00,3.945270061492919922e+00,0.000000000000000000e+00
0.000000000000000000e+00,0.000000000000000000e+00,1.350055813789367676e+00,0.000000000000000000e+00,0.000000000000000000e+00,2.262125730514526367e+00,3.318654537200927734e+00,0.000000000000000000e+00
0.000000000000000000e+00,0.000000000000000000e+00,3.403290033340454102e+00,0.000000000000000000e+00,0.000000000000000000e+00,4.160672426223754883e-01,3.329073905944824219e+00,0.000000000000000000e+00
0.000000000000000000e+00,8.064997196197509766e-01,3.454000473022460938e+00,0.000000000000000000e+00,0.000000000000000000e+00,0.000000000000000000e+00,5.665293335914611816e-02,1.886396527290344238e+00
0.000000000000000000e+00,1.762703657150268555e+00,3.640482187271118164e+00,0.000000000000000000e+00,0.000000000000000000e+00,1.048475027084350586e+00,0.000000000000000000e+00,0.000000000000000000e+00
0.000000000000000000e+00,1.930300951004028320e+00,0.000000000000000000e+00,4.225008010864257812e+00,0.000000000000000000e+00,1.046398878097534180e+00,0.000000000000000000e+00,0.000000000000000000e+00
0.000000000000000000e+00,4.489319324493408203e+00,1.234504282474517822e-01,2.984882831573486328e+00,0.000000000000000000e+00,0.000000000000000000e+00,0.000000000000000000e+00,2.815134823322296143e-01
0.000000000000000000e+00,1.259569168090820312e+00,0.000000000000000000e+00,3.261666536331176758e+00,0.000000000000000000e+00,3.253580331802368164e+00,0.000000000000000000e+00,0.000000000000000000e+00
0.000000000000000000e+00,1.307850480079650879e+00,0.000000000000000000e+00,3.090337753295898438e+00,0.000000000000000000e+00,3.285778522491455078e+00,0.000000000000000000e+00,0.000000000000000000e+00
0.000000000000000000e+00,3.846437454223632812e+00,0.000000000000000000e+00,3.309857845306396484e+00,0.000000000000000000e+00,0.000000000000000000e+00,0.000000000000000000e+00,0.000000000000000000e+00
0.000000000000000000e+00,3.332960367202758789e+00,0.000000000000000000e+00,2.723540544509887695e+00,0.000000000000000000e+00,0.000000000000000000e+00,0.000000000000000000e+00,0.000000000000000000e+00
0.000000000000000000e+00,4.213276863098144531e+00,0.000000000000000000e+00,3.477397918701171875e+00,0.000000000000000000e+00,0.000000000000000000e+00,0.000000000000000000e+00,1.208746731281280518e-01
0.000000000000000000e+00,3.834213495254516602e+00,0.000000000000000000e+00,4.062050819396972656e+00,0.000000000000000000e+00,0.000000000000000000e+00,0.000000000000000000e+00,1.947229146957397461e+00
0.000000000000000000e+00,0.000000000000000000e+00,1.952029168605804443e-01,0.000000000000000000e+00,0.000000000000000000e+00,0.000000000000000000e+00,0.000000000000000000e+00,7.542560100555419922e+00
0.000000000000000000e+00,0.000000000000000000e+00,1.778698921203613281e+00,0.000000000000000000e+00,0.000000000000000000e+00,0.000000000000000000e+00,0.000000000000000000e+00,7.676896572113037109e+00
0.000000000000000000e+00,6.119296550750732422e-01,0.000000000000000000e+00,3.244033336639404297e+00,0.000000000000000000e+00,0.000000000000000000e+00,0.000000000000000000e+00,5.052285671234130859e+00
0.000000000000000000e+00,8.552825450897216797e-01,0.000000000000000000e+00,3.503674507141113281e+00,0.000000000000000000e+00,2.798331022262573242e+00,0.000000000000000000e+00,0.000000000000000000e+00
0.000000000000000000e+00,8.366327285766601562e-01,0.000000000000000000e+00,3.523175477981567383e+00,0.000000000000000000e+00,2.921139478683471680e+00,0.000000000000000000e+00,0.000000000000000000e+00
0.000000000000000000e+00,9.475355148315429688e-01,0.000000000000000000e+00,3.412791013717651367e+00,0.000000000000000000e+00,3.054463624954223633e+00,0.000000000000000000e+00,0.000000000000000000e+00
0.000000000000000000e+00,1.801129817962646484e+00,0.000000000000000000e+00,2.813348293304443359e+00,0.000000000000000000e+00,2.774852514266967773e+00,0.000000000000000000e+00,0.000000000000000000e+00
0.000000000000000000e+00,3.713988780975341797e+00,5.298843383789062500e-01,2.020239114761352539e+00,0.000000000000000000e+00,1.450866699218750000e+00,0.000000000000000000e+00,0.000000000000000000e+00
0.000000000000000000e+00,9.097387790679931641e-01,0.000000000000000000e+00,3.532445430755615234e+00,0.000000000000000000e+00,2.754361391067504883e+00,0.000000000000000000e+00,0.000000000000000000e+00
0.000000000000000000e+00,1.112798094749450684e+00,0.000000000000000000e+00,3.645932674407958984e+00,0.000000000000000000e+00,2.254801034927368164e+00,0.000000000000000000e+00,0.000000000000000000e+00
0.000000000000000000e+00,1.449567079544067383e+00,0.000000000000000000e+00,2.832303524017333984e+00,0.000000000000000000e+00,4.150443553924560547e+00,0.000000000000000000e+00,0.000000000000000000e+00
0.000000000000000000e+00,1.567662477493286133e+00,0.000000000000000000e+00,2.684715747833251953e+00,0.000000000000000000e+00,4.411078453063964844e+00,0.000000000000000000e+00,0.000000000000000000e+00
0.000000000000000000e+00,1.698172330856323242e+00,0.000000000000000000e+00,2.419933080673217773e+00,0.000000000000000000e+00,4.692438602447509766e+00,0.000000000000000000e+00,0.000000000000000000e+00
0.000000000000000000e+00,3.298162698745727539e+00,0.000000000000000000e+00,4.300510883331298828e+00,0.000000000000000000e+00,0.000000000000000000e+00,0.000000000000000000e+00,2.036471843719482422e+00
0.000000000000000000e+00,1.814480066299438477e+00,1.867629408836364746e+00,0.000000000000000000e+00,0.000000000000000000e+00,5.745987415313720703e+00,0.000000000000000000e+00,0.000000000000000000e+00
0.000000000000000000e+00,0.000000000000000000e+00,5.619635581970214844e-01,0.000000000000000000e+00,0.000000000000000000e+00,0.000000000000000000e+00,3.036049127578735352e+00,0.000000000000000000e+00
0.000000000000000000e+00,0.000000000000000000e+00,1.251402795314788818e-01,1.207461118698120117e+00,0.000000000000000000e+00,0.000000000000000000e+00,3.803442001342773438e+00,3.501550912857055664e+00
0.000000000000000000e+00,0.000000000000000000e+00,0.000000000000000000e+00,1.071542024612426758e+00,0.000000000000000000e+00,0.000000000000000000e+00,4.321503639221191406e+00,3.926648855209350586e+00
0.000000000000000000e+00,0.000000000000000000e+00,2.961221933364868164e+00,0.000000000000000000e+00,0.000000000000000000e+00,0.000000000000000000e+00,2.656048297882080078e+00,4.324134349822998047e+00
0.000000000000000000e+00,0.000000000000000000e+00,2.433791637420654297e+00,0.000000000000000000e+00,0.000000000000000000e+00,0.000000000000000000e+00,5.142996311187744141e-01,3.160781145095825195e+00
0.000000000000000000e+00,0.000000000000000000e+00,3.169547080993652344e+00,0.000000000000000000e+00,0.000000000000000000e+00,0.000000000000000000e+00,1.093874096870422363e+00,3.764124870300292969e+00
0.000000000000000000e+00,1.171984195709228516e+00,4.093623638153076172e+00,0.000000000000000000e+00,0.000000000000000000e+00,0.000000000000000000e+00,0.000000000000000000e+00,2.561687707901000977e+00
0.000000000000000000e+00,0.000000000000000000e+00,3.443654775619506836e+00,0.000000000000000000e+00,0.000000000000000000e+00,2.882564544677734375e+00,2.005039453506469727e+00,0.000000000000000000e+00
0.000000000000000000e+00,0.000000000000000000e+00,3.125945031642913818e-01,0.000000000000000000e+00,0.000000000000000000e+00,0.000000000000000000e+00,4.720366954803466797e+00,7.330286502838134766e-01
0.000000000000000000e+00,0.000000000000000000e+00,0.000000000000000000e+00,7.359501123428344727e-01,0.000000000000000000e+00,1.050096392631530762e+00,4.128846168518066406e+00,0.000000000000000000e+00
0.000000000000000000e+00,1.186664581298828125e+00,0.000000000000000000e+00,3.416963100433349609e+00,0.000000000000000000e+00,1.720456600189208984e+00,0.000000000000000000e+00,0.000000000000000000e+00
0.000000000000000000e+00,3.091490507125854492e+00,0.000000000000000000e+00,3.689141273498535156e+00,0.000000000000000000e+00,0.000000000000000000e+00,0.000000000000000000e+00,1.535064578056335449e+00
0.000000000000000000e+00,2.158342838287353516e+00,3.233866691589355469e+00,0.000000000000000000e+00,0.000000000000000000e+00,9.357442855834960938e-01,3.291764557361602783e-01,0.000000000000000000e+00
0.000000000000000000e+00,0.000000000000000000e+00,1.098773598670959473e+00,0.000000000000000000e+00,0.000000000000000000e+00,0.000000000000000000e+00,3.718413829803466797e+00,3.507376909255981445e+00
0.000000000000000000e+00,0.000000000000000000e+00,1.426798820495605469e+00,0.000000000000000000e+00,0.000000000000000000e+00,0.000000000000000000e+00,2.620923042297363281e+00,6.897629499435424805e-01
0.000000000000000000e+00,0.000000000000000000e+00,3.318287849426269531e+00,0.000000000000000000e+00,0.000000000000000000e+00,0.000000000000000000e+00,2.800211429595947266e+00,2.083724021911621094e+00
0.000000000000000000e+00,0.000000000000000000e+00,3.039166927337646484e+00,0.000000000000000000e+00,0.000000000000000000e+00,0.000000000000000000e+00,1.877919435501098633e-01,2.196084499359130859e+00
0.000000000000000000e+00,5.545802116394042969e-01,4.054923534393310547e+00,0.000000000000000000e+00,0.000000000000000000e+00,0.000000000000000000e+00,0.000000000000000000e+00,1.325069069862365723e+00
0.000000000000000000e+00,0.000000000000000000e+00,5.084316253662109375e+00,0.000000000000000000e+00,0.000000000000000000e+00,6.998804807662963867e-01,2.326343536376953125e+00,0.000000000000000000e+00
0.000000000000000000e+00,0.000000000000000000e+00,2.187999248504638672e+00,0.000000000000000000e+00,0.000000000000000000e+00,0.000000000000000000e+00,3.731883525848388672e+00,1.870826125144958496e+00
0.000000000000000000e+00,0.000000000000000000e+00,1.063890218734741211e+00,0.000000000000000000e+00,0.000000000000000000e+00,0.000000000000000000e+00,3.461550235748291016e+00,1.727759122848510742e+00
0.000000000000000000e+00,0.000000000000000000e+00,2.939620733261108398e+00,0.000000000000000000e+00,0.000000000000000000e+00,0.000000000000000000e+00,3.620110988616943359e+00,0.000000000000000000e+00
0.000000000000000000e+00,3.757534503936767578e+00,1.752177774906158447e-01,2.346857786178588867e+00,0.000000000000000000e+00,3.394164443016052246e-01,0.000000000000000000e+00,0.000000000000000000e+00
0.000000000000000000e+00,1.357325315475463867e+00,0.000000000000000000e+00,3.201976776123046875e+00,0.000000000000000000e+00,1.885819315910339355e+00,0.000000000000000000e+00,0.000000000000000000e+00
0.000000000000000000e+00,1.528612494468688965e+00,0.000000000000000000e+00,2.025095462799072266e+00,0.000000000000000000e+00,3.893184661865234375e+00,0.000000000000000000e+00,0.000000000000000000e+00
0.000000000000000000e+00,1.523728847503662109e+00,3.370226383209228516e+00,0.000000000000000000e+00,0.000000000000000000e+00,4.138754367828369141e+00,3.020190298557281494e-01,0.000000000000000000e+00
0.000000000000000000e+00,4.360976517200469971e-01,3.138689994812011719e+00,0.000000000000000000e+00,0.000000000000000000e+00,0.000000000000000000e+00,2.032867074012756348e-02,1.985478043556213379e+00
0.000000000000000000e+00,0.000000000000000000e+00,3.142110824584960938e+00,0.000000000000000000e+00,0.000000000000000000e+00,0.000000000000000000e+00,0.000000000000000000e+00,3.858872413635253906e+00
0.000000000000000000e+00,3.721187412738800049e-01,5.156941890716552734e+00,0.000000000000000000e+00,0.000000000000000000e+00,0.000000000000000000e+00,4.542409479618072510e-01,3.227383852005004883e+00
0.000000000000000000e+00,0.000000000000000000e+00,5.028991699218750000e+00,0.000000000000000000e+00,0.000000000000000000e+00,0.000000000000000000e+00,3.989183902740478516e+00,2.827556431293487549e-01
0.000000000000000000e+00,0.000000000000000000e+00,0.000000000000000000e+00,0.000000000000000000e+00,0.000000000000000000e+00,2.802107572555541992e+00,4.065351009368896484e+00,0.000000000000000000e+00
0.000000000000000000e+00,0.000000000000000000e+00,0.000000000000000000e+00,0.000000000000000000e+00,0.000000000000000000e+00,2.237714052200317383e+00,4.133006572723388672e+00,0.000000000000000000e+00
0.000000000000000000e+00,0.000000000000000000e+00,2.475180625915527344e+00,0.000000000000000000e+00,0.000000000000000000e+00,0.000000000000000000e+00,2.769194126129150391e+00,2.848501443862915039e+00
0.000000000000000000e+00,0.000000000000000000e+00,2.928026199340820312e+00,0.000000000000000000e+00,0.000000000000000000e+00,0.000000000000000000e+00,7.527467608451843262e-02,3.402167558670043945e+00
0.000000000000000000e+00,9.554222226142883301e-02,2.239521026611328125e+00,0.000000000000000000e+00,0.000000000000000000e+00,1.641860157251358032e-01,1.587635755538940430e+00,0.000000000000000000e+00
0.000000000000000000e+00,2.348311424255371094e+00,0.000000000000000000e+00,4.780924797058105469e+00,0.000000000000000000e+00,0.000000000000000000e+00,0.000000000000000000e+00,3.908763408660888672e+00
0.000000000000000000e+00,9.189369678497314453e-01,0.000000000000000000e+00,3.056540489196777344e+00,0.000000000000000000e+00,0.000000000000000000e+00,1.722664713859558105e+00,3.287822246551513672e+00
0.000000000000000000e+00,5.064400196075439453e+00,2.264931917190551758e+00,1.295739293098449707e+00,0.000000000000000000e+00,4.670111835002899170e-01,0.000000000000000000e+00,6.381200551986694336e-01
0.000000000000000000e+00,6.906664371490478516e-01,3.772151947021484375e+00,0.000000000000000000e+00,0.000000000000000000e+00,0.000000000000000000e+00,3.975908756256103516e-01,2.195450663566589355e-02
0.000000000000000000e+00,0.000000000000000000e+00,2.680959701538085938e+00,0.000000000000000000e+00,0.000000000000000000e+00,0.000000000000000000e+00,1.691424131393432617e+00,3.111457109451293945e+00
0.000000000000000000e+00,0.000000000000000000e+00,8.479429483413696289e-01,0.000000000000000000e+00,0.000000000000000000e+00,0.000000000000000000e+00,4.828589439392089844e+00,0.000000000000000000e+00
0.000000000000000000e+00,0.000000000000000000e+00,1.077743768692016602e+00,0.000000000000000000e+00,0.000000000000000000e+00,2.323194891214370728e-01,4.988737106323242188e+00,0.000000000000000000e+00
0.000000000000000000e+00,0.000000000000000000e+00,7.795847654342651367e-01,0.000000000000000000e+00,0.000000000000000000e+00,2.878107786178588867e+00,3.626512527465820312e+00,0.000000000000000000e+00
0.000000000000000000e+00,0.000000000000000000e+00,3.040745258331298828e+00,0.000000000000000000e+00,0.000000000000000000e+00,1.233653426170349121e+00,1.652775108814239502e-01,0.000000000000000000e+00
0.000000000000000000e+00,1.100004196166992188e+00,3.806019544601440430e+00,0.000000000000000000e+00,0.000000000000000000e+00,2.570986747741699219e+00,1.992103457450866699e-02,0.000000000000000000e+00
0.000000000000000000e+00,0.000000000000000000e+00,4.976427078247070312e+00,0.000000000000000000e+00,0.000000000000000000e+00,4.786006212234497070e-01,2.705559730529785156e+00,0.000000000000000000e+00
0.000000000000000000e+00,1.167929530143737793e+00,3.310516595840454102e+00,0.000000000000000000e+00,0.000000000000000000e+00,0.000000000000000000e+00,0.000000000000000000e+00,2.021659374237060547e+00
0.000000000000000000e+00,0.000000000000000000e+00,0.000000000000000000e+00,1.532949209213256836e+00,0.000000000000000000e+00,3.446874618530273438e-01,2.184560775756835938e+00,4.946558773517608643e-01
0.000000000000000000e+00,3.067814350128173828e+00,0.000000000000000000e+00,3.986165285110473633e+00,0.000000000000000000e+00,0.000000000000000000e+00,0.000000000000000000e+00,1.731797575950622559e+00
0.000000000000000000e+00,3.026531696319580078e+00,1.367114484310150146e-01,1.998811602592468262e+00,0.000000000000000000e+00,1.700640469789505005e-01,0.000000000000000000e+00,0.000000000000000000e+00
0.000000000000000000e+00,2.034448385238647461e+00,5.670636892318725586e-03,1.736991524696350098e+00,0.000000000000000000e+00,4.606066226959228516e+00,0.000000000000000000e+00,0.000000000000000000e+00
0.000000000000000000e+00,0.000000000000000000e+00,3.197033166885375977e+00,0.000000000000000000e+00,0.000000000000000000e+00,2.658653974533081055e+00,3.964771747589111328e+00,0.000000000000000000e+00
0.000000000000000000e+00,0.000000000000000000e+00,1.472590684890747070e+00,0.000000000000000000e+00,0.000000000000000000e+00,0.000000000000000000e+00,3.595018863677978516e+00,2.253575325012207031e+00
0.000000000000000000e+00,0.000000000000000000e+00,0.000000000000000000e+00,0.000000000000000000e+00,0.000000000000000000e+00,2.733781576156616211e+00,4.272653579711914062e+00,0.000000000000000000e+00
0.000000000000000000e+00,0.000000000000000000e+00,0.000000000000000000e+00,0.000000000000000000e+00,0.000000000000000000e+00,2.716361284255981445e+00,4.433583736419677734e+00,0.000000000000000000e+00
0.000000000000000000e+00,0.000000000000000000e+00,2.705306410789489746e-01,0.000000000000000000e+00,0.000000000000000000e+00,2.338579416275024414e+00,3.878185033798217773e+00,0.000000000000000000e+00
0.000000000000000000e+00,3.069026768207550049e-01,2.982563734054565430e+00,0.000000000000000000e+00,0.000000000000000000e+00,4.805530607700347900e-02,7.476998567581176758e-01,0.000000000000000000e+00
0.000000000000000000e+00,9.570032358169555664e-01,4.111336231231689453e+00,0.000000000000000000e+00,0.000000000000000000e+00,0.000000000000000000e+00,0.000000000000000000e+00,7.603029012680053711e-01
0.000000000000000000e+00,8.812276124954223633e-01,5.310485839843750000e+00,0.000000000000000000e+00,0.000000000000000000e+00,1.158292770385742188e+00,2.368566393852233887e-01,0.000000000000000000e+00
0.000000000000000000e+00,0.000000000000000000e+00,3.489565849304199219e+00,0.000000000000000000e+00,0.000000000000000000e+00,2.336758613586425781e+00,7.660799026489257812e-01,0.000000000000000000e+00
0.000000000000000000e+00,0.000000000000000000e+00,0.000000000000000000e+00,1.000669240951538086e+00,0.000000000000000000e+00,1.754855871200561523e+00,2.832154273986816406e+00,0.000000000000000000e+00
0.000000000000000000e+00,8.288025856018066406e-01,0.000000000000000000e+00,3.308964252471923828e+00,0.000000000000000000e+00,0.000000000000000000e+00,1.993290901184082031e+00,2.988412380218505859e+00
0.000000000000000000e+00,1.219089746475219727e+00,1.459976583719253540e-01,1.608050107955932617e+00,0.000000000000000000e+00,0.000000000000000000e+00,7.445822954177856445e-01,1.429461479187011719e+00
0.000000000000000000e+00,3.963900327682495117e+00,2.048919439315795898e+00,7.505854368209838867e-01,0.000000000000000000e+00,6.928557157516479492e-01,0.000000000000000000e+00,0.000000000000000000e+00
0.000000000000000000e+00,3.627455472946166992e+00,3.274720907211303711e+00,1.149792373180389404e-01,0.000000000000000000e+00,0.000000000000000000e+00,0.000000000000000000e+00,2.511940956115722656e+00
0.000000000000000000e+00,9.957020282745361328e-01,3.577559947967529297e+00,0.000000000000000000e+00,0.000000000000000000e+00,0.000000000000000000e+00,0.000000000000000000e+00,3.309343338012695312e+00
0.000000000000000000e+00,0.000000000000000000e+00,2.114544153213500977e+00,0.000000000000000000e+00,0.000000000000000000e+00,0.000000000000000000e+00,4.494255542755126953e+00,1.464369595050811768e-01
0.000000000000000000e+00,0.000000000000000000e+00,0.000000000000000000e+00,0.000000000000000000e+00,0.000000000000000000e+00,2.923619508743286133e+00,4.265514373779296875e+00,0.000000000000000000e+00
0.000000000000000000e+00,0.000000000000000000e+00,1.894934058189392090e+00,0.000000000000000000e+00,0.000000000000000000e+00,0.000000000000000000e+00,4.018085956573486328e+00,7.825908064842224121e-02
0.000000000000000000e+00,0.000000000000000000e+00,2.984450101852416992e+00,0.000000000000000000e+00,0.000000000000000000e+00,0.000000000000000000e+00,1.914846897125244141e+00,0.000000000000000000e+00
0.000000000000000000e+00,0.000000000000000000e+00,4.224057674407958984e+00,0.000000000000000000e+00,0.000000000000000000e+00,0.000000000000000000e+00,2.400835990905761719e+00,0.000000000000000000e+00
0.000000000000000000e+00,0.000000000000000000e+00,3.370255470275878906e+00,0.000000000000000000e+00,0.000000000000000000e+00,5.090957283973693848e-01,1.499700546264648438e-01,0.000000000000000000e+00
0.000000000000000000e+00,3.238679647445678711e+00,4.049453735351562500e+00,0.000000000000000000e+00,0.000000000000000000e+00,0.000000000000000000e+00,0.000000000000000000e+00,2.750597000122070312e+00
0.000000000000000000e+00,0.000000000000000000e+00,3.685711860656738281e+00,0.000000000000000000e+00,0.000000000000000000e+00,9.877135753631591797e-01,1.610899925231933594e+00,0.000000000000000000e+00
0.000000000000000000e+00,1.762462735176086426e+00,0.000000000000000000e+00,2.965844631195068359e+00,0.000000000000000000e+00,1.807139992713928223e+00,0.000000000000000000e+00,0.000000000000000000e+00
0.000000000000000000e+00,3.229567050933837891e+00,0.000000000000000000e+00,3.093570232391357422e+00,0.000000000000000000e+00,2.472733110189437866e-01,0.000000000000000000e+00,0.000000000000000000e+00
0.000000000000000000e+00,1.213251829147338867e+00,0.000000000000000000e+00,3.168030023574829102e+00,0.000000000000000000e+00,3.192552089691162109e+00,0.000000000000000000e+00,0.000000000000000000e+00
0.000000000000000000e+00,1.260771751403808594e+00,0.000000000000000000e+00,3.125132799148559570e+00,0.000000000000000000e+00,3.348455905914306641e+00,0.000000000000000000e+00,0.000000000000000000e+00
0.000000000000000000e+00,1.513997912406921387e+00,0.000000000000000000e+00,2.681279659271240234e+00,0.000000000000000000e+00,4.009753227233886719e+00,0.000000000000000000e+00,0.000000000000000000e+00
0.000000000000000000e+00,1.254396080970764160e+00,0.000000000000000000e+00,3.409893989562988281e+00,0.000000000000000000e+00,2.998944997787475586e+00,0.000000000000000000e+00,0.000000000000000000e+00
0.000000000000000000e+00,1.218133926391601562e+00,0.000000000000000000e+00,3.281599283218383789e+00,0.000000000000000000e+00,3.201301336288452148e+00,0.000000000000000000e+00,0.000000000000000000e+00
0.000000000000000000e+00,1.930210232734680176e+00,0.000000000000000000e+00,2.000291347503662109e+00,0.000000000000000000e+00,4.951533317565917969e+00,0.000000000000000000e+00,0.000000000000000000e+00
0.000000000000000000e+00,0.000000000000000000e+00,0.000000000000000000e+00,7.315833568572998047e-01,0.000000000000000000e+00,0.000000000000000000e+00,0.000000000000000000e+00,6.190174579620361328e+00
0.000000000000000000e+00,0.000000000000000000e+00,4.223330914974212646e-01,0.000000000000000000e+00,0.000000000000000000e+00,0.000000000000000000e+00,0.000000000000000000e+00,7.654266834259033203e+00
0.000000000000000000e+00,0.000000000000000000e+00,0.000000000000000000e+00,9.114525318145751953e-01,0.000000000000000000e+00,0.000000000000000000e+00,0.000000000000000000e+00,6.860367298126220703e+00
0.000000000000000000e+00,4.606058895587921143e-01,0.000000000000000000e+00,2.579675197601318359e+00,0.000000000000000000e+00,0.000000000000000000e+00,0.000000000000000000e+00,4.759490489959716797e+00
0.000000000000000000e+00,9.888833761215209961e-01,0.000000000000000000e+00,3.364513397216796875e+00,0.000000000000000000e+00,2.574368476867675781e+00,0.000000000000000000e+00,0.000000000000000000e+00
0.000000000000000000e+00,1.927037239074707031e+00,0.000000000000000000e+00,4.200225353240966797e+00,0.000000000000000000e+00,5.061825513839721680e-01,0.000000000000000000e+00,3.038494884967803955e-01
0.000000000000000000e+00,3.140481710433959961e+00,0.000000000000000000e+00,3.682929754257202148e+00,0.000000000000000000e+00,0.000000000000000000e+00,0.000000000000000000e+00,1.682294964790344238e+00
0.000000000000000000e+00,9.840911626815795898e-01,0.000000000000000000e+00,3.565439701080322266e+00,0.000000000000000000e+00,2.679147958755493164e+00,0.000000000000000000e+00,0.000000000000000000e+00
0.000000000000000000e+00,1.430522918701171875e+00,0.000000000000000000e+00,2.784129858016967773e+00,0.000000000000000000e+00,3.957605838775634766e+00,0.000000000000000000e+00,0.000000000000000000e+00
0.000000000000000000e+00,1.172812581062316895e+00,0.000000000000000000e+00,3.367718935012817383e+00,0.000000000000000000e+00,3.245855093002319336e+00,0.000000000000000000e+00,0.000000000000000000e+00
0.000000000000000000e+00,1.084110498428344727e+00,0.000000000000000000e+00,3.390945196151733398e+00,0.000000000000000000e+00,3.145076513290405273e+00,0.000000000000000000e+00,0.000000000000000000e+00
0.000000000000000000e+00,1.261328101158142090e+00,0.000000000000000000e+00,3.045288562774658203e+00,0.000000000000000000e+00,3.720861196517944336e+00,0.000000000000000000e+00,0.000000000000000000e+00
0.000000000000000000e+00,9.983221292495727539e-01,0.000000000000000000e+00,3.643038272857666016e+00,0.000000000000000000e+00,2.799705743789672852e+00,0.000000000000000000e+00,0.000000000000000000e+00
0.000000000000000000e+00,1.621735334396362305e+00,0.000000000000000000e+00,2.902016162872314453e+00,0.000000000000000000e+00,3.941177845001220703e+00,0.000000000000000000e+00,0.000000000000000000e+00
0.000000000000000000e+00,2.748596906661987305e+00,1.325430512428283691e+00,9.775123596191406250e-01,0.000000000000000000e+00,2.962131261825561523e+00,0.000000000000000000e+00,4.736031591892242432e-01
0.000000000000000000e+00,2.767657279968261719e+00,4.377967834472656250e+00,0.000000000000000000e+00,0.000000000000000000e+00,5.141601562500000000e+00,0.000000000000000000e+00,0.000000000000000000e+00
0.000000000000000000e+00,0.000000000000000000e+00,3.992630958557128906e+00,0.000000000000000000e+00,0.000000000000000000e+00,2.021934747695922852e+00,7.788600325584411621e-01,0.000000000000000000e+00
0.000000000000000000e+00,0.000000000000000000e+00,3.325208663940429688e+00,0.000000000000000000e+00,0.000000000000000000e+00,0.000000000000000000e+00,1.937565445899963379e+00,4.656544327735900879e-02
0.000000000000000000e+00,0.000000000000000000e+00,1.695667386054992676e+00,0.000000000000000000e+00,0.000000000000000000e+00,0.000000000000000000e+00,4.535480976104736328e+00,0.000000000000000000e+00
0.000000000000000000e+00,0.000000000000000000e+00,9.343016147613525391e-01,0.000000000000000000e+00,0.000000000000000000e+00,0.000000000000000000e+00,4.433929443359375000e+00,0.000000000000000000e+00
0.000000000000000000e+00,0.000000000000000000e+00,6.074800491333007812e-01,2.760908007621765137e-02,0.000000000000000000e+00,0.000000000000000000e+00,3.852452516555786133e+00,2.363607645034790039e+00
0.000000000000000000e+00,0.000000000000000000e+00,2.452419519424438477e+00,0.000000000000000000e+00,0.000000000000000000e+00,0.000000000000000000e+00,1.644832015037536621e+00,3.608543395996093750e+00
0.000000000000000000e+00,3.231521129608154297e+00,3.013028144836425781e+00,5.023321509361267090e-02,0.000000000000000000e+00,0.000000000000000000e+00,0.000000000000000000e+00,2.381329774856567383e+00
0.000000000000000000e+00,5.749858617782592773e-01,7.065250873565673828e-01,2.129947841167449951e-01,0.000000000000000000e+00,8.784293532371520996e-01,1.492361187934875488e+00,5.657795667648315430e-01
0.000000000000000000e+00,3.260729789733886719e+00,0.000000000000000000e+00,3.668430566787719727e+00,0.000000000000000000e+00,0.000000000000000000e+00,0.000000000000000000e+00,1.230169177055358887e+00
0.000000000000000000e+00,3.379846811294555664e+00,0.000000000000000000e+00,3.301953077316284180e+00,0.000000000000000000e+00,0.000000000000000000e+00,0.000000000000000000e+00,4.420252144336700439e-01
0.000000000000000000e+00,2.068905532360076904e-01,1.524969696998596191e+00,0.000000000000000000e+00,0.000000000000000000e+00,0.000000000000000000e+00,0.000000000000000000e+00,3.396567344665527344e+00
0.000000000000000000e+00,0.000000000000000000e+00,2.826317310333251953e+00,0.000000000000000000e+00,0.000000000000000000e+00,1.334819316864013672e+00,2.026849985122680664e+00,0.000000000000000000e+00
0.000000000000000000e+00,0.000000000000000000e+00,1.444169044494628906e+00,0.000000000000000000e+00,0.000000000000000000e+00,0.000000000000000000e+00,5.055531024932861328e+00,0.000000000000000000e+00
0.000000000000000000e+00,0.000000000000000000e+00,7.190377712249755859e-01,0.000000000000000000e+00,0.000000000000000000e+00,0.000000000000000000e+00,4.693613052368164062e+00,1.492948532104492188e+00
0.000000000000000000e+00,0.000000000000000000e+00,2.730631828308105469e+00,0.000000000000000000e+00,0.000000000000000000e+00,0.000000000000000000e+00,3.574335336685180664e+00,2.025815248489379883e+00
0.000000000000000000e+00,0.000000000000000000e+00,3.499273300170898438e+00,0.000000000000000000e+00,0.000000000000000000e+00,0.000000000000000000e+00,8.540573120117187500e-01,2.740269660949707031e+00
0.000000000000000000e+00,0.000000000000000000e+00,4.289212226867675781e+00,0.000000000000000000e+00,0.000000000000000000e+00,0.000000000000000000e+00,1.829435944557189941e+00,2.916094779968261719e+00
0.000000000000000000e+00,2.640359699726104736e-01,3.891949653625488281e+00,0.000000000000000000e+00,0.000000000000000000e+00,0.000000000000000000e+00,6.707552075386047363e-02,2.685323238372802734e+00
0.000000000000000000e+00,0.000000000000000000e+00,2.723447084426879883e+00,0.000000000000000000e+00,0.000000000000000000e+00,0.000000000000000000e+00,2.160736083984375000e+00,3.797482967376708984e+00
0.000000000000000000e+00,0.000000000000000000e+00,0.000000000000000000e+00,1.279891431331634521e-01,0.000000000000000000e+00,3.333260297775268555e+00,4.480565547943115234e+00,0.000000000000000000e+00
0.000000000000000000e+00,0.000000000000000000e+00,0.000000000000000000e+00,6.387420892715454102e-01,0.000000000000000000e+00,1.514434814453125000e+00,3.517808198928833008e+00,0.000000000000000000e+00
0.000000000000000000e+00,2.849263906478881836e+00,0.000000000000000000e+00,2.861783742904663086e+00,0.000000000000000000e+00,0.000000000000000000e+00,0.000000000000000000e+00,8.554732799530029297e-01
0.000000000000000000e+00,4.055251121520996094e+00,5.614165067672729492e-01,1.987085819244384766e+00,0.000000000000000000e+00,9.429222345352172852e-01,0.000000000000000000e+00,0.000000000000000000e+00
0.000000000000000000e+00,0.000000000000000000e+00,3.208165645599365234e+00,0.000000000000000000e+00,0.000000000000000000e+00,0.000000000000000000e+00,2.848770141601562500e+00,3.760162830352783203e+00
0.000000000000000000e+00,0.000000000000000000e+00,2.881911993026733398e+00,0.000000000000000000e+00,0.000000000000000000e+00,0.000000000000000000e+00,9.712424278259277344e-01,2.471602916717529297e+00
0.000000000000000000e+00,0.000000000000000000e+00,5.122599124908447266e+00,0.000000000000000000e+00,0.000000000000000000e+00,1.141547113656997681e-01,3.303275346755981445e+00,0.000000000000000000e+00
0.000000000000000000e+00,3.337506353855133057e-01,4.505848884582519531e+00,0.000000000000000000e+00,0.000000000000000000e+00,2.508865594863891602e-01,7.129171490669250488e-02,0.000000000000000000e+00
0.000000000000000000e+00,5.991957187652587891e-01,5.223125457763671875e+00,0.000000000000000000e+00,0.000000000000000000e+00,9.776932001113891602e-01,0.000000000000000000e+00,0.000000000000000000e+00
0.000000000000000000e+00,0.000000000000000000e+00,3.664482831954956055e+00,0.000000000000000000e+00,0.000000000000000000e+00,3.697078704833984375e+00,1.219049096107482910e+00,0.000000000000000000e+00
0.000000000000000000e+00,0.000000000000000000e+00,1.868806719779968262e+00,0.000000000000000000e+00,0.000000000000000000e+00,0.000000000000000000e+00,3.311173200607299805e+00,2.413431167602539062e+00
0.000000000000000000e+00,0.000000000000000000e+00,0.000000000000000000e+00,0.000000000000000000e+00,0.000000000000000000e+00,1.987385511398315430e+00,4.473687648773193359e+00,0.000000000000000000e+00
0.000000000000000000e+00,0.000000000000000000e+00,0.000000000000000000e+00,0.000000000000000000e+00,0.000000000000000000e+00,2.744741678237915039e+00,3.969071626663208008e+00,0.000000000000000000e+00
0.000000000000000000e+00,0.000000000000000000e+00,1.025092363357543945e+00,0.000000000000000000e+00,0.000000000000000000e+00,0.000000000000000000e+00,5.375150203704833984e+00,0.000000000000000000e+00
0.000000000000000000e+00,5.228681564331054688e-01,6.360179185867309570e-01,1.187352061271667480e+00,0.000000000000000000e+00,0.000000000000000000e+00,4.292016327381134033e-01,2.732726097106933594e+00
0.000000000000000000e+00,1.424653291702270508e+00,0.000000000000000000e+00,2.884085893630981445e+00,0.000000000000000000e+00,3.636679887771606445e+00,0.000000000000000000e+00,0.000000000000000000e+00
0.000000000000000000e+00,2.955844640731811523e+00,0.000000000000000000e+00,3.569350481033325195e+00,0.000000000000000000e+00,0.000000000000000000e+00,0.000000000000000000e+00,2.100941896438598633e+00
0.000000000000000000e+00,0.000000000000000000e+00,2.899996995925903320e+00,0.000000000000000000e+00,0.000000000000000000e+00,0.000000000000000000e+00,5.192403793334960938e-01,4.437744140625000000e+00
0.000000000000000000e+00,0.000000000000000000e+00,2.835945606231689453e+00,0.000000000000000000e+00,0.000000000000000000e+00,0.000000000000000000e+00,0.000000000000000000e+00,2.963628530502319336e+00
0.000000000000000000e+00,1.898639798164367676e+00,4.436987400054931641e+00,0.000000000000000000e+00,0.000000000000000000e+00,0.000000000000000000e+00,0.000000000000000000e+00,4.933594763278961182e-01
0.000000000000000000e+00,5.977296829223632812e-01,5.066469192504882812e+00,0.000000000000000000e+00,0.000000000000000000e+00,2.516241073608398438e+00,5.877130031585693359e-01,0.000000000000000000e+00
0.000000000000000000e+00,8.071726560592651367e-01,4.091988563537597656e+00,0.000000000000000000e+00,0.000000000000000000e+00,0.000000000000000000e+00,0.000000000000000000e+00,1.912600636482238770e+00
0.000000000000000000e+00,0.000000000000000000e+00,3.634974956512451172e+00,0.000000000000000000e+00,0.000000000000000000e+00,1.596773862838745117e+00,2.619782686233520508e+00,0.000000000000000000e+00
0.000000000000000000e+00,0.000000000000000000e+00,1.482927918434143066e+00,0.000000000000000000e+00,0.000000000000000000e+00,0.000000000000000000e+00,4.313940048217773438e+00,0.000000000000000000e+00
0.000000000000000000e+00,0.000000000000000000e+00,1.132955849170684814e-01,0.000000000000000000e+00,0.000000000000000000e+00,3.386854887008666992e+00,4.309882164001464844e+00,0.000000000000000000e+00
0.000000000000000000e+00,0.000000000000000000e+00,0.000000000000000000e+00,0.000000000000000000e+00,0.000000000000000000e+00,3.151874303817749023e+00,4.192524433135986328e+00,0.000000000000000000e+00
0.000000000000000000e+00,0.000000000000000000e+00,5.191665887832641602e-02,0.000000000000000000e+00,0.000000000000000000e+00,2.526472806930541992e+00,3.938027620315551758e+00,0.000000000000000000e+00
0.000000000000000000e+00,2.791520357131958008e+00,0.000000000000000000e+00,2.955483436584472656e+00,0.000000000000000000e+00,0.000000000000000000e+00,0.000000000000000000e+00,1.397501587867736816e+00
0.000000000000000000e+00,4.081167697906494141e+00,5.810883641242980957e-01,1.825711250305175781e+00,0.000000000000000000e+00,7.269595861434936523e-01,0.000000000000000000e+00,0.000000000000000000e+00
0.000000000000000000e+00,2.566198348999023438e+00,0.000000000000000000e+00,3.240554809570312500e+00,0.000000000000000000e+00,0.000000000000000000e+00,0.000000000000000000e+00,1.184158921241760254e+00
0.000000000000000000e+00,8.212585449218750000e-01,4.126523017883300781e+00,0.000000000000000000e+00,0.000000000000000000e+00,0.000000000000000000e+00,0.000000000000000000e+00,3.282874107360839844e+00
0.000000000000000000e+00,0.000000000000000000e+00,4.066721439361572266e+00,0.000000000000000000e+00,0.000000000000000000e+00,1.362827181816101074e+00,7.547252178192138672e-01,0.000000000000000000e+00
0.000000000000000000e+00,0.000000000000000000e+00,3.556953668594360352e+00,0.000000000000000000e+00,0.000000000000000000e+00,0.000000000000000000e+00,0.000000000000000000e+00,2.805136442184448242e+00
0.000000000000000000e+00,0.000000000000000000e+00,4.624976158142089844e+00,0.000000000000000000e+00,0.000000000000000000e+00,1.987124919891357422e+00,2.851899862289428711e+00,0.000000000000000000e+00
0.000000000000000000e+00,0.000000000000000000e+00,3.271661758422851562e+00,0.000000000000000000e+00,0.000000000000000000e+00,0.000000000000000000e+00,1.400884747505187988e+00,6.803815364837646484e-01
0.000000000000000000e+00,0.000000000000000000e+00,2.549390494823455811e-01,0.000000000000000000e+00,0.000000000000000000e+00,3.674550533294677734e+00,4.650805473327636719e+00,0.000000000000000000e+00
0.000000000000000000e+00,0.000000000000000000e+00,5.745128393173217773e-01,0.000000000000000000e+00,0.000000000000000000e+00,0.000000000000000000e+00,4.983165264129638672e+00,0.000000000000000000e+00
0.000000000000000000e+00,0.000000000000000000e+00,3.885998427867889404e-01,9.017035365104675293e-02,0.000000000000000000e+00,0.000000000000000000e+00,4.337415218353271484e+00,2.660155057907104492e+00
0.000000000000000000e+00,0.000000000000000000e+00,1.714726090431213379e+00,0.000000000000000000e+00,0.000000000000000000e+00,4.653061628341674805e-01,2.188632249832153320e+00,4.657428562641143799e-01
0.000000000000000000e+00,0.000000000000000000e+00,1.747582554817199707e+00,0.000000000000000000e+00,0.000000000000000000e+00,2.761450290679931641e+00,2.821900129318237305e+00,0.000000000000000000e+00
0.000000000000000000e+00,1.639849781990051270e+00,0.000000000000000000e+00,2.696870088577270508e+00,0.000000000000000000e+00,0.000000000000000000e+00,0.000000000000000000e+00,1.683327198028564453e+00
0.000000000000000000e+00,3.873022317886352539e+00,0.000000000000000000e+00,3.552014112472534180e+00,0.000000000000000000e+00,0.000000000000000000e+00,0.000000000000000000e+00,9.247269630432128906e-01
0.000000000000000000e+00,3.164140224456787109e+00,0.000000000000000000e+00,3.252864837646484375e+00,0.000000000000000000e+00,0.000000000000000000e+00,0.000000000000000000e+00,1.935656189918518066e+00
0.000000000000000000e+00,0.000000000000000000e+00,2.836176156997680664e+00,0.000000000000000000e+00,0.000000000000000000e+00,0.000000000000000000e+00,8.661694526672363281e-01,4.932362079620361328e+00
0.000000000000000000e+00,2.063221216201782227e+00,4.015325546264648438e+00,0.000000000000000000e+00,0.000000000000000000e+00,8.521535992622375488e-01,0.000000000000000000e+00,0.000000000000000000e+00
0.000000000000000000e+00,2.677705585956573486e-01,3.641168832778930664e+00,0.000000000000000000e+00,0.000000000000000000e+00,1.345924615859985352e+00,0.000000000000000000e+00,0.000000000000000000e+00
0.000000000000000000e+00,0.000000000000000000e+00,4.239457130432128906e+00,0.000000000000000000e+00,0.000000000000000000e+00,3.773969888687133789e+00,1.213422894477844238e+00,0.000000000000000000e+00
0.000000000000000000e+00,0.000000000000000000e+00,1.072945237159729004e+00,0.000000000000000000e+00,0.000000000000000000e+00,0.000000000000000000e+00,3.433780908584594727e+00,6.900907754898071289e-01
0.000000000000000000e+00,0.000000000000000000e+00,0.000000000000000000e+00,0.000000000000000000e+00,0.000000000000000000e+00,3.320682525634765625e+00,4.339886188507080078e+00,0.000000000000000000e+00
0.000000000000000000e+00,0.000000000000000000e+00,0.000000000000000000e+00,1.681869924068450928e-01,0.000000000000000000e+00,2.399559020996093750e+00,4.033419132232666016e+00,0.000000000000000000e+00
0.000000000000000000e+00,0.000000000000000000e+00,0.000000000000000000e+00,3.216447532176971436e-01,0.000000000000000000e+00,2.428967475891113281e+00,3.855466604232788086e+00,0.000000000000000000e+00
0.000000000000000000e+00,0.000000000000000000e+00,0.000000000000000000e+00,0.000000000000000000e+00,0.000000000000000000e+00,2.825392484664916992e-01,3.545960903167724609e+00,0.000000000000000000e+00
0.000000000000000000e+00,0.000000000000000000e+00,0.000000000000000000e+00,0.000000000000000000e+00,0.000000000000000000e+00,1.317194461822509766e+00,3.030154943466186523e+00,1.750425398349761963e-01
0.000000000000000000e+00,0.000000000000000000e+00,0.000000000000000000e+00,5.652656555175781250e-01,0.000000000000000000e+00,2.461302518844604492e+00,2.117235660552978516e+00,0.000000000000000000e+00
0.000000000000000000e+00,1.035345315933227539e+00,0.000000000000000000e+00,2.773459196090698242e+00,0.000000000000000000e+00,3.182265520095825195e+00,0.000000000000000000e+00,0.000000000000000000e+00
0.000000000000000000e+00,3.999775886535644531e+00,0.000000000000000000e+00,2.970929622650146484e+00,0.000000000000000000e+00,0.000000000000000000e+00,0.000000000000000000e+00,5.000165104866027832e-02
0.000000000000000000e+00,1.149518132209777832e+00,0.000000000000000000e+00,3.438207149505615234e+00,0.000000000000000000e+00,2.907699346542358398e+00,0.000000000000000000e+00,0.000000000000000000e+00
0.000000000000000000e+00,1.307886838912963867e+00,0.000000000000000000e+00,2.949970006942749023e+00,0.000000000000000000e+00,3.513346910476684570e+00,0.000000000000000000e+00,0.000000000000000000e+00
0.000000000000000000e+00,1.721607923507690430e+00,0.000000000000000000e+00,2.463834285736083984e+00,0.000000000000000000e+00,4.379777908325195312e+00,0.000000000000000000e+00,0.000000000000000000e+00
0.000000000000000000e+00,1.428669452667236328e+00,0.000000000000000000e+00,2.733557462692260742e+00,0.000000000000000000e+00,3.773495435714721680e+00,0.000000000000000000e+00,0.000000000000000000e+00
0.000000000000000000e+00,1.908396601676940918e+00,0.000000000000000000e+00,1.971670389175415039e+00,0.000000000000000000e+00,4.872262477874755859e+00,0.000000000000000000e+00,0.000000000000000000e+00
0.000000000000000000e+00,0.000000000000000000e+00,0.000000000000000000e+00,1.173674821853637695e+00,0.000000000000000000e+00,0.000000000000000000e+00,0.000000000000000000e+00,5.965159893035888672e+00
0.000000000000000000e+00,1.518040895462036133e-03,0.000000000000000000e+00,2.172946214675903320e+00,0.000000000000000000e+00,0.000000000000000000e+00,0.000000000000000000e+00,5.335329055786132812e+00
0.000000000000000000e+00,0.000000000000000000e+00,0.000000000000000000e+00,1.331025958061218262e+00,0.000000000000000000e+00,0.000000000000000000e+00,0.000000000000000000e+00,5.395739555358886719e+00
0.000000000000000000e+00,3.735176324844360352e+00,0.000000000000000000e+00,3.155454635620117188e+00,0.000000000000000000e+00,0.000000000000000000e+00,0.000000000000000000e+00,8.558603525161743164e-01
0.000000000000000000e+00,1.002858400344848633e+00,0.000000000000000000e+00,3.424234867095947266e+00,0.000000000000000000e+00,3.042368173599243164e+00,0.000000000000000000e+00,0.000000000000000000e+00
0.000000000000000000e+00,9.491721391677856445e-01,0.000000000000000000e+00,3.430483579635620117e+00,0.000000000000000000e+00,3.088918447494506836e+00,0.000000000000000000e+00,0.000000000000000000e+00
0.000000000000000000e+00,1.001635789871215820e+00,0.000000000000000000e+00,3.275469779968261719e+00,0.000000000000000000e+00,3.299071550369262695e+00,0.000000000000000000e+00,0.000000000000000000e+00
0.000000000000000000e+00,9.656078815460205078e-01,0.000000000000000000e+00,3.312296390533447266e+00,0.000000000000000000e+00,3.292975425720214844e+00,0.000000000000000000e+00,0.000000000000000000e+00
0.000000000000000000e+00,1.261051416397094727e+00,0.000000000000000000e+00,2.947716951370239258e+00,0.000000000000000000e+00,3.903504610061645508e+00,0.000000000000000000e+00,0.000000000000000000e+00
0.000000000000000000e+00,1.461229085922241211e+00,0.000000000000000000e+00,2.781938552856445312e+00,0.000000000000000000e+00,4.028625011444091797e+00,0.000000000000000000e+00,0.000000000000000000e+00
0.000000000000000000e+00,3.812750816345214844e+00,0.000000000000000000e+00,2.825058221817016602e+00,0.000000000000000000e+00,0.000000000000000000e+00,0.000000000000000000e+00,0.000000000000000000e+00
0.000000000000000000e+00,2.279838323593139648e+00,0.000000000000000000e+00,3.296895503997802734e+00,0.000000000000000000e+00,8.813165426254272461e-01,0.000000000000000000e+00,0.000000000000000000e+00
0.000000000000000000e+00,9.944478273391723633e-01,0.000000000000000000e+00,3.457343816757202148e+00,0.000000000000000000e+00,3.070451498031616211e+00,0.000000000000000000e+00,0.000000000000000000e+00
0.000000000000000000e+00,1.008053064346313477e+00,0.000000000000000000e+00,3.346717596054077148e+00,0.000000000000000000e+00,3.265727281570434570e+00,0.000000000000000000e+00,0.000000000000000000e+00
0.000000000000000000e+00,1.716966629028320312e+00,0.000000000000000000e+00,2.627632617950439453e+00,0.000000000000000000e+00,4.430843830108642578e+00,0.000000000000000000e+00,0.000000000000000000e+00
0.000000000000000000e+00,1.133027076721191406e+00,0.000000000000000000e+00,3.425568580627441406e+00,0.000000000000000000e+00,1.556203007698059082e+00,0.000000000000000000e+00,0.000000000000000000e+00
0.000000000000000000e+00,1.497070789337158203e+00,3.959920883178710938e+00,0.000000000000000000e+00,0.000000000000000000e+00,2.171297311782836914e+00,0.000000000000000000e+00,0.000000000000000000e+00
0.000000000000000000e+00,0.000000000000000000e+00,3.121452808380126953e+00,0.000000000000000000e+00,0.000000000000000000e+00,0.000000000000000000e+00,1.898820877075195312e+00,1.943096876144409180e+00
0.000000000000000000e+00,0.000000000000000000e+00,3.169627428054809570e+00,0.000000000000000000e+00,0.000000000000000000e+00,7.931216061115264893e-02,1.026569902896881104e-01,9.801040887832641602e-01
0.000000000000000000e+00,9.811428189277648926e-02,3.784758090972900391e+00,0.000000000000000000e+00,0.000000000000000000e+00,0.000000000000000000e+00,0.000000000000000000e+00,3.391480922698974609e+00
0.000000000000000000e+00,0.000000000000000000e+00,4.005259037017822266e+00,0.000000000000000000e+00,0.000000000000000000e+00,0.000000000000000000e+00,1.346864461898803711e+00,1.923619389533996582e+00
0.000000000000000000e+00,0.000000000000000000e+00,2.801385641098022461e+00,0.000000000000000000e+00,0.000000000000000000e+00,0.000000000000000000e+00,0.000000000000000000e+00,4.045491695404052734e+00
0.000000000000000000e+00,0.000000000000000000e+00,1.977609038352966309e+00,0.000000000000000000e+00,0.000000000000000000e+00,2.052918195724487305e+00,3.268971681594848633e+00,0.000000000000000000e+00
0.000000000000000000e+00,0.000000000000000000e+00,1.171748876571655273e+00,0.000000000000000000e+00,0.000000000000000000e+00,0.000000000000000000e+00,4.141572475433349609e+00,2.303109645843505859e+00
0.000000000000000000e+00,0.000000000000000000e+00,1.780345439910888672e+00,0.000000000000000000e+00,0.000000000000000000e+00,0.000000000000000000e+00,3.279075384140014648e+00,1.913232922554016113e+00
0.000000000000000000e+00,0.000000000000000000e+00,3.276047468185424805e+00,0.000000000000000000e+00,0.000000000000000000e+00,0.000000000000000000e+00,2.578866481781005859e+00,3.287871122360229492e+00
0.000000000000000000e+00,1.827901363372802734e+00,1.370663166046142578e+00,0.000000000000000000e+00,0.000000000000000000e+00,0.000000000000000000e+00,0.000000000000000000e+00,2.657711505889892578e+00
0.000000000000000000e+00,1.124912500381469727e+00,0.000000000000000000e+00,1.674911737442016602e+00,0.000000000000000000e+00,0.000000000000000000e+00,0.000000000000000000e+00,3.731252670288085938e+00
0.000000000000000000e+00,3.736123800277709961e+00,4.033667087554931641e+00,0.000000000000000000e+00,0.000000000000000000e+00,4.324480056762695312e+00,0.000000000000000000e+00,0.000000000000000000e+00
0.000000000000000000e+00,0.000000000000000000e+00,2.273811101913452148e+00,0.000000000000000000e+00,0.000000000000000000e+00,0.000000000000000000e+00,0.000000000000000000e+00,3.736667633056640625e+00
0.000000000000000000e+00,0.000000000000000000e+00,3.893276453018188477e+00,0.000000000000000000e+00,0.000000000000000000e+00,0.000000000000000000e+00,2.561954736709594727e+00,3.544583082199096680e+00
0.000000000000000000e+00,0.000000000000000000e+00,2.831245422363281250e+00,0.000000000000000000e+00,0.000000000000000000e+00,0.000000000000000000e+00,2.620695114135742188e+00,1.945491075515747070e+00
0.000000000000000000e+00,0.000000000000000000e+00,0.000000000000000000e+00,2.257353961467742920e-01,0.000000000000000000e+00,0.000000000000000000e+00,3.536828279495239258e+00,2.496011018753051758e+00
0.000000000000000000e+00,0.000000000000000000e+00,1.534717082977294922e-01,0.000000000000000000e+00,0.000000000000000000e+00,2.696815729141235352e+00,3.868149280548095703e+00,0.000000000000000000e+00
0.000000000000000000e+00,0.000000000000000000e+00,4.016193866729736328e+00,0.000000000000000000e+00,0.000000000000000000e+00,2.766097895801067352e-02,1.795201063156127930e+00,0.000000000000000000e+00
0.000000000000000000e+00,6.908485889434814453e-01,4.166980266571044922e+00,0.000000000000000000e+00,0.000000000000000000e+00,0.000000000000000000e+00,0.000000000000000000e+00,1.636974930763244629e+00
0.000000000000000000e+00,4.139676988124847412e-01,4.714354038238525391e+00,0.000000000000000000e+00,0.000000000000000000e+00,3.131853818893432617e+00,3.916129171848297119e-01,0.000000000000000000e+00
0.000000000000000000e+00,0.000000000000000000e+00,3.269431591033935547e+00,0.000000000000000000e+00,0.000000000000000000e+00,0.000000000000000000e+00,1.416777491569519043e+00,3.562779188156127930e+00
0.000000000000000000e+00,0.000000000000000000e+00,0.000000000000000000e+00,7.969241142272949219e-01,0.000000000000000000e+00,0.000000000000000000e+00,3.924797058105468750e+00,5.585166215896606445e-01
0.000000000000000000e+00,0.000000000000000000e+00,0.000000000000000000e+00,1.410350322723388672e+00,0.000000000000000000e+00,0.000000000000000000e+00,2.820046901702880859e+00,2.189922332763671875e+00
0.000000000000000000e+00,7.103809118270874023e-01,0.000000000000000000e+00,2.394815444946289062e+00,0.000000000000000000e+00,2.065295934677124023e+00,0.000000000000000000e+00,0.000000000000000000e+00
0.000000000000000000e+00,0.000000000000000000e+00,2.723755836486816406e+00,0.000000000000000000e+00,0.000000000000000000e+00,1.790062427520751953e+00,6.664178371429443359e-01,0.000000000000000000e+00
0.000000000000000000e+00,0.000000000000000000e+00,3.067231178283691406e+00,0.000000000000000000e+00,0.000000000000000000e+00,0.000000000000000000e+00,1.784163117408752441e+00,6.618078947067260742e-01
0.000000000000000000e+00,0.000000000000000000e+00,2.842281341552734375e+00,0.000000000000000000e+00,0.000000000000000000e+00,9.735060855746269226e-03,3.188717067241668701e-01,8.623847961425781250e-01
0.000000000000000000e+00,2.117032527923583984e+00,3.182960987091064453e+00,0.000000000000000000e+00,0.000000000000000000e+00,4.956449568271636963e-01,0.000000000000000000e+00,1.549480557441711426e+00
0.000000000000000000e+00,0.000000000000000000e+00,5.356450080871582031e+00,0.000000000000000000e+00,0.000000000000000000e+00,1.376366496086120605e+00,2.399652242660522461e+00,0.000000000000000000e+00
0.000000000000000000e+00,7.861540317535400391e-01,4.071683406829833984e+00,0.000000000000000000e+00,0.000000000000000000e+00,0.000000000000000000e+00,0.000000000000000000e+00,2.294212818145751953e+00
0.000000000000000000e+00,0.000000000000000000e+00,1.161933660507202148e+00,0.000000000000000000e+00,0.000000000000000000e+00,3.049829006195068359e+00,4.294721603393554688e+00,0.000000000000000000e+00
0.000000000000000000e+00,0.000000000000000000e+00,0.000000000000000000e+00,0.000000000000000000e+00,0.000000000000000000e+00,2.808104038238525391e+00,4.294678211212158203e+00,0.000000000000000000e+00
0.000000000000000000e+00,0.000000000000000000e+00,2.337154746055603027e-02,0.000000000000000000e+00,0.000000000000000000e+00,2.314091920852661133e+00,3.872511148452758789e+00,0.000000000000000000e+00
0.000000000000000000e+00,0.000000000000000000e+00,4.609793722629547119e-01,0.000000000000000000e+00,0.000000000000000000e+00,0.000000000000000000e+00,3.480371475219726562e+00,2.953943014144897461e+00
0.000000000000000000e+00,1.136535167694091797e+00,1.301728367805480957e+00,0.000000000000000000e+00,0.000000000000000000e+00,8.243010044097900391e-01,5.168623924255371094e-01,0.000000000000000000e+00
0.000000000000000000e+00,1.933752775192260742e+00,0.000000000000000000e+00,3.616980314254760742e+00,0.000000000000000000e+00,0.000000000000000000e+00,0.000000000000000000e+00,1.349788069725036621e+00
0.000000000000000000e+00,4.255430698394775391e+00,1.303737998008728027e+00,1.514257907867431641e+00,0.000000000000000000e+00,1.546350717544555664e+00,0.000000000000000000e+00,0.000000000000000000e+00
0.000000000000000000e+00,3.500182390213012695e+00,4.057132244110107422e+00,0.000000000000000000e+00,0.000000000000000000e+00,0.000000000000000000e+00,0.000000000000000000e+00,2.193465471267700195e+00
0.000000000000000000e+00,5.327525138854980469e-01,4.259655952453613281e+00,0.000000000000000000e+00,0.000000000000000000e+00,0.000000000000000000e+00,0.000000000000000000e+00,3.573362827301025391e+00
0.000000000000000000e+00,0.000000000000000000e+00,3.981377601623535156e+00,0.000000000000000000e+00,0.000000000000000000e+00,2.312491655349731445e+00,1.776520490646362305e+00,0.000000000000000000e+00
0.000000000000000000e+00,0.000000000000000000e+00,4.248423576354980469e+00,0.000000000000000000e+00,0.000000000000000000e+00,0.000000000000000000e+00,3.193981170654296875e+00,4.230989933013916016e+00
0.000000000000000000e+00,0.000000000000000000e+00,3.778215885162353516e+00,0.000000000000000000e+00,0.000000000000000000e+00,1.906855821609497070e+00,3.419622898101806641e+00,0.000000000000000000e+00
0.000000000000000000e+00,0.000000000000000000e+00,0.000000000000000000e+00,6.560012698173522949e-02,0.000000000000000000e+00,0.000000000000000000e+00,3.487881660461425781e+00,1.835835218429565430e+00
0.000000000000000000e+00,0.000000000000000000e+00,1.025516986846923828e+00,0.000000000000000000e+00,0.000000000000000000e+00,0.000000000000000000e+00,3.311061859130859375e+00,2.019057989120483398e+00
0.000000000000000000e+00,0.000000000000000000e+00,1.275526165962219238e+00,0.000000000000000000e+00,0.000000000000000000e+00,0.000000000000000000e+00,3.886415243148803711e+00,1.818437099456787109e+00
0.000000000000000000e+00,0.000000000000000000e+00,3.969344139099121094e+00,0.000000000000000000e+00,0.000000000000000000e+00,0.000000000000000000e+00,2.756692409515380859e+00,1.142648100852966309e+00
0.000000000000000000e+00,0.000000000000000000e+00,2.203007459640502930e+00,0.000000000000000000e+00,0.000000000000000000e+00,0.000000000000000000e+00,7.649388313293457031e-01,3.129876136779785156e+00
0.000000000000000000e+00,4.110873222351074219e+00,3.838459849357604980e-01,2.580544948577880859e+00,0.000000000000000000e+00,0.000000000000000000e+00,0.000000000000000000e+00,6.511404514312744141e-01
0.000000000000000000e+00,0.000000000000000000e+00,1.272548139095306396e-01,4.338339269161224365e-01,0.000000000000000000e+00,0.000000000000000000e+00,0.000000000000000000e+00,3.873954296112060547e+00
0.000000000000000000e+00,0.000000000000000000e+00,5.368080139160156250e-01,2.436995208263397217e-01,0.000000000000000000e+00,0.000000000000000000e+00,1.679712831974029541e-01,4.642052173614501953e+00
0.000000000000000000e+00,0.000000000000000000e+00,1.042670130729675293e+00,0.000000000000000000e+00,0.000000000000000000e+00,0.000000000000000000e+00,2.652556002140045166e-01,6.082112789154052734e+00
0.000000000000000000e+00,0.000000000000000000e+00,2.745015144348144531e+00,0.000000000000000000e+00,0.000000000000000000e+00,0.000000000000000000e+00,1.909976005554199219e+00,3.262713432312011719e+00
0.000000000000000000e+00,0.000000000000000000e+00,2.746116161346435547e+00,0.000000000000000000e+00,0.000000000000000000e+00,0.000000000000000000e+00,8.010690212249755859e-01,2.831758975982666016e+00
0.000000000000000000e+00,0.000000000000000000e+00,3.234356880187988281e+00,0.000000000000000000e+00,0.000000000000000000e+00,0.000000000000000000e+00,1.036871433258056641e+00,4.220007419586181641e+00
0.000000000000000000e+00,0.000000000000000000e+00,3.141831874847412109e+00,0.000000000000000000e+00,0.000000000000000000e+00,0.000000000000000000e+00,0.000000000000000000e+00,4.375001907348632812e+00
0.000000000000000000e+00,0.000000000000000000e+00,3.250567197799682617e+00,0.000000000000000000e+00,0.000000000000000000e+00,0.000000000000000000e+00,0.000000000000000000e+00,4.199419975280761719e+00
0.000000000000000000e+00,0.000000000000000000e+00,4.582673549652099609e+00,0.000000000000000000e+00,0.000000000000000000e+00,0.000000000000000000e+00,2.714768409729003906e+00,0.000000000000000000e+00
0.000000000000000000e+00,0.000000000000000000e+00,2.066400945186614990e-01,4.821996390819549561e-01,0.000000000000000000e+00,0.000000000000000000e+00,4.767745018005371094e+00,3.247007846832275391e+00
0.000000000000000000e+00,0.000000000000000000e+00,0.000000000000000000e+00,0.000000000000000000e+00,0.000000000000000000e+00,2.999989748001098633e+00,4.269323348999023438e+00,0.000000000000000000e+00
0.000000000000000000e+00,0.000000000000000000e+00,0.000000000000000000e+00,4.520018994808197021e-01,0.000000000000000000e+00,2.891460180282592773e+00,3.345906972885131836e+00,0.000000000000000000e+00
0.000000000000000000e+00,9.782564640045166016e-01,0.000000000000000000e+00,3.042962789535522461e+00,0.000000000000000000e+00,1.504475712776184082e+00,0.000000000000000000e+00,0.000000000000000000e+00
0.000000000000000000e+00,2.688154935836791992e+00,0.000000000000000000e+00,3.380037307739257812e+00,0.000000000000000000e+00,0.000000000000000000e+00,0.000000000000000000e+00,2.490148544311523438e+00
0.000000000000000000e+00,1.475870132446289062e+00,0.000000000000000000e+00,3.178993701934814453e+00,0.000000000000000000e+00,0.000000000000000000e+00,0.000000000000000000e+00,3.721302032470703125e+00
0.000000000000000000e+00,0.000000000000000000e+00,2.507328033447265625e+00,0.000000000000000000e+00,0.000000000000000000e+00,0.000000000000000000e+00,3.143548488616943359e+00,1.187890470027923584e-01
0.000000000000000000e+00,0.000000000000000000e+00,6.827906370162963867e-01,5.239579677581787109e-01,0.000000000000000000e+00,0.000000000000000000e+00,3.693241357803344727e+00,3.890814304351806641e+00
0.000000000000000000e+00,0.000000000000000000e+00,1.674993932247161865e-01,6.672930717468261719e-01,0.000000000000000000e+00,0.000000000000000000e+00,4.224340438842773438e+00,3.797763824462890625e+00
0.000000000000000000e+00,0.000000000000000000e+00,3.110491275787353516e+00,0.000000000000000000e+00,0.000000000000000000e+00,0.000000000000000000e+00,3.001522779464721680e+00,7.326614856719970703e-01
0.000000000000000000e+00,0.000000000000000000e+00,3.699248075485229492e+00,0.000000000000000000e+00,0.000000000000000000e+00,4.299129247665405273e-01,1.060668349266052246e+00,0.000000000000000000e+00
0.000000000000000000e+00,0.000000000000000000e+00,4.057908058166503906e+00,0.000000000000000000e+00,0.000000000000000000e+00,0.000000000000000000e+00,6.756396293640136719e-01,1.005535006523132324e+00
0.000000000000000000e+00,1.561709344387054443e-01,4.364284038543701172e+00,0.000000000000000000e+00,0.000000000000000000e+00,3.236626148223876953e+00,7.154204845428466797e-01,0.000000000000000000e+00
0.000000000000000000e+00,0.000000000000000000e+00,4.399497032165527344e+00,0.000000000000000000e+00,0.000000000000000000e+00,3.005660295486450195e+00,1.441042780876159668e+00,0.000000000000000000e+00
0.000000000000000000e+00,3.061805963516235352e+00,3.377873420715332031e+00,0.000000000000000000e+00,0.000000000000000000e+00,9.459602832794189453e-01,0.000000000000000000e+00,6.238740682601928711e-01
0.000000000000000000e+00,0.000000000000000000e+00,0.000000000000000000e+00,1.223542571067810059e+00,0.000000000000000000e+00,0.000000000000000000e+00,2.477107286453247070e+00,2.128285169601440430e+00
0.000000000000000000e+00,1.254654407501220703e+00,0.000000000000000000e+00,3.707443475723266602e+00,0.000000000000000000e+00,1.831216335296630859e+00,0.000000000000000000e+00,0.000000000000000000e+00
0.000000000000000000e+00,3.396231651306152344e+00,0.000000000000000000e+00,3.620511770248413086e+00,0.000000000000000000e+00,0.000000000000000000e+00,0.000000000000000000e+00,5.655996799468994141e-01
0.000000000000000000e+00,1.058059692382812500e+00,0.000000000000000000e+00,3.519271135330200195e+00,0.000000000000000000e+00,2.773206710815429688e+00,0.000000000000000000e+00,0.000000000000000000e+00
0.000000000000000000e+00,1.242529630661010742e+00,0.000000000000000000e+00,3.102690458297729492e+00,0.000000000000000000e+00,3.432473897933959961e+00,0.000000000000000000e+00,0.000000000000000000e+00
0.000000000000000000e+00,1.674926757812500000e+00,0.000000000000000000e+00,2.395044803619384766e+00,0.000000000000000000e+00,4.293573856353759766e+00,0.000000000000000000e+00,0.000000000000000000e+00
0.000000000000000000e+00,1.276971101760864258e+00,0.000000000000000000e+00,3.633011102676391602e+00,0.000000000000000000e+00,1.438804507255554199e+00,0.000000000000000000e+00,0.000000000000000000e+00
0.000000000000000000e+00,1.556094527244567871e+00,0.000000000000000000e+00,2.724695205688476562e+00,0.000000000000000000e+00,4.458079338073730469e+00,0.000000000000000000e+00,0.000000000000000000e+00
0.000000000000000000e+00,8.666915893554687500e-01,0.000000000000000000e+00,3.459342241287231445e+00,0.000000000000000000e+00,2.849560737609863281e+00,0.000000000000000000e+00,0.000000000000000000e+00
0.000000000000000000e+00,0.000000000000000000e+00,0.000000000000000000e+00,1.859148740768432617e+00,0.000000000000000000e+00,0.000000000000000000e+00,0.000000000000000000e+00,6.382668972015380859e+00
0.000000000000000000e+00,3.510674536228179932e-01,0.000000000000000000e+00,1.713195323944091797e+00,0.000000000000000000e+00,0.000000000000000000e+00,0.000000000000000000e+00,5.436030864715576172e+00
0.000000000000000000e+00,3.803735077381134033e-01,0.000000000000000000e+00,1.990848422050476074e+00,0.000000000000000000e+00,0.000000000000000000e+00,0.000000000000000000e+00,5.063154697418212891e+00
0.000000000000000000e+00,8.118288516998291016e-01,0.000000000000000000e+00,2.997876167297363281e+00,0.000000000000000000e+00,2.687395811080932617e+00,0.000000000000000000e+00,0.000000000000000000e+00
0.000000000000000000e+00,9.851374626159667969e-01,0.000000000000000000e+00,3.260781526565551758e+00,0.000000000000000000e+00,2.286859512329101562e+00,0.000000000000000000e+00,0.000000000000000000e+00
0.000000000000000000e+00,1.751558184623718262e+00,0.000000000000000000e+00,2.284799337387084961e+00,0.000000000000000000e+00,4.938394069671630859e+00,0.000000000000000000e+00,0.000000000000000000e+00
0.000000000000000000e+00,1.828169822692871094e+00,0.000000000000000000e+00,2.163917064666748047e+00,0.000000000000000000e+00,5.088569164276123047e+00,0.000000000000000000e+00,0.000000000000000000e+00
0.000000000000000000e+00,2.888485193252563477e+00,0.000000000000000000e+00,2.904747962951660156e+00,0.000000000000000000e+00,1.714270561933517456e-01,0.000000000000000000e+00,1.246130764484405518e-01
0.000000000000000000e+00,1.075928092002868652e+00,0.000000000000000000e+00,3.112905025482177734e+00,0.000000000000000000e+00,3.792568922042846680e+00,0.000000000000000000e+00,0.000000000000000000e+00
0.000000000000000000e+00,9.859861135482788086e-01,0.000000000000000000e+00,3.197127819061279297e+00,0.000000000000000000e+00,3.730912923812866211e+00,0.000000000000000000e+00,0.000000000000000000e+00
0.000000000000000000e+00,8.324482440948486328e-01,0.000000000000000000e+00,3.340544700622558594e+00,0.000000000000000000e+00,3.411926507949829102e+00,0.000000000000000000e+00,0.000000000000000000e+00
0.000000000000000000e+00,7.935885190963745117e-01,0.000000000000000000e+00,3.515748500823974609e+00,0.000000000000000000e+00,2.998980760574340820e+00,0.000000000000000000e+00,0.000000000000000000e+00
0.000000000000000000e+00,9.752950668334960938e-01,0.000000000000000000e+00,3.084184646606445312e+00,0.000000000000000000e+00,3.612172126770019531e+00,0.000000000000000000e+00,0.000000000000000000e+00
0.000000000000000000e+00,9.353612661361694336e-01,0.000000000000000000e+00,3.144945144653320312e+00,0.000000000000000000e+00,3.622914075851440430e+00,0.000000000000000000e+00,0.000000000000000000e+00
0.000000000000000000e+00,1.244929313659667969e+00,0.000000000000000000e+00,3.641176700592041016e+00,0.000000000000000000e+00,1.382390141487121582e+00,0.000000000000000000e+00,0.000000000000000000e+00
0.000000000000000000e+00,1.819242835044860840e+00,2.255299091339111328e+00,0.000000000000000000e+00,0.000000000000000000e+00,4.463631629943847656e+00,0.000000000000000000e+00,0.000000000000000000e+00
0.000000000000000000e+00,0.000000000000000000e+00,2.543507575988769531e+00,0.000000000000000000e+00,0.000000000000000000e+00,0.000000000000000000e+00,1.035996198654174805e+00,3.279066801071166992e+00
0.000000000000000000e+00,0.000000000000000000e+00,2.377378463745117188e+00,0.000000000000000000e+00,0.000000000000000000e+00,0.000000000000000000e+00,4.049929678440093994e-01,3.387006521224975586e+00
0.000000000000000000e+00,0.000000000000000000e+00,2.540824413299560547e+00,0.000000000000000000e+00,0.000000000000000000e+00,0.000000000000000000e+00,4.374932944774627686e-01,1.876442790031433105e+00
0.000000000000000000e+00,0.000000000000000000e+00,2.984650850296020508e+00,0.000000000000000000e+00,0.000000000000000000e+00,0.000000000000000000e+00,0.000000000000000000e+00,3.204530000686645508e+00
0.000000000000000000e+00,2.523461580276489258e+00,3.677384614944458008e+00,0.000000000000000000e+00,0.000000000000000000e+00,0.000000000000000000e+00,0.000000000000000000e+00,2.778393745422363281e+00
0.000000000000000000e+00,5.740599632263183594e-01,5.227595806121826172e+00,0.000000000000000000e+00,0.000000000000000000e+00,2.032002449035644531e+00,5.820323228836059570e-01,0.000000000000000000e+00
0.000000000000000000e+00,4.703368246555328369e-01,3.987813949584960938e+00,0.000000000000000000e+00,0.000000000000000000e+00,0.000000000000000000e+00,0.000000000000000000e+00,3.542592048645019531e+00
0.000000000000000000e+00,0.000000000000000000e+00,2.962245941162109375e+00,0.000000000000000000e+00,0.000000000000000000e+00,3.229110240936279297e-01,2.152679204940795898e+00,0.000000000000000000e+00
0.000000000000000000e+00,0.000000000000000000e+00,2.094571113586425781e+00,0.000000000000000000e+00,0.000000000000000000e+00,0.000000000000000000e+00,3.498925209045410156e+00,3.609100580215454102e+00
0.000000000000000000e+00,0.000000000000000000e+00,0.000000000000000000e+00,1.600305557250976562e+00,0.000000000000000000e+00,0.000000000000000000e+00,3.645076751708984375e+00,2.555840015411376953e+00
0.000000000000000000e+00,3.187669754028320312e+00,6.524193286895751953e-02,1.964915394783020020e+00,0.000000000000000000e+00,1.581826955080032349e-01,0.000000000000000000e+00,9.527294635772705078e-01
0.000000000000000000e+00,1.225942850112915039e+00,0.000000000000000000e+00,2.219222545623779297e+00,0.000000000000000000e+00,3.655441045761108398e+00,0.000000000000000000e+00,0.000000000000000000e+00
0.000000000000000000e+00,0.000000000000000000e+00,1.605619072914123535e+00,0.000000000000000000e+00,0.000000000000000000e+00,0.000000000000000000e+00,0.000000000000000000e+00,5.826369762420654297e+00
0.000000000000000000e+00,0.000000000000000000e+00,1.679930806159973145e+00,0.000000000000000000e+00,0.000000000000000000e+00,0.000000000000000000e+00,0.000000000000000000e+00,6.572981357574462891e+00
0.000000000000000000e+00,0.000000000000000000e+00,2.096019268035888672e+00,0.000000000000000000e+00,0.000000000000000000e+00,0.000000000000000000e+00,0.000000000000000000e+00,5.779214382171630859e+00
0.000000000000000000e+00,0.000000000000000000e+00,2.821099042892456055e+00,0.000000000000000000e+00,0.000000000000000000e+00,0.000000000000000000e+00,2.053679525852203369e-01,5.372484683990478516e+00
0.000000000000000000e+00,1.552281975746154785e+00,4.706177234649658203e+00,0.000000000000000000e+00,0.000000000000000000e+00,6.700414419174194336e-01,0.000000000000000000e+00,0.000000000000000000e+00
0.000000000000000000e+00,4.075996398925781250e+00,3.653339385986328125e+00,0.000000000000000000e+00,0.000000000000000000e+00,8.237813711166381836e-01,0.000000000000000000e+00,7.764871120452880859e-01
0.000000000000000000e+00,0.000000000000000000e+00,2.599836289882659912e-01,4.120051562786102295e-01,0.000000000000000000e+00,0.000000000000000000e+00,3.522149085998535156e+00,2.176862001419067383e+00
0.000000000000000000e+00,0.000000000000000000e+00,0.000000000000000000e+00,9.993255138397216797e-01,0.000000000000000000e+00,0.000000000000000000e+00,4.758268833160400391e+00,2.747968673706054688e+00
0.000000000000000000e+00,0.000000000000000000e+00,0.000000000000000000e+00,1.166666030883789062e+00,0.000000000000000000e+00,0.000000000000000000e+00,4.269553661346435547e+00,3.218030214309692383e+00
0.000000000000000000e+00,0.000000000000000000e+00,1.562699675559997559e-02,4.565462768077850342e-01,0.000000000000000000e+00,0.000000000000000000e+00,4.258848667144775391e+00,1.845275640487670898e+00
0.000000000000000000e+00,0.000000000000000000e+00,1.727343797683715820e-01,0.000000000000000000e+00,0.000000000000000000e+00,2.271086126565933228e-01,3.881742000579833984e+00,0.000000000000000000e+00
0.000000000000000000e+00,1.583325743675231934e+00,0.000000000000000000e+00,3.347967624664306641e+00,0.000000000000000000e+00,0.000000000000000000e+00,0.000000000000000000e+00,3.077628135681152344e+00
0.000000000000000000e+00,9.262247085571289062e-01,0.000000000000000000e+00,1.643008589744567871e+00,0.000000000000000000e+00,3.411424875259399414e+00,0.000000000000000000e+00,0.000000000000000000e+00
0.000000000000000000e+00,1.679745078086853027e+00,2.201191902160644531e+00,0.000000000000000000e+00,0.000000000000000000e+00,4.871437072753906250e+00,0.000000000000000000e+00,0.000000000000000000e+00
0.000000000000000000e+00,0.000000000000000000e+00,1.923086285591125488e+00,0.000000000000000000e+00,0.000000000000000000e+00,0.000000000000000000e+00,3.378398895263671875e+00,0.000000000000000000e+00
0.000000000000000000e+00,0.000000000000000000e+00,2.923305511474609375e+00,0.000000000000000000e+00,0.000000000000000000e+00,0.000000000000000000e+00,1.905092597007751465e+00,3.054419040679931641e+00
0.000000000000000000e+00,0.000000000000000000e+00,4.555187523365020752e-01,0.000000000000000000e+00,0.000000000000000000e+00,3.029361963272094727e+00,4.186040878295898438e+00,0.000000000000000000e+00
0.000000000000000000e+00,0.000000000000000000e+00,0.000000000000000000e+00,0.000000000000000000e+00,0.000000000000000000e+00,2.450951814651489258e+00,3.822697162628173828e+00,0.000000000000000000e+00
0.000000000000000000e+00,0.000000000000000000e+00,0.000000000000000000e+00,1.030360162258148193e-01,0.000000000000000000e+00,2.871067047119140625e+00,4.076456546783447266e+00,0.000000000000000000e+00
0.000000000000000000e+00,0.000000000000000000e+00,8.060275316238403320e-01,0.000000000000000000e+00,0.000000000000000000e+00,0.000000000000000000e+00,4.209038257598876953e+00,2.529043555259704590e-01
0.000000000000000000e+00,0.000000000000000000e+00,1.121940612792968750e+00,0.000000000000000000e+00,0.000000000000000000e+00,0.000000000000000000e+00,2.840059280395507812e+00,2.061175584793090820e+00
0.000000000000000000e+00,0.000000000000000000e+00,2.648353338241577148e+00,0.000000000000000000e+00,0.000000000000000000e+00,0.000000000000000000e+00,7.361676692962646484e-01,2.830861568450927734e+00
0.000000000000000000e+00,0.000000000000000000e+00,3.669233322143554688e+00,0.000000000000000000e+00,0.000000000000000000e+00,0.000000000000000000e+00,1.665785431861877441e+00,3.097190380096435547e+00
0.000000000000000000e+00,0.000000000000000000e+00,2.977233648300170898e+00,0.000000000000000000e+00,0.000000000000000000e+00,2.302241086959838867e+00,6.711950302124023438e-01,0.000000000000000000e+00
0.000000000000000000e+00,3.544266939163208008e+00,0.000000000000000000e+00,3.927014350891113281e+00,0.000000000000000000e+00,0.000000000000000000e+00,0.000000000000000000e+00,1.944149732589721680e+00
0.000000000000000000e+00,2.547787189483642578e+00,0.000000000000000000e+00,3.484632968902587891e+00,0.000000000000000000e+00,0.000000000000000000e+00,0.000000000000000000e+00,1.257860779762268066e+00
0.000000000000000000e+00,3.547973155975341797e+00,0.000000000000000000e+00,3.002520084381103516e+00,0.000000000000000000e+00,0.000000000000000000e+00,0.000000000000000000e+00,4.169987738132476807e-01
0.000000000000000000e+00,3.172343492507934570e+00,0.000000000000000000e+00,4.049602985382080078e+00,0.000000000000000000e+00,0.000000000000000000e+00,0.000000000000000000e+00,3.569816589355468750e+00
0.000000000000000000e+00,0.000000000000000000e+00,2.876892089843750000e+00,0.000000000000000000e+00,0.000000000000000000e+00,0.000000000000000000e+00,0.000000000000000000e+00,5.163515567779541016e+00
0.000000000000000000e+00,6.213763356208801270e-02,4.132538795471191406e+00,0.000000000000000000e+00,0.000000000000000000e+00,1.007808446884155273e+00,3.302200436592102051e-01,0.000000000000000000e+00
0.000000000000000000e+00,0.000000000000000000e+00,3.839969158172607422e+00,0.000000000000000000e+00,0.000000000000000000e+00,0.000000000000000000e+00,3.067884445190429688e+00,3.960002422332763672e+00
0.000000000000000000e+00,0.000000000000000000e+00,4.133711814880371094e+00,0.000000000000000000e+00,0.000000000000000000e+00,0.000000000000000000e+00,2.777937889099121094e+00,3.121866464614868164e+00
0.000000000000000000e+00,0.000000000000000000e+00,3.426179409027099609e+00,0.000000000000000000e+00,0.000000000000000000e+00,0.000000000000000000e+00,3.304744243621826172e+00,4.458392143249511719e+00
0.000000000000000000e+00,0.000000000000000000e+00,1.596846580505371094e+00,0.000000000000000000e+00,0.000000000000000000e+00,0.000000000000000000e+00,4.742027759552001953e+00,0.000000000000000000e+00
0.000000000000000000e+00,0.000000000000000000e+00,0.000000000000000000e+00,7.016158103942871094e-01,0.000000000000000000e+00,0.000000000000000000e+00,4.216597557067871094e+00,3.682207584381103516e+00
0.000000000000000000e+00,0.000000000000000000e+00,0.000000000000000000e+00,1.601248979568481445e+00,0.000000000000000000e+00,0.000000000000000000e+00,4.570412635803222656e+00,3.861509323120117188e+00
0.000000000000000000e+00,0.000000000000000000e+00,1.765003085136413574e+00,0.000000000000000000e+00,0.000000000000000000e+00,0.000000000000000000e+00,3.368412971496582031e+00,3.697459220886230469e+00
0.000000000000000000e+00,0.000000000000000000e+00,3.574552059173583984e+00,0.000000000000000000e+00,0.000000000000000000e+00,0.000000000000000000e+00,2.972600936889648438e+00,3.536955356597900391e+00
0.000000000000000000e+00,2.215283215045928955e-01,1.635456979274749756e-01,5.539941787719726562e-01,0.000000000000000000e+00,0.000000000000000000e+00,0.000000000000000000e+00,2.884188413619995117e+00
0.000000000000000000e+00,1.483936905860900879e+00,0.000000000000000000e+00,2.444136142730712891e+00,0.000000000000000000e+00,3.884864330291748047e+00,0.000000000000000000e+00,0.000000000000000000e+00
0.000000000000000000e+00,1.333118796348571777e+00,0.000000000000000000e+00,2.848659276962280273e+00,0.000000000000000000e+00,0.000000000000000000e+00,0.000000000000000000e+00,2.385725021362304688e+00
0.000000000000000000e+00,0.000000000000000000e+00,9.246382713317871094e-01,0.000000000000000000e+00,0.000000000000000000e+00,0.000000000000000000e+00,1.939311623573303223e-02,4.949631214141845703e+00
0.000000000000000000e+00,0.000000000000000000e+00,1.685644507408142090e+00,0.000000000000000000e+00,0.000000000000000000e+00,0.000000000000000000e+00,0.000000000000000000e+00,5.074165821075439453e+00
0.000000000000000000e+00,0.000000000000000000e+00,2.155406951904296875e+00,0.000000000000000000e+00,0.000000000000000000e+00,0.000000000000000000e+00,0.000000000000000000e+00,3.923165082931518555e+00
0.000000000000000000e+00,1.195460855960845947e-01,2.318303108215332031e+00,0.000000000000000000e+00,0.000000000000000000e+00,0.000000000000000000e+00,0.000000000000000000e+00,3.578193187713623047e+00
0.000000000000000000e+00,1.264279127120971680e+00,2.615344047546386719e+00,0.000000000000000000e+00,0.000000000000000000e+00,2.396935224533081055e+00,0.000000000000000000e+00,0.000000000000000000e+00
0.000000000000000000e+00,0.000000000000000000e+00,3.210421800613403320e+00,0.000000000000000000e+00,0.000000000000000000e+00,4.626503944396972656e+00,9.644546508789062500e-01,0.000000000000000000e+00
0.000000000000000000e+00,2.370085000991821289e+00,4.498075485229492188e+00,0.000000000000000000e+00,0.000000000000000000e+00,0.000000000000000000e+00,0.000000000000000000e+00,2.575713396072387695e+00
0.000000000000000000e+00,0.000000000000000000e+00,2.484052419662475586e+00,0.000000000000000000e+00,0.000000000000000000e+00,3.401364386081695557e-02,1.948536753654479980e+00,0.000000000000000000e+00
0.000000000000000000e+00,0.000000000000000000e+00,1.190306067466735840e+00,0.000000000000000000e+00,0.000000000000000000e+00,0.000000000000000000e+00,2.748309135437011719e+00,3.393911361694335938e+00
0.000000000000000000e+00,0.000000000000000000e+00,0.000000000000000000e+00,7.119348049163818359e-01,0.000000000000000000e+00,0.000000000000000000e+00,4.451974868774414062e+00,2.151108264923095703e+00
0.000000000000000000e+00,0.000000000000000000e+00,0.000000000000000000e+00,1.541236162185668945e+00,0.000000000000000000e+00,0.000000000000000000e+00,3.993069648742675781e+00,3.137274503707885742e+00
0.000000000000000000e+00,2.327724397182464600e-01,0.000000000000000000e+00,2.228411197662353516e+00,0.000000000000000000e+00,3.446842193603515625e+00,1.204157829284667969e+00,0.000000000000000000e+00
0.000000000000000000e+00,2.636325359344482422e+00,0.000000000000000000e+00,4.056908607482910156e+00,0.000000000000000000e+00,0.000000000000000000e+00,0.000000000000000000e+00,2.004027128219604492e+00
0.000000000000000000e+00,2.940922021865844727e+00,0.000000000000000000e+00,4.076072692871093750e+00,0.000000000000000000e+00,0.000000000000000000e+00,0.000000000000000000e+00,3.244382858276367188e+00
0.000000000000000000e+00,0.000000000000000000e+00,5.883166193962097168e-02,1.044304132461547852e+00,0.000000000000000000e+00,0.000000000000000000e+00,3.197891473770141602e+00,2.387646198272705078e+00
0.000000000000000000e+00,0.000000000000000000e+00,0.000000000000000000e+00,1.229150772094726562e+00,0.000000000000000000e+00,0.000000000000000000e+00,3.832291841506958008e+00,1.907912969589233398e+00
0.000000000000000000e+00,0.000000000000000000e+00,0.000000000000000000e+00,1.375883102416992188e+00,0.000000000000000000e+00,0.000000000000000000e+00,4.398342132568359375e+00,3.748565435409545898e+00
0.000000000000000000e+00,0.000000000000000000e+00,0.000000000000000000e+00,5.283980369567871094e-01,0.000000000000000000e+00,0.000000000000000000e+00,3.754913330078125000e+00,1.044601678848266602e+00
0.000000000000000000e+00,0.000000000000000000e+00,8.386154174804687500e-01,0.000000000000000000e+00,0.000000000000000000e+00,0.000000000000000000e+00,3.026957273483276367e+00,1.099900841712951660e+00
0.000000000000000000e+00,0.000000000000000000e+00,2.329887866973876953e+00,0.000000000000000000e+00,0.000000000000000000e+00,0.000000000000000000e+00,2.199659347534179688e+00,0.000000000000000000e+00
0.000000000000000000e+00,7.742697000503540039e-01,3.697435617446899414e+00,0.000000000000000000e+00,0.000000000000000000e+00,1.662846922874450684e+00,3.986024558544158936e-01,0.000000000000000000e+00
0.000000000000000000e+00,1.482464551925659180e+00,2.170490980148315430e+00,0.000000000000000000e+00,0.000000000000000000e+00,0.000000000000000000e+00,0.000000000000000000e+00,3.363651752471923828e+00
0.000000000000000000e+00,2.314425945281982422e+00,3.060571432113647461e+00,0.000000000000000000e+00,0.000000000000000000e+00,1.283828735351562500e+00,0.000000000000000000e+00,2.319369614124298096e-01
0.000000000000000000e+00,1.206108450889587402e+00,2.211398124694824219e+00,1.080457866191864014e-01,0.000000000000000000e+00,0.000000000000000000e+00,6.055994033813476562e-01,3.249947547912597656e+00
0.000000000000000000e+00,3.264884471893310547e+00,0.000000000000000000e+00,2.997807741165161133e+00,0.000000000000000000e+00,0.000000000000000000e+00,0.000000000000000000e+00,5.650705099105834961e-01
0.000000000000000000e+00,8.756164312362670898e-01,0.000000000000000000e+00,3.324405670166015625e+00,0.000000000000000000e+00,2.720758199691772461e+00,0.000000000000000000e+00,0.000000000000000000e+00
0.000000000000000000e+00,9.744797945022583008e-01,0.000000000000000000e+00,3.494470596313476562e+00,0.000000000000000000e+00,2.198028802871704102e+00,0.000000000000000000e+00,0.000000000000000000e+00
0.000000000000000000e+00,6.942530870437622070e-01,0.000000000000000000e+00,3.370710849761962891e+00,0.000000000000000000e+00,2.899571180343627930e+00,0.000000000000000000e+00,0.000000000000000000e+00
0.000000000000000000e+00,8.733474016189575195e-01,0.000000000000000000e+00,3.518012285232543945e+00,0.000000000000000000e+00,2.758955001831054688e+00,0.000000000000000000e+00,0.000000000000000000e+00
0.000000000000000000e+00,1.269022941589355469e+00,0.000000000000000000e+00,2.857593774795532227e+00,0.000000000000000000e+00,4.359875202178955078e+00,0.000000000000000000e+00,0.000000000000000000e+00
0.000000000000000000e+00,8.537197113037109375e-01,0.000000000000000000e+00,3.546990871429443359e+00,0.000000000000000000e+00,2.938665628433227539e+00,0.000000000000000000e+00,0.000000000000000000e+00
0.000000000000000000e+00,1.367834925651550293e+00,0.000000000000000000e+00,2.717922210693359375e+00,0.000000000000000000e+00,4.560090065002441406e+00,0.000000000000000000e+00,0.000000000000000000e+00
0.000000000000000000e+00,1.409229874610900879e+00,0.000000000000000000e+00,2.788801193237304688e+00,0.000000000000000000e+00,4.551185607910156250e+00,0.000000000000000000e+00,0.000000000000000000e+00
0.000000000000000000e+00,1.276712179183959961e+00,0.000000000000000000e+00,2.938312530517578125e+00,0.000000000000000000e+00,4.274402618408203125e+00,0.000000000000000000e+00,0.000000000000000000e+00
0.000000000000000000e+00,1.351396560668945312e+00,0.000000000000000000e+00,2.783375978469848633e+00,0.000000000000000000e+00,4.516480445861816406e+00,0.000000000000000000e+00,0.000000000000000000e+00
0.000000000000000000e+00,5.228979587554931641e-01,0.000000000000000000e+00,3.171383857727050781e+00,0.000000000000000000e+00,0.000000000000000000e+00,0.000000000000000000e+00,6.225033283233642578e+00
