0.000000000000000000e+00,0.000000000000000000e+00,5.823852062225341797e+00,1.185254529118537903e-01,3.685710906982421875e+00,0.000000000000000000e+00,0.000000000000000000e+00,0.000000000000000000e+00
0.000000000000000000e+00,0.000000000000000000e+00,5.690550327301025391e+00,3.336670696735382080e-01,3.858613729476928711e+00,0.000000000000000000e+00,0.000000000000000000e+00,0.000000000000000000e+00
1.189212203025817871e+00,0.000000000000000000e+00,1.670130252838134766e+00,3.325864076614379883e+00,0.000000000000000000e+00,0.000000000000000000e+00,2.590448141098022461e+00,0.000000000000000000e+00
1.360894322395324707e+00,0.000000000000000000e+00,1.293824553489685059e+00,3.850250005722045898e+00,0.000000000000000000e+00,0.000000000000000000e+00,2.841900110244750977e+00,0.000000000000000000e+00
1.174454331398010254e+00,0.000000000000000000e+00,1.784261226654052734e+00,3.755856752395629883e+00,0.000000000000000000e+00,0.000000000000000000e+00,2.600923061370849609e+00,0.000000000000000000e+00
1.328505873680114746e+00,0.000000000000000000e+00,1.528295516967773438e+00,3.924125909805297852e+00,0.000000000000000000e+00,0.000000000000000000e+00,2.733998298645019531e+00,0.000000000000000000e+00
1.208969950675964355e+00,0.000000000000000000e+00,1.418738126754760742e+00,3.955132961273193359e+00,0.000000000000000000e+00,0.000000000000000000e+00,2.841215372085571289e+00,0.000000000000000000e+00
1.151438236236572266e+00,0.000000000000000000e+00,1.540965795516967773e+00,3.854490518569946289e+00,0.000000000000000000e+00,0.000000000000000000e+00,2.782902956008911133e+00,0.000000000000000000e+00
1.088065624237060547e+00,0.000000000000000000e+00,1.518259286880493164e+00,3.914952278137207031e+00,0.000000000000000000e+00,0.000000000000000000e+00,2.764948844909667969e+00,0.000000000000000000e+00
1.082660436630249023e+00,0.000000000000000000e+00,2.139862537384033203e+00,3.771485090255737305e+00,0.000000000000000000e+00,0.000000000000000000e+00,2.586714267730712891e+00,0.000000000000000000e+00
1.720329523086547852e+00,0.000000000000000000e+00,0.000000000000000000e+00,1.599047183990478516e+00,0.000000000000000000e+00,0.000000000000000000e+00,2.011000633239746094e+00,1.565669536590576172e+00
2.330488681793212891e+00,0.000000000000000000e+00,0.000000000000000000e+00,1.353446960449218750e+00,0.000000000000000000e+00,0.000000000000000000e+00,2.310684680938720703e+00,2.222164392471313477e+00
1.986523509025573730e+00,1.169016584753990173e-01,0.000000000000000000e+00,7.996664047241210938e-01,0.000000000000000000e+00,0.000000000000000000e+00,1.205230712890625000e+00,2.786602020263671875e+00
1.349073529243469238e+00,6.066465973854064941e-01,0.000000000000000000e+00,0.000000000000000000e+00,0.000000000000000000e+00,0.000000000000000000e+00,3.119091689586639404e-01,3.557023048400878906e+00
9.265749454498291016e-01,6.248950958251953125e-01,0.000000000000000000e+00,0.000000000000000000e+00,0.000000000000000000e+00,0.000000000000000000e+00,0.000000000000000000e+00,3.590950727462768555e+00
1.812457799911499023e+00,0.000000000000000000e+00,0.000000000000000000e+00,7.905186414718627930e-01,0.000000000000000000e+00,0.000000000000000000e+00,8.705873489379882812e-01,2.867212772369384766e+00
0.000000000000000000e+00,3.416858196258544922e+00,0.000000000000000000e+00,0.000000000000000000e+00,2.506909370422363281e+00,0.000000000000000000e+00,0.000000000000000000e+00,4.932257175445556641e+00
5.110393762588500977e-01,2.290146112442016602e+00,0.000000000000000000e+00,0.000000000000000000e+00,8.363435864448547363e-01,0.000000000000000000e+00,0.000000000000000000e+00,4.684984683990478516e+00
6.923654675483703613e-02,3.048510074615478516e+00,0.000000000000000000e+00,0.000000000000000000e+00,2.083192586898803711e+00,0.000000000000000000e+00,0.000000000000000000e+00,5.386116504669189453e+00
1.606365203857421875e+00,0.000000000000000000e+00,1.242997407913208008e+00,3.547588348388671875e+00,0.000000000000000000e+00,0.000000000000000000e+00,3.145338535308837891e+00,0.000000000000000000e+00
5.112562179565429688e-01,0.000000000000000000e+00,2.963532686233520508e+00,3.281105756759643555e+00,0.000000000000000000e+00,0.000000000000000000e+00,1.759749650955200195e+00,0.000000000000000000e+00
2.113635301589965820e+00,0.000000000000000000e+00,0.000000000000000000e+00,1.477920651435852051e+00,0.000000000000000000e+00,0.000000000000000000e+00,2.315647840499877930e+00,2.049311637878417969e+00
1.606155872344970703e+00,0.000000000000000000e+00,0.000000000000000000e+00,1.203057527542114258e+00,0.000000000000000000e+00,0.000000000000000000e+00,1.671206831932067871e+00,1.594504594802856445e+00
0.000000000000000000e+00,1.674387603998184204e-02,0.000000000000000000e+00,0.000000000000000000e+00,1.302502155303955078e+00,0.000000000000000000e+00,0.000000000000000000e+00,8.555303812026977539e-01
0.000000000000000000e+00,5.104784488677978516e+00,0.000000000000000000e+00,0.000000000000000000e+00,3.596385478973388672e+00,0.000000000000000000e+00,1.160384118556976318e-01,5.903259277343750000e+00
2.334506750106811523e+00,0.000000000000000000e+00,0.000000000000000000e+00,1.955353736877441406e+00,0.000000000000000000e+00,0.000000000000000000e+00,2.900548458099365234e+00,1.731986641883850098e+00
9.908200502395629883e-01,2.022040605545043945e+00,0.000000000000000000e+00,0.000000000000000000e+00,0.000000000000000000e+00,0.000000000000000000e+00,3.953069746494293213e-01,3.886305332183837891e+00
1.918245911598205566e+00,0.000000000000000000e+00,0.000000000000000000e+00,2.586993277072906494e-01,0.000000000000000000e+00,0.000000000000000000e+00,9.087742567062377930e-01,2.782021999359130859e+00
1.088035821914672852e+00,7.077528238296508789e-01,0.000000000000000000e+00,0.000000000000000000e+00,0.000000000000000000e+00,0.000000000000000000e+00,9.746009111404418945e-02,3.385438203811645508e+00
2.054192781448364258e+00,0.000000000000000000e+00,0.000000000000000000e+00,5.356270670890808105e-01,0.000000000000000000e+00,0.000000000000000000e+00,9.406988620758056641e-01,2.921336889266967773e+00
2.566120386123657227e+00,0.000000000000000000e+00,0.000000000000000000e+00,5.142238140106201172e-01,0.000000000000000000e+00,0.000000000000000000e+00,1.463893890380859375e+00,3.089004039764404297e+00
0.000000000000000000e+00,0.000000000000000000e+00,3.354746818542480469e+00,1.643684506416320801e+00,0.000000000000000000e+00,0.000000000000000000e+00,0.000000000000000000e+00,0.000000000000000000e+00
2.266916513442993164e+00,0.000000000000000000e+00,0.000000000000000000e+00,2.855406284332275391e+00,0.000000000000000000e+00,0.000000000000000000e+00,3.311516761779785156e+00,1.053112030029296875e+00
6.351131200790405273e-01,7.591921687126159668e-01,0.000000000000000000e+00,0.000000000000000000e+00,0.000000000000000000e+00,0.000000000000000000e+00,1.684276312589645386e-01,2.371404647827148438e+00
1.003780364990234375e+00,3.124291598796844482e-01,0.000000000000000000e+00,0.000000000000000000e+00,0.000000000000000000e+00,0.000000000000000000e+00,5.522671341896057129e-02,3.041462659835815430e+00
1.373424768447875977e+00,1.577876210212707520e-01,0.000000000000000000e+00,2.683315053582191467e-02,0.000000000000000000e+00,0.000000000000000000e+00,4.528351724147796631e-01,2.898650169372558594e+00
1.454236984252929688e+00,1.005710363388061523e+00,0.000000000000000000e+00,0.000000000000000000e+00,0.000000000000000000e+00,0.000000000000000000e+00,5.602620840072631836e-01,3.389925241470336914e+00
1.832629680633544922e+00,0.000000000000000000e+00,0.000000000000000000e+00,2.447911024093627930e+00,0.000000000000000000e+00,0.000000000000000000e+00,2.482013225555419922e+00,9.169484376907348633e-01
1.064058661460876465e+00,9.260457754135131836e-01,0.000000000000000000e+00,0.000000000000000000e+00,0.000000000000000000e+00,0.000000000000000000e+00,0.000000000000000000e+00,3.827011823654174805e+00
1.772680878639221191e+00,1.023896038532257080e-03,0.000000000000000000e+00,3.150903880596160889e-01,0.000000000000000000e+00,0.000000000000000000e+00,1.222161889076232910e+00,2.286177873611450195e+00
8.937510848045349121e-02,8.038173615932464600e-02,0.000000000000000000e+00,0.000000000000000000e+00,0.000000000000000000e+00,0.000000000000000000e+00,0.000000000000000000e+00,4.061140418052673340e-01
0.000000000000000000e+00,2.675802260637283325e-02,1.702017188072204590e+00,2.032003402709960938e-01,0.000000000000000000e+00,0.000000000000000000e+00,0.000000000000000000e+00,0.000000000000000000e+00
1.616391777992248535e+00,1.253398895263671875e+00,0.000000000000000000e+00,7.698628306388854980e-02,0.000000000000000000e+00,0.000000000000000000e+00,1.237244248390197754e+00,3.156334400177001953e+00
2.144304513931274414e+00,0.000000000000000000e+00,4.339434504508972168e-01,3.165856122970581055e+00,0.000000000000000000e+00,0.000000000000000000e+00,3.383970499038696289e+00,4.996089935302734375e-01
8.034206628799438477e-01,1.599761843681335449e-01,5.065108537673950195e-01,7.701525092124938965e-01,0.000000000000000000e+00,0.000000000000000000e+00,9.635094404220581055e-01,5.368293523788452148e-01
1.946563720703125000e+00,1.148520827293395996e+00,0.000000000000000000e+00,4.011625945568084717e-01,0.000000000000000000e+00,0.000000000000000000e+00,1.549410700798034668e+00,3.174351930618286133e+00
1.912245750427246094e+00,1.370355486869812012e-01,0.000000000000000000e+00,0.000000000000000000e+00,0.000000000000000000e+00,0.000000000000000000e+00,7.497987747192382812e-01,3.055506944656372070e+00
1.588131427764892578e+00,0.000000000000000000e+00,3.872807025909423828e-01,1.918756842613220215e+00,0.000000000000000000e+00,0.000000000000000000e+00,2.082760334014892578e+00,5.530263185501098633e-01
1.290588140487670898e+00,0.000000000000000000e+00,2.719675898551940918e-01,2.401066064834594727e+00,0.000000000000000000e+00,0.000000000000000000e+00,1.971246361732482910e+00,2.077816873788833618e-01
1.423735618591308594e+00,0.000000000000000000e+00,0.000000000000000000e+00,6.020411252975463867e-01,0.000000000000000000e+00,0.000000000000000000e+00,1.021627068519592285e+00,2.019812107086181641e+00
0.000000000000000000e+00,0.000000000000000000e+00,1.629726886749267578e+00,4.521286189556121826e-01,2.135758548974990845e-01,0.000000000000000000e+00,0.000000000000000000e+00,0.000000000000000000e+00
4.888025820255279541e-01,1.399563193321228027e+00,0.000000000000000000e+00,0.000000000000000000e+00,1.917988806962966919e-01,0.000000000000000000e+00,0.000000000000000000e+00,3.440939426422119141e+00
1.962893128395080566e+00,0.000000000000000000e+00,0.000000000000000000e+00,0.000000000000000000e+00,0.000000000000000000e+00,0.000000000000000000e+00,1.079235374927520752e-01,3.982956647872924805e+00
1.526381611824035645e+00,6.319048404693603516e-01,0.000000000000000000e+00,0.000000000000000000e+00,0.000000000000000000e+00,0.000000000000000000e+00,2.125289142131805420e-01,3.599556684494018555e+00
9.687272310256958008e-01,6.893219351768493652e-01,0.000000000000000000e+00,0.000000000000000000e+00,0.000000000000000000e+00,0.000000000000000000e+00,7.406994700431823730e-01,2.284248352050781250e+00
2.009687662124633789e+00,0.000000000000000000e+00,2.243102639913558960e-01,2.669045209884643555e+00,0.000000000000000000e+00,0.000000000000000000e+00,3.025341510772705078e+00,7.235709428787231445e-01
5.673058032989501953e-01,3.427794933319091797e+00,0.000000000000000000e+00,0.000000000000000000e+00,1.299791932106018066e+00,1.344308257102966309e-01,6.843798160552978516e-01,3.497905969619750977e+00
0.000000000000000000e+00,0.000000000000000000e+00,2.087534666061401367e+00,7.708829641342163086e-01,0.000000000000000000e+00,0.000000000000000000e+00,0.000000000000000000e+00,0.000000000000000000e+00
4.924853444099426270e-01,0.000000000000000000e+00,1.744089245796203613e+00,1.949551939964294434e+00,0.000000000000000000e+00,0.000000000000000000e+00,1.294574737548828125e+00,0.000000000000000000e+00
0.000000000000000000e+00,0.000000000000000000e+00,2.192503064870834351e-01,2.478567138314247131e-02,0.000000000000000000e+00,0.000000000000000000e+00,0.000000000000000000e+00,0.000000000000000000e+00
0.000000000000000000e+00,5.192682147026062012e-04,1.106481790542602539e+00,4.307857155799865723e-01,0.000000000000000000e+00,0.000000000000000000e+00,0.000000000000000000e+00,0.000000000000000000e+00
0.000000000000000000e+00,0.000000000000000000e+00,0.000000000000000000e+00,0.000000000000000000e+00,3.648044347763061523e+00,0.000000000000000000e+00,0.000000000000000000e+00,0.000000000000000000e+00
7.404464483261108398e-01,0.000000000000000000e+00,0.000000000000000000e+00,4.711799025535583496e-01,0.000000000000000000e+00,0.000000000000000000e+00,5.980878472328186035e-01,6.509543061256408691e-01
0.000000000000000000e+00,4.023356914520263672e+00,0.000000000000000000e+00,0.000000000000000000e+00,3.049077510833740234e+00,0.000000000000000000e+00,1.524092555046081543e-01,4.563354492187500000e+00
2.716595232486724854e-01,2.571077108383178711e+00,0.000000000000000000e+00,0.000000000000000000e+00,1.517510652542114258e+00,0.000000000000000000e+00,0.000000000000000000e+00,4.711686134338378906e+00
1.737101435661315918e+00,0.000000000000000000e+00,3.200295567512512207e-01,2.030046224594116211e+00,0.000000000000000000e+00,0.000000000000000000e+00,2.480987787246704102e+00,6.473368406295776367e-01
1.571507096290588379e+00,4.408799707889556885e-01,0.000000000000000000e+00,0.000000000000000000e+00,0.000000000000000000e+00,0.000000000000000000e+00,3.461821973323822021e-01,3.364311933517456055e+00
6.796858310699462891e-01,0.000000000000000000e+00,1.260370731353759766e+00,1.744624257087707520e+00,0.000000000000000000e+00,0.000000000000000000e+00,1.492443799972534180e+00,0.000000000000000000e+00
9.715098142623901367e-01,8.413809537887573242e-01,0.000000000000000000e+00,0.000000000000000000e+00,0.000000000000000000e+00,0.000000000000000000e+00,7.900131940841674805e-01,2.221221208572387695e+00
0.000000000000000000e+00,5.893411487340927124e-02,0.000000000000000000e+00,0.000000000000000000e+00,1.186005473136901855e+00,0.000000000000000000e+00,0.000000000000000000e+00,5.979341268539428711e-01
0.000000000000000000e+00,0.000000000000000000e+00,2.515860557556152344e+00,5.386041998863220215e-01,0.000000000000000000e+00,0.000000000000000000e+00,0.000000000000000000e+00,0.000000000000000000e+00
1.340755224227905273e+00,0.000000000000000000e+00,2.652161121368408203e-01,1.576860547065734863e+00,0.000000000000000000e+00,0.000000000000000000e+00,1.658298850059509277e+00,5.577858686447143555e-01
0.000000000000000000e+00,0.000000000000000000e+00,0.000000000000000000e+00,0.000000000000000000e+00,2.852640628814697266e+00,0.000000000000000000e+00,0.000000000000000000e+00,0.000000000000000000e+00
0.000000000000000000e+00,3.023564815521240234e-03,5.167254805564880371e-01,0.000000000000000000e+00,1.203782111406326294e-01,0.000000000000000000e+00,0.000000000000000000e+00,0.000000000000000000e+00
0.000000000000000000e+00,2.214875698089599609e+00,0.000000000000000000e+00,0.000000000000000000e+00,1.843521595001220703e+00,0.000000000000000000e+00,0.000000000000000000e+00,3.751620531082153320e+00
9.373575448989868164e-01,6.625515222549438477e-01,0.000000000000000000e+00,0.000000000000000000e+00,0.000000000000000000e+00,0.000000000000000000e+00,0.000000000000000000e+00,3.694300889968872070e+00
1.637738466262817383e+00,3.859207034111022949e-01,0.000000000000000000e+00,0.000000000000000000e+00,0.000000000000000000e+00,0.000000000000000000e+00,4.373686611652374268e-01,3.124623298645019531e+00
1.764249682426452637e+00,7.951399087905883789e-01,0.000000000000000000e+00,0.000000000000000000e+00,0.000000000000000000e+00,0.000000000000000000e+00,9.896513223648071289e-01,3.170979022979736328e+00
0.000000000000000000e+00,0.000000000000000000e+00,3.201636075973510742e+00,9.667407274246215820e-01,0.000000000000000000e+00,0.000000000000000000e+00,0.000000000000000000e+00,0.000000000000000000e+00
1.426186084747314453e+00,0.000000000000000000e+00,1.360702753067016602e+00,4.033305644989013672e+00,0.000000000000000000e+00,0.000000000000000000e+00,3.060202598571777344e+00,0.000000000000000000e+00
1.287624001502990723e+00,0.000000000000000000e+00,1.015019774436950684e+00,3.834849596023559570e+00,0.000000000000000000e+00,0.000000000000000000e+00,2.868573665618896484e+00,0.000000000000000000e+00
1.648350715637207031e+00,0.000000000000000000e+00,6.682939529418945312e-01,3.332228183746337891e+00,0.000000000000000000e+00,0.000000000000000000e+00,2.933971405029296875e+00,0.000000000000000000e+00
1.073382854461669922e+00,0.000000000000000000e+00,1.764711618423461914e+00,3.609403371810913086e+00,0.000000000000000000e+00,0.000000000000000000e+00,2.495416164398193359e+00,0.000000000000000000e+00
1.223584651947021484e+00,0.000000000000000000e+00,1.267874956130981445e+00,3.952679634094238281e+00,0.000000000000000000e+00,0.000000000000000000e+00,2.862880468368530273e+00,0.000000000000000000e+00
9.605706930160522461e-01,0.000000000000000000e+00,1.741077423095703125e+00,3.627815723419189453e+00,0.000000000000000000e+00,0.000000000000000000e+00,2.619768142700195312e+00,0.000000000000000000e+00
9.078190326690673828e-01,0.000000000000000000e+00,1.921513199806213379e+00,3.553757905960083008e+00,0.000000000000000000e+00,0.000000000000000000e+00,2.577572822570800781e+00,0.000000000000000000e+00
9.501168727874755859e-01,0.000000000000000000e+00,1.826225042343139648e+00,3.644189357757568359e+00,0.000000000000000000e+00,0.000000000000000000e+00,2.614503145217895508e+00,0.000000000000000000e+00
1.049375414848327637e+00,0.000000000000000000e+00,1.563098311424255371e+00,3.982683658599853516e+00,0.000000000000000000e+00,0.000000000000000000e+00,2.771492958068847656e+00,0.000000000000000000e+00
1.283943057060241699e+00,0.000000000000000000e+00,1.826979875564575195e+00,4.067782878875732422e+00,0.000000000000000000e+00,0.000000000000000000e+00,3.057216405868530273e+00,0.000000000000000000e+00
0.000000000000000000e+00,6.320109218358993530e-02,6.747896194458007812e+00,1.360600441694259644e-01,3.083107948303222656e+00,0.000000000000000000e+00,0.000000000000000000e+00,0.000000000000000000e+00
0.000000000000000000e+00,5.973075032234191895e-01,3.485420465469360352e+00,0.000000000000000000e+00,4.611489772796630859e+00,0.000000000000000000e+00,0.000000000000000000e+00,0.000000000000000000e+00
0.000000000000000000e+00,0.000000000000000000e+00,5.611855030059814453e+00,3.769798874855041504e-01,3.396479129791259766e+00,0.000000000000000000e+00,0.000000000000000000e+00,0.000000000000000000e+00
0.000000000000000000e+00,0.000000000000000000e+00,5.403674125671386719e+00,3.732332885265350342e-01,3.099878549575805664e+00,0.000000000000000000e+00,0.000000000000000000e+00,0.000000000000000000e+00
0.000000000000000000e+00,0.000000000000000000e+00,6.253768444061279297e+00,4.476973712444305420e-01,3.400841474533081055e+00,0.000000000000000000e+00,0.000000000000000000e+00,0.000000000000000000e+00
0.000000000000000000e+00,0.000000000000000000e+00,6.288386821746826172e+00,4.240924417972564697e-01,3.548986911773681641e+00,0.000000000000000000e+00,0.000000000000000000e+00,0.000000000000000000e+00
0.000000000000000000e+00,0.000000000000000000e+00,5.182020664215087891e+00,2.584706842899322510e-01,3.074377536773681641e+00,0.000000000000000000e+00,0.000000000000000000e+00,0.000000000000000000e+00
1.048963785171508789e+00,0.000000000000000000e+00,1.166620492935180664e+00,3.485607624053955078e+00,0.000000000000000000e+00,0.000000000000000000e+00,2.525104045867919922e+00,0.000000000000000000e+00
1.028089880943298340e+00,0.000000000000000000e+00,9.428252577781677246e-01,3.348919153213500977e+00,0.000000000000000000e+00,0.000000000000000000e+00,2.243145465850830078e+00,0.000000000000000000e+00
1.126134872436523438e+00,0.000000000000000000e+00,1.052766799926757812e+00,4.184204578399658203e+00,0.000000000000000000e+00,0.000000000000000000e+00,2.827943325042724609e+00,0.000000000000000000e+00
1.128512620925903320e+00,0.000000000000000000e+00,1.141494512557983398e+00,3.747941255569458008e+00,0.000000000000000000e+00,0.000000000000000000e+00,2.663770198822021484e+00,0.000000000000000000e+00
1.072789549827575684e+00,0.000000000000000000e+00,7.752974033355712891e-01,3.761726856231689453e+00,0.000000000000000000e+00,0.000000000000000000e+00,2.587046623229980469e+00,0.000000000000000000e+00
1.563989043235778809e+00,0.000000000000000000e+00,0.000000000000000000e+00,2.683319807052612305e+00,0.000000000000000000e+00,0.000000000000000000e+00,2.598826408386230469e+00,4.935730695724487305e-01
1.363382339477539062e+00,9.474958777427673340e-01,0.000000000000000000e+00,0.000000000000000000e+00,0.000000000000000000e+00,0.000000000000000000e+00,3.563217818737030029e-01,3.472007989883422852e+00
5.356521606445312500e-01,8.259067535400390625e-01,0.000000000000000000e+00,0.000000000000000000e+00,0.000000000000000000e+00,0.000000000000000000e+00,0.000000000000000000e+00,4.073715209960937500e+00
1.034970283508300781e+00,8.112668991088867188e-01,0.000000000000000000e+00,0.000000000000000000e+00,0.000000000000000000e+00,0.000000000000000000e+00,1.171023547649383545e-01,3.088371038436889648e+00
9.332258701324462891e-01,0.000000000000000000e+00,7.376150786876678467e-02,7.558599710464477539e-01,0.000000000000000000e+00,0.000000000000000000e+00,7.882890701293945312e-01,6.646559834480285645e-01
0.000000000000000000e+00,0.000000000000000000e+00,0.000000000000000000e+00,0.000000000000000000e+00,1.434957385063171387e+00,0.000000000000000000e+00,0.000000000000000000e+00,0.000000000000000000e+00
0.000000000000000000e+00,3.295422792434692383e-01,0.000000000000000000e+00,0.000000000000000000e+00,3.720745325088500977e+00,0.000000000000000000e+00,0.000000000000000000e+00,0.000000000000000000e+00
2.242266416549682617e+00,0.000000000000000000e+00,0.000000000000000000e+00,2.007116794586181641e+00,0.000000000000000000e+00,0.000000000000000000e+00,2.764556884765625000e+00,1.737885355949401855e+00
4.785968065261840820e-01,7.299825549125671387e-01,4.866123199462890625e-01,8.196520805358886719e-02,2.610563039779663086e-01,0.000000000000000000e+00,5.664501190185546875e-01,6.783725023269653320e-01
1.542231798171997070e+00,7.448399066925048828e-01,0.000000000000000000e+00,2.020165696740150452e-02,0.000000000000000000e+00,0.000000000000000000e+00,8.891700506210327148e-01,2.843917369842529297e+00
7.766510248184204102e-01,1.146928891539573669e-01,5.933543443679809570e-01,6.078082323074340820e-01,0.000000000000000000e+00,0.000000000000000000e+00,9.416792392730712891e-01,3.896013498306274414e-01
0.000000000000000000e+00,4.630585759878158569e-02,0.000000000000000000e+00,0.000000000000000000e+00,8.511996865272521973e-01,0.000000000000000000e+00,0.000000000000000000e+00,1.429535269737243652e+00
5.530307292938232422e-01,7.622913122177124023e-01,0.000000000000000000e+00,0.000000000000000000e+00,0.000000000000000000e+00,0.000000000000000000e+00,0.000000000000000000e+00,3.128837108612060547e+00
1.473373651504516602e+00,1.032655358314514160e+00,0.000000000000000000e+00,0.000000000000000000e+00,0.000000000000000000e+00,0.000000000000000000e+00,8.973278999328613281e-01,3.046407222747802734e+00
0.000000000000000000e+00,0.000000000000000000e+00,3.352438807487487793e-01,0.000000000000000000e+00,1.746283054351806641e+00,0.000000000000000000e+00,0.000000000000000000e+00,0.000000000000000000e+00
0.000000000000000000e+00,8.397778123617172241e-02,7.247385382652282715e-01,0.000000000000000000e+00,0.000000000000000000e+00,0.000000000000000000e+00,0.000000000000000000e+00,0.000000000000000000e+00
0.000000000000000000e+00,4.093266010284423828e+00,0.000000000000000000e+00,0.000000000000000000e+00,3.979700565338134766e+00,0.000000000000000000e+00,0.000000000000000000e+00,5.269438743591308594e+00
0.000000000000000000e+00,7.046201825141906738e-01,0.000000000000000000e+00,0.000000000000000000e+00,3.057261228561401367e+00,0.000000000000000000e+00,0.000000000000000000e+00,1.071164011955261230e+00
2.102698802947998047e+00,0.000000000000000000e+00,0.000000000000000000e+00,1.841529369354248047e+00,0.000000000000000000e+00,0.000000000000000000e+00,2.518266916275024414e+00,1.725229859352111816e+00
6.678626537322998047e-01,8.154146671295166016e-01,0.000000000000000000e+00,0.000000000000000000e+00,0.000000000000000000e+00,0.000000000000000000e+00,0.000000000000000000e+00,3.173808813095092773e+00
0.000000000000000000e+00,0.000000000000000000e+00,1.471387267112731934e+00,8.026357889175415039e-01,0.000000000000000000e+00,0.000000000000000000e+00,1.127981245517730713e-01,0.000000000000000000e+00
0.000000000000000000e+00,0.000000000000000000e+00,0.000000000000000000e+00,0.000000000000000000e+00,0.000000000000000000e+00,0.000000000000000000e+00,0.000000000000000000e+00,6.204274892807006836e-01
0.000000000000000000e+00,0.000000000000000000e+00,0.000000000000000000e+00,0.000000000000000000e+00,4.594671130180358887e-01,0.000000000000000000e+00,0.000000000000000000e+00,0.000000000000000000e+00
0.000000000000000000e+00,0.000000000000000000e+00,0.000000000000000000e+00,0.000000000000000000e+00,2.026582717895507812e+00,0.000000000000000000e+00,0.000000000000000000e+00,0.000000000000000000e+00
0.000000000000000000e+00,0.000000000000000000e+00,0.000000000000000000e+00,0.000000000000000000e+00,1.990226864814758301e+00,0.000000000000000000e+00,0.000000000000000000e+00,0.000000000000000000e+00
2.757665514945983887e-02,0.000000000000000000e+00,1.998211622238159180e+00,1.641794919967651367e+00,0.000000000000000000e+00,0.000000000000000000e+00,4.567502737045288086e-01,0.000000000000000000e+00
0.000000000000000000e+00,0.000000000000000000e+00,0.000000000000000000e+00,0.000000000000000000e+00,2.265655040740966797e+00,0.000000000000000000e+00,0.000000000000000000e+00,0.000000000000000000e+00
1.978507339954376221e-01,7.755459100008010864e-02,0.000000000000000000e+00,0.000000000000000000e+00,0.000000000000000000e+00,0.000000000000000000e+00,0.000000000000000000e+00,1.245313525199890137e+00
1.356595993041992188e+00,0.000000000000000000e+00,9.027971029281616211e-01,2.726722478866577148e+00,0.000000000000000000e+00,0.000000000000000000e+00,2.385195016860961914e+00,0.000000000000000000e+00
1.114828944206237793e+00,8.077155798673629761e-02,8.922390937805175781e-01,1.580648422241210938e+00,0.000000000000000000e+00,0.000000000000000000e+00,1.840899705886840820e+00,2.999700307846069336e-01
1.322987794876098633e+00,5.668203234672546387e-01,0.000000000000000000e+00,1.356057643890380859e+00,0.000000000000000000e+00,0.000000000000000000e+00,1.720487833023071289e+00,1.630935907363891602e+00
0.000000000000000000e+00,0.000000000000000000e+00,0.000000000000000000e+00,0.000000000000000000e+00,1.973490357398986816e+00,0.000000000000000000e+00,0.000000000000000000e+00,0.000000000000000000e+00
9.023464918136596680e-01,1.233687281608581543e+00,0.000000000000000000e+00,0.000000000000000000e+00,0.000000000000000000e+00,0.000000000000000000e+00,8.062181472778320312e-01,2.198875188827514648e+00
0.000000000000000000e+00,0.000000000000000000e+00,2.731835126876831055e+00,1.108161330223083496e+00,5.729101225733757019e-02,0.000000000000000000e+00,0.000000000000000000e+00,0.000000000000000000e+00
0.000000000000000000e+00,0.000000000000000000e+00,1.161767721176147461e+00,4.448193013668060303e-01,0.000000000000000000e+00,0.000000000000000000e+00,0.000000000000000000e+00,0.000000000000000000e+00
2.731286585330963135e-01,2.065366506576538086e+00,0.000000000000000000e+00,0.000000000000000000e+00,1.224569439888000488e+00,0.000000000000000000e+00,0.000000000000000000e+00,3.881669282913208008e+00
1.540806055068969727e+00,1.027499660849571228e-01,0.000000000000000000e+00,0.000000000000000000e+00,0.000000000000000000e+00,0.000000000000000000e+00,5.535217523574829102e-01,2.753027677536010742e+00
0.000000000000000000e+00,0.000000000000000000e+00,1.415581226348876953e+00,7.670325040817260742e-01,0.000000000000000000e+00,0.000000000000000000e+00,0.000000000000000000e+00,0.000000000000000000e+00
0.000000000000000000e+00,9.920523315668106079e-02,0.000000000000000000e+00,0.000000000000000000e+00,7.957944273948669434e-01,0.000000000000000000e+00,0.000000000000000000e+00,1.278374552726745605e+00
2.143127441406250000e+00,0.000000000000000000e+00,0.000000000000000000e+00,1.952721834182739258e+00,0.000000000000000000e+00,0.000000000000000000e+00,2.630684614181518555e+00,1.634153962135314941e+00
1.438074469566345215e+00,9.723412990570068359e-01,0.000000000000000000e+00,0.000000000000000000e+00,0.000000000000000000e+00,0.000000000000000000e+00,6.329905986785888672e-01,3.294659614562988281e+00
8.264384269714355469e-01,7.695487737655639648e-01,0.000000000000000000e+00,0.000000000000000000e+00,0.000000000000000000e+00,0.000000000000000000e+00,0.000000000000000000e+00,3.203374862670898438e+00
1.408027410507202148e+00,9.349969029426574707e-01,0.000000000000000000e+00,0.000000000000000000e+00,0.000000000000000000e+00,0.000000000000000000e+00,7.879093885421752930e-01,2.954735517501831055e+00
0.000000000000000000e+00,0.000000000000000000e+00,1.998421192169189453e+00,3.741507530212402344e-01,0.000000000000000000e+00,0.000000000000000000e+00,0.000000000000000000e+00,0.000000000000000000e+00
3.805909454822540283e-01,6.942775845527648926e-01,0.000000000000000000e+00,0.000000000000000000e+00,1.598491221666336060e-01,0.000000000000000000e+00,0.000000000000000000e+00,2.853493690490722656e+00
0.000000000000000000e+00,0.000000000000000000e+00,3.862738609313964844e-01,0.000000000000000000e+00,1.854794144630432129e+00,0.000000000000000000e+00,0.000000000000000000e+00,0.000000000000000000e+00
0.000000000000000000e+00,0.000000000000000000e+00,0.000000000000000000e+00,0.000000000000000000e+00,2.182638168334960938e+00,0.000000000000000000e+00,0.000000000000000000e+00,0.000000000000000000e+00
0.000000000000000000e+00,0.000000000000000000e+00,2.587189674377441406e+00,8.936662673950195312e-01,0.000000000000000000e+00,0.000000000000000000e+00,0.000000000000000000e+00,0.000000000000000000e+00
0.000000000000000000e+00,0.000000000000000000e+00,0.000000000000000000e+00,0.000000000000000000e+00,1.212897300720214844e+00,0.000000000000000000e+00,0.000000000000000000e+00,4.878645539283752441e-01
1.866814970970153809e+00,0.000000000000000000e+00,0.000000000000000000e+00,7.228080630302429199e-01,0.000000000000000000e+00,0.000000000000000000e+00,1.593411326408386230e+00,2.143702030181884766e+00
5.923292636871337891e-01,0.000000000000000000e+00,1.155447483062744141e+00,1.041822195053100586e+00,0.000000000000000000e+00,0.000000000000000000e+00,9.314545392990112305e-01,0.000000000000000000e+00
0.000000000000000000e+00,0.000000000000000000e+00,1.591032505035400391e+00,2.599811181426048279e-02,7.419609427452087402e-01,0.000000000000000000e+00,0.000000000000000000e+00,0.000000000000000000e+00
0.000000000000000000e+00,0.000000000000000000e+00,2.814225554466247559e-01,0.000000000000000000e+00,8.814839720726013184e-01,0.000000000000000000e+00,0.000000000000000000e+00,0.000000000000000000e+00
0.000000000000000000e+00,0.000000000000000000e+00,0.000000000000000000e+00,0.000000000000000000e+00,1.445343643426895142e-01,0.000000000000000000e+00,0.000000000000000000e+00,0.000000000000000000e+00
0.000000000000000000e+00,0.000000000000000000e+00,2.045219898223876953e+00,8.231155872344970703e-01,0.000000000000000000e+00,0.000000000000000000e+00,0.000000000000000000e+00,0.000000000000000000e+00
7.328706979751586914e-01,1.733091175556182861e-01,7.071256637573242188e-01,6.251300573348999023e-01,0.000000000000000000e+00,0.000000000000000000e+00,9.525167942047119141e-01,3.284459710121154785e-01
0.000000000000000000e+00,0.000000000000000000e+00,1.402468979358673096e-02,0.000000000000000000e+00,1.410869717597961426e+00,0.000000000000000000e+00,0.000000000000000000e+00,0.000000000000000000e+00
0.000000000000000000e+00,0.000000000000000000e+00,2.263734579086303711e+00,1.217294931411743164e+00,0.000000000000000000e+00,0.000000000000000000e+00,0.000000000000000000e+00,0.000000000000000000e+00
0.000000000000000000e+00,0.000000000000000000e+00,2.048466444015502930e+00,6.628031730651855469e-01,0.000000000000000000e+00,0.000000000000000000e+00,0.000000000000000000e+00,0.000000000000000000e+00
1.547368288040161133e+00,3.044390976428985596e-01,0.000000000000000000e+00,0.000000000000000000e+00,0.000000000000000000e+00,0.000000000000000000e+00,4.414957463741302490e-01,3.187153816223144531e+00
1.726307153701782227e+00,0.000000000000000000e+00,0.000000000000000000e+00,0.000000000000000000e+00,0.000000000000000000e+00,0.000000000000000000e+00,0.000000000000000000e+00,3.794227600097656250e+00
0.000000000000000000e+00,0.000000000000000000e+00,2.734318733215332031e+00,7.334752678871154785e-01,0.000000000000000000e+00,0.000000000000000000e+00,0.000000000000000000e+00,0.000000000000000000e+00
1.050752282142639160e+00,0.000000000000000000e+00,1.509802341461181641e+00,3.505620718002319336e+00,0.000000000000000000e+00,0.000000000000000000e+00,2.377045392990112305e+00,0.000000000000000000e+00
1.288972616195678711e+00,0.000000000000000000e+00,9.424804449081420898e-01,3.543409347534179688e+00,0.000000000000000000e+00,0.000000000000000000e+00,2.750920295715332031e+00,0.000000000000000000e+00
1.199049711227416992e+00,0.000000000000000000e+00,1.370094776153564453e+00,3.970389604568481445e+00,0.000000000000000000e+00,0.000000000000000000e+00,2.683636903762817383e+00,0.000000000000000000e+00
9.045573472976684570e-01,0.000000000000000000e+00,1.537632226943969727e+00,3.527842044830322266e+00,0.000000000000000000e+00,0.000000000000000000e+00,2.505846500396728516e+00,0.000000000000000000e+00
1.204106926918029785e+00,0.000000000000000000e+00,1.358396649360656738e+00,4.104414463043212891e+00,0.000000000000000000e+00,0.000000000000000000e+00,2.785909175872802734e+00,0.000000000000000000e+00
1.242045760154724121e+00,0.000000000000000000e+00,1.951750516891479492e+00,3.806080341339111328e+00,0.000000000000000000e+00,0.000000000000000000e+00,2.685590028762817383e+00,0.000000000000000000e+00
0.000000000000000000e+00,6.624811142683029175e-02,6.601468086242675781e+00,6.210706233978271484e-01,2.110742092132568359e+00,3.040269017219543457e-02,0.000000000000000000e+00,0.000000000000000000e+00
0.000000000000000000e+00,4.366206228733062744e-01,4.252022743225097656e+00,0.000000000000000000e+00,3.962029218673706055e+00,0.000000000000000000e+00,0.000000000000000000e+00,0.000000000000000000e+00
0.000000000000000000e+00,0.000000000000000000e+00,5.559449672698974609e+00,1.943776011466979980e-01,3.302012443542480469e+00,0.000000000000000000e+00,0.000000000000000000e+00,0.000000000000000000e+00
0.000000000000000000e+00,0.000000000000000000e+00,5.271785259246826172e+00,2.894065082073211670e-01,3.216088771820068359e+00,0.000000000000000000e+00,0.000000000000000000e+00,0.000000000000000000e+00
0.000000000000000000e+00,0.000000000000000000e+00,5.383697509765625000e+00,1.026887446641921997e-01,3.426762580871582031e+00,0.000000000000000000e+00,0.000000000000000000e+00,0.000000000000000000e+00
1.601419687271118164e+00,0.000000000000000000e+00,1.345166802406311035e+00,3.161488771438598633e+00,0.000000000000000000e+00,0.000000000000000000e+00,2.561759471893310547e+00,0.000000000000000000e+00
1.530658841133117676e+00,0.000000000000000000e+00,1.626136779785156250e+00,4.040600299835205078e+00,0.000000000000000000e+00,0.000000000000000000e+00,3.048416137695312500e+00,0.000000000000000000e+00
1.256153821945190430e+00,0.000000000000000000e+00,1.659690856933593750e+00,3.845535755157470703e+00,0.000000000000000000e+00,0.000000000000000000e+00,2.859032154083251953e+00,0.000000000000000000e+00
1.245569944381713867e+00,0.000000000000000000e+00,1.489856839179992676e+00,3.727672100067138672e+00,0.000000000000000000e+00,0.000000000000000000e+00,2.765447616577148438e+00,0.000000000000000000e+00
1.250593662261962891e+00,0.000000000000000000e+00,1.264213800430297852e+00,3.788556814193725586e+00,0.000000000000000000e+00,0.000000000000000000e+00,2.776667594909667969e+00,0.000000000000000000e+00
1.246363043785095215e+00,0.000000000000000000e+00,1.530269622802734375e+00,3.786737918853759766e+00,0.000000000000000000e+00,0.000000000000000000e+00,2.618997573852539062e+00,0.000000000000000000e+00
1.532233834266662598e+00,0.000000000000000000e+00,1.121680974960327148e+00,3.845158100128173828e+00,0.000000000000000000e+00,0.000000000000000000e+00,2.854607105255126953e+00,0.000000000000000000e+00
1.302039861679077148e+00,0.000000000000000000e+00,1.276355147361755371e+00,3.935827016830444336e+00,0.000000000000000000e+00,0.000000000000000000e+00,2.852555274963378906e+00,0.000000000000000000e+00
1.324320912361145020e+00,0.000000000000000000e+00,1.632210254669189453e+00,3.869134187698364258e+00,0.000000000000000000e+00,0.000000000000000000e+00,2.647487401962280273e+00,0.000000000000000000e+00
0.000000000000000000e+00,0.000000000000000000e+00,0.000000000000000000e+00,0.000000000000000000e+00,2.290889769792556763e-01,0.000000000000000000e+00,0.000000000000000000e+00,6.557466089725494385e-02
1.443587660789489746e+00,5.234341621398925781e-01,0.000000000000000000e+00,0.000000000000000000e+00,0.000000000000000000e+00,0.000000000000000000e+00,5.546060800552368164e-01,2.860246181488037109e+00
1.455064296722412109e+00,3.160125315189361572e-01,0.000000000000000000e+00,0.000000000000000000e+00,0.000000000000000000e+00,0.000000000000000000e+00,0.000000000000000000e+00,3.752401351928710938e+00
1.979413330554962158e-01,3.384830653667449951e-01,0.000000000000000000e+00,0.000000000000000000e+00,3.169737458229064941e-01,0.000000000000000000e+00,0.000000000000000000e+00,2.162086725234985352e+00
0.000000000000000000e+00,0.000000000000000000e+00,0.000000000000000000e+00,0.000000000000000000e+00,2.747419357299804688e+00,0.000000000000000000e+00,0.000000000000000000e+00,0.000000000000000000e+00
0.000000000000000000e+00,4.381574630737304688e+00,0.000000000000000000e+00,0.000000000000000000e+00,3.158686876296997070e+00,0.000000000000000000e+00,0.000000000000000000e+00,5.933732032775878906e+00
1.254935979843139648e+00,9.011869430541992188e-01,0.000000000000000000e+00,0.000000000000000000e+00,0.000000000000000000e+00,0.000000000000000000e+00,2.990985214710235596e-01,3.491851091384887695e+00
0.000000000000000000e+00,2.183026820421218872e-02,0.000000000000000000e+00,0.000000000000000000e+00,5.526168346405029297e-01,0.000000000000000000e+00,0.000000000000000000e+00,1.403134703636169434e+00
1.463483810424804688e+00,1.493120491504669189e-01,0.000000000000000000e+00,5.053747296333312988e-01,0.000000000000000000e+00,0.000000000000000000e+00,1.299315452575683594e+00,1.725262999534606934e+00
1.161684870719909668e+00,7.119674682617187500e-01,0.000000000000000000e+00,0.000000000000000000e+00,0.000000000000000000e+00,0.000000000000000000e+00,1.520328223705291748e-01,3.264294862747192383e+00
1.877035379409790039e+00,8.476196974515914917e-02,0.000000000000000000e+00,5.186735391616821289e-01,0.000000000000000000e+00,0.000000000000000000e+00,1.416729211807250977e+00,2.287259578704833984e+00
1.997410297393798828e+00,5.429901480674743652e-01,0.000000000000000000e+00,4.989180266857147217e-01,0.000000000000000000e+00,0.000000000000000000e+00,1.380626916885375977e+00,2.734886884689331055e+00
0.000000000000000000e+00,0.000000000000000000e+00,0.000000000000000000e+00,0.000000000000000000e+00,2.765730857849121094e+00,0.000000000000000000e+00,0.000000000000000000e+00,0.000000000000000000e+00
0.000000000000000000e+00,0.000000000000000000e+00,3.033606410026550293e-01,0.000000000000000000e+00,2.474267244338989258e+00,0.000000000000000000e+00,0.000000000000000000e+00,0.000000000000000000e+00
0.000000000000000000e+00,0.000000000000000000e+00,0.000000000000000000e+00,0.000000000000000000e+00,2.882806301116943359e+00,0.000000000000000000e+00,0.000000000000000000e+00,0.000000000000000000e+00
0.000000000000000000e+00,0.000000000000000000e+00,0.000000000000000000e+00,0.000000000000000000e+00,1.889927744865417480e+00,0.000000000000000000e+00,0.000000000000000000e+00,0.000000000000000000e+00
0.000000000000000000e+00,0.000000000000000000e+00,0.000000000000000000e+00,0.000000000000000000e+00,1.900075554847717285e+00,0.000000000000000000e+00,0.000000000000000000e+00,0.000000000000000000e+00
0.000000000000000000e+00,0.000000000000000000e+00,1.228281021118164062e+00,0.000000000000000000e+00,4.088735580444335938e+00,0.000000000000000000e+00,0.000000000000000000e+00,0.000000000000000000e+00
0.000000000000000000e+00,0.000000000000000000e+00,2.472863197326660156e+00,0.000000000000000000e+00,1.537096738815307617e+00,0.000000000000000000e+00,0.000000000000000000e+00,0.000000000000000000e+00
0.000000000000000000e+00,0.000000000000000000e+00,3.159179449081420898e+00,1.041461303830146790e-01,2.326174974441528320e+00,0.000000000000000000e+00,0.000000000000000000e+00,0.000000000000000000e+00
0.000000000000000000e+00,2.520146667957305908e-01,0.000000000000000000e+00,0.000000000000000000e+00,1.346015095710754395e+00,0.000000000000000000e+00,0.000000000000000000e+00,5.747309327125549316e-01
0.000000000000000000e+00,0.000000000000000000e+00,1.690794229507446289e+00,1.480149803683161736e-03,2.984561681747436523e+00,0.000000000000000000e+00,0.000000000000000000e+00,0.000000000000000000e+00
0.000000000000000000e+00,0.000000000000000000e+00,0.000000000000000000e+00,0.000000000000000000e+00,4.951301574707031250e+00,0.000000000000000000e+00,0.000000000000000000e+00,0.000000000000000000e+00
0.000000000000000000e+00,0.000000000000000000e+00,0.000000000000000000e+00,0.000000000000000000e+00,4.210130214691162109e+00,0.000000000000000000e+00,0.000000000000000000e+00,0.000000000000000000e+00
0.000000000000000000e+00,3.750450313091278076e-01,1.432654380798339844e+00,0.000000000000000000e+00,3.610943794250488281e+00,0.000000000000000000e+00,0.000000000000000000e+00,0.000000000000000000e+00
0.000000000000000000e+00,0.000000000000000000e+00,7.687474787235260010e-02,0.000000000000000000e+00,3.035198688507080078e+00,0.000000000000000000e+00,0.000000000000000000e+00,0.000000000000000000e+00
0.000000000000000000e+00,0.000000000000000000e+00,1.009470105171203613e+00,0.000000000000000000e+00,3.014096260070800781e+00,0.000000000000000000e+00,0.000000000000000000e+00,0.000000000000000000e+00
0.000000000000000000e+00,0.000000000000000000e+00,5.723650455474853516e-01,0.000000000000000000e+00,5.062562942504882812e+00,0.000000000000000000e+00,0.000000000000000000e+00,0.000000000000000000e+00
0.000000000000000000e+00,0.000000000000000000e+00,0.000000000000000000e+00,0.000000000000000000e+00,1.299642324447631836e+00,0.000000000000000000e+00,0.000000000000000000e+00,3.983190059661865234e-01
2.824795842170715332e-01,3.428510427474975586e-01,1.288161516189575195e+00,3.821599185466766357e-01,4.322573542594909668e-01,0.000000000000000000e+00,4.234127998352050781e-01,0.000000000000000000e+00
4.077127575874328613e-01,0.000000000000000000e+00,1.977412343025207520e+00,2.961893558502197266e+00,0.000000000000000000e+00,0.000000000000000000e+00,1.622827172279357910e+00,0.000000000000000000e+00
0.000000000000000000e+00,0.000000000000000000e+00,3.143472194671630859e+00,1.446757316589355469e+00,7.184971868991851807e-02,0.000000000000000000e+00,0.000000000000000000e+00,0.000000000000000000e+00
0.000000000000000000e+00,2.977553382515907288e-02,9.110809564590454102e-01,0.000000000000000000e+00,0.000000000000000000e+00,0.000000000000000000e+00,0.000000000000000000e+00,0.000000000000000000e+00
0.000000000000000000e+00,0.000000000000000000e+00,0.000000000000000000e+00,0.000000000000000000e+00,2.236289262771606445e+00,0.000000000000000000e+00,0.000000000000000000e+00,0.000000000000000000e+00
0.000000000000000000e+00,0.000000000000000000e+00,0.000000000000000000e+00,0.000000000000000000e+00,2.806521654129028320e+00,0.000000000000000000e+00,0.000000000000000000e+00,0.000000000000000000e+00
0.000000000000000000e+00,0.000000000000000000e+00,0.000000000000000000e+00,0.000000000000000000e+00,2.073251485824584961e+00,0.000000000000000000e+00,0.000000000000000000e+00,0.000000000000000000e+00
0.000000000000000000e+00,0.000000000000000000e+00,0.000000000000000000e+00,0.000000000000000000e+00,1.909263491630554199e+00,0.000000000000000000e+00,0.000000000000000000e+00,0.000000000000000000e+00
0.000000000000000000e+00,0.000000000000000000e+00,2.117298692464828491e-01,0.000000000000000000e+00,1.519299507141113281e+00,0.000000000000000000e+00,0.000000000000000000e+00,0.000000000000000000e+00
1.488567829132080078e+00,4.351836442947387695e-01,0.000000000000000000e+00,0.000000000000000000e+00,0.000000000000000000e+00,0.000000000000000000e+00,1.418299973011016846e-01,3.444031953811645508e+00
0.000000000000000000e+00,0.000000000000000000e+00,1.876409411430358887e+00,4.738056659698486328e-01,0.000000000000000000e+00,0.000000000000000000e+00,0.000000000000000000e+00,0.000000000000000000e+00
1.673259735107421875e+00,0.000000000000000000e+00,0.000000000000000000e+00,0.000000000000000000e+00,0.000000000000000000e+00,0.000000000000000000e+00,4.321137964725494385e-01,3.160495042800903320e+00
2.132550179958343506e-01,5.493191629648208618e-02,0.000000000000000000e+00,0.000000000000000000e+00,0.000000000000000000e+00,0.000000000000000000e+00,0.000000000000000000e+00,1.642891049385070801e+00
5.719187855720520020e-02,0.000000000000000000e+00,1.924640774726867676e+00,1.503106832504272461e+00,0.000000000000000000e+00,0.000000000000000000e+00,3.975387811660766602e-01,0.000000000000000000e+00
0.000000000000000000e+00,0.000000000000000000e+00,1.221146821975708008e+00,0.000000000000000000e+00,0.000000000000000000e+00,0.000000000000000000e+00,0.000000000000000000e+00,0.000000000000000000e+00
0.000000000000000000e+00,0.000000000000000000e+00,0.000000000000000000e+00,0.000000000000000000e+00,1.607789874076843262e+00,0.000000000000000000e+00,0.000000000000000000e+00,0.000000000000000000e+00
0.000000000000000000e+00,0.000000000000000000e+00,0.000000000000000000e+00,0.000000000000000000e+00,2.578427791595458984e+00,0.000000000000000000e+00,0.000000000000000000e+00,0.000000000000000000e+00
0.000000000000000000e+00,1.004124402999877930e+00,0.000000000000000000e+00,0.000000000000000000e+00,2.902539014816284180e+00,0.000000000000000000e+00,0.000000000000000000e+00,6.663634181022644043e-01
0.000000000000000000e+00,0.000000000000000000e+00,0.000000000000000000e+00,0.000000000000000000e+00,5.226297974586486816e-01,0.000000000000000000e+00,0.000000000000000000e+00,9.776304960250854492e-01
0.000000000000000000e+00,2.361633181571960449e-01,0.000000000000000000e+00,0.000000000000000000e+00,1.350275397300720215e+00,0.000000000000000000e+00,0.000000000000000000e+00,9.473025798797607422e-01
0.000000000000000000e+00,0.000000000000000000e+00,0.000000000000000000e+00,0.000000000000000000e+00,1.394820213317871094e+00,0.000000000000000000e+00,0.000000000000000000e+00,0.000000000000000000e+00
0.000000000000000000e+00,0.000000000000000000e+00,0.000000000000000000e+00,0.000000000000000000e+00,2.427139759063720703e+00,0.000000000000000000e+00,0.000000000000000000e+00,0.000000000000000000e+00
5.201406478881835938e-01,1.757070422172546387e+00,0.000000000000000000e+00,0.000000000000000000e+00,5.743112564086914062e-01,0.000000000000000000e+00,0.000000000000000000e+00,3.645054817199707031e+00
5.392888784408569336e-01,5.710074901580810547e-01,0.000000000000000000e+00,0.000000000000000000e+00,0.000000000000000000e+00,0.000000000000000000e+00,0.000000000000000000e+00,2.755419969558715820e+00
1.611700296401977539e+00,8.888431787490844727e-01,0.000000000000000000e+00,0.000000000000000000e+00,0.000000000000000000e+00,0.000000000000000000e+00,9.770400524139404297e-01,3.104430437088012695e+00
1.022231698036193848e+00,0.000000000000000000e+00,1.257148623466491699e+00,2.828033685684204102e+00,0.000000000000000000e+00,0.000000000000000000e+00,2.024749755859375000e+00,0.000000000000000000e+00
0.000000000000000000e+00,0.000000000000000000e+00,0.000000000000000000e+00,0.000000000000000000e+00,2.695821285247802734e+00,0.000000000000000000e+00,0.000000000000000000e+00,0.000000000000000000e+00
0.000000000000000000e+00,0.000000000000000000e+00,0.000000000000000000e+00,0.000000000000000000e+00,1.878385066986083984e+00,0.000000000000000000e+00,0.000000000000000000e+00,0.000000000000000000e+00
0.000000000000000000e+00,0.000000000000000000e+00,3.346590399742126465e-01,0.000000000000000000e+00,3.678024530410766602e+00,0.000000000000000000e+00,0.000000000000000000e+00,0.000000000000000000e+00
1.804628968238830566e+00,0.000000000000000000e+00,0.000000000000000000e+00,9.933807849884033203e-01,0.000000000000000000e+00,0.000000000000000000e+00,1.760443329811096191e+00,1.737755775451660156e+00
0.000000000000000000e+00,0.000000000000000000e+00,0.000000000000000000e+00,0.000000000000000000e+00,1.781453132629394531e+00,0.000000000000000000e+00,0.000000000000000000e+00,0.000000000000000000e+00
0.000000000000000000e+00,0.000000000000000000e+00,0.000000000000000000e+00,0.000000000000000000e+00,2.235433340072631836e+00,0.000000000000000000e+00,0.000000000000000000e+00,0.000000000000000000e+00
0.000000000000000000e+00,0.000000000000000000e+00,0.000000000000000000e+00,0.000000000000000000e+00,2.619843959808349609e+00,0.000000000000000000e+00,0.000000000000000000e+00,0.000000000000000000e+00
0.000000000000000000e+00,0.000000000000000000e+00,0.000000000000000000e+00,0.000000000000000000e+00,2.205687999725341797e+00,0.000000000000000000e+00,0.000000000000000000e+00,0.000000000000000000e+00
0.000000000000000000e+00,0.000000000000000000e+00,1.914864182472229004e+00,6.450535058975219727e-01,0.000000000000000000e+00,0.000000000000000000e+00,0.000000000000000000e+00,0.000000000000000000e+00
3.964130580425262451e-01,1.661779582500457764e-01,0.000000000000000000e+00,0.000000000000000000e+00,0.000000000000000000e+00,0.000000000000000000e+00,0.000000000000000000e+00,2.530263900756835938e+00
6.059789657592773438e-01,5.718111991882324219e-01,0.000000000000000000e+00,0.000000000000000000e+00,0.000000000000000000e+00,0.000000000000000000e+00,0.000000000000000000e+00,3.112304210662841797e+00
8.278371095657348633e-01,0.000000000000000000e+00,1.585865378379821777e+00,3.163845062255859375e+00,0.000000000000000000e+00,0.000000000000000000e+00,2.008543252944946289e+00,0.000000000000000000e+00
9.550402164459228516e-01,0.000000000000000000e+00,1.504495024681091309e+00,3.632032871246337891e+00,0.000000000000000000e+00,0.000000000000000000e+00,2.572158813476562500e+00,0.000000000000000000e+00
1.094388604164123535e+00,0.000000000000000000e+00,1.356245398521423340e+00,3.718476057052612305e+00,0.000000000000000000e+00,0.000000000000000000e+00,2.641220092773437500e+00,0.000000000000000000e+00
1.110490083694458008e+00,0.000000000000000000e+00,1.416785359382629395e+00,3.734608888626098633e+00,0.000000000000000000e+00,0.000000000000000000e+00,2.538160562515258789e+00,0.000000000000000000e+00
9.848004579544067383e-01,0.000000000000000000e+00,1.396329522132873535e+00,3.663471221923828125e+00,0.000000000000000000e+00,0.000000000000000000e+00,2.603052377700805664e+00,0.000000000000000000e+00
1.067883729934692383e+00,0.000000000000000000e+00,1.687003493309020996e+00,3.569226026535034180e+00,0.000000000000000000e+00,0.000000000000000000e+00,2.418115377426147461e+00,0.000000000000000000e+00
1.114182233810424805e+00,0.000000000000000000e+00,1.640382289886474609e+00,3.646871089935302734e+00,0.000000000000000000e+00,0.000000000000000000e+00,2.435148000717163086e+00,0.000000000000000000e+00
1.136420726776123047e+00,0.000000000000000000e+00,1.193497657775878906e+00,3.901977539062500000e+00,0.000000000000000000e+00,0.000000000000000000e+00,2.767613172531127930e+00,0.000000000000000000e+00
1.209877014160156250e+00,0.000000000000000000e+00,1.335436582565307617e+00,3.912586212158203125e+00,0.000000000000000000e+00,0.000000000000000000e+00,2.734493255615234375e+00,0.000000000000000000e+00
1.199077129364013672e+00,0.000000000000000000e+00,2.433574438095092773e+00,3.887786149978637695e+00,0.000000000000000000e+00,0.000000000000000000e+00,2.781583786010742188e+00,0.000000000000000000e+00
0.000000000000000000e+00,3.874713480472564697e-01,6.612591266632080078e+00,3.517197966575622559e-01,2.588483333587646484e+00,8.714038133621215820e-02,0.000000000000000000e+00,0.000000000000000000e+00
0.000000000000000000e+00,0.000000000000000000e+00,4.462797641754150391e+00,2.743935286998748779e-01,3.101772308349609375e+00,0.000000000000000000e+00,0.000000000000000000e+00,0.000000000000000000e+00
0.000000000000000000e+00,0.000000000000000000e+00,5.743077278137207031e+00,3.987153172492980957e-01,3.291714668273925781e+00,0.000000000000000000e+00,0.000000000000000000e+00,0.000000000000000000e+00
0.000000000000000000e+00,0.000000000000000000e+00,4.911517143249511719e+00,1.283035576343536377e-01,3.230231046676635742e+00,0.000000000000000000e+00,0.000000000000000000e+00,0.000000000000000000e+00
0.000000000000000000e+00,0.000000000000000000e+00,3.233290910720825195e+00,9.189970493316650391e-01,0.000000000000000000e+00,0.000000000000000000e+00,0.000000000000000000e+00,0.000000000000000000e+00
1.261728286743164062e+00,0.000000000000000000e+00,4.147542715072631836e-01,3.850315809249877930e+00,0.000000000000000000e+00,0.000000000000000000e+00,2.666618108749389648e+00,0.000000000000000000e+00
1.064623236656188965e+00,0.000000000000000000e+00,1.017345428466796875e+00,3.386979818344116211e+00,0.000000000000000000e+00,0.000000000000000000e+00,2.423862457275390625e+00,0.000000000000000000e+00
1.708584785461425781e+00,0.000000000000000000e+00,8.639980554580688477e-01,4.072424888610839844e+00,0.000000000000000000e+00,0.000000000000000000e+00,3.336295127868652344e+00,0.000000000000000000e+00
1.202426552772521973e+00,0.000000000000000000e+00,1.409232616424560547e+00,3.817751884460449219e+00,0.000000000000000000e+00,0.000000000000000000e+00,2.770289421081542969e+00,0.000000000000000000e+00
1.157048344612121582e+00,0.000000000000000000e+00,1.264443397521972656e+00,3.908809185028076172e+00,0.000000000000000000e+00,0.000000000000000000e+00,2.756400346755981445e+00,0.000000000000000000e+00
1.167493939399719238e+00,0.000000000000000000e+00,1.309239625930786133e+00,3.953607797622680664e+00,0.000000000000000000e+00,0.000000000000000000e+00,2.777447223663330078e+00,0.000000000000000000e+00
1.211891293525695801e+00,0.000000000000000000e+00,1.443463921546936035e+00,3.925535202026367188e+00,0.000000000000000000e+00,0.000000000000000000e+00,2.754353523254394531e+00,0.000000000000000000e+00
1.355355978012084961e+00,0.000000000000000000e+00,1.249249577522277832e+00,3.631189584732055664e+00,0.000000000000000000e+00,0.000000000000000000e+00,2.591751098632812500e+00,0.000000000000000000e+00
4.683691561222076416e-01,6.181035637855529785e-01,0.000000000000000000e+00,0.000000000000000000e+00,0.000000000000000000e+00,0.000000000000000000e+00,0.000000000000000000e+00,2.888039588928222656e+00
1.484064698219299316e+00,0.000000000000000000e+00,0.000000000000000000e+00,3.006460368633270264e-01,0.000000000000000000e+00,0.000000000000000000e+00,5.884064435958862305e-01,2.630809783935546875e+00
0.000000000000000000e+00,0.000000000000000000e+00,0.000000000000000000e+00,0.000000000000000000e+00,1.190637469291687012e+00,0.000000000000000000e+00,0.000000000000000000e+00,1.120690941810607910e+00
0.000000000000000000e+00,1.267536520957946777e+00,0.000000000000000000e+00,0.000000000000000000e+00,1.534589648246765137e+00,0.000000000000000000e+00,0.000000000000000000e+00,3.632657766342163086e+00
0.000000000000000000e+00,0.000000000000000000e+00,0.000000000000000000e+00,0.000000000000000000e+00,2.074983119964599609e+00,0.000000000000000000e+00,0.000000000000000000e+00,0.000000000000000000e+00
0.000000000000000000e+00,7.870506048202514648e-01,0.000000000000000000e+00,0.000000000000000000e+00,1.284064769744873047e+00,0.000000000000000000e+00,0.000000000000000000e+00,3.155858278274536133e+00
0.000000000000000000e+00,0.000000000000000000e+00,4.283373802900314331e-02,0.000000000000000000e+00,2.942397356033325195e+00,0.000000000000000000e+00,0.000000000000000000e+00,0.000000000000000000e+00
0.000000000000000000e+00,1.578902304172515869e-01,2.062672823667526245e-01,0.000000000000000000e+00,4.323370456695556641e+00,0.000000000000000000e+00,0.000000000000000000e+00,0.000000000000000000e+00
1.288105249404907227e-01,3.647810697555541992e+00,2.531221508979797363e-01,0.000000000000000000e+00,2.049591064453125000e+00,6.355985403060913086e-01,5.548915863037109375e-01,2.812265157699584961e+00
0.000000000000000000e+00,0.000000000000000000e+00,5.839708328247070312e+00,1.043877959251403809e+00,7.482044100761413574e-01,0.000000000000000000e+00,0.000000000000000000e+00,0.000000000000000000e+00
0.000000000000000000e+00,0.000000000000000000e+00,7.304592132568359375e-01,0.000000000000000000e+00,3.859100580215454102e+00,0.000000000000000000e+00,0.000000000000000000e+00,0.000000000000000000e+00
0.000000000000000000e+00,0.000000000000000000e+00,5.394418239593505859e-01,0.000000000000000000e+00,2.887026071548461914e+00,0.000000000000000000e+00,0.000000000000000000e+00,0.000000000000000000e+00
0.000000000000000000e+00,0.000000000000000000e+00,1.274068355560302734e+00,0.000000000000000000e+00,3.877799510955810547e+00,0.000000000000000000e+00,0.000000000000000000e+00,0.000000000000000000e+00
0.000000000000000000e+00,0.000000000000000000e+00,6.384889483451843262e-01,0.000000000000000000e+00,4.096614360809326172e+00,0.000000000000000000e+00,0.000000000000000000e+00,0.000000000000000000e+00
3.116987049579620361e-01,7.337755560874938965e-01,0.000000000000000000e+00,0.000000000000000000e+00,3.716195225715637207e-01,0.000000000000000000e+00,0.000000000000000000e+00,2.834333181381225586e+00
0.000000000000000000e+00,0.000000000000000000e+00,0.000000000000000000e+00,0.000000000000000000e+00,2.865493535995483398e+00,0.000000000000000000e+00,0.000000000000000000e+00,0.000000000000000000e+00
0.000000000000000000e+00,0.000000000000000000e+00,0.000000000000000000e+00,0.000000000000000000e+00,2.169164419174194336e+00,0.000000000000000000e+00,0.000000000000000000e+00,0.000000000000000000e+00
0.000000000000000000e+00,0.000000000000000000e+00,1.949419677257537842e-01,0.000000000000000000e+00,2.302969217300415039e+00,0.000000000000000000e+00,0.000000000000000000e+00,0.000000000000000000e+00
0.000000000000000000e+00,0.000000000000000000e+00,0.000000000000000000e+00,0.000000000000000000e+00,3.000912189483642578e+00,0.000000000000000000e+00,0.000000000000000000e+00,0.000000000000000000e+00
0.000000000000000000e+00,0.000000000000000000e+00,2.805297613143920898e+00,7.848227024078369141e-01,0.000000000000000000e+00,0.000000000000000000e+00,0.000000000000000000e+00,0.000000000000000000e+00
0.000000000000000000e+00,0.000000000000000000e+00,0.000000000000000000e+00,0.000000000000000000e+00,3.217727899551391602e+00,0.000000000000000000e+00,0.000000000000000000e+00,0.000000000000000000e+00
0.000000000000000000e+00,0.000000000000000000e+00,0.000000000000000000e+00,0.000000000000000000e+00,2.208029985427856445e+00,0.000000000000000000e+00,0.000000000000000000e+00,0.000000000000000000e+00
0.000000000000000000e+00,3.827932775020599365e-01,0.000000000000000000e+00,0.000000000000000000e+00,2.310793161392211914e+00,0.000000000000000000e+00,0.000000000000000000e+00,4.501705169677734375e-01
0.000000000000000000e+00,0.000000000000000000e+00,0.000000000000000000e+00,0.000000000000000000e+00,3.198208808898925781e+00,0.000000000000000000e+00,0.000000000000000000e+00,0.000000000000000000e+00
0.000000000000000000e+00,0.000000000000000000e+00,2.867200374603271484e-01,0.000000000000000000e+00,2.007613897323608398e+00,0.000000000000000000e+00,0.000000000000000000e+00,0.000000000000000000e+00
0.000000000000000000e+00,0.000000000000000000e+00,0.000000000000000000e+00,0.000000000000000000e+00,3.130983114242553711e+00,0.000000000000000000e+00,0.000000000000000000e+00,0.000000000000000000e+00
1.498679995536804199e+00,0.000000000000000000e+00,0.000000000000000000e+00,0.000000000000000000e+00,0.000000000000000000e+00,0.000000000000000000e+00,0.000000000000000000e+00,3.510715484619140625e+00
0.000000000000000000e+00,0.000000000000000000e+00,0.000000000000000000e+00,0.000000000000000000e+00,2.109426975250244141e+00,0.000000000000000000e+00,0.000000000000000000e+00,0.000000000000000000e+00
0.000000000000000000e+00,1.041937828063964844e+00,3.014610409736633301e-01,0.000000000000000000e+00,4.082870960235595703e+00,0.000000000000000000e+00,0.000000000000000000e+00,0.000000000000000000e+00
2.180827617645263672e+00,2.041456937789916992e+00,0.000000000000000000e+00,5.779126882553100586e-01,0.000000000000000000e+00,0.000000000000000000e+00,2.290799856185913086e+00,3.721338033676147461e+00
1.752406597137451172e+00,0.000000000000000000e+00,9.866911768913269043e-01,2.839738130569458008e+00,0.000000000000000000e+00,0.000000000000000000e+00,2.749298810958862305e+00,0.000000000000000000e+00
0.000000000000000000e+00,0.000000000000000000e+00,0.000000000000000000e+00,0.000000000000000000e+00,2.315046548843383789e+00,0.000000000000000000e+00,0.000000000000000000e+00,0.000000000000000000e+00
0.000000000000000000e+00,0.000000000000000000e+00,0.000000000000000000e+00,0.000000000000000000e+00,2.438932657241821289e+00,0.000000000000000000e+00,0.000000000000000000e+00,0.000000000000000000e+00
0.000000000000000000e+00,0.000000000000000000e+00,1.085036396980285645e+00,0.000000000000000000e+00,1.454667568206787109e+00,0.000000000000000000e+00,0.000000000000000000e+00,0.000000000000000000e+00
0.000000000000000000e+00,2.489322423934936523e-01,2.372355461120605469e-01,0.000000000000000000e+00,4.501486301422119141e+00,0.000000000000000000e+00,0.000000000000000000e+00,0.000000000000000000e+00
0.000000000000000000e+00,0.000000000000000000e+00,0.000000000000000000e+00,0.000000000000000000e+00,3.041175603866577148e+00,0.000000000000000000e+00,0.000000000000000000e+00,0.000000000000000000e+00
0.000000000000000000e+00,0.000000000000000000e+00,0.000000000000000000e+00,0.000000000000000000e+00,4.377730846405029297e+00,0.000000000000000000e+00,0.000000000000000000e+00,0.000000000000000000e+00
0.000000000000000000e+00,0.000000000000000000e+00,0.000000000000000000e+00,0.000000000000000000e+00,2.711521148681640625e+00,0.000000000000000000e+00,0.000000000000000000e+00,0.000000000000000000e+00
0.000000000000000000e+00,0.000000000000000000e+00,2.796040534973144531e+00,6.760931015014648438e-02,3.175158500671386719e+00,0.000000000000000000e+00,0.000000000000000000e+00,0.000000000000000000e+00
0.000000000000000000e+00,0.000000000000000000e+00,0.000000000000000000e+00,0.000000000000000000e+00,1.936924099922180176e+00,0.000000000000000000e+00,0.000000000000000000e+00,0.000000000000000000e+00
0.000000000000000000e+00,0.000000000000000000e+00,4.031116485595703125e+00,6.739327311515808105e-01,0.000000000000000000e+00,0.000000000000000000e+00,0.000000000000000000e+00,0.000000000000000000e+00
0.000000000000000000e+00,0.000000000000000000e+00,3.447240352630615234e+00,7.848272323608398438e-01,0.000000000000000000e+00,0.000000000000000000e+00,0.000000000000000000e+00,0.000000000000000000e+00
0.000000000000000000e+00,0.000000000000000000e+00,1.549727678298950195e+00,0.000000000000000000e+00,3.792804002761840820e+00,0.000000000000000000e+00,0.000000000000000000e+00,0.000000000000000000e+00
0.000000000000000000e+00,0.000000000000000000e+00,0.000000000000000000e+00,0.000000000000000000e+00,2.169710159301757812e+00,0.000000000000000000e+00,0.000000000000000000e+00,0.000000000000000000e+00
0.000000000000000000e+00,2.944392263889312744e-01,1.661017388105392456e-01,0.000000000000000000e+00,4.614978790283203125e+00,0.000000000000000000e+00,0.000000000000000000e+00,0.000000000000000000e+00
1.532888174057006836e+00,7.373111695051193237e-02,0.000000000000000000e+00,0.000000000000000000e+00,0.000000000000000000e+00,0.000000000000000000e+00,3.790834844112396240e-01,2.981030225753784180e+00
0.000000000000000000e+00,0.000000000000000000e+00,0.000000000000000000e+00,0.000000000000000000e+00,2.571707248687744141e+00,0.000000000000000000e+00,0.000000000000000000e+00,0.000000000000000000e+00
0.000000000000000000e+00,0.000000000000000000e+00,9.996798038482666016e-01,0.000000000000000000e+00,3.775423049926757812e+00,0.000000000000000000e+00,0.000000000000000000e+00,0.000000000000000000e+00
0.000000000000000000e+00,0.000000000000000000e+00,7.584027647972106934e-01,0.000000000000000000e+00,4.887925624847412109e+00,0.000000000000000000e+00,0.000000000000000000e+00,0.000000000000000000e+00
0.000000000000000000e+00,1.856807947158813477e+00,0.000000000000000000e+00,0.000000000000000000e+00,7.466535568237304688e+00,0.000000000000000000e+00,0.000000000000000000e+00,0.000000000000000000e+00
0.000000000000000000e+00,0.000000000000000000e+00,1.956340789794921875e+00,0.000000000000000000e+00,3.637945890426635742e+00,0.000000000000000000e+00,0.000000000000000000e+00,0.000000000000000000e+00
7.617049813270568848e-01,1.530303478240966797e+00,0.000000000000000000e+00,0.000000000000000000e+00,6.052207201719284058e-03,0.000000000000000000e+00,2.012592852115631104e-01,3.305414438247680664e+00
0.000000000000000000e+00,0.000000000000000000e+00,2.180099725723266602e+00,8.025864139199256897e-03,3.999932289123535156e+00,0.000000000000000000e+00,0.000000000000000000e+00,0.000000000000000000e+00
0.000000000000000000e+00,0.000000000000000000e+00,0.000000000000000000e+00,0.000000000000000000e+00,4.415203571319580078e+00,0.000000000000000000e+00,0.000000000000000000e+00,0.000000000000000000e+00
0.000000000000000000e+00,0.000000000000000000e+00,8.534645438194274902e-01,0.000000000000000000e+00,3.321397542953491211e+00,0.000000000000000000e+00,0.000000000000000000e+00,0.000000000000000000e+00
0.000000000000000000e+00,0.000000000000000000e+00,0.000000000000000000e+00,0.000000000000000000e+00,3.296534538269042969e+00,0.000000000000000000e+00,0.000000000000000000e+00,0.000000000000000000e+00
0.000000000000000000e+00,0.000000000000000000e+00,8.983044624328613281e-01,0.000000000000000000e+00,3.471227645874023438e+00,0.000000000000000000e+00,0.000000000000000000e+00,0.000000000000000000e+00
0.000000000000000000e+00,0.000000000000000000e+00,0.000000000000000000e+00,0.000000000000000000e+00,1.661823391914367676e+00,0.000000000000000000e+00,0.000000000000000000e+00,0.000000000000000000e+00
0.000000000000000000e+00,2.381236791610717773e+00,0.000000000000000000e+00,0.000000000000000000e+00,6.431196212768554688e+00,0.000000000000000000e+00,0.000000000000000000e+00,1.042009741067886353e-01
0.000000000000000000e+00,0.000000000000000000e+00,1.398891806602478027e+00,0.000000000000000000e+00,2.299079895019531250e+00,0.000000000000000000e+00,0.000000000000000000e+00,0.000000000000000000e+00
1.302468180656433105e+00,1.104596972465515137e+00,0.000000000000000000e+00,0.000000000000000000e+00,0.000000000000000000e+00,0.000000000000000000e+00,4.616257846355438232e-01,3.321529388427734375e+00
1.592286348342895508e+00,3.894669115543365479e-01,0.000000000000000000e+00,0.000000000000000000e+00,0.000000000000000000e+00,0.000000000000000000e+00,4.680728018283843994e-01,3.475504636764526367e+00
0.000000000000000000e+00,0.000000000000000000e+00,0.000000000000000000e+00,0.000000000000000000e+00,3.495558977127075195e+00,0.000000000000000000e+00,0.000000000000000000e+00,0.000000000000000000e+00
0.000000000000000000e+00,2.106417715549468994e-01,0.000000000000000000e+00,0.000000000000000000e+00,1.862923860549926758e+00,0.000000000000000000e+00,0.000000000000000000e+00,1.417617946863174438e-01
0.000000000000000000e+00,2.521718502044677734e+00,0.000000000000000000e+00,0.000000000000000000e+00,4.007689952850341797e+00,0.000000000000000000e+00,0.000000000000000000e+00,8.248376250267028809e-01
1.696114897727966309e+00,8.783304095268249512e-01,0.000000000000000000e+00,8.895048499107360840e-01,0.000000000000000000e+00,0.000000000000000000e+00,1.510694503784179688e+00,2.428807497024536133e+00
1.190494894981384277e+00,0.000000000000000000e+00,1.351085186004638672e+00,3.477259874343872070e+00,0.000000000000000000e+00,0.000000000000000000e+00,2.414429903030395508e+00,0.000000000000000000e+00
8.469731807708740234e-01,0.000000000000000000e+00,1.757704019546508789e+00,3.405281782150268555e+00,0.000000000000000000e+00,0.000000000000000000e+00,2.456045389175415039e+00,0.000000000000000000e+00
9.014163017272949219e-01,0.000000000000000000e+00,1.515525817871093750e+00,3.494952440261840820e+00,0.000000000000000000e+00,0.000000000000000000e+00,2.484891653060913086e+00,0.000000000000000000e+00
1.001076817512512207e+00,0.000000000000000000e+00,1.352613091468811035e+00,3.624158382415771484e+00,0.000000000000000000e+00,0.000000000000000000e+00,2.575348377227783203e+00,0.000000000000000000e+00
9.337832927703857422e-01,0.000000000000000000e+00,1.484563589096069336e+00,3.589043617248535156e+00,0.000000000000000000e+00,0.000000000000000000e+00,2.534396171569824219e+00,0.000000000000000000e+00
1.135389447212219238e+00,0.000000000000000000e+00,1.472109794616699219e+00,3.779692888259887695e+00,0.000000000000000000e+00,0.000000000000000000e+00,2.574314355850219727e+00,0.000000000000000000e+00
0.000000000000000000e+00,0.000000000000000000e+00,5.039643287658691406e+00,3.038218021392822266e+00,7.020711302757263184e-01,0.000000000000000000e+00,9.882096052169799805e-01,0.000000000000000000e+00
0.000000000000000000e+00,0.000000000000000000e+00,5.977635383605957031e+00,4.266312122344970703e-01,3.225727319717407227e+00,0.000000000000000000e+00,0.000000000000000000e+00,0.000000000000000000e+00
0.000000000000000000e+00,0.000000000000000000e+00,4.789951324462890625e+00,6.600128412246704102e-01,2.849569559097290039e+00,0.000000000000000000e+00,0.000000000000000000e+00,0.000000000000000000e+00
0.000000000000000000e+00,0.000000000000000000e+00,5.483592510223388672e+00,2.005875408649444580e-01,3.562308788299560547e+00,0.000000000000000000e+00,0.000000000000000000e+00,0.000000000000000000e+00
0.000000000000000000e+00,0.000000000000000000e+00,5.572303771972656250e+00,4.898364245891571045e-01,1.204271078109741211e+00,0.000000000000000000e+00,0.000000000000000000e+00,0.000000000000000000e+00
1.062882184982299805e+00,0.000000000000000000e+00,1.592639684677124023e+00,4.080647945404052734e+00,0.000000000000000000e+00,0.000000000000000000e+00,2.826237678527832031e+00,0.000000000000000000e+00
1.143765568733215332e+00,0.000000000000000000e+00,1.406536102294921875e+00,4.085229873657226562e+00,0.000000000000000000e+00,0.000000000000000000e+00,2.849618673324584961e+00,0.000000000000000000e+00
1.001109242439270020e+00,0.000000000000000000e+00,1.538640856742858887e+00,3.869782447814941406e+00,0.000000000000000000e+00,0.000000000000000000e+00,2.706559181213378906e+00,0.000000000000000000e+00
1.556635499000549316e+00,0.000000000000000000e+00,6.249001026153564453e-01,4.093493461608886719e+00,0.000000000000000000e+00,0.000000000000000000e+00,3.146838188171386719e+00,0.000000000000000000e+00
1.224512219429016113e+00,0.000000000000000000e+00,1.247310638427734375e+00,3.769735097885131836e+00,0.000000000000000000e+00,0.000000000000000000e+00,2.733106613159179688e+00,0.000000000000000000e+00
1.259725451469421387e+00,0.000000000000000000e+00,1.255442857742309570e+00,4.052685737609863281e+00,0.000000000000000000e+00,0.000000000000000000e+00,2.899695873260498047e+00,0.000000000000000000e+00
1.149106502532958984e+00,0.000000000000000000e+00,1.376271486282348633e+00,3.786321878433227539e+00,0.000000000000000000e+00,0.000000000000000000e+00,2.709911346435546875e+00,0.000000000000000000e+00
1.247631788253784180e+00,0.000000000000000000e+00,1.580286264419555664e+00,3.690547227859497070e+00,0.000000000000000000e+00,0.000000000000000000e+00,2.595199346542358398e+00,0.000000000000000000e+00
1.454285383224487305e+00,5.545121431350708008e-01,0.000000000000000000e+00,0.000000000000000000e+00,0.000000000000000000e+00,0.000000000000000000e+00,1.725963652133941650e-01,3.624544858932495117e+00
1.863372802734375000e+00,1.724593937397003174e-01,0.000000000000000000e+00,0.000000000000000000e+00,0.000000000000000000e+00,0.000000000000000000e+00,0.000000000000000000e+00,4.267259597778320312e+00
2.348408997058868408e-01,1.460193276405334473e+00,0.000000000000000000e+00,0.000000000000000000e+00,9.387689232826232910e-01,0.000000000000000000e+00,0.000000000000000000e+00,4.300549507141113281e+00
1.022760987281799316e+00,7.810624837875366211e-01,0.000000000000000000e+00,0.000000000000000000e+00,0.000000000000000000e+00,0.000000000000000000e+00,0.000000000000000000e+00,3.894662141799926758e+00
3.501671850681304932e-01,8.444893956184387207e-01,0.000000000000000000e+00,0.000000000000000000e+00,3.040853142738342285e-01,0.000000000000000000e+00,0.000000000000000000e+00,3.588305473327636719e+00
0.000000000000000000e+00,0.000000000000000000e+00,0.000000000000000000e+00,0.000000000000000000e+00,2.553099632263183594e+00,0.000000000000000000e+00,0.000000000000000000e+00,0.000000000000000000e+00
0.000000000000000000e+00,9.961579442024230957e-01,0.000000000000000000e+00,0.000000000000000000e+00,4.980257987976074219e+00,0.000000000000000000e+00,0.000000000000000000e+00,0.000000000000000000e+00
1.348453879356384277e+00,5.981054306030273438e-01,0.000000000000000000e+00,0.000000000000000000e+00,0.000000000000000000e+00,0.000000000000000000e+00,5.839015245437622070e-01,2.973547697067260742e+00
1.430414080619812012e+00,1.285099387168884277e+00,0.000000000000000000e+00,0.000000000000000000e+00,0.000000000000000000e+00,0.000000000000000000e+00,8.589572906494140625e-01,3.349558591842651367e+00
0.000000000000000000e+00,0.000000000000000000e+00,3.536872625350952148e+00,5.618521571159362793e-01,8.050336837768554688e-01,0.000000000000000000e+00,0.000000000000000000e+00,0.000000000000000000e+00
0.000000000000000000e+00,0.000000000000000000e+00,0.000000000000000000e+00,0.000000000000000000e+00,3.811529636383056641e+00,0.000000000000000000e+00,0.000000000000000000e+00,0.000000000000000000e+00
0.000000000000000000e+00,0.000000000000000000e+00,0.000000000000000000e+00,0.000000000000000000e+00,3.638085365295410156e+00,0.000000000000000000e+00,0.000000000000000000e+00,0.000000000000000000e+00
0.000000000000000000e+00,0.000000000000000000e+00,5.299863219261169434e-01,0.000000000000000000e+00,4.233627319335937500e+00,0.000000000000000000e+00,0.000000000000000000e+00,0.000000000000000000e+00
0.000000000000000000e+00,0.000000000000000000e+00,5.438681244850158691e-01,0.000000000000000000e+00,3.919126272201538086e+00,0.000000000000000000e+00,0.000000000000000000e+00,0.000000000000000000e+00
5.405912399291992188e-01,1.574787497520446777e+00,0.000000000000000000e+00,0.000000000000000000e+00,3.553373217582702637e-01,0.000000000000000000e+00,0.000000000000000000e+00,4.272408485412597656e+00
0.000000000000000000e+00,1.727152466773986816e+00,0.000000000000000000e+00,0.000000000000000000e+00,4.595431327819824219e+00,0.000000000000000000e+00,0.000000000000000000e+00,3.293185234069824219e-01
0.000000000000000000e+00,0.000000000000000000e+00,0.000000000000000000e+00,0.000000000000000000e+00,2.332305192947387695e+00,0.000000000000000000e+00,0.000000000000000000e+00,0.000000000000000000e+00
0.000000000000000000e+00,6.816295385360717773e-01,0.000000000000000000e+00,0.000000000000000000e+00,4.681595325469970703e+00,0.000000000000000000e+00,0.000000000000000000e+00,0.000000000000000000e+00
0.000000000000000000e+00,0.000000000000000000e+00,2.492622375488281250e+00,8.471657335758209229e-02,3.087989807128906250e+00,0.000000000000000000e+00,0.000000000000000000e+00,0.000000000000000000e+00
1.491497516632080078e+00,0.000000000000000000e+00,9.724976420402526855e-01,3.751768589019775391e+00,0.000000000000000000e+00,0.000000000000000000e+00,2.977861166000366211e+00,0.000000000000000000e+00
0.000000000000000000e+00,0.000000000000000000e+00,8.683922886848449707e-01,0.000000000000000000e+00,3.921127319335937500e+00,0.000000000000000000e+00,0.000000000000000000e+00,0.000000000000000000e+00
0.000000000000000000e+00,0.000000000000000000e+00,3.320542573928833008e-01,0.000000000000000000e+00,4.586737155914306641e+00,0.000000000000000000e+00,0.000000000000000000e+00,0.000000000000000000e+00
0.000000000000000000e+00,0.000000000000000000e+00,3.891916275024414062e-01,0.000000000000000000e+00,4.298138618469238281e+00,0.000000000000000000e+00,0.000000000000000000e+00,0.000000000000000000e+00
0.000000000000000000e+00,0.000000000000000000e+00,3.364671766757965088e-02,0.000000000000000000e+00,2.515017986297607422e+00,0.000000000000000000e+00,0.000000000000000000e+00,0.000000000000000000e+00
0.000000000000000000e+00,0.000000000000000000e+00,4.079417586326599121e-01,0.000000000000000000e+00,4.010741710662841797e+00,0.000000000000000000e+00,0.000000000000000000e+00,0.000000000000000000e+00
0.000000000000000000e+00,0.000000000000000000e+00,0.000000000000000000e+00,0.000000000000000000e+00,3.405602455139160156e+00,0.000000000000000000e+00,0.000000000000000000e+00,0.000000000000000000e+00
0.000000000000000000e+00,0.000000000000000000e+00,0.000000000000000000e+00,0.000000000000000000e+00,2.750287532806396484e+00,0.000000000000000000e+00,0.000000000000000000e+00,0.000000000000000000e+00
4.358015358448028564e-01,1.279028296470642090e+00,0.000000000000000000e+00,0.000000000000000000e+00,2.621144652366638184e-01,0.000000000000000000e+00,0.000000000000000000e+00,3.735564708709716797e+00
5.348840951919555664e-01,0.000000000000000000e+00,2.505081295967102051e-01,6.632669568061828613e-01,0.000000000000000000e+00,0.000000000000000000e+00,3.965731263160705566e-01,2.252806574106216431e-01
0.000000000000000000e+00,5.467543005943298340e-01,5.011116266250610352e-01,0.000000000000000000e+00,2.677997112274169922e+00,0.000000000000000000e+00,0.000000000000000000e+00,0.000000000000000000e+00
1.263626933097839355e+00,3.928162157535552979e-01,6.210899353027343750e-01,1.136680841445922852e+00,0.000000000000000000e+00,0.000000000000000000e+00,1.742721319198608398e+00,1.004487514495849609e+00
2.388396859169006348e-02,7.455288171768188477e-01,0.000000000000000000e+00,0.000000000000000000e+00,9.664719700813293457e-01,0.000000000000000000e+00,0.000000000000000000e+00,3.680940866470336914e+00
2.938678860664367676e-02,8.947528600692749023e-01,0.000000000000000000e+00,0.000000000000000000e+00,1.023833632469177246e+00,0.000000000000000000e+00,0.000000000000000000e+00,4.130165576934814453e+00
9.024827480316162109e-01,8.530704975128173828e-01,0.000000000000000000e+00,0.000000000000000000e+00,0.000000000000000000e+00,0.000000000000000000e+00,0.000000000000000000e+00,3.569436788558959961e+00
0.000000000000000000e+00,2.038433551788330078e+00,0.000000000000000000e+00,0.000000000000000000e+00,4.648736953735351562e+00,0.000000000000000000e+00,0.000000000000000000e+00,7.816900014877319336e-01
0.000000000000000000e+00,2.293625473976135254e-02,1.123403757810592651e-01,0.000000000000000000e+00,6.267141550779342651e-03,0.000000000000000000e+00,0.000000000000000000e+00,0.000000000000000000e+00
2.060767889022827148e+00,0.000000000000000000e+00,0.000000000000000000e+00,8.245018124580383301e-01,0.000000000000000000e+00,0.000000000000000000e+00,1.784090876579284668e+00,2.259433984756469727e+00
0.000000000000000000e+00,2.002295106649398804e-02,8.350020647048950195e-01,0.000000000000000000e+00,1.168934226036071777e+00,0.000000000000000000e+00,0.000000000000000000e+00,0.000000000000000000e+00
5.082824230194091797e-01,1.572922348976135254e+00,0.000000000000000000e+00,0.000000000000000000e+00,2.551842331886291504e-01,0.000000000000000000e+00,2.533116936683654785e-02,3.151915311813354492e+00
0.000000000000000000e+00,2.001120448112487793e-01,1.808989763259887695e+00,0.000000000000000000e+00,3.415197134017944336e+00,0.000000000000000000e+00,0.000000000000000000e+00,0.000000000000000000e+00
5.436038970947265625e-01,8.368002623319625854e-02,2.153547525405883789e+00,1.624789357185363770e+00,4.650658369064331055e-01,0.000000000000000000e+00,1.447714686393737793e+00,0.000000000000000000e+00
1.620560884475708008e+00,4.259164929389953613e-01,4.339735507965087891e-01,1.569768428802490234e+00,0.000000000000000000e+00,0.000000000000000000e+00,2.257631063461303711e+00,1.410771965980529785e+00
6.570258736610412598e-02,3.806899487972259521e-01,0.000000000000000000e+00,0.000000000000000000e+00,6.797431111335754395e-01,0.000000000000000000e+00,0.000000000000000000e+00,1.949702143669128418e+00
1.090542078018188477e+00,4.872678816318511963e-01,0.000000000000000000e+00,0.000000000000000000e+00,0.000000000000000000e+00,0.000000000000000000e+00,0.000000000000000000e+00,3.728903770446777344e+00
0.000000000000000000e+00,0.000000000000000000e+00,0.000000000000000000e+00,0.000000000000000000e+00,2.388522863388061523e+00,0.000000000000000000e+00,0.000000000000000000e+00,0.000000000000000000e+00
0.000000000000000000e+00,0.000000000000000000e+00,3.750087618827819824e-01,0.000000000000000000e+00,2.047014981508255005e-01,0.000000000000000000e+00,0.000000000000000000e+00,0.000000000000000000e+00
4.250867068767547607e-01,1.679272532463073730e+00,0.000000000000000000e+00,0.000000000000000000e+00,4.306318163871765137e-01,0.000000000000000000e+00,0.000000000000000000e+00,3.685184001922607422e+00
9.515022039413452148e-01,0.000000000000000000e+00,7.148081660270690918e-01,1.091399073600769043e+00,0.000000000000000000e+00,0.000000000000000000e+00,1.399029374122619629e+00,1.500752121210098267e-01
0.000000000000000000e+00,5.332150459289550781e-01,0.000000000000000000e+00,0.000000000000000000e+00,3.045568704605102539e+00,0.000000000000000000e+00,0.000000000000000000e+00,0.000000000000000000e+00
0.000000000000000000e+00,0.000000000000000000e+00,4.920529723167419434e-01,0.000000000000000000e+00,2.291794538497924805e+00,0.000000000000000000e+00,0.000000000000000000e+00,0.000000000000000000e+00
2.865276634693145752e-01,3.452183008193969727e+00,0.000000000000000000e+00,0.000000000000000000e+00,1.698873758316040039e+00,1.371118128299713135e-01,4.269162416458129883e-01,3.409531116485595703e+00
0.000000000000000000e+00,0.000000000000000000e+00,3.764312505722045898e+00,2.632333338260650635e-01,1.451984405517578125e+00,0.000000000000000000e+00,0.000000000000000000e+00,0.000000000000000000e+00
3.910940885543823242e-02,2.847266912460327148e+00,0.000000000000000000e+00,0.000000000000000000e+00,1.866639614105224609e+00,0.000000000000000000e+00,3.972183167934417725e-01,2.785074710845947266e+00
0.000000000000000000e+00,0.000000000000000000e+00,0.000000000000000000e+00,0.000000000000000000e+00,1.959495902061462402e+00,0.000000000000000000e+00,0.000000000000000000e+00,0.000000000000000000e+00
0.000000000000000000e+00,0.000000000000000000e+00,0.000000000000000000e+00,0.000000000000000000e+00,2.642004966735839844e+00,0.000000000000000000e+00,0.000000000000000000e+00,0.000000000000000000e+00
0.000000000000000000e+00,0.000000000000000000e+00,4.973454475402832031e-01,0.000000000000000000e+00,1.878711104393005371e+00,0.000000000000000000e+00,0.000000000000000000e+00,0.000000000000000000e+00
0.000000000000000000e+00,0.000000000000000000e+00,9.426647424697875977e-01,0.000000000000000000e+00,4.189297676086425781e+00,0.000000000000000000e+00,0.000000000000000000e+00,0.000000000000000000e+00
0.000000000000000000e+00,1.368207633495330811e-01,1.851058304309844971e-01,0.000000000000000000e+00,3.590187549591064453e+00,0.000000000000000000e+00,0.000000000000000000e+00,0.000000000000000000e+00
3.512300550937652588e-01,0.000000000000000000e+00,2.122001171112060547e+00,9.974510073661804199e-01,1.270965486764907837e-01,0.000000000000000000e+00,6.979414820671081543e-01,0.000000000000000000e+00
0.000000000000000000e+00,0.000000000000000000e+00,0.000000000000000000e+00,0.000000000000000000e+00,2.273946046829223633e+00,0.000000000000000000e+00,0.000000000000000000e+00,2.477846294641494751e-01
1.877034306526184082e+00,0.000000000000000000e+00,0.000000000000000000e+00,7.113054990768432617e-01,0.000000000000000000e+00,0.000000000000000000e+00,8.312784433364868164e-01,3.016749620437622070e+00
0.000000000000000000e+00,0.000000000000000000e+00,1.666275382041931152e+00,7.203530073165893555e-01,0.000000000000000000e+00,0.000000000000000000e+00,0.000000000000000000e+00,0.000000000000000000e+00
0.000000000000000000e+00,0.000000000000000000e+00,1.818158626556396484e+00,2.349612489342689514e-02,1.593850106000900269e-01,0.000000000000000000e+00,0.000000000000000000e+00,0.000000000000000000e+00
9.586002826690673828e-01,0.000000000000000000e+00,1.939234852790832520e+00,3.652356863021850586e+00,0.000000000000000000e+00,0.000000000000000000e+00,2.488611698150634766e+00,0.000000000000000000e+00
1.183807730674743652e+00,0.000000000000000000e+00,1.001445889472961426e+00,3.719298124313354492e+00,0.000000000000000000e+00,0.000000000000000000e+00,2.647885322570800781e+00,0.000000000000000000e+00
1.134163975715637207e+00,0.000000000000000000e+00,1.211213588714599609e+00,3.843965768814086914e+00,0.000000000000000000e+00,0.000000000000000000e+00,2.793134927749633789e+00,0.000000000000000000e+00
1.027328968048095703e+00,0.000000000000000000e+00,1.587627649307250977e+00,3.705491065979003906e+00,0.000000000000000000e+00,0.000000000000000000e+00,2.538920164108276367e+00,0.000000000000000000e+00
1.018505334854125977e+00,0.000000000000000000e+00,1.349961996078491211e+00,3.772038698196411133e+00,0.000000000000000000e+00,0.000000000000000000e+00,2.653723955154418945e+00,0.000000000000000000e+00
1.083159446716308594e+00,0.000000000000000000e+00,1.344193935394287109e+00,3.918115854263305664e+00,0.000000000000000000e+00,0.000000000000000000e+00,2.730122804641723633e+00,0.000000000000000000e+00
1.004328727722167969e+00,0.000000000000000000e+00,1.726529836654663086e+00,3.651892185211181641e+00,0.000000000000000000e+00,0.000000000000000000e+00,2.624835968017578125e+00,0.000000000000000000e+00
6.894780397415161133e-01,0.000000000000000000e+00,3.432018756866455078e+00,3.465382337570190430e+00,0.000000000000000000e+00,0.000000000000000000e+00,2.165026664733886719e+00,0.000000000000000000e+00
