0.000000000000000000e+00,0.000000000000000000e+00,0.000000000000000000e+00,0.000000000000000000e+00,4.817596435546875000e+00,0.000000000000000000e+00,1.793533116579055786e-01,0.000000000000000000e+00
0.000000000000000000e+00,0.000000000000000000e+00,0.000000000000000000e+00,0.000000000000000000e+00,4.839553833007812500e+00,0.000000000000000000e+00,1.863837987184524536e-01,0.000000000000000000e+00
0.000000000000000000e+00,0.000000000000000000e+00,0.000000000000000000e+00,0.000000000000000000e+00,5.066901206970214844e+00,0.000000000000000000e+00,1.950391083955764771e-01,0.000000000000000000e+00
0.000000000000000000e+00,0.000000000000000000e+00,0.000000000000000000e+00,0.000000000000000000e+00,5.069641113281250000e+00,0.000000000000000000e+00,1.596744805574417114e-01,0.000000000000000000e+00
0.000000000000000000e+00,0.000000000000000000e+00,0.000000000000000000e+00,0.000000000000000000e+00,5.070256710052490234e+00,0.000000000000000000e+00,1.644305735826492310e-01,0.000000000000000000e+00
0.000000000000000000e+00,0.000000000000000000e+00,0.000000000000000000e+00,0.000000000000000000e+00,5.060525417327880859e+00,0.000000000000000000e+00,1.817965060472488403e-01,0.000000000000000000e+00
0.000000000000000000e+00,0.000000000000000000e+00,0.000000000000000000e+00,0.000000000000000000e+00,4.632021903991699219e+00,1.879931926727294922e+00,0.000000000000000000e+00,0.000000000000000000e+00
0.000000000000000000e+00,0.000000000000000000e+00,0.000000000000000000e+00,0.000000000000000000e+00,4.783441066741943359e+00,1.077333092689514160e+00,2.094928771257400513e-01,0.000000000000000000e+00
0.000000000000000000e+00,2.053782939910888672e+00,3.202370405197143555e-01,0.000000000000000000e+00,0.000000000000000000e+00,0.000000000000000000e+00,0.000000000000000000e+00,0.000000000000000000e+00
0.000000000000000000e+00,3.780033349990844727e+00,0.000000000000000000e+00,0.000000000000000000e+00,0.000000000000000000e+00,0.000000000000000000e+00,0.000000000000000000e+00,0.000000000000000000e+00
0.000000000000000000e+00,3.096284270286560059e-01,2.407611370086669922e+00,0.000000000000000000e+00,0.000000000000000000e+00,0.000000000000000000e+00,0.000000000000000000e+00,0.000000000000000000e+00
0.000000000000000000e+00,1.104350447654724121e+00,2.166275024414062500e+00,0.000000000000000000e+00,0.000000000000000000e+00,0.000000000000000000e+00,0.000000000000000000e+00,0.000000000000000000e+00
0.000000000000000000e+00,4.300527095794677734e+00,0.000000000000000000e+00,0.000000000000000000e+00,0.000000000000000000e+00,0.000000000000000000e+00,0.000000000000000000e+00,0.000000000000000000e+00
0.000000000000000000e+00,3.858111143112182617e+00,0.000000000000000000e+00,0.000000000000000000e+00,0.000000000000000000e+00,0.000000000000000000e+00,0.000000000000000000e+00,0.000000000000000000e+00
0.000000000000000000e+00,4.805559635162353516e+00,0.000000000000000000e+00,0.000000000000000000e+00,0.000000000000000000e+00,0.000000000000000000e+00,0.000000000000000000e+00,0.000000000000000000e+00
0.000000000000000000e+00,3.544403553009033203e+00,1.125392794609069824e+00,0.000000000000000000e+00,0.000000000000000000e+00,0.000000000000000000e+00,0.000000000000000000e+00,0.000000000000000000e+00
0.000000000000000000e+00,3.715112209320068359e+00,2.320249229669570923e-01,0.000000000000000000e+00,0.000000000000000000e+00,0.000000000000000000e+00,0.000000000000000000e+00,0.000000000000000000e+00
0.000000000000000000e+00,4.226919651031494141e+00,0.000000000000000000e+00,0.000000000000000000e+00,0.000000000000000000e+00,0.000000000000000000e+00,0.000000000000000000e+00,0.000000000000000000e+00
0.000000000000000000e+00,3.644848346710205078e+00,0.000000000000000000e+00,0.000000000000000000e+00,0.000000000000000000e+00,0.000000000000000000e+00,0.000000000000000000e+00,0.000000000000000000e+00
0.000000000000000000e+00,4.026499748229980469e+00,0.000000000000000000e+00,0.000000000000000000e+00,0.000000000000000000e+00,0.000000000000000000e+00,0.000000000000000000e+00,0.000000000000000000e+00
0.000000000000000000e+00,3.384257316589355469e+00,0.000000000000000000e+00,0.000000000000000000e+00,0.000000000000000000e+00,0.000000000000000000e+00,0.000000000000000000e+00,0.000000000000000000e+00
0.000000000000000000e+00,2.763749122619628906e+00,9.720122218132019043e-01,0.000000000000000000e+00,0.000000000000000000e+00,0.000000000000000000e+00,0.000000000000000000e+00,0.000000000000000000e+00
0.000000000000000000e+00,0.000000000000000000e+00,2.220342397689819336e+00,0.000000000000000000e+00,0.000000000000000000e+00,2.483148574829101562e+00,0.000000000000000000e+00,0.000000000000000000e+00
0.000000000000000000e+00,3.256147861480712891e+00,6.599332392215728760e-02,0.000000000000000000e+00,0.000000000000000000e+00,0.000000000000000000e+00,0.000000000000000000e+00,0.000000000000000000e+00
0.000000000000000000e+00,3.961309194564819336e+00,0.000000000000000000e+00,0.000000000000000000e+00,0.000000000000000000e+00,0.000000000000000000e+00,0.000000000000000000e+00,0.000000000000000000e+00
0.000000000000000000e+00,1.428368091583251953e+00,1.317999005317687988e+00,0.000000000000000000e+00,0.000000000000000000e+00,0.000000000000000000e+00,0.000000000000000000e+00,0.000000000000000000e+00
0.000000000000000000e+00,0.000000000000000000e+00,2.262901067733764648e+00,0.000000000000000000e+00,0.000000000000000000e+00,1.145017266273498535e+00,0.000000000000000000e+00,0.000000000000000000e+00
0.000000000000000000e+00,0.000000000000000000e+00,2.206516265869140625e+00,0.000000000000000000e+00,0.000000000000000000e+00,6.694193482398986816e-01,0.000000000000000000e+00,0.000000000000000000e+00
0.000000000000000000e+00,1.940400004386901855e-01,3.055136919021606445e+00,0.000000000000000000e+00,0.000000000000000000e+00,0.000000000000000000e+00,0.000000000000000000e+00,0.000000000000000000e+00
0.000000000000000000e+00,4.287809371948242188e+00,0.000000000000000000e+00,0.000000000000000000e+00,0.000000000000000000e+00,0.000000000000000000e+00,0.000000000000000000e+00,0.000000000000000000e+00
0.000000000000000000e+00,3.385854959487915039e+00,0.000000000000000000e+00,0.000000000000000000e+00,0.000000000000000000e+00,0.000000000000000000e+00,0.000000000000000000e+00,0.000000000000000000e+00
0.000000000000000000e+00,2.140332221984863281e+00,2.737056016921997070e-01,0.000000000000000000e+00,0.000000000000000000e+00,0.000000000000000000e+00,0.000000000000000000e+00,0.000000000000000000e+00
0.000000000000000000e+00,0.000000000000000000e+00,2.584573030471801758e+00,0.000000000000000000e+00,0.000000000000000000e+00,5.013046264648437500e-01,0.000000000000000000e+00,0.000000000000000000e+00
0.000000000000000000e+00,0.000000000000000000e+00,1.910347819328308105e+00,0.000000000000000000e+00,0.000000000000000000e+00,2.146663188934326172e+00,0.000000000000000000e+00,0.000000000000000000e+00
0.000000000000000000e+00,0.000000000000000000e+00,1.214111924171447754e+00,0.000000000000000000e+00,0.000000000000000000e+00,2.129527568817138672e+00,0.000000000000000000e+00,0.000000000000000000e+00
0.000000000000000000e+00,0.000000000000000000e+00,2.288696765899658203e+00,0.000000000000000000e+00,0.000000000000000000e+00,0.000000000000000000e+00,0.000000000000000000e+00,0.000000000000000000e+00
0.000000000000000000e+00,3.843012571334838867e+00,7.627286016941070557e-02,0.000000000000000000e+00,0.000000000000000000e+00,0.000000000000000000e+00,0.000000000000000000e+00,0.000000000000000000e+00
0.000000000000000000e+00,2.091593980789184570e+00,1.311764836311340332e+00,0.000000000000000000e+00,0.000000000000000000e+00,0.000000000000000000e+00,0.000000000000000000e+00,0.000000000000000000e+00
0.000000000000000000e+00,2.978834629058837891e+00,7.282136678695678711e-01,0.000000000000000000e+00,0.000000000000000000e+00,0.000000000000000000e+00,0.000000000000000000e+00,0.000000000000000000e+00
0.000000000000000000e+00,0.000000000000000000e+00,3.167193174362182617e+00,0.000000000000000000e+00,0.000000000000000000e+00,1.839720904827117920e-01,0.000000000000000000e+00,0.000000000000000000e+00
0.000000000000000000e+00,3.478066444396972656e+00,4.214437305927276611e-02,0.000000000000000000e+00,0.000000000000000000e+00,0.000000000000000000e+00,0.000000000000000000e+00,0.000000000000000000e+00
0.000000000000000000e+00,3.172225236892700195e+00,3.560772538185119629e-01,0.000000000000000000e+00,0.000000000000000000e+00,0.000000000000000000e+00,0.000000000000000000e+00,0.000000000000000000e+00
0.000000000000000000e+00,1.095675468444824219e+00,1.871974349021911621e+00,0.000000000000000000e+00,0.000000000000000000e+00,0.000000000000000000e+00,0.000000000000000000e+00,0.000000000000000000e+00
0.000000000000000000e+00,2.907135009765625000e+00,1.838633418083190918e+00,0.000000000000000000e+00,0.000000000000000000e+00,0.000000000000000000e+00,0.000000000000000000e+00,0.000000000000000000e+00
0.000000000000000000e+00,2.962397933006286621e-01,1.203342795372009277e+00,0.000000000000000000e+00,0.000000000000000000e+00,6.054375171661376953e-01,0.000000000000000000e+00,0.000000000000000000e+00
0.000000000000000000e+00,3.577807903289794922e+00,1.556023508310317993e-01,0.000000000000000000e+00,0.000000000000000000e+00,0.000000000000000000e+00,0.000000000000000000e+00,0.000000000000000000e+00
0.000000000000000000e+00,3.685235500335693359e+00,0.000000000000000000e+00,0.000000000000000000e+00,0.000000000000000000e+00,0.000000000000000000e+00,0.000000000000000000e+00,0.000000000000000000e+00
0.000000000000000000e+00,3.822901248931884766e+00,0.000000000000000000e+00,0.000000000000000000e+00,0.000000000000000000e+00,0.000000000000000000e+00,0.000000000000000000e+00,0.000000000000000000e+00
0.000000000000000000e+00,2.837132662534713745e-02,2.550059795379638672e+00,0.000000000000000000e+00,0.000000000000000000e+00,0.000000000000000000e+00,0.000000000000000000e+00,0.000000000000000000e+00
0.000000000000000000e+00,0.000000000000000000e+00,2.767327785491943359e+00,0.000000000000000000e+00,0.000000000000000000e+00,9.517581462860107422e-01,0.000000000000000000e+00,0.000000000000000000e+00
0.000000000000000000e+00,0.000000000000000000e+00,1.878194689750671387e+00,0.000000000000000000e+00,0.000000000000000000e+00,2.326823234558105469e+00,0.000000000000000000e+00,0.000000000000000000e+00
0.000000000000000000e+00,4.392813682556152344e+00,0.000000000000000000e+00,0.000000000000000000e+00,0.000000000000000000e+00,0.000000000000000000e+00,0.000000000000000000e+00,0.000000000000000000e+00
0.000000000000000000e+00,1.080640554428100586e+00,1.146769523620605469e+00,0.000000000000000000e+00,0.000000000000000000e+00,0.000000000000000000e+00,0.000000000000000000e+00,0.000000000000000000e+00
0.000000000000000000e+00,0.000000000000000000e+00,2.079335451126098633e+00,0.000000000000000000e+00,0.000000000000000000e+00,1.200038671493530273e+00,0.000000000000000000e+00,0.000000000000000000e+00
0.000000000000000000e+00,0.000000000000000000e+00,0.000000000000000000e+00,0.000000000000000000e+00,1.407400846481323242e+00,6.775518894195556641e+00,0.000000000000000000e+00,0.000000000000000000e+00
0.000000000000000000e+00,0.000000000000000000e+00,0.000000000000000000e+00,0.000000000000000000e+00,5.396078109741210938e+00,6.340660572052001953e+00,0.000000000000000000e+00,0.000000000000000000e+00
0.000000000000000000e+00,0.000000000000000000e+00,0.000000000000000000e+00,0.000000000000000000e+00,4.791995048522949219e+00,6.950212955474853516e+00,0.000000000000000000e+00,0.000000000000000000e+00
0.000000000000000000e+00,0.000000000000000000e+00,0.000000000000000000e+00,0.000000000000000000e+00,3.302353322505950928e-01,4.861464023590087891e+00,0.000000000000000000e+00,0.000000000000000000e+00
0.000000000000000000e+00,0.000000000000000000e+00,0.000000000000000000e+00,0.000000000000000000e+00,2.382156372070312500e+00,3.946573495864868164e+00,0.000000000000000000e+00,0.000000000000000000e+00
0.000000000000000000e+00,0.000000000000000000e+00,0.000000000000000000e+00,0.000000000000000000e+00,4.737957954406738281e+00,1.741461902856826782e-01,2.660643458366394043e-01,0.000000000000000000e+00
0.000000000000000000e+00,0.000000000000000000e+00,0.000000000000000000e+00,0.000000000000000000e+00,4.869987487792968750e+00,0.000000000000000000e+00,1.990438252687454224e-01,0.000000000000000000e+00
0.000000000000000000e+00,0.000000000000000000e+00,0.000000000000000000e+00,0.000000000000000000e+00,4.982783317565917969e+00,0.000000000000000000e+00,1.551914960145950317e-01,0.000000000000000000e+00
0.000000000000000000e+00,0.000000000000000000e+00,0.000000000000000000e+00,0.000000000000000000e+00,5.101767063140869141e+00,0.000000000000000000e+00,1.575164347887039185e-01,0.000000000000000000e+00
0.000000000000000000e+00,0.000000000000000000e+00,0.000000000000000000e+00,0.000000000000000000e+00,5.001498222351074219e+00,0.000000000000000000e+00,1.486106663942337036e-01,0.000000000000000000e+00
0.000000000000000000e+00,0.000000000000000000e+00,0.000000000000000000e+00,0.000000000000000000e+00,5.122586250305175781e+00,0.000000000000000000e+00,1.876619607210159302e-01,0.000000000000000000e+00
0.000000000000000000e+00,0.000000000000000000e+00,0.000000000000000000e+00,0.000000000000000000e+00,5.026739120483398438e+00,3.082331895828247070e+00,0.000000000000000000e+00,0.000000000000000000e+00
0.000000000000000000e+00,0.000000000000000000e+00,0.000000000000000000e+00,0.000000000000000000e+00,4.690462589263916016e+00,3.166752099990844727e+00,0.000000000000000000e+00,0.000000000000000000e+00
0.000000000000000000e+00,0.000000000000000000e+00,0.000000000000000000e+00,0.000000000000000000e+00,5.009434223175048828e+00,0.000000000000000000e+00,1.641066819429397583e-01,0.000000000000000000e+00
0.000000000000000000e+00,0.000000000000000000e+00,0.000000000000000000e+00,0.000000000000000000e+00,4.934857368469238281e+00,0.000000000000000000e+00,1.880068331956863403e-01,0.000000000000000000e+00
0.000000000000000000e+00,0.000000000000000000e+00,0.000000000000000000e+00,0.000000000000000000e+00,4.982993125915527344e+00,0.000000000000000000e+00,1.794455796480178833e-01,0.000000000000000000e+00
0.000000000000000000e+00,0.000000000000000000e+00,0.000000000000000000e+00,0.000000000000000000e+00,5.041238307952880859e+00,0.000000000000000000e+00,1.583852320909500122e-01,0.000000000000000000e+00
0.000000000000000000e+00,0.000000000000000000e+00,0.000000000000000000e+00,0.000000000000000000e+00,4.996454238891601562e+00,0.000000000000000000e+00,1.719915419816970825e-01,0.000000000000000000e+00
0.000000000000000000e+00,0.000000000000000000e+00,0.000000000000000000e+00,0.000000000000000000e+00,4.842681884765625000e+00,0.000000000000000000e+00,2.441513091325759888e-01,0.000000000000000000e+00
0.000000000000000000e+00,0.000000000000000000e+00,0.000000000000000000e+00,0.000000000000000000e+00,4.766240119934082031e+00,1.363201737403869629e+00,0.000000000000000000e+00,0.000000000000000000e+00
0.000000000000000000e+00,0.000000000000000000e+00,2.226074934005737305e-01,0.000000000000000000e+00,1.435484766960144043e+00,1.145330429077148438e+00,0.000000000000000000e+00,0.000000000000000000e+00
0.000000000000000000e+00,2.967714786529541016e+00,1.155244112014770508e+00,0.000000000000000000e+00,0.000000000000000000e+00,0.000000000000000000e+00,0.000000000000000000e+00,0.000000000000000000e+00
0.000000000000000000e+00,3.825631618499755859e+00,0.000000000000000000e+00,0.000000000000000000e+00,0.000000000000000000e+00,0.000000000000000000e+00,0.000000000000000000e+00,0.000000000000000000e+00
0.000000000000000000e+00,4.648544311523437500e+00,0.000000000000000000e+00,0.000000000000000000e+00,0.000000000000000000e+00,0.000000000000000000e+00,0.000000000000000000e+00,0.000000000000000000e+00
0.000000000000000000e+00,4.176231384277343750e+00,0.000000000000000000e+00,0.000000000000000000e+00,0.000000000000000000e+00,0.000000000000000000e+00,0.000000000000000000e+00,0.000000000000000000e+00
0.000000000000000000e+00,4.466202735900878906e+00,0.000000000000000000e+00,0.000000000000000000e+00,0.000000000000000000e+00,0.000000000000000000e+00,0.000000000000000000e+00,0.000000000000000000e+00
0.000000000000000000e+00,4.385626792907714844e+00,0.000000000000000000e+00,0.000000000000000000e+00,0.000000000000000000e+00,0.000000000000000000e+00,0.000000000000000000e+00,0.000000000000000000e+00
0.000000000000000000e+00,1.419890642166137695e+00,2.213376522064208984e+00,0.000000000000000000e+00,0.000000000000000000e+00,0.000000000000000000e+00,0.000000000000000000e+00,0.000000000000000000e+00
0.000000000000000000e+00,0.000000000000000000e+00,2.025025844573974609e+00,0.000000000000000000e+00,0.000000000000000000e+00,2.135345697402954102e+00,0.000000000000000000e+00,0.000000000000000000e+00
0.000000000000000000e+00,4.372830390930175781e+00,0.000000000000000000e+00,0.000000000000000000e+00,0.000000000000000000e+00,0.000000000000000000e+00,0.000000000000000000e+00,0.000000000000000000e+00
0.000000000000000000e+00,4.113687515258789062e+00,0.000000000000000000e+00,0.000000000000000000e+00,0.000000000000000000e+00,0.000000000000000000e+00,0.000000000000000000e+00,0.000000000000000000e+00
0.000000000000000000e+00,3.856934309005737305e+00,4.935050010681152344e-01,0.000000000000000000e+00,0.000000000000000000e+00,0.000000000000000000e+00,0.000000000000000000e+00,0.000000000000000000e+00
0.000000000000000000e+00,2.012721776962280273e+00,5.673089027404785156e-01,0.000000000000000000e+00,0.000000000000000000e+00,0.000000000000000000e+00,0.000000000000000000e+00,0.000000000000000000e+00
0.000000000000000000e+00,3.074854850769042969e+00,1.636673957109451294e-01,0.000000000000000000e+00,0.000000000000000000e+00,0.000000000000000000e+00,0.000000000000000000e+00,0.000000000000000000e+00
0.000000000000000000e+00,3.116882324218750000e+00,2.390242964029312134e-01,0.000000000000000000e+00,0.000000000000000000e+00,0.000000000000000000e+00,0.000000000000000000e+00,0.000000000000000000e+00
0.000000000000000000e+00,3.653815269470214844e+00,0.000000000000000000e+00,0.000000000000000000e+00,0.000000000000000000e+00,0.000000000000000000e+00,0.000000000000000000e+00,0.000000000000000000e+00
0.000000000000000000e+00,1.919676423072814941e+00,1.602189064025878906e+00,0.000000000000000000e+00,0.000000000000000000e+00,0.000000000000000000e+00,0.000000000000000000e+00,0.000000000000000000e+00
0.000000000000000000e+00,0.000000000000000000e+00,2.811964035034179688e+00,0.000000000000000000e+00,0.000000000000000000e+00,4.511288702487945557e-01,0.000000000000000000e+00,0.000000000000000000e+00
0.000000000000000000e+00,0.000000000000000000e+00,2.756873369216918945e+00,0.000000000000000000e+00,0.000000000000000000e+00,3.861843422055244446e-02,0.000000000000000000e+00,0.000000000000000000e+00
0.000000000000000000e+00,3.394409656524658203e+00,0.000000000000000000e+00,0.000000000000000000e+00,0.000000000000000000e+00,0.000000000000000000e+00,0.000000000000000000e+00,0.000000000000000000e+00
0.000000000000000000e+00,3.833514928817749023e+00,0.000000000000000000e+00,0.000000000000000000e+00,0.000000000000000000e+00,0.000000000000000000e+00,0.000000000000000000e+00,0.000000000000000000e+00
0.000000000000000000e+00,3.661131143569946289e+00,9.226261377334594727e-01,0.000000000000000000e+00,0.000000000000000000e+00,0.000000000000000000e+00,0.000000000000000000e+00,0.000000000000000000e+00
0.000000000000000000e+00,0.000000000000000000e+00,2.955620765686035156e+00,0.000000000000000000e+00,0.000000000000000000e+00,4.740010574460029602e-02,0.000000000000000000e+00,0.000000000000000000e+00
0.000000000000000000e+00,3.991409301757812500e+00,2.974990606307983398e-01,0.000000000000000000e+00,0.000000000000000000e+00,0.000000000000000000e+00,0.000000000000000000e+00,0.000000000000000000e+00
0.000000000000000000e+00,4.388203144073486328e+00,0.000000000000000000e+00,0.000000000000000000e+00,0.000000000000000000e+00,0.000000000000000000e+00,0.000000000000000000e+00,0.000000000000000000e+00
0.000000000000000000e+00,4.615936279296875000e+00,0.000000000000000000e+00,0.000000000000000000e+00,0.000000000000000000e+00,0.000000000000000000e+00,0.000000000000000000e+00,0.000000000000000000e+00
0.000000000000000000e+00,3.639530658721923828e+00,1.487998515367507935e-01,0.000000000000000000e+00,0.000000000000000000e+00,0.000000000000000000e+00,0.000000000000000000e+00,0.000000000000000000e+00
0.000000000000000000e+00,1.444312691688537598e+00,1.629468798637390137e+00,0.000000000000000000e+00,0.000000000000000000e+00,0.000000000000000000e+00,0.000000000000000000e+00,0.000000000000000000e+00
0.000000000000000000e+00,3.367605686187744141e+00,1.144635230302810669e-01,0.000000000000000000e+00,0.000000000000000000e+00,0.000000000000000000e+00,0.000000000000000000e+00,0.000000000000000000e+00
0.000000000000000000e+00,4.445483684539794922e+00,0.000000000000000000e+00,0.000000000000000000e+00,0.000000000000000000e+00,0.000000000000000000e+00,0.000000000000000000e+00,0.000000000000000000e+00
0.000000000000000000e+00,7.313317060470581055e-01,2.307323932647705078e+00,0.000000000000000000e+00,0.000000000000000000e+00,0.000000000000000000e+00,0.000000000000000000e+00,0.000000000000000000e+00
0.000000000000000000e+00,0.000000000000000000e+00,3.065307140350341797e+00,0.000000000000000000e+00,0.000000000000000000e+00,0.000000000000000000e+00,0.000000000000000000e+00,0.000000000000000000e+00
0.000000000000000000e+00,0.000000000000000000e+00,1.456164836883544922e+00,0.000000000000000000e+00,0.000000000000000000e+00,2.133023500442504883e+00,0.000000000000000000e+00,0.000000000000000000e+00
0.000000000000000000e+00,0.000000000000000000e+00,5.036839246749877930e-01,0.000000000000000000e+00,0.000000000000000000e+00,4.479718208312988281e+00,0.000000000000000000e+00,0.000000000000000000e+00
0.000000000000000000e+00,3.414837121963500977e+00,2.025678753852844238e-03,0.000000000000000000e+00,0.000000000000000000e+00,0.000000000000000000e+00,0.000000000000000000e+00,0.000000000000000000e+00
0.000000000000000000e+00,3.062460422515869141e+00,2.443315535783767700e-01,0.000000000000000000e+00,0.000000000000000000e+00,0.000000000000000000e+00,0.000000000000000000e+00,0.000000000000000000e+00
0.000000000000000000e+00,1.075836420059204102e+00,2.479201316833496094e+00,0.000000000000000000e+00,0.000000000000000000e+00,0.000000000000000000e+00,0.000000000000000000e+00,0.000000000000000000e+00
0.000000000000000000e+00,0.000000000000000000e+00,1.857920408248901367e+00,0.000000000000000000e+00,0.000000000000000000e+00,2.079971551895141602e+00,0.000000000000000000e+00,0.000000000000000000e+00
0.000000000000000000e+00,1.548716783523559570e+00,4.897086024284362793e-01,0.000000000000000000e+00,0.000000000000000000e+00,1.375598013401031494e-01,0.000000000000000000e+00,0.000000000000000000e+00
0.000000000000000000e+00,0.000000000000000000e+00,8.811544179916381836e-01,0.000000000000000000e+00,0.000000000000000000e+00,3.646838903427124023e+00,0.000000000000000000e+00,0.000000000000000000e+00
0.000000000000000000e+00,0.000000000000000000e+00,1.458713054656982422e+00,0.000000000000000000e+00,0.000000000000000000e+00,2.508008241653442383e+00,0.000000000000000000e+00,0.000000000000000000e+00
0.000000000000000000e+00,0.000000000000000000e+00,2.125961780548095703e+00,0.000000000000000000e+00,0.000000000000000000e+00,0.000000000000000000e+00,0.000000000000000000e+00,0.000000000000000000e+00
0.000000000000000000e+00,0.000000000000000000e+00,5.144220590591430664e-01,0.000000000000000000e+00,1.557336598634719849e-01,3.831341028213500977e+00,0.000000000000000000e+00,0.000000000000000000e+00
0.000000000000000000e+00,3.437019586563110352e+00,0.000000000000000000e+00,0.000000000000000000e+00,0.000000000000000000e+00,0.000000000000000000e+00,0.000000000000000000e+00,0.000000000000000000e+00
0.000000000000000000e+00,0.000000000000000000e+00,2.510970830917358398e+00,0.000000000000000000e+00,0.000000000000000000e+00,0.000000000000000000e+00,0.000000000000000000e+00,0.000000000000000000e+00
0.000000000000000000e+00,0.000000000000000000e+00,2.043081045150756836e+00,0.000000000000000000e+00,0.000000000000000000e+00,2.194756984710693359e+00,0.000000000000000000e+00,0.000000000000000000e+00
0.000000000000000000e+00,0.000000000000000000e+00,3.385322093963623047e-01,0.000000000000000000e+00,0.000000000000000000e+00,3.754338979721069336e+00,0.000000000000000000e+00,0.000000000000000000e+00
0.000000000000000000e+00,0.000000000000000000e+00,0.000000000000000000e+00,0.000000000000000000e+00,2.717224061489105225e-01,4.963408946990966797e+00,0.000000000000000000e+00,0.000000000000000000e+00
0.000000000000000000e+00,0.000000000000000000e+00,0.000000000000000000e+00,0.000000000000000000e+00,0.000000000000000000e+00,4.922614574432373047e+00,0.000000000000000000e+00,0.000000000000000000e+00
0.000000000000000000e+00,0.000000000000000000e+00,0.000000000000000000e+00,0.000000000000000000e+00,4.481311514973640442e-02,4.227205753326416016e+00,0.000000000000000000e+00,0.000000000000000000e+00
0.000000000000000000e+00,0.000000000000000000e+00,0.000000000000000000e+00,0.000000000000000000e+00,1.248638033866882324e+00,5.044058322906494141e+00,0.000000000000000000e+00,0.000000000000000000e+00
0.000000000000000000e+00,0.000000000000000000e+00,0.000000000000000000e+00,0.000000000000000000e+00,4.716054916381835938e+00,5.863265395164489746e-01,1.784141808748245239e-01,0.000000000000000000e+00
0.000000000000000000e+00,0.000000000000000000e+00,0.000000000000000000e+00,0.000000000000000000e+00,4.671080112457275391e+00,0.000000000000000000e+00,2.586048245429992676e-01,0.000000000000000000e+00
0.000000000000000000e+00,0.000000000000000000e+00,0.000000000000000000e+00,0.000000000000000000e+00,5.104909896850585938e+00,0.000000000000000000e+00,1.694905310869216919e-01,0.000000000000000000e+00
0.000000000000000000e+00,0.000000000000000000e+00,0.000000000000000000e+00,0.000000000000000000e+00,4.927920341491699219e+00,0.000000000000000000e+00,1.536606103181838989e-01,0.000000000000000000e+00
0.000000000000000000e+00,0.000000000000000000e+00,0.000000000000000000e+00,0.000000000000000000e+00,5.135025024414062500e+00,0.000000000000000000e+00,1.634548455476760864e-01,0.000000000000000000e+00
0.000000000000000000e+00,0.000000000000000000e+00,0.000000000000000000e+00,0.000000000000000000e+00,5.025759696960449219e+00,0.000000000000000000e+00,1.743191033601760864e-01,0.000000000000000000e+00
0.000000000000000000e+00,0.000000000000000000e+00,0.000000000000000000e+00,0.000000000000000000e+00,5.023983955383300781e+00,0.000000000000000000e+00,2.583956122398376465e-01,0.000000000000000000e+00
0.000000000000000000e+00,0.000000000000000000e+00,0.000000000000000000e+00,0.000000000000000000e+00,5.266576290130615234e+00,0.000000000000000000e+00,2.418715506792068481e-01,0.000000000000000000e+00
0.000000000000000000e+00,0.000000000000000000e+00,0.000000000000000000e+00,0.000000000000000000e+00,5.042492389678955078e+00,0.000000000000000000e+00,1.793156415224075317e-01,0.000000000000000000e+00
0.000000000000000000e+00,0.000000000000000000e+00,0.000000000000000000e+00,0.000000000000000000e+00,5.148584842681884766e+00,0.000000000000000000e+00,1.942450553178787231e-01,0.000000000000000000e+00
0.000000000000000000e+00,0.000000000000000000e+00,0.000000000000000000e+00,0.000000000000000000e+00,5.064865112304687500e+00,0.000000000000000000e+00,1.743341237306594849e-01,0.000000000000000000e+00
0.000000000000000000e+00,0.000000000000000000e+00,0.000000000000000000e+00,0.000000000000000000e+00,5.150030612945556641e+00,0.000000000000000000e+00,1.608720570802688599e-01,0.000000000000000000e+00
0.000000000000000000e+00,0.000000000000000000e+00,0.000000000000000000e+00,0.000000000000000000e+00,5.159951686859130859e+00,0.000000000000000000e+00,1.933931857347488403e-01,0.000000000000000000e+00
0.000000000000000000e+00,0.000000000000000000e+00,0.000000000000000000e+00,0.000000000000000000e+00,5.014834403991699219e+00,0.000000000000000000e+00,1.303391009569168091e-01,0.000000000000000000e+00
0.000000000000000000e+00,0.000000000000000000e+00,0.000000000000000000e+00,0.000000000000000000e+00,2.938594818115234375e+00,1.908311367034912109e+00,0.000000000000000000e+00,0.000000000000000000e+00
0.000000000000000000e+00,0.000000000000000000e+00,0.000000000000000000e+00,0.000000000000000000e+00,8.195770382881164551e-01,3.228570461273193359e+00,0.000000000000000000e+00,0.000000000000000000e+00
0.000000000000000000e+00,3.352455139160156250e+00,0.000000000000000000e+00,0.000000000000000000e+00,0.000000000000000000e+00,0.000000000000000000e+00,0.000000000000000000e+00,0.000000000000000000e+00
0.000000000000000000e+00,1.011585116386413574e+00,1.962064504623413086e+00,0.000000000000000000e+00,0.000000000000000000e+00,0.000000000000000000e+00,0.000000000000000000e+00,0.000000000000000000e+00
0.000000000000000000e+00,3.093690395355224609e+00,0.000000000000000000e+00,0.000000000000000000e+00,0.000000000000000000e+00,0.000000000000000000e+00,0.000000000000000000e+00,0.000000000000000000e+00
0.000000000000000000e+00,5.212234854698181152e-01,2.275625228881835938e+00,0.000000000000000000e+00,0.000000000000000000e+00,0.000000000000000000e+00,0.000000000000000000e+00,0.000000000000000000e+00
0.000000000000000000e+00,0.000000000000000000e+00,4.984201192855834961e-01,0.000000000000000000e+00,0.000000000000000000e+00,4.711253643035888672e+00,0.000000000000000000e+00,0.000000000000000000e+00
0.000000000000000000e+00,8.089290261268615723e-01,7.710371017456054688e-01,0.000000000000000000e+00,0.000000000000000000e+00,0.000000000000000000e+00,0.000000000000000000e+00,0.000000000000000000e+00
0.000000000000000000e+00,0.000000000000000000e+00,5.825142264366149902e-01,0.000000000000000000e+00,2.033286169171333313e-02,1.857925415039062500e+00,0.000000000000000000e+00,0.000000000000000000e+00
0.000000000000000000e+00,0.000000000000000000e+00,2.189665079116821289e+00,0.000000000000000000e+00,0.000000000000000000e+00,1.861044168472290039e+00,0.000000000000000000e+00,0.000000000000000000e+00
0.000000000000000000e+00,0.000000000000000000e+00,9.841626286506652832e-01,0.000000000000000000e+00,0.000000000000000000e+00,2.874936819076538086e+00,0.000000000000000000e+00,0.000000000000000000e+00
0.000000000000000000e+00,1.867336273193359375e+00,9.255441427230834961e-01,0.000000000000000000e+00,0.000000000000000000e+00,0.000000000000000000e+00,0.000000000000000000e+00,0.000000000000000000e+00
0.000000000000000000e+00,1.126503124833106995e-01,2.264589309692382812e+00,0.000000000000000000e+00,0.000000000000000000e+00,0.000000000000000000e+00,0.000000000000000000e+00,0.000000000000000000e+00
0.000000000000000000e+00,0.000000000000000000e+00,2.945955038070678711e+00,0.000000000000000000e+00,0.000000000000000000e+00,0.000000000000000000e+00,0.000000000000000000e+00,0.000000000000000000e+00
0.000000000000000000e+00,0.000000000000000000e+00,2.494482755661010742e+00,0.000000000000000000e+00,0.000000000000000000e+00,1.512886881828308105e+00,0.000000000000000000e+00,0.000000000000000000e+00
0.000000000000000000e+00,0.000000000000000000e+00,1.679283499717712402e+00,0.000000000000000000e+00,0.000000000000000000e+00,3.005569219589233398e+00,0.000000000000000000e+00,0.000000000000000000e+00
0.000000000000000000e+00,0.000000000000000000e+00,2.233865737915039062e+00,0.000000000000000000e+00,0.000000000000000000e+00,1.583203673362731934e+00,0.000000000000000000e+00,0.000000000000000000e+00
0.000000000000000000e+00,4.532797336578369141e+00,0.000000000000000000e+00,0.000000000000000000e+00,0.000000000000000000e+00,0.000000000000000000e+00,0.000000000000000000e+00,0.000000000000000000e+00
0.000000000000000000e+00,4.610334873199462891e+00,0.000000000000000000e+00,0.000000000000000000e+00,0.000000000000000000e+00,0.000000000000000000e+00,0.000000000000000000e+00,0.000000000000000000e+00
0.000000000000000000e+00,3.833405494689941406e+00,5.113251209259033203e-01,0.000000000000000000e+00,0.000000000000000000e+00,0.000000000000000000e+00,0.000000000000000000e+00,0.000000000000000000e+00
0.000000000000000000e+00,1.388941526412963867e+00,2.135871171951293945e+00,0.000000000000000000e+00,0.000000000000000000e+00,0.000000000000000000e+00,0.000000000000000000e+00,0.000000000000000000e+00
0.000000000000000000e+00,2.993359088897705078e+00,9.178362488746643066e-01,0.000000000000000000e+00,0.000000000000000000e+00,0.000000000000000000e+00,0.000000000000000000e+00,0.000000000000000000e+00
0.000000000000000000e+00,2.589406967163085938e+00,6.943165063858032227e-01,0.000000000000000000e+00,0.000000000000000000e+00,0.000000000000000000e+00,0.000000000000000000e+00,0.000000000000000000e+00
0.000000000000000000e+00,4.046278953552246094e+00,0.000000000000000000e+00,0.000000000000000000e+00,0.000000000000000000e+00,0.000000000000000000e+00,0.000000000000000000e+00,0.000000000000000000e+00
0.000000000000000000e+00,4.405261993408203125e+00,0.000000000000000000e+00,0.000000000000000000e+00,0.000000000000000000e+00,0.000000000000000000e+00,0.000000000000000000e+00,0.000000000000000000e+00
0.000000000000000000e+00,2.681973218917846680e+00,6.697038412094116211e-01,0.000000000000000000e+00,0.000000000000000000e+00,0.000000000000000000e+00,0.000000000000000000e+00,0.000000000000000000e+00
0.000000000000000000e+00,1.243132710456848145e+00,2.421981334686279297e+00,0.000000000000000000e+00,0.000000000000000000e+00,0.000000000000000000e+00,0.000000000000000000e+00,0.000000000000000000e+00
0.000000000000000000e+00,3.566556215286254883e+00,1.062326580286026001e-01,0.000000000000000000e+00,0.000000000000000000e+00,0.000000000000000000e+00,0.000000000000000000e+00,0.000000000000000000e+00
0.000000000000000000e+00,4.045173168182373047e+00,0.000000000000000000e+00,0.000000000000000000e+00,0.000000000000000000e+00,0.000000000000000000e+00,0.000000000000000000e+00,0.000000000000000000e+00
0.000000000000000000e+00,0.000000000000000000e+00,2.887776851654052734e+00,0.000000000000000000e+00,0.000000000000000000e+00,2.038936689496040344e-02,0.000000000000000000e+00,0.000000000000000000e+00
0.000000000000000000e+00,1.494112372398376465e+00,1.885124444961547852e+00,0.000000000000000000e+00,0.000000000000000000e+00,0.000000000000000000e+00,0.000000000000000000e+00,0.000000000000000000e+00
0.000000000000000000e+00,1.896817803382873535e+00,1.484871149063110352e+00,0.000000000000000000e+00,0.000000000000000000e+00,0.000000000000000000e+00,0.000000000000000000e+00,0.000000000000000000e+00
0.000000000000000000e+00,0.000000000000000000e+00,1.346431374549865723e+00,0.000000000000000000e+00,0.000000000000000000e+00,1.093055367469787598e+00,0.000000000000000000e+00,0.000000000000000000e+00
0.000000000000000000e+00,0.000000000000000000e+00,2.419528961181640625e+00,0.000000000000000000e+00,0.000000000000000000e+00,1.641695499420166016e+00,0.000000000000000000e+00,0.000000000000000000e+00
0.000000000000000000e+00,0.000000000000000000e+00,1.689586520195007324e+00,0.000000000000000000e+00,0.000000000000000000e+00,2.255699872970581055e+00,0.000000000000000000e+00,0.000000000000000000e+00
0.000000000000000000e+00,0.000000000000000000e+00,8.594621717929840088e-02,0.000000000000000000e+00,0.000000000000000000e+00,4.414228439331054688e+00,0.000000000000000000e+00,0.000000000000000000e+00
0.000000000000000000e+00,0.000000000000000000e+00,0.000000000000000000e+00,0.000000000000000000e+00,0.000000000000000000e+00,3.922312974929809570e+00,0.000000000000000000e+00,0.000000000000000000e+00
0.000000000000000000e+00,0.000000000000000000e+00,0.000000000000000000e+00,0.000000000000000000e+00,0.000000000000000000e+00,3.780534744262695312e+00,0.000000000000000000e+00,0.000000000000000000e+00
0.000000000000000000e+00,0.000000000000000000e+00,2.910510301589965820e-01,0.000000000000000000e+00,0.000000000000000000e+00,4.129197597503662109e+00,0.000000000000000000e+00,0.000000000000000000e+00
0.000000000000000000e+00,0.000000000000000000e+00,0.000000000000000000e+00,0.000000000000000000e+00,0.000000000000000000e+00,4.565508365631103516e+00,0.000000000000000000e+00,0.000000000000000000e+00
0.000000000000000000e+00,0.000000000000000000e+00,0.000000000000000000e+00,0.000000000000000000e+00,0.000000000000000000e+00,4.905522346496582031e+00,0.000000000000000000e+00,0.000000000000000000e+00
0.000000000000000000e+00,0.000000000000000000e+00,0.000000000000000000e+00,0.000000000000000000e+00,3.468223288655281067e-02,4.582484722137451172e+00,0.000000000000000000e+00,0.000000000000000000e+00
0.000000000000000000e+00,0.000000000000000000e+00,4.211895465850830078e-01,0.000000000000000000e+00,9.037132561206817627e-02,4.124305248260498047e+00,0.000000000000000000e+00,0.000000000000000000e+00
0.000000000000000000e+00,0.000000000000000000e+00,1.792397141456604004e+00,0.000000000000000000e+00,0.000000000000000000e+00,1.843966722488403320e+00,0.000000000000000000e+00,0.000000000000000000e+00
0.000000000000000000e+00,0.000000000000000000e+00,4.529031515121459961e-01,0.000000000000000000e+00,5.330379679799079895e-02,3.899037837982177734e+00,0.000000000000000000e+00,0.000000000000000000e+00
0.000000000000000000e+00,0.000000000000000000e+00,2.454433917999267578e+00,0.000000000000000000e+00,0.000000000000000000e+00,1.713395953178405762e+00,0.000000000000000000e+00,0.000000000000000000e+00
0.000000000000000000e+00,0.000000000000000000e+00,4.788175225257873535e-03,0.000000000000000000e+00,0.000000000000000000e+00,3.277027606964111328e+00,0.000000000000000000e+00,0.000000000000000000e+00
0.000000000000000000e+00,0.000000000000000000e+00,5.346478521823883057e-02,0.000000000000000000e+00,1.114769726991653442e-01,4.719255924224853516e+00,0.000000000000000000e+00,0.000000000000000000e+00
0.000000000000000000e+00,0.000000000000000000e+00,5.792893171310424805e-01,0.000000000000000000e+00,2.074034884572029114e-02,4.369764328002929688e+00,0.000000000000000000e+00,0.000000000000000000e+00
0.000000000000000000e+00,0.000000000000000000e+00,0.000000000000000000e+00,0.000000000000000000e+00,0.000000000000000000e+00,4.122388362884521484e+00,0.000000000000000000e+00,0.000000000000000000e+00
0.000000000000000000e+00,0.000000000000000000e+00,0.000000000000000000e+00,0.000000000000000000e+00,1.588412076234817505e-01,3.963874816894531250e+00,0.000000000000000000e+00,0.000000000000000000e+00
0.000000000000000000e+00,0.000000000000000000e+00,0.000000000000000000e+00,0.000000000000000000e+00,1.732821702957153320e+00,3.556596040725708008e+00,0.000000000000000000e+00,0.000000000000000000e+00
0.000000000000000000e+00,0.000000000000000000e+00,0.000000000000000000e+00,0.000000000000000000e+00,4.695108413696289062e+00,1.957617640495300293e+00,0.000000000000000000e+00,0.000000000000000000e+00
0.000000000000000000e+00,0.000000000000000000e+00,0.000000000000000000e+00,0.000000000000000000e+00,4.679451465606689453e+00,0.000000000000000000e+00,1.856841593980789185e-01,0.000000000000000000e+00
0.000000000000000000e+00,0.000000000000000000e+00,0.000000000000000000e+00,0.000000000000000000e+00,5.011921882629394531e+00,0.000000000000000000e+00,1.590908318758010864e-01,0.000000000000000000e+00
0.000000000000000000e+00,0.000000000000000000e+00,0.000000000000000000e+00,0.000000000000000000e+00,5.043169021606445312e+00,0.000000000000000000e+00,1.779289990663528442e-01,0.000000000000000000e+00
0.000000000000000000e+00,0.000000000000000000e+00,0.000000000000000000e+00,0.000000000000000000e+00,4.919726371765136719e+00,0.000000000000000000e+00,1.557125598192214966e-01,0.000000000000000000e+00
0.000000000000000000e+00,0.000000000000000000e+00,0.000000000000000000e+00,0.000000000000000000e+00,5.097284793853759766e+00,0.000000000000000000e+00,1.811636239290237427e-01,0.000000000000000000e+00
0.000000000000000000e+00,0.000000000000000000e+00,0.000000000000000000e+00,0.000000000000000000e+00,4.975334167480468750e+00,2.507494211196899414e+00,0.000000000000000000e+00,0.000000000000000000e+00
0.000000000000000000e+00,0.000000000000000000e+00,0.000000000000000000e+00,0.000000000000000000e+00,4.738828659057617188e+00,2.725358963012695312e+00,0.000000000000000000e+00,0.000000000000000000e+00
0.000000000000000000e+00,0.000000000000000000e+00,0.000000000000000000e+00,0.000000000000000000e+00,4.964264869689941406e+00,0.000000000000000000e+00,1.625405102968215942e-01,0.000000000000000000e+00
0.000000000000000000e+00,0.000000000000000000e+00,0.000000000000000000e+00,0.000000000000000000e+00,5.017323493957519531e+00,0.000000000000000000e+00,1.643693000078201294e-01,0.000000000000000000e+00
0.000000000000000000e+00,0.000000000000000000e+00,0.000000000000000000e+00,0.000000000000000000e+00,4.959040641784667969e+00,0.000000000000000000e+00,1.567979604005813599e-01,0.000000000000000000e+00
0.000000000000000000e+00,0.000000000000000000e+00,0.000000000000000000e+00,0.000000000000000000e+00,4.974865436553955078e+00,0.000000000000000000e+00,1.696732789278030396e-01,0.000000000000000000e+00
0.000000000000000000e+00,0.000000000000000000e+00,0.000000000000000000e+00,0.000000000000000000e+00,5.062879562377929688e+00,0.000000000000000000e+00,1.523190289735794067e-01,0.000000000000000000e+00
0.000000000000000000e+00,0.000000000000000000e+00,0.000000000000000000e+00,0.000000000000000000e+00,4.904718875885009766e+00,1.110882520675659180e+00,0.000000000000000000e+00,0.000000000000000000e+00
0.000000000000000000e+00,0.000000000000000000e+00,0.000000000000000000e+00,0.000000000000000000e+00,4.346245765686035156e+00,6.586855053901672363e-01,2.202140837907791138e-01,0.000000000000000000e+00
0.000000000000000000e+00,3.488815784454345703e+00,0.000000000000000000e+00,0.000000000000000000e+00,0.000000000000000000e+00,0.000000000000000000e+00,0.000000000000000000e+00,0.000000000000000000e+00
0.000000000000000000e+00,3.190852880477905273e+00,9.255601465702056885e-02,0.000000000000000000e+00,0.000000000000000000e+00,0.000000000000000000e+00,0.000000000000000000e+00,0.000000000000000000e+00
0.000000000000000000e+00,0.000000000000000000e+00,7.349606752395629883e-01,0.000000000000000000e+00,1.568031162023544312e-01,2.430995464324951172e+00,0.000000000000000000e+00,0.000000000000000000e+00
0.000000000000000000e+00,0.000000000000000000e+00,2.625204324722290039e-01,0.000000000000000000e+00,6.772656738758087158e-02,4.686267375946044922e+00,0.000000000000000000e+00,0.000000000000000000e+00
0.000000000000000000e+00,0.000000000000000000e+00,0.000000000000000000e+00,0.000000000000000000e+00,2.732137143611907959e-01,4.581442356109619141e+00,0.000000000000000000e+00,0.000000000000000000e+00
0.000000000000000000e+00,0.000000000000000000e+00,9.553802013397216797e-01,0.000000000000000000e+00,7.961161434650421143e-02,2.649766683578491211e+00,0.000000000000000000e+00,0.000000000000000000e+00
0.000000000000000000e+00,0.000000000000000000e+00,1.326002120971679688e+00,0.000000000000000000e+00,0.000000000000000000e+00,1.474144697189331055e+00,0.000000000000000000e+00,0.000000000000000000e+00
0.000000000000000000e+00,0.000000000000000000e+00,2.660336256027221680e+00,0.000000000000000000e+00,0.000000000000000000e+00,3.582508862018585205e-01,0.000000000000000000e+00,0.000000000000000000e+00
0.000000000000000000e+00,4.396965503692626953e+00,0.000000000000000000e+00,0.000000000000000000e+00,0.000000000000000000e+00,0.000000000000000000e+00,0.000000000000000000e+00,0.000000000000000000e+00
0.000000000000000000e+00,2.311895370483398438e+00,3.329774141311645508e-01,0.000000000000000000e+00,0.000000000000000000e+00,0.000000000000000000e+00,0.000000000000000000e+00,0.000000000000000000e+00
0.000000000000000000e+00,0.000000000000000000e+00,2.345186710357666016e+00,0.000000000000000000e+00,0.000000000000000000e+00,0.000000000000000000e+00,0.000000000000000000e+00,0.000000000000000000e+00
0.000000000000000000e+00,2.422948479652404785e-01,3.020410299301147461e+00,0.000000000000000000e+00,0.000000000000000000e+00,0.000000000000000000e+00,0.000000000000000000e+00,0.000000000000000000e+00
0.000000000000000000e+00,2.405930042266845703e+00,3.887947797775268555e-01,0.000000000000000000e+00,0.000000000000000000e+00,0.000000000000000000e+00,0.000000000000000000e+00,0.000000000000000000e+00
0.000000000000000000e+00,4.437917709350585938e+00,0.000000000000000000e+00,0.000000000000000000e+00,0.000000000000000000e+00,0.000000000000000000e+00,0.000000000000000000e+00,0.000000000000000000e+00
0.000000000000000000e+00,4.079430580139160156e+00,0.000000000000000000e+00,0.000000000000000000e+00,0.000000000000000000e+00,0.000000000000000000e+00,0.000000000000000000e+00,0.000000000000000000e+00
0.000000000000000000e+00,2.672786235809326172e+00,1.151139140129089355e+00,0.000000000000000000e+00,0.000000000000000000e+00,0.000000000000000000e+00,0.000000000000000000e+00,0.000000000000000000e+00
0.000000000000000000e+00,1.578402519226074219e-01,2.423965454101562500e+00,0.000000000000000000e+00,0.000000000000000000e+00,3.204886913299560547e-01,0.000000000000000000e+00,0.000000000000000000e+00
0.000000000000000000e+00,3.812817573547363281e+00,1.333812624216079712e-01,0.000000000000000000e+00,0.000000000000000000e+00,0.000000000000000000e+00,0.000000000000000000e+00,0.000000000000000000e+00
0.000000000000000000e+00,3.654892921447753906e+00,0.000000000000000000e+00,0.000000000000000000e+00,0.000000000000000000e+00,0.000000000000000000e+00,0.000000000000000000e+00,0.000000000000000000e+00
0.000000000000000000e+00,3.846197605133056641e+00,0.000000000000000000e+00,0.000000000000000000e+00,0.000000000000000000e+00,0.000000000000000000e+00,0.000000000000000000e+00,0.000000000000000000e+00
0.000000000000000000e+00,3.792722940444946289e+00,5.463183522224426270e-01,0.000000000000000000e+00,0.000000000000000000e+00,0.000000000000000000e+00,0.000000000000000000e+00,0.000000000000000000e+00
0.000000000000000000e+00,0.000000000000000000e+00,2.279652118682861328e+00,0.000000000000000000e+00,0.000000000000000000e+00,1.587224364280700684e+00,0.000000000000000000e+00,0.000000000000000000e+00
0.000000000000000000e+00,0.000000000000000000e+00,1.628816962242126465e+00,0.000000000000000000e+00,0.000000000000000000e+00,3.490592002868652344e+00,0.000000000000000000e+00,0.000000000000000000e+00
0.000000000000000000e+00,9.556052088737487793e-01,2.019644737243652344e+00,0.000000000000000000e+00,0.000000000000000000e+00,0.000000000000000000e+00,0.000000000000000000e+00,0.000000000000000000e+00
0.000000000000000000e+00,3.591318607330322266e+00,7.152141630649566650e-02,0.000000000000000000e+00,0.000000000000000000e+00,0.000000000000000000e+00,0.000000000000000000e+00,0.000000000000000000e+00
0.000000000000000000e+00,0.000000000000000000e+00,2.543579101562500000e+00,0.000000000000000000e+00,0.000000000000000000e+00,1.359745979309082031e+00,0.000000000000000000e+00,0.000000000000000000e+00
0.000000000000000000e+00,0.000000000000000000e+00,2.989298343658447266e+00,0.000000000000000000e+00,0.000000000000000000e+00,1.263272613286972046e-01,0.000000000000000000e+00,0.000000000000000000e+00
0.000000000000000000e+00,3.873719453811645508e+00,0.000000000000000000e+00,0.000000000000000000e+00,0.000000000000000000e+00,0.000000000000000000e+00,0.000000000000000000e+00,0.000000000000000000e+00
0.000000000000000000e+00,4.831653594970703125e+00,0.000000000000000000e+00,0.000000000000000000e+00,0.000000000000000000e+00,0.000000000000000000e+00,0.000000000000000000e+00,0.000000000000000000e+00
0.000000000000000000e+00,4.209005832672119141e+00,0.000000000000000000e+00,0.000000000000000000e+00,0.000000000000000000e+00,0.000000000000000000e+00,0.000000000000000000e+00,0.000000000000000000e+00
0.000000000000000000e+00,3.254432201385498047e+00,8.336751461029052734e-01,0.000000000000000000e+00,0.000000000000000000e+00,0.000000000000000000e+00,0.000000000000000000e+00,0.000000000000000000e+00
0.000000000000000000e+00,0.000000000000000000e+00,1.176438450813293457e+00,0.000000000000000000e+00,0.000000000000000000e+00,2.896636247634887695e+00,0.000000000000000000e+00,0.000000000000000000e+00
0.000000000000000000e+00,0.000000000000000000e+00,1.794689059257507324e+00,0.000000000000000000e+00,0.000000000000000000e+00,1.893762111663818359e+00,0.000000000000000000e+00,0.000000000000000000e+00
0.000000000000000000e+00,0.000000000000000000e+00,3.377627849578857422e+00,0.000000000000000000e+00,0.000000000000000000e+00,5.056190490722656250e-01,0.000000000000000000e+00,0.000000000000000000e+00
0.000000000000000000e+00,0.000000000000000000e+00,2.873475074768066406e+00,0.000000000000000000e+00,0.000000000000000000e+00,1.699266314506530762e+00,0.000000000000000000e+00,0.000000000000000000e+00
0.000000000000000000e+00,0.000000000000000000e+00,2.141611099243164062e+00,0.000000000000000000e+00,0.000000000000000000e+00,2.660248994827270508e+00,0.000000000000000000e+00,0.000000000000000000e+00
0.000000000000000000e+00,0.000000000000000000e+00,2.633858203887939453e+00,0.000000000000000000e+00,0.000000000000000000e+00,1.699486970901489258e+00,0.000000000000000000e+00,0.000000000000000000e+00
0.000000000000000000e+00,3.316393375396728516e+00,0.000000000000000000e+00,0.000000000000000000e+00,0.000000000000000000e+00,0.000000000000000000e+00,0.000000000000000000e+00,0.000000000000000000e+00
0.000000000000000000e+00,2.435081481933593750e+00,8.288961052894592285e-01,0.000000000000000000e+00,0.000000000000000000e+00,0.000000000000000000e+00,0.000000000000000000e+00,0.000000000000000000e+00
0.000000000000000000e+00,0.000000000000000000e+00,2.253631830215454102e+00,0.000000000000000000e+00,0.000000000000000000e+00,2.813261985778808594e+00,0.000000000000000000e+00,0.000000000000000000e+00
0.000000000000000000e+00,0.000000000000000000e+00,1.465336918830871582e+00,0.000000000000000000e+00,0.000000000000000000e+00,3.587276458740234375e+00,0.000000000000000000e+00,0.000000000000000000e+00
0.000000000000000000e+00,0.000000000000000000e+00,1.369266659021377563e-01,0.000000000000000000e+00,0.000000000000000000e+00,3.412656068801879883e+00,0.000000000000000000e+00,0.000000000000000000e+00
0.000000000000000000e+00,0.000000000000000000e+00,1.122892975807189941e+00,0.000000000000000000e+00,0.000000000000000000e+00,3.327376604080200195e+00,0.000000000000000000e+00,0.000000000000000000e+00
0.000000000000000000e+00,0.000000000000000000e+00,3.329117298126220703e+00,0.000000000000000000e+00,0.000000000000000000e+00,8.280084729194641113e-01,0.000000000000000000e+00,0.000000000000000000e+00
0.000000000000000000e+00,0.000000000000000000e+00,8.434883356094360352e-01,0.000000000000000000e+00,0.000000000000000000e+00,3.758923530578613281e+00,0.000000000000000000e+00,0.000000000000000000e+00
0.000000000000000000e+00,0.000000000000000000e+00,3.824671506881713867e-01,0.000000000000000000e+00,0.000000000000000000e+00,4.650730609893798828e+00,0.000000000000000000e+00,0.000000000000000000e+00
0.000000000000000000e+00,3.801540732383728027e-01,1.489870309829711914e+00,0.000000000000000000e+00,0.000000000000000000e+00,0.000000000000000000e+00,0.000000000000000000e+00,0.000000000000000000e+00
0.000000000000000000e+00,0.000000000000000000e+00,7.068747282028198242e-01,0.000000000000000000e+00,1.046650558710098267e-01,2.538675308227539062e+00,0.000000000000000000e+00,0.000000000000000000e+00
0.000000000000000000e+00,0.000000000000000000e+00,2.198504358530044556e-01,0.000000000000000000e+00,0.000000000000000000e+00,4.929180145263671875e+00,0.000000000000000000e+00,0.000000000000000000e+00
0.000000000000000000e+00,0.000000000000000000e+00,0.000000000000000000e+00,0.000000000000000000e+00,0.000000000000000000e+00,4.452053070068359375e+00,0.000000000000000000e+00,0.000000000000000000e+00
0.000000000000000000e+00,0.000000000000000000e+00,1.345939636230468750e+00,0.000000000000000000e+00,0.000000000000000000e+00,2.374168634414672852e+00,0.000000000000000000e+00,0.000000000000000000e+00
0.000000000000000000e+00,0.000000000000000000e+00,7.284051179885864258e-01,0.000000000000000000e+00,0.000000000000000000e+00,1.990216255187988281e+00,0.000000000000000000e+00,0.000000000000000000e+00
0.000000000000000000e+00,0.000000000000000000e+00,0.000000000000000000e+00,0.000000000000000000e+00,4.415814399719238281e+00,1.634853482246398926e+00,0.000000000000000000e+00,0.000000000000000000e+00
0.000000000000000000e+00,0.000000000000000000e+00,0.000000000000000000e+00,0.000000000000000000e+00,5.040685653686523438e+00,2.770948112010955811e-01,6.466384232044219971e-02,0.000000000000000000e+00
0.000000000000000000e+00,0.000000000000000000e+00,0.000000000000000000e+00,0.000000000000000000e+00,4.949441909790039062e+00,0.000000000000000000e+00,1.724307090044021606e-01,0.000000000000000000e+00
0.000000000000000000e+00,0.000000000000000000e+00,0.000000000000000000e+00,0.000000000000000000e+00,5.070310115814208984e+00,0.000000000000000000e+00,1.559197455644607544e-01,0.000000000000000000e+00
0.000000000000000000e+00,0.000000000000000000e+00,0.000000000000000000e+00,0.000000000000000000e+00,5.104126930236816406e+00,0.000000000000000000e+00,1.552797108888626099e-01,0.000000000000000000e+00
0.000000000000000000e+00,0.000000000000000000e+00,0.000000000000000000e+00,0.000000000000000000e+00,4.753872394561767578e+00,0.000000000000000000e+00,1.863160282373428345e-01,0.000000000000000000e+00
0.000000000000000000e+00,0.000000000000000000e+00,0.000000000000000000e+00,0.000000000000000000e+00,5.260897159576416016e+00,2.509397745132446289e+00,0.000000000000000000e+00,0.000000000000000000e+00
0.000000000000000000e+00,0.000000000000000000e+00,0.000000000000000000e+00,0.000000000000000000e+00,5.179646968841552734e+00,3.880916357040405273e+00,0.000000000000000000e+00,0.000000000000000000e+00
0.000000000000000000e+00,0.000000000000000000e+00,0.000000000000000000e+00,0.000000000000000000e+00,5.030079841613769531e+00,0.000000000000000000e+00,6.039650738239288330e-02,0.000000000000000000e+00
0.000000000000000000e+00,0.000000000000000000e+00,0.000000000000000000e+00,0.000000000000000000e+00,5.262109279632568359e+00,0.000000000000000000e+00,9.242160618305206299e-02,0.000000000000000000e+00
0.000000000000000000e+00,0.000000000000000000e+00,0.000000000000000000e+00,0.000000000000000000e+00,5.266125202178955078e+00,0.000000000000000000e+00,8.815582096576690674e-02,0.000000000000000000e+00
0.000000000000000000e+00,0.000000000000000000e+00,0.000000000000000000e+00,0.000000000000000000e+00,5.223258018493652344e+00,0.000000000000000000e+00,7.394404709339141846e-02,0.000000000000000000e+00
0.000000000000000000e+00,0.000000000000000000e+00,0.000000000000000000e+00,0.000000000000000000e+00,5.316142559051513672e+00,0.000000000000000000e+00,1.296195536851882935e-01,0.000000000000000000e+00
0.000000000000000000e+00,0.000000000000000000e+00,0.000000000000000000e+00,0.000000000000000000e+00,5.025766849517822266e+00,0.000000000000000000e+00,6.134124100208282471e-02,0.000000000000000000e+00
0.000000000000000000e+00,0.000000000000000000e+00,0.000000000000000000e+00,0.000000000000000000e+00,5.244011402130126953e+00,2.557869434356689453e+00,0.000000000000000000e+00,0.000000000000000000e+00
0.000000000000000000e+00,0.000000000000000000e+00,0.000000000000000000e+00,0.000000000000000000e+00,9.300598502159118652e-01,3.261092424392700195e+00,0.000000000000000000e+00,0.000000000000000000e+00
0.000000000000000000e+00,3.380522966384887695e+00,0.000000000000000000e+00,0.000000000000000000e+00,0.000000000000000000e+00,0.000000000000000000e+00,0.000000000000000000e+00,0.000000000000000000e+00
0.000000000000000000e+00,3.358331680297851562e+00,5.603268742561340332e-03,0.000000000000000000e+00,0.000000000000000000e+00,0.000000000000000000e+00,0.000000000000000000e+00,0.000000000000000000e+00
0.000000000000000000e+00,3.900064229965209961e+00,0.000000000000000000e+00,0.000000000000000000e+00,0.000000000000000000e+00,0.000000000000000000e+00,0.000000000000000000e+00,0.000000000000000000e+00
0.000000000000000000e+00,3.738577604293823242e+00,0.000000000000000000e+00,0.000000000000000000e+00,0.000000000000000000e+00,0.000000000000000000e+00,0.000000000000000000e+00,0.000000000000000000e+00
0.000000000000000000e+00,3.143593549728393555e+00,1.807556897401809692e-01,0.000000000000000000e+00,0.000000000000000000e+00,0.000000000000000000e+00,0.000000000000000000e+00,0.000000000000000000e+00
0.000000000000000000e+00,0.000000000000000000e+00,3.124332904815673828e+00,0.000000000000000000e+00,0.000000000000000000e+00,0.000000000000000000e+00,0.000000000000000000e+00,0.000000000000000000e+00
0.000000000000000000e+00,0.000000000000000000e+00,1.566778779029846191e+00,0.000000000000000000e+00,0.000000000000000000e+00,3.227630853652954102e+00,0.000000000000000000e+00,0.000000000000000000e+00
0.000000000000000000e+00,3.682317018508911133e+00,0.000000000000000000e+00,0.000000000000000000e+00,0.000000000000000000e+00,0.000000000000000000e+00,0.000000000000000000e+00,0.000000000000000000e+00
0.000000000000000000e+00,1.261626243591308594e+00,1.468421936035156250e+00,0.000000000000000000e+00,0.000000000000000000e+00,0.000000000000000000e+00,0.000000000000000000e+00,0.000000000000000000e+00
0.000000000000000000e+00,0.000000000000000000e+00,2.467649936676025391e+00,0.000000000000000000e+00,0.000000000000000000e+00,2.761817216873168945e+00,0.000000000000000000e+00,0.000000000000000000e+00
0.000000000000000000e+00,0.000000000000000000e+00,0.000000000000000000e+00,0.000000000000000000e+00,2.118800431489944458e-01,4.231586933135986328e+00,0.000000000000000000e+00,0.000000000000000000e+00
0.000000000000000000e+00,5.815559625625610352e-01,0.000000000000000000e+00,0.000000000000000000e+00,0.000000000000000000e+00,1.069274187088012695e+00,0.000000000000000000e+00,0.000000000000000000e+00
0.000000000000000000e+00,0.000000000000000000e+00,2.287878513336181641e+00,0.000000000000000000e+00,0.000000000000000000e+00,7.083605527877807617e-01,0.000000000000000000e+00,0.000000000000000000e+00
0.000000000000000000e+00,0.000000000000000000e+00,2.698597431182861328e+00,0.000000000000000000e+00,0.000000000000000000e+00,1.279014825820922852e+00,0.000000000000000000e+00,0.000000000000000000e+00
0.000000000000000000e+00,0.000000000000000000e+00,2.191206693649291992e+00,0.000000000000000000e+00,0.000000000000000000e+00,2.071509838104248047e+00,0.000000000000000000e+00,0.000000000000000000e+00
0.000000000000000000e+00,0.000000000000000000e+00,2.125774860382080078e+00,0.000000000000000000e+00,0.000000000000000000e+00,2.375548124313354492e+00,0.000000000000000000e+00,0.000000000000000000e+00
0.000000000000000000e+00,4.015529632568359375e+00,0.000000000000000000e+00,0.000000000000000000e+00,0.000000000000000000e+00,0.000000000000000000e+00,0.000000000000000000e+00,0.000000000000000000e+00
0.000000000000000000e+00,2.793811798095703125e+00,4.280408620834350586e-01,0.000000000000000000e+00,0.000000000000000000e+00,0.000000000000000000e+00,0.000000000000000000e+00,0.000000000000000000e+00
0.000000000000000000e+00,3.219751358032226562e+00,1.283092021942138672e+00,0.000000000000000000e+00,0.000000000000000000e+00,0.000000000000000000e+00,0.000000000000000000e+00,0.000000000000000000e+00
0.000000000000000000e+00,0.000000000000000000e+00,1.772356271743774414e+00,0.000000000000000000e+00,0.000000000000000000e+00,3.623910665512084961e+00,0.000000000000000000e+00,0.000000000000000000e+00
0.000000000000000000e+00,4.595724582672119141e+00,0.000000000000000000e+00,0.000000000000000000e+00,0.000000000000000000e+00,0.000000000000000000e+00,0.000000000000000000e+00,0.000000000000000000e+00
0.000000000000000000e+00,3.941825389862060547e+00,0.000000000000000000e+00,0.000000000000000000e+00,0.000000000000000000e+00,0.000000000000000000e+00,0.000000000000000000e+00,0.000000000000000000e+00
0.000000000000000000e+00,1.623549580574035645e+00,1.105063199996948242e+00,0.000000000000000000e+00,0.000000000000000000e+00,0.000000000000000000e+00,0.000000000000000000e+00,0.000000000000000000e+00
0.000000000000000000e+00,0.000000000000000000e+00,2.598638057708740234e+00,0.000000000000000000e+00,0.000000000000000000e+00,6.983414292335510254e-01,0.000000000000000000e+00,0.000000000000000000e+00
0.000000000000000000e+00,0.000000000000000000e+00,2.278404474258422852e+00,0.000000000000000000e+00,0.000000000000000000e+00,8.084633946418762207e-01,0.000000000000000000e+00,0.000000000000000000e+00
0.000000000000000000e+00,3.790801048278808594e+00,0.000000000000000000e+00,0.000000000000000000e+00,0.000000000000000000e+00,0.000000000000000000e+00,0.000000000000000000e+00,0.000000000000000000e+00
0.000000000000000000e+00,0.000000000000000000e+00,2.175326108932495117e+00,0.000000000000000000e+00,0.000000000000000000e+00,2.129976511001586914e+00,0.000000000000000000e+00,0.000000000000000000e+00
0.000000000000000000e+00,0.000000000000000000e+00,2.650026082992553711e+00,0.000000000000000000e+00,0.000000000000000000e+00,1.831401705741882324e+00,0.000000000000000000e+00,0.000000000000000000e+00
0.000000000000000000e+00,0.000000000000000000e+00,1.603412508964538574e+00,0.000000000000000000e+00,0.000000000000000000e+00,3.408971309661865234e+00,0.000000000000000000e+00,0.000000000000000000e+00
0.000000000000000000e+00,0.000000000000000000e+00,1.885116100311279297e+00,0.000000000000000000e+00,0.000000000000000000e+00,1.768100380897521973e+00,0.000000000000000000e+00,0.000000000000000000e+00
0.000000000000000000e+00,0.000000000000000000e+00,2.902054071426391602e+00,0.000000000000000000e+00,0.000000000000000000e+00,8.320648968219757080e-02,0.000000000000000000e+00,0.000000000000000000e+00
0.000000000000000000e+00,0.000000000000000000e+00,1.614905744791030884e-01,0.000000000000000000e+00,0.000000000000000000e+00,2.593547582626342773e+00,0.000000000000000000e+00,0.000000000000000000e+00
0.000000000000000000e+00,0.000000000000000000e+00,7.434196472167968750e-01,0.000000000000000000e+00,0.000000000000000000e+00,4.316658496856689453e+00,0.000000000000000000e+00,0.000000000000000000e+00
0.000000000000000000e+00,0.000000000000000000e+00,1.504732519388198853e-01,0.000000000000000000e+00,1.858444884419441223e-02,5.018271446228027344e+00,0.000000000000000000e+00,0.000000000000000000e+00
0.000000000000000000e+00,0.000000000000000000e+00,1.342872500419616699e+00,0.000000000000000000e+00,0.000000000000000000e+00,3.232271671295166016e+00,0.000000000000000000e+00,0.000000000000000000e+00
0.000000000000000000e+00,0.000000000000000000e+00,1.179411649703979492e+00,0.000000000000000000e+00,0.000000000000000000e+00,8.175826668739318848e-01,0.000000000000000000e+00,0.000000000000000000e+00
0.000000000000000000e+00,1.475421905517578125e+00,2.297646999359130859e+00,0.000000000000000000e+00,0.000000000000000000e+00,0.000000000000000000e+00,0.000000000000000000e+00,0.000000000000000000e+00
0.000000000000000000e+00,1.513343334197998047e+00,8.134278655052185059e-01,0.000000000000000000e+00,0.000000000000000000e+00,0.000000000000000000e+00,0.000000000000000000e+00,0.000000000000000000e+00
0.000000000000000000e+00,0.000000000000000000e+00,2.291122823953628540e-01,0.000000000000000000e+00,0.000000000000000000e+00,4.682483196258544922e+00,0.000000000000000000e+00,0.000000000000000000e+00
0.000000000000000000e+00,0.000000000000000000e+00,1.257916837930679321e-01,0.000000000000000000e+00,0.000000000000000000e+00,4.974274158477783203e+00,0.000000000000000000e+00,0.000000000000000000e+00
0.000000000000000000e+00,0.000000000000000000e+00,3.330709934234619141e-01,0.000000000000000000e+00,8.862788975238800049e-02,3.907855033874511719e+00,0.000000000000000000e+00,0.000000000000000000e+00
0.000000000000000000e+00,0.000000000000000000e+00,1.286962389945983887e+00,0.000000000000000000e+00,0.000000000000000000e+00,3.492337942123413086e+00,0.000000000000000000e+00,0.000000000000000000e+00
0.000000000000000000e+00,0.000000000000000000e+00,1.355126500129699707e+00,0.000000000000000000e+00,0.000000000000000000e+00,3.707332611083984375e+00,0.000000000000000000e+00,0.000000000000000000e+00
0.000000000000000000e+00,1.991807222366333008e+00,6.170931458473205566e-01,0.000000000000000000e+00,0.000000000000000000e+00,0.000000000000000000e+00,0.000000000000000000e+00,0.000000000000000000e+00
0.000000000000000000e+00,0.000000000000000000e+00,1.135608434677124023e+00,0.000000000000000000e+00,0.000000000000000000e+00,3.320120096206665039e+00,0.000000000000000000e+00,0.000000000000000000e+00
0.000000000000000000e+00,0.000000000000000000e+00,1.382218241691589355e+00,0.000000000000000000e+00,0.000000000000000000e+00,3.604332685470581055e+00,0.000000000000000000e+00,0.000000000000000000e+00
0.000000000000000000e+00,0.000000000000000000e+00,6.702337265014648438e-01,0.000000000000000000e+00,0.000000000000000000e+00,3.467396020889282227e+00,0.000000000000000000e+00,0.000000000000000000e+00
0.000000000000000000e+00,0.000000000000000000e+00,0.000000000000000000e+00,0.000000000000000000e+00,0.000000000000000000e+00,4.815353393554687500e+00,0.000000000000000000e+00,0.000000000000000000e+00
0.000000000000000000e+00,0.000000000000000000e+00,0.000000000000000000e+00,0.000000000000000000e+00,4.031844809651374817e-02,4.307610988616943359e+00,0.000000000000000000e+00,0.000000000000000000e+00
0.000000000000000000e+00,0.000000000000000000e+00,0.000000000000000000e+00,0.000000000000000000e+00,1.251056075096130371e+00,3.337901353836059570e+00,0.000000000000000000e+00,0.000000000000000000e+00
0.000000000000000000e+00,0.000000000000000000e+00,0.000000000000000000e+00,0.000000000000000000e+00,4.347889900207519531e+00,5.658322572708129883e-01,3.760120272636413574e-01,0.000000000000000000e+00
0.000000000000000000e+00,0.000000000000000000e+00,0.000000000000000000e+00,0.000000000000000000e+00,4.550333499908447266e+00,7.504881620407104492e-01,7.814116775989532471e-02,0.000000000000000000e+00
0.000000000000000000e+00,0.000000000000000000e+00,0.000000000000000000e+00,0.000000000000000000e+00,5.159113883972167969e+00,0.000000000000000000e+00,1.884704381227493286e-01,0.000000000000000000e+00
0.000000000000000000e+00,0.000000000000000000e+00,0.000000000000000000e+00,0.000000000000000000e+00,5.096844673156738281e+00,0.000000000000000000e+00,1.629370003938674927e-01,0.000000000000000000e+00
0.000000000000000000e+00,0.000000000000000000e+00,0.000000000000000000e+00,0.000000000000000000e+00,5.035450935363769531e+00,0.000000000000000000e+00,1.725700646638870239e-01,0.000000000000000000e+00
0.000000000000000000e+00,0.000000000000000000e+00,0.000000000000000000e+00,0.000000000000000000e+00,4.988586425781250000e+00,0.000000000000000000e+00,1.696449071168899536e-01,0.000000000000000000e+00
0.000000000000000000e+00,0.000000000000000000e+00,0.000000000000000000e+00,0.000000000000000000e+00,5.544806480407714844e+00,1.965879440307617188e+00,0.000000000000000000e+00,0.000000000000000000e+00
