0.000000000000000000e+00,0.000000000000000000e+00,0.000000000000000000e+00,6.046007275581359863e-01,4.512186813354492188e+01,3.604159927368164062e+01,0.000000000000000000e+00
0.000000000000000000e+00,0.000000000000000000e+00,1.475080609321594238e+00,0.000000000000000000e+00,2.304204940795898438e+01,1.698435401916503906e+01,0.000000000000000000e+00
0.000000000000000000e+00,0.000000000000000000e+00,2.458688974380493164e+00,0.000000000000000000e+00,2.760395622253417969e+01,2.043546104431152344e+01,0.000000000000000000e+00
0.000000000000000000e+00,0.000000000000000000e+00,3.132707595825195312e+00,0.000000000000000000e+00,2.937116432189941406e+01,2.121864318847656250e+01,0.000000000000000000e+00
0.000000000000000000e+00,0.000000000000000000e+00,2.824175357818603516e+00,0.000000000000000000e+00,2.739661979675292969e+01,1.970628356933593750e+01,0.000000000000000000e+00
0.000000000000000000e+00,0.000000000000000000e+00,2.650347709655761719e+00,0.000000000000000000e+00,2.809710121154785156e+01,2.051084327697753906e+01,0.000000000000000000e+00
0.000000000000000000e+00,0.000000000000000000e+00,3.139347076416015625e+00,0.000000000000000000e+00,3.023189544677734375e+01,2.174714279174804688e+01,0.000000000000000000e+00
0.000000000000000000e+00,0.000000000000000000e+00,3.970918893814086914e+00,0.000000000000000000e+00,3.346028518676757812e+01,2.388784408569335938e+01,0.000000000000000000e+00
0.000000000000000000e+00,0.000000000000000000e+00,2.365422248840332031e+00,0.000000000000000000e+00,2.877410888671875000e+01,2.202324485778808594e+01,0.000000000000000000e+00
0.000000000000000000e+00,0.000000000000000000e+00,2.248645544052124023e+00,0.000000000000000000e+00,2.456596183776855469e+01,1.840854454040527344e+01,0.000000000000000000e+00
0.000000000000000000e+00,0.000000000000000000e+00,2.355188369750976562e+00,0.000000000000000000e+00,1.892185211181640625e+01,1.359067630767822266e+01,0.000000000000000000e+00
0.000000000000000000e+00,0.000000000000000000e+00,1.648822307586669922e+00,0.000000000000000000e+00,2.242050552368164062e+01,1.641032981872558594e+01,0.000000000000000000e+00
0.000000000000000000e+00,0.000000000000000000e+00,2.047562837600708008e+00,0.000000000000000000e+00,2.308950424194335938e+01,1.683645248413085938e+01,0.000000000000000000e+00
0.000000000000000000e+00,0.000000000000000000e+00,1.248227477073669434e+00,0.000000000000000000e+00,2.024755287170410156e+01,1.502254295349121094e+01,0.000000000000000000e+00
0.000000000000000000e+00,0.000000000000000000e+00,8.601866364479064941e-01,0.000000000000000000e+00,1.808731842041015625e+01,1.335217285156250000e+01,0.000000000000000000e+00
0.000000000000000000e+00,0.000000000000000000e+00,7.117845416069030762e-01,0.000000000000000000e+00,1.851610946655273438e+01,1.330571365356445312e+01,0.000000000000000000e+00
0.000000000000000000e+00,0.000000000000000000e+00,1.687181472778320312e+00,0.000000000000000000e+00,2.151951408386230469e+01,1.536653900146484375e+01,0.000000000000000000e+00
0.000000000000000000e+00,0.000000000000000000e+00,1.745621919631958008e+00,0.000000000000000000e+00,2.365057373046875000e+01,1.705146408081054688e+01,0.000000000000000000e+00
0.000000000000000000e+00,0.000000000000000000e+00,2.761774063110351562e-01,0.000000000000000000e+00,1.711481285095214844e+01,1.204521179199218750e+01,0.000000000000000000e+00
0.000000000000000000e+00,0.000000000000000000e+00,4.791018366813659668e-02,9.343476295471191406e-01,1.618177795410156250e+01,1.195213031768798828e+01,0.000000000000000000e+00
0.000000000000000000e+00,0.000000000000000000e+00,2.292083263397216797e+00,0.000000000000000000e+00,2.344301986694335938e+01,1.805712699890136719e+01,0.000000000000000000e+00
0.000000000000000000e+00,0.000000000000000000e+00,4.217637062072753906e+00,0.000000000000000000e+00,3.223133468627929688e+01,2.408258056640625000e+01,0.000000000000000000e+00
0.000000000000000000e+00,0.000000000000000000e+00,1.009057164192199707e+00,0.000000000000000000e+00,1.973529624938964844e+01,1.410093021392822266e+01,0.000000000000000000e+00
0.000000000000000000e+00,0.000000000000000000e+00,6.862707734107971191e-01,0.000000000000000000e+00,2.124604225158691406e+01,1.567244911193847656e+01,0.000000000000000000e+00
0.000000000000000000e+00,0.000000000000000000e+00,1.462473630905151367e+00,0.000000000000000000e+00,2.117235565185546875e+01,1.563214969635009766e+01,0.000000000000000000e+00
0.000000000000000000e+00,0.000000000000000000e+00,1.371236443519592285e+00,0.000000000000000000e+00,2.286034011840820312e+01,1.712260437011718750e+01,0.000000000000000000e+00
0.000000000000000000e+00,0.000000000000000000e+00,2.314356803894042969e+00,0.000000000000000000e+00,2.804144668579101562e+01,1.888326454162597656e+01,0.000000000000000000e+00
0.000000000000000000e+00,0.000000000000000000e+00,1.509332537651062012e+00,0.000000000000000000e+00,4.053881454467773438e+01,3.037388420104980469e+01,0.000000000000000000e+00
0.000000000000000000e+00,0.000000000000000000e+00,1.915128111839294434e+00,0.000000000000000000e+00,2.963443183898925781e+01,2.160199356079101562e+01,0.000000000000000000e+00
0.000000000000000000e+00,0.000000000000000000e+00,0.000000000000000000e+00,0.000000000000000000e+00,2.265468978881835938e+01,1.717716598510742188e+01,0.000000000000000000e+00
0.000000000000000000e+00,0.000000000000000000e+00,5.860970169305801392e-02,0.000000000000000000e+00,1.776929473876953125e+01,1.294080448150634766e+01,0.000000000000000000e+00
0.000000000000000000e+00,0.000000000000000000e+00,1.012959256768226624e-01,0.000000000000000000e+00,1.675310707092285156e+01,1.310519695281982422e+01,0.000000000000000000e+00
0.000000000000000000e+00,0.000000000000000000e+00,1.859706521034240723e+00,9.189632534980773926e-02,2.021995544433593750e+01,1.521713924407958984e+01,0.000000000000000000e+00
0.000000000000000000e+00,0.000000000000000000e+00,3.003371238708496094e+00,0.000000000000000000e+00,2.423675155639648438e+01,1.772646522521972656e+01,0.000000000000000000e+00
0.000000000000000000e+00,0.000000000000000000e+00,2.569103002548217773e+00,0.000000000000000000e+00,1.810731697082519531e+01,1.324681091308593750e+01,0.000000000000000000e+00
0.000000000000000000e+00,0.000000000000000000e+00,1.709656834602355957e+00,0.000000000000000000e+00,1.826895713806152344e+01,1.337545967102050781e+01,0.000000000000000000e+00
0.000000000000000000e+00,0.000000000000000000e+00,2.009877920150756836e+00,0.000000000000000000e+00,1.889633178710937500e+01,1.366625881195068359e+01,0.000000000000000000e+00
0.000000000000000000e+00,0.000000000000000000e+00,1.429005742073059082e+00,0.000000000000000000e+00,2.225724601745605469e+01,1.633920669555664062e+01,0.000000000000000000e+00
0.000000000000000000e+00,0.000000000000000000e+00,2.313811302185058594e+00,0.000000000000000000e+00,2.234963035583496094e+01,1.569946384429931641e+01,0.000000000000000000e+00
0.000000000000000000e+00,0.000000000000000000e+00,2.544807672500610352e+00,0.000000000000000000e+00,2.467330360412597656e+01,1.753184700012207031e+01,0.000000000000000000e+00
0.000000000000000000e+00,0.000000000000000000e+00,1.757737159729003906e+00,0.000000000000000000e+00,2.203432846069335938e+01,1.559811019897460938e+01,0.000000000000000000e+00
0.000000000000000000e+00,0.000000000000000000e+00,2.098881721496582031e+00,0.000000000000000000e+00,2.317941856384277344e+01,1.619651031494140625e+01,0.000000000000000000e+00
0.000000000000000000e+00,0.000000000000000000e+00,1.181242227554321289e+00,0.000000000000000000e+00,1.927608489990234375e+01,1.401615238189697266e+01,0.000000000000000000e+00
0.000000000000000000e+00,0.000000000000000000e+00,1.051086068153381348e+00,0.000000000000000000e+00,1.380328655242919922e+01,1.008179187774658203e+01,0.000000000000000000e+00
0.000000000000000000e+00,0.000000000000000000e+00,1.216317415237426758e+00,0.000000000000000000e+00,1.699332809448242188e+01,1.184461784362792969e+01,0.000000000000000000e+00
0.000000000000000000e+00,0.000000000000000000e+00,1.070860624313354492e+00,0.000000000000000000e+00,1.614329528808593750e+01,1.205215644836425781e+01,0.000000000000000000e+00
0.000000000000000000e+00,0.000000000000000000e+00,2.984807729721069336e+00,0.000000000000000000e+00,2.725191116333007812e+01,2.049331474304199219e+01,0.000000000000000000e+00
0.000000000000000000e+00,0.000000000000000000e+00,3.195472717285156250e+00,0.000000000000000000e+00,2.538165473937988281e+01,1.839466476440429688e+01,0.000000000000000000e+00
0.000000000000000000e+00,0.000000000000000000e+00,2.125807523727416992e+00,0.000000000000000000e+00,2.431777000427246094e+01,1.728533172607421875e+01,0.000000000000000000e+00
0.000000000000000000e+00,0.000000000000000000e+00,1.939332604408264160e+00,0.000000000000000000e+00,1.806088066101074219e+01,1.362591934204101562e+01,0.000000000000000000e+00
0.000000000000000000e+00,0.000000000000000000e+00,1.717308521270751953e+00,0.000000000000000000e+00,2.635769081115722656e+01,1.978570747375488281e+01,0.000000000000000000e+00
0.000000000000000000e+00,0.000000000000000000e+00,6.990050673484802246e-01,0.000000000000000000e+00,2.831151771545410156e+01,2.087169837951660156e+01,0.000000000000000000e+00
0.000000000000000000e+00,0.000000000000000000e+00,1.863909721374511719e+00,0.000000000000000000e+00,3.001600646972656250e+01,2.170351028442382812e+01,0.000000000000000000e+00
0.000000000000000000e+00,0.000000000000000000e+00,2.254737377166748047e+00,0.000000000000000000e+00,2.773057365417480469e+01,2.016013526916503906e+01,0.000000000000000000e+00
0.000000000000000000e+00,0.000000000000000000e+00,1.321323275566101074e+00,0.000000000000000000e+00,2.385600471496582031e+01,1.722084999084472656e+01,0.000000000000000000e+00
0.000000000000000000e+00,0.000000000000000000e+00,9.052120447158813477e-01,0.000000000000000000e+00,2.456762695312500000e+01,1.879578399658203125e+01,0.000000000000000000e+00
0.000000000000000000e+00,0.000000000000000000e+00,1.406119585037231445e+00,0.000000000000000000e+00,1.929366874694824219e+01,1.391819858551025391e+01,0.000000000000000000e+00
0.000000000000000000e+00,0.000000000000000000e+00,9.315966367721557617e-01,0.000000000000000000e+00,1.949018669128417969e+01,1.470777225494384766e+01,0.000000000000000000e+00
0.000000000000000000e+00,0.000000000000000000e+00,8.907986879348754883e-01,0.000000000000000000e+00,1.818521690368652344e+01,1.378202629089355469e+01,0.000000000000000000e+00
0.000000000000000000e+00,0.000000000000000000e+00,2.475139617919921875e+00,0.000000000000000000e+00,2.437684249877929688e+01,1.820444488525390625e+01,0.000000000000000000e+00
0.000000000000000000e+00,0.000000000000000000e+00,2.717450141906738281e+00,0.000000000000000000e+00,2.334145736694335938e+01,1.743217849731445312e+01,0.000000000000000000e+00
0.000000000000000000e+00,0.000000000000000000e+00,1.362023830413818359e+00,0.000000000000000000e+00,2.569015121459960938e+01,1.985928153991699219e+01,0.000000000000000000e+00
0.000000000000000000e+00,0.000000000000000000e+00,8.021266460418701172e-01,0.000000000000000000e+00,2.692026138305664062e+01,2.061549377441406250e+01,0.000000000000000000e+00
0.000000000000000000e+00,0.000000000000000000e+00,1.447143316268920898e+00,0.000000000000000000e+00,2.301043128967285156e+01,1.691885375976562500e+01,0.000000000000000000e+00
0.000000000000000000e+00,0.000000000000000000e+00,2.233543634414672852e+00,0.000000000000000000e+00,3.308142089843750000e+01,2.475679779052734375e+01,0.000000000000000000e+00
0.000000000000000000e+00,0.000000000000000000e+00,1.726934671401977539e+00,0.000000000000000000e+00,2.464871406555175781e+01,1.835086631774902344e+01,0.000000000000000000e+00
0.000000000000000000e+00,0.000000000000000000e+00,5.086088180541992188e-01,0.000000000000000000e+00,2.172995948791503906e+01,1.613420867919921875e+01,0.000000000000000000e+00
0.000000000000000000e+00,0.000000000000000000e+00,2.258241415023803711e+00,0.000000000000000000e+00,2.336519241333007812e+01,1.774307441711425781e+01,0.000000000000000000e+00
0.000000000000000000e+00,0.000000000000000000e+00,1.041986346244812012e+00,0.000000000000000000e+00,2.455082702636718750e+01,1.806263732910156250e+01,0.000000000000000000e+00
0.000000000000000000e+00,0.000000000000000000e+00,1.202872037887573242e+00,0.000000000000000000e+00,3.041614913940429688e+01,2.282900619506835938e+01,0.000000000000000000e+00
0.000000000000000000e+00,0.000000000000000000e+00,1.219556927680969238e+00,0.000000000000000000e+00,2.535954284667968750e+01,1.777183532714843750e+01,0.000000000000000000e+00
0.000000000000000000e+00,0.000000000000000000e+00,3.498775482177734375e+00,1.145622491836547852e+00,2.889529228210449219e+01,2.082725715637207031e+01,0.000000000000000000e+00
0.000000000000000000e+00,0.000000000000000000e+00,2.981360197067260742e+00,0.000000000000000000e+00,2.498682403564453125e+01,1.859494209289550781e+01,0.000000000000000000e+00
0.000000000000000000e+00,0.000000000000000000e+00,1.674313187599182129e+00,0.000000000000000000e+00,3.800684738159179688e+01,2.886920547485351562e+01,0.000000000000000000e+00
0.000000000000000000e+00,0.000000000000000000e+00,3.568992853164672852e+00,0.000000000000000000e+00,3.677277374267578125e+01,2.537868690490722656e+01,0.000000000000000000e+00
0.000000000000000000e+00,0.000000000000000000e+00,7.329478263854980469e-01,0.000000000000000000e+00,3.375580215454101562e+01,2.470775794982910156e+01,0.000000000000000000e+00
0.000000000000000000e+00,0.000000000000000000e+00,1.009252786636352539e+00,0.000000000000000000e+00,2.619987106323242188e+01,1.899703979492187500e+01,0.000000000000000000e+00
0.000000000000000000e+00,0.000000000000000000e+00,1.504742980003356934e+00,0.000000000000000000e+00,2.613268661499023438e+01,1.916306114196777344e+01,0.000000000000000000e+00
0.000000000000000000e+00,0.000000000000000000e+00,1.117009282112121582e+00,0.000000000000000000e+00,2.332753753662109375e+01,1.724001502990722656e+01,0.000000000000000000e+00
0.000000000000000000e+00,0.000000000000000000e+00,9.379819631576538086e-01,0.000000000000000000e+00,2.361938667297363281e+01,1.765527725219726562e+01,0.000000000000000000e+00
0.000000000000000000e+00,0.000000000000000000e+00,1.829704284667968750e+00,0.000000000000000000e+00,2.302431297302246094e+01,1.699547195434570312e+01,0.000000000000000000e+00
0.000000000000000000e+00,0.000000000000000000e+00,3.217107057571411133e+00,0.000000000000000000e+00,2.645151519775390625e+01,1.831852912902832031e+01,0.000000000000000000e+00
0.000000000000000000e+00,0.000000000000000000e+00,2.261079788208007812e+00,0.000000000000000000e+00,2.597637748718261719e+01,1.913029289245605469e+01,0.000000000000000000e+00
0.000000000000000000e+00,0.000000000000000000e+00,2.088312387466430664e+00,0.000000000000000000e+00,2.318857765197753906e+01,1.654909706115722656e+01,0.000000000000000000e+00
0.000000000000000000e+00,0.000000000000000000e+00,2.273431062698364258e+00,0.000000000000000000e+00,2.614900016784667969e+01,1.946517562866210938e+01,0.000000000000000000e+00
0.000000000000000000e+00,0.000000000000000000e+00,2.725863695144653320e+00,0.000000000000000000e+00,2.615658760070800781e+01,1.911952590942382812e+01,0.000000000000000000e+00
0.000000000000000000e+00,0.000000000000000000e+00,1.648752331733703613e+00,0.000000000000000000e+00,2.360134315490722656e+01,1.782818794250488281e+01,0.000000000000000000e+00
0.000000000000000000e+00,0.000000000000000000e+00,2.676801681518554688e+00,0.000000000000000000e+00,2.801169013977050781e+01,2.079711341857910156e+01,0.000000000000000000e+00
0.000000000000000000e+00,0.000000000000000000e+00,2.061215639114379883e+00,0.000000000000000000e+00,2.430502319335937500e+01,1.818483543395996094e+01,0.000000000000000000e+00
0.000000000000000000e+00,0.000000000000000000e+00,2.524989843368530273e+00,0.000000000000000000e+00,2.670950698852539062e+01,1.974982452392578125e+01,0.000000000000000000e+00
0.000000000000000000e+00,0.000000000000000000e+00,3.115320682525634766e+00,0.000000000000000000e+00,2.922914314270019531e+01,2.168245315551757812e+01,0.000000000000000000e+00
0.000000000000000000e+00,0.000000000000000000e+00,0.000000000000000000e+00,4.895617067813873291e-02,2.785746765136718750e+01,2.145493507385253906e+01,0.000000000000000000e+00
0.000000000000000000e+00,0.000000000000000000e+00,0.000000000000000000e+00,0.000000000000000000e+00,4.962254333496093750e+01,3.856993103027343750e+01,0.000000000000000000e+00
0.000000000000000000e+00,0.000000000000000000e+00,0.000000000000000000e+00,0.000000000000000000e+00,4.632582092285156250e+01,3.546820449829101562e+01,0.000000000000000000e+00
0.000000000000000000e+00,0.000000000000000000e+00,0.000000000000000000e+00,0.000000000000000000e+00,2.362743186950683594e+01,1.855666732788085938e+01,0.000000000000000000e+00
0.000000000000000000e+00,0.000000000000000000e+00,1.648085832595825195e+00,0.000000000000000000e+00,2.423685836791992188e+01,1.786257553100585938e+01,0.000000000000000000e+00
0.000000000000000000e+00,0.000000000000000000e+00,2.023216724395751953e+00,0.000000000000000000e+00,2.598209953308105469e+01,1.934761619567871094e+01,0.000000000000000000e+00
0.000000000000000000e+00,0.000000000000000000e+00,2.503441810607910156e+00,0.000000000000000000e+00,2.574383354187011719e+01,1.853319740295410156e+01,0.000000000000000000e+00
0.000000000000000000e+00,0.000000000000000000e+00,2.735757827758789062e+00,0.000000000000000000e+00,2.876608276367187500e+01,2.106507682800292969e+01,0.000000000000000000e+00
0.000000000000000000e+00,0.000000000000000000e+00,2.836569309234619141e+00,0.000000000000000000e+00,2.808025360107421875e+01,2.014646148681640625e+01,0.000000000000000000e+00
0.000000000000000000e+00,0.000000000000000000e+00,3.153319597244262695e+00,0.000000000000000000e+00,2.862000656127929688e+01,2.079050636291503906e+01,0.000000000000000000e+00
0.000000000000000000e+00,0.000000000000000000e+00,3.870084762573242188e+00,0.000000000000000000e+00,3.201992797851562500e+01,2.304622077941894531e+01,0.000000000000000000e+00
0.000000000000000000e+00,0.000000000000000000e+00,4.482305526733398438e+00,0.000000000000000000e+00,3.691775894165039062e+01,2.659130477905273438e+01,0.000000000000000000e+00
0.000000000000000000e+00,0.000000000000000000e+00,2.708993673324584961e+00,0.000000000000000000e+00,2.710481262207031250e+01,1.935544776916503906e+01,0.000000000000000000e+00
0.000000000000000000e+00,0.000000000000000000e+00,1.594334125518798828e+00,0.000000000000000000e+00,2.271019363403320312e+01,1.704488182067871094e+01,0.000000000000000000e+00
0.000000000000000000e+00,0.000000000000000000e+00,2.344682931900024414e+00,0.000000000000000000e+00,2.069463539123535156e+01,1.537356090545654297e+01,0.000000000000000000e+00
0.000000000000000000e+00,0.000000000000000000e+00,1.939527630805969238e+00,0.000000000000000000e+00,3.038925170898437500e+01,2.377908325195312500e+01,0.000000000000000000e+00
0.000000000000000000e+00,0.000000000000000000e+00,1.051754713058471680e+00,0.000000000000000000e+00,2.808876991271972656e+01,2.108346366882324219e+01,0.000000000000000000e+00
0.000000000000000000e+00,0.000000000000000000e+00,1.553063511848449707e+00,0.000000000000000000e+00,3.156673812866210938e+01,2.364396667480468750e+01,0.000000000000000000e+00
0.000000000000000000e+00,0.000000000000000000e+00,2.677345573902130127e-01,0.000000000000000000e+00,2.157520866394042969e+01,1.629065704345703125e+01,0.000000000000000000e+00
0.000000000000000000e+00,0.000000000000000000e+00,8.212368488311767578e-01,0.000000000000000000e+00,2.539440345764160156e+01,1.877531051635742188e+01,0.000000000000000000e+00
0.000000000000000000e+00,0.000000000000000000e+00,1.034259796142578125e+00,0.000000000000000000e+00,2.517535781860351562e+01,1.937959671020507812e+01,0.000000000000000000e+00
0.000000000000000000e+00,0.000000000000000000e+00,2.797228395938873291e-01,0.000000000000000000e+00,2.067874526977539062e+01,1.600007629394531250e+01,0.000000000000000000e+00
0.000000000000000000e+00,0.000000000000000000e+00,1.592138111591339111e-01,0.000000000000000000e+00,1.877051925659179688e+01,1.436108207702636719e+01,0.000000000000000000e+00
0.000000000000000000e+00,0.000000000000000000e+00,0.000000000000000000e+00,4.767142236232757568e-01,1.963723945617675781e+01,1.477626800537109375e+01,0.000000000000000000e+00
0.000000000000000000e+00,0.000000000000000000e+00,8.755221366882324219e-01,3.418739140033721924e-02,2.137001419067382812e+01,1.653786659240722656e+01,0.000000000000000000e+00
0.000000000000000000e+00,0.000000000000000000e+00,1.921247601509094238e+00,0.000000000000000000e+00,2.796422576904296875e+01,2.151248550415039062e+01,0.000000000000000000e+00
0.000000000000000000e+00,0.000000000000000000e+00,3.851602673530578613e-01,0.000000000000000000e+00,2.147297096252441406e+01,1.602671051025390625e+01,0.000000000000000000e+00
0.000000000000000000e+00,0.000000000000000000e+00,6.447486877441406250e-01,0.000000000000000000e+00,2.489873123168945312e+01,1.889018630981445312e+01,0.000000000000000000e+00
0.000000000000000000e+00,0.000000000000000000e+00,1.305792450904846191e+00,0.000000000000000000e+00,3.330497741699218750e+01,2.578430175781250000e+01,0.000000000000000000e+00
0.000000000000000000e+00,0.000000000000000000e+00,4.031885564327239990e-01,0.000000000000000000e+00,2.623164558410644531e+01,1.920295715332031250e+01,0.000000000000000000e+00
0.000000000000000000e+00,0.000000000000000000e+00,1.827024579048156738e+00,0.000000000000000000e+00,4.090526199340820312e+01,3.146526145935058594e+01,0.000000000000000000e+00
0.000000000000000000e+00,0.000000000000000000e+00,4.064347445964813232e-01,0.000000000000000000e+00,2.605077552795410156e+01,1.889138984680175781e+01,0.000000000000000000e+00
0.000000000000000000e+00,0.000000000000000000e+00,2.119493722915649414e+00,0.000000000000000000e+00,4.991308975219726562e+01,3.739764785766601562e+01,0.000000000000000000e+00
0.000000000000000000e+00,0.000000000000000000e+00,9.104210734367370605e-01,0.000000000000000000e+00,2.986529731750488281e+01,2.187690544128417969e+01,0.000000000000000000e+00
0.000000000000000000e+00,0.000000000000000000e+00,6.351305246353149414e-01,0.000000000000000000e+00,2.271914100646972656e+01,1.699122810363769531e+01,0.000000000000000000e+00
0.000000000000000000e+00,0.000000000000000000e+00,0.000000000000000000e+00,9.681208133697509766e-01,2.462405204772949219e+01,1.787971305847167969e+01,0.000000000000000000e+00
0.000000000000000000e+00,0.000000000000000000e+00,6.871531158685684204e-02,0.000000000000000000e+00,2.373280906677246094e+01,1.790279579162597656e+01,0.000000000000000000e+00
0.000000000000000000e+00,0.000000000000000000e+00,1.365798592567443848e+00,9.092452526092529297e-01,2.883907127380371094e+01,2.220086669921875000e+01,0.000000000000000000e+00
0.000000000000000000e+00,0.000000000000000000e+00,1.106447815895080566e+00,0.000000000000000000e+00,2.269503593444824219e+01,1.736681175231933594e+01,0.000000000000000000e+00
0.000000000000000000e+00,0.000000000000000000e+00,8.713119626045227051e-01,0.000000000000000000e+00,2.717855072021484375e+01,2.070430564880371094e+01,0.000000000000000000e+00
0.000000000000000000e+00,0.000000000000000000e+00,7.601286768913269043e-01,0.000000000000000000e+00,2.250658035278320312e+01,1.706202888488769531e+01,0.000000000000000000e+00
0.000000000000000000e+00,0.000000000000000000e+00,1.512400627136230469e+00,0.000000000000000000e+00,3.706405639648437500e+01,2.807974815368652344e+01,0.000000000000000000e+00
0.000000000000000000e+00,0.000000000000000000e+00,1.161263346672058105e+00,0.000000000000000000e+00,3.153414154052734375e+01,2.397191619873046875e+01,0.000000000000000000e+00
0.000000000000000000e+00,0.000000000000000000e+00,1.608535051345825195e+00,0.000000000000000000e+00,4.930431747436523438e+01,3.754832458496093750e+01,0.000000000000000000e+00
0.000000000000000000e+00,0.000000000000000000e+00,9.457254409790039062e-01,0.000000000000000000e+00,3.335519409179687500e+01,2.511785125732421875e+01,0.000000000000000000e+00
0.000000000000000000e+00,0.000000000000000000e+00,3.242481648921966553e-01,0.000000000000000000e+00,3.790357589721679688e+01,2.769627189636230469e+01,0.000000000000000000e+00
0.000000000000000000e+00,0.000000000000000000e+00,3.525073528289794922e-01,0.000000000000000000e+00,3.574962997436523438e+01,2.687462806701660156e+01,0.000000000000000000e+00
0.000000000000000000e+00,0.000000000000000000e+00,1.423919796943664551e+00,0.000000000000000000e+00,2.837100601196289062e+01,2.112392807006835938e+01,0.000000000000000000e+00
0.000000000000000000e+00,0.000000000000000000e+00,0.000000000000000000e+00,0.000000000000000000e+00,2.730992889404296875e+01,1.996483993530273438e+01,0.000000000000000000e+00
0.000000000000000000e+00,0.000000000000000000e+00,7.381124496459960938e-01,0.000000000000000000e+00,1.957847595214843750e+01,1.495595932006835938e+01,0.000000000000000000e+00
0.000000000000000000e+00,0.000000000000000000e+00,3.006087243556976318e-01,0.000000000000000000e+00,1.862900924682617188e+01,1.450978851318359375e+01,0.000000000000000000e+00
0.000000000000000000e+00,0.000000000000000000e+00,1.319989323616027832e+00,0.000000000000000000e+00,1.998623657226562500e+01,1.515358829498291016e+01,0.000000000000000000e+00
0.000000000000000000e+00,0.000000000000000000e+00,7.968066930770874023e-01,0.000000000000000000e+00,2.649687767028808594e+01,2.029270935058593750e+01,0.000000000000000000e+00
0.000000000000000000e+00,0.000000000000000000e+00,1.479099094867706299e-01,0.000000000000000000e+00,1.737392807006835938e+01,1.260647201538085938e+01,0.000000000000000000e+00
0.000000000000000000e+00,0.000000000000000000e+00,1.067237257957458496e+00,0.000000000000000000e+00,3.796922302246093750e+01,2.790949630737304688e+01,0.000000000000000000e+00
0.000000000000000000e+00,0.000000000000000000e+00,1.043550729751586914e+00,0.000000000000000000e+00,3.001232528686523438e+01,2.262744522094726562e+01,0.000000000000000000e+00
0.000000000000000000e+00,0.000000000000000000e+00,1.485112905502319336e+00,0.000000000000000000e+00,3.988970565795898438e+01,3.053124237060546875e+01,0.000000000000000000e+00
0.000000000000000000e+00,0.000000000000000000e+00,6.060943007469177246e-01,0.000000000000000000e+00,3.847178649902343750e+01,2.827887535095214844e+01,0.000000000000000000e+00
0.000000000000000000e+00,0.000000000000000000e+00,5.459234118461608887e-01,0.000000000000000000e+00,4.422108840942382812e+01,3.261696243286132812e+01,0.000000000000000000e+00
0.000000000000000000e+00,0.000000000000000000e+00,5.962215065956115723e-01,0.000000000000000000e+00,3.659237289428710938e+01,2.708377075195312500e+01,0.000000000000000000e+00
0.000000000000000000e+00,0.000000000000000000e+00,0.000000000000000000e+00,0.000000000000000000e+00,2.096314430236816406e+01,1.524516773223876953e+01,0.000000000000000000e+00
0.000000000000000000e+00,0.000000000000000000e+00,0.000000000000000000e+00,4.350259006023406982e-01,3.517962265014648438e+01,2.647935104370117188e+01,0.000000000000000000e+00
0.000000000000000000e+00,0.000000000000000000e+00,1.515803337097167969e-01,0.000000000000000000e+00,2.105388641357421875e+01,1.615966415405273438e+01,0.000000000000000000e+00
0.000000000000000000e+00,0.000000000000000000e+00,2.091702461242675781e+00,0.000000000000000000e+00,2.609178161621093750e+01,2.032291221618652344e+01,0.000000000000000000e+00
0.000000000000000000e+00,0.000000000000000000e+00,1.618812680244445801e+00,0.000000000000000000e+00,2.033875274658203125e+01,1.642402076721191406e+01,0.000000000000000000e+00
0.000000000000000000e+00,0.000000000000000000e+00,1.277678132057189941e+00,0.000000000000000000e+00,2.449958610534667969e+01,1.909148788452148438e+01,0.000000000000000000e+00
0.000000000000000000e+00,0.000000000000000000e+00,1.176134586334228516e+00,0.000000000000000000e+00,2.095453643798828125e+01,1.588139438629150391e+01,0.000000000000000000e+00
0.000000000000000000e+00,0.000000000000000000e+00,2.428972423076629639e-01,0.000000000000000000e+00,2.806717681884765625e+01,2.100221061706542969e+01,0.000000000000000000e+00
0.000000000000000000e+00,0.000000000000000000e+00,3.816282451152801514e-01,0.000000000000000000e+00,3.011848258972167969e+01,2.253024864196777344e+01,0.000000000000000000e+00
0.000000000000000000e+00,0.000000000000000000e+00,7.409676313400268555e-01,0.000000000000000000e+00,3.573753356933593750e+01,2.695664596557617188e+01,0.000000000000000000e+00
0.000000000000000000e+00,0.000000000000000000e+00,9.673789739608764648e-01,0.000000000000000000e+00,3.728873443603515625e+01,2.835410499572753906e+01,0.000000000000000000e+00
0.000000000000000000e+00,0.000000000000000000e+00,1.425299406051635742e+00,0.000000000000000000e+00,3.057805061340332031e+01,2.260142517089843750e+01,0.000000000000000000e+00
0.000000000000000000e+00,0.000000000000000000e+00,1.320954442024230957e+00,0.000000000000000000e+00,3.010263061523437500e+01,2.328801345825195312e+01,0.000000000000000000e+00
0.000000000000000000e+00,0.000000000000000000e+00,1.114892959594726562e+00,0.000000000000000000e+00,3.077121353149414062e+01,2.269072341918945312e+01,0.000000000000000000e+00
0.000000000000000000e+00,0.000000000000000000e+00,4.875079095363616943e-01,0.000000000000000000e+00,2.743481254577636719e+01,2.097985267639160156e+01,0.000000000000000000e+00
0.000000000000000000e+00,0.000000000000000000e+00,2.889090776443481445e-01,0.000000000000000000e+00,1.496107578277587891e+01,1.105607318878173828e+01,0.000000000000000000e+00
0.000000000000000000e+00,0.000000000000000000e+00,1.400933980941772461e+00,0.000000000000000000e+00,2.385719108581542969e+01,1.834193992614746094e+01,0.000000000000000000e+00
0.000000000000000000e+00,0.000000000000000000e+00,1.857487916946411133e+00,0.000000000000000000e+00,3.002692031860351562e+01,2.247690963745117188e+01,0.000000000000000000e+00
0.000000000000000000e+00,0.000000000000000000e+00,7.648891210556030273e-01,0.000000000000000000e+00,3.258739852905273438e+01,2.465137100219726562e+01,0.000000000000000000e+00
0.000000000000000000e+00,0.000000000000000000e+00,1.623778820037841797e+00,0.000000000000000000e+00,4.014475250244140625e+01,3.039510345458984375e+01,0.000000000000000000e+00
0.000000000000000000e+00,0.000000000000000000e+00,2.391529083251953125e+00,0.000000000000000000e+00,4.413319396972656250e+01,3.360303115844726562e+01,0.000000000000000000e+00
0.000000000000000000e+00,0.000000000000000000e+00,6.954085230827331543e-01,0.000000000000000000e+00,2.960399055480957031e+01,2.154075241088867188e+01,0.000000000000000000e+00
0.000000000000000000e+00,0.000000000000000000e+00,1.282203912734985352e+00,0.000000000000000000e+00,4.100545501708984375e+01,3.064264106750488281e+01,0.000000000000000000e+00
0.000000000000000000e+00,0.000000000000000000e+00,8.598814010620117188e-01,0.000000000000000000e+00,4.285702514648437500e+01,3.207919692993164062e+01,0.000000000000000000e+00
0.000000000000000000e+00,0.000000000000000000e+00,1.002737879753112793e+00,0.000000000000000000e+00,2.812319374084472656e+01,2.082292366027832031e+01,0.000000000000000000e+00
0.000000000000000000e+00,0.000000000000000000e+00,1.989230632781982422e+00,0.000000000000000000e+00,2.549568557739257812e+01,1.919128227233886719e+01,0.000000000000000000e+00
0.000000000000000000e+00,0.000000000000000000e+00,9.853266477584838867e-01,0.000000000000000000e+00,1.903190612792968750e+01,1.401827335357666016e+01,0.000000000000000000e+00
0.000000000000000000e+00,0.000000000000000000e+00,1.822723031044006348e+00,0.000000000000000000e+00,1.781998252868652344e+01,1.327892398834228516e+01,0.000000000000000000e+00
0.000000000000000000e+00,0.000000000000000000e+00,1.401672720909118652e+00,0.000000000000000000e+00,2.334547996520996094e+01,1.736015319824218750e+01,0.000000000000000000e+00
0.000000000000000000e+00,0.000000000000000000e+00,3.689416885375976562e+00,0.000000000000000000e+00,3.382106399536132812e+01,2.434028434753417969e+01,0.000000000000000000e+00
0.000000000000000000e+00,0.000000000000000000e+00,3.332365512847900391e+00,0.000000000000000000e+00,3.013680267333984375e+01,2.136460876464843750e+01,0.000000000000000000e+00
0.000000000000000000e+00,0.000000000000000000e+00,2.271861076354980469e+00,0.000000000000000000e+00,2.627103614807128906e+01,1.893641090393066406e+01,0.000000000000000000e+00
0.000000000000000000e+00,0.000000000000000000e+00,3.382178544998168945e+00,0.000000000000000000e+00,3.114843559265136719e+01,2.206678390502929688e+01,0.000000000000000000e+00
0.000000000000000000e+00,0.000000000000000000e+00,4.670373916625976562e+00,0.000000000000000000e+00,3.697937393188476562e+01,2.653811073303222656e+01,0.000000000000000000e+00
0.000000000000000000e+00,0.000000000000000000e+00,4.401002407073974609e+00,0.000000000000000000e+00,3.590122985839843750e+01,2.526631546020507812e+01,0.000000000000000000e+00
0.000000000000000000e+00,0.000000000000000000e+00,3.914441585540771484e+00,0.000000000000000000e+00,3.261244583129882812e+01,2.327594184875488281e+01,0.000000000000000000e+00
0.000000000000000000e+00,0.000000000000000000e+00,4.319541454315185547e+00,0.000000000000000000e+00,3.831068801879882812e+01,2.707335090637207031e+01,0.000000000000000000e+00
0.000000000000000000e+00,0.000000000000000000e+00,4.501278400421142578e+00,0.000000000000000000e+00,3.686469650268554688e+01,2.622358703613281250e+01,0.000000000000000000e+00
0.000000000000000000e+00,0.000000000000000000e+00,3.979687452316284180e+00,0.000000000000000000e+00,3.253988265991210938e+01,2.322885513305664062e+01,0.000000000000000000e+00
0.000000000000000000e+00,0.000000000000000000e+00,4.505425930023193359e+00,0.000000000000000000e+00,3.485888671875000000e+01,2.528174781799316406e+01,0.000000000000000000e+00
0.000000000000000000e+00,0.000000000000000000e+00,1.961850404739379883e+00,0.000000000000000000e+00,2.291283416748046875e+01,1.617832183837890625e+01,0.000000000000000000e+00
0.000000000000000000e+00,0.000000000000000000e+00,0.000000000000000000e+00,0.000000000000000000e+00,5.463342666625976562e+01,4.372847366333007812e+01,0.000000000000000000e+00
0.000000000000000000e+00,0.000000000000000000e+00,0.000000000000000000e+00,0.000000000000000000e+00,5.350074768066406250e+01,4.089706802368164062e+01,0.000000000000000000e+00
0.000000000000000000e+00,0.000000000000000000e+00,0.000000000000000000e+00,4.630274325609207153e-02,1.680506134033203125e+01,1.255369186401367188e+01,0.000000000000000000e+00
0.000000000000000000e+00,0.000000000000000000e+00,2.179783821105957031e+00,0.000000000000000000e+00,2.555221748352050781e+01,1.896623420715332031e+01,0.000000000000000000e+00
0.000000000000000000e+00,0.000000000000000000e+00,2.738174915313720703e+00,0.000000000000000000e+00,2.596072769165039062e+01,1.896068191528320312e+01,0.000000000000000000e+00
0.000000000000000000e+00,0.000000000000000000e+00,2.658144235610961914e+00,0.000000000000000000e+00,2.790238189697265625e+01,2.093812942504882812e+01,0.000000000000000000e+00
0.000000000000000000e+00,0.000000000000000000e+00,2.524018287658691406e+00,0.000000000000000000e+00,2.775012969970703125e+01,2.071294593811035156e+01,0.000000000000000000e+00
0.000000000000000000e+00,0.000000000000000000e+00,2.396567344665527344e+00,0.000000000000000000e+00,2.684424400329589844e+01,2.006627845764160156e+01,0.000000000000000000e+00
0.000000000000000000e+00,0.000000000000000000e+00,4.529692173004150391e+00,0.000000000000000000e+00,3.553876495361328125e+01,2.548404121398925781e+01,0.000000000000000000e+00
0.000000000000000000e+00,0.000000000000000000e+00,3.447482824325561523e+00,0.000000000000000000e+00,3.014191246032714844e+01,2.195499229431152344e+01,0.000000000000000000e+00
0.000000000000000000e+00,0.000000000000000000e+00,2.051272392272949219e+00,0.000000000000000000e+00,2.358853340148925781e+01,1.775732994079589844e+01,0.000000000000000000e+00
0.000000000000000000e+00,0.000000000000000000e+00,2.118632316589355469e+00,0.000000000000000000e+00,2.525601577758789062e+01,1.896283721923828125e+01,0.000000000000000000e+00
0.000000000000000000e+00,0.000000000000000000e+00,2.258586406707763672e+00,0.000000000000000000e+00,2.457649230957031250e+01,1.827744102478027344e+01,0.000000000000000000e+00
0.000000000000000000e+00,0.000000000000000000e+00,2.215478420257568359e+00,0.000000000000000000e+00,2.390969085693359375e+01,1.797993850708007812e+01,0.000000000000000000e+00
0.000000000000000000e+00,0.000000000000000000e+00,1.866411566734313965e+00,0.000000000000000000e+00,2.472093963623046875e+01,1.879308319091796875e+01,0.000000000000000000e+00
0.000000000000000000e+00,0.000000000000000000e+00,1.667390346527099609e+00,0.000000000000000000e+00,2.410676956176757812e+01,1.834998893737792969e+01,0.000000000000000000e+00
0.000000000000000000e+00,0.000000000000000000e+00,2.097672224044799805e+00,0.000000000000000000e+00,2.937895393371582031e+01,2.162449455261230469e+01,0.000000000000000000e+00
0.000000000000000000e+00,0.000000000000000000e+00,7.963091135025024414e-01,0.000000000000000000e+00,3.026049613952636719e+01,2.193544006347656250e+01,0.000000000000000000e+00
0.000000000000000000e+00,0.000000000000000000e+00,2.169470548629760742e+00,0.000000000000000000e+00,2.726037406921386719e+01,1.946372222900390625e+01,0.000000000000000000e+00
0.000000000000000000e+00,0.000000000000000000e+00,5.480194687843322754e-01,0.000000000000000000e+00,3.151566696166992188e+01,2.240937423706054688e+01,0.000000000000000000e+00
0.000000000000000000e+00,0.000000000000000000e+00,2.442020177841186523e-01,0.000000000000000000e+00,1.420706939697265625e+01,1.055259799957275391e+01,0.000000000000000000e+00
0.000000000000000000e+00,0.000000000000000000e+00,2.271191477775573730e-01,0.000000000000000000e+00,1.768846130371093750e+01,1.292757606506347656e+01,0.000000000000000000e+00
0.000000000000000000e+00,0.000000000000000000e+00,0.000000000000000000e+00,0.000000000000000000e+00,2.253017425537109375e+01,1.662478637695312500e+01,0.000000000000000000e+00
0.000000000000000000e+00,0.000000000000000000e+00,3.424611687660217285e-01,0.000000000000000000e+00,2.162989807128906250e+01,1.625952720642089844e+01,0.000000000000000000e+00
0.000000000000000000e+00,0.000000000000000000e+00,0.000000000000000000e+00,0.000000000000000000e+00,2.331405067443847656e+01,1.718521118164062500e+01,0.000000000000000000e+00
0.000000000000000000e+00,0.000000000000000000e+00,1.032800555229187012e+00,4.809640347957611084e-01,2.637479209899902344e+01,2.030065536499023438e+01,0.000000000000000000e+00
0.000000000000000000e+00,0.000000000000000000e+00,1.332293987274169922e+00,0.000000000000000000e+00,1.941622734069824219e+01,1.550544738769531250e+01,0.000000000000000000e+00
0.000000000000000000e+00,0.000000000000000000e+00,4.063712596893310547e+00,0.000000000000000000e+00,3.100410270690917969e+01,2.341077232360839844e+01,0.000000000000000000e+00
0.000000000000000000e+00,0.000000000000000000e+00,9.419166445732116699e-01,0.000000000000000000e+00,2.751817321777343750e+01,2.076676177978515625e+01,0.000000000000000000e+00
0.000000000000000000e+00,0.000000000000000000e+00,5.483986139297485352e-01,0.000000000000000000e+00,2.530121231079101562e+01,1.896909904479980469e+01,0.000000000000000000e+00
0.000000000000000000e+00,0.000000000000000000e+00,1.103763818740844727e+00,0.000000000000000000e+00,2.960090446472167969e+01,2.188006591796875000e+01,0.000000000000000000e+00
0.000000000000000000e+00,0.000000000000000000e+00,1.245420217514038086e+00,0.000000000000000000e+00,2.612485885620117188e+01,1.965599822998046875e+01,0.000000000000000000e+00
0.000000000000000000e+00,0.000000000000000000e+00,6.618790030479431152e-01,0.000000000000000000e+00,2.810938644409179688e+01,2.105755233764648438e+01,0.000000000000000000e+00
0.000000000000000000e+00,0.000000000000000000e+00,1.731425404548645020e+00,0.000000000000000000e+00,4.101218032836914062e+01,3.203081512451171875e+01,0.000000000000000000e+00
0.000000000000000000e+00,0.000000000000000000e+00,1.070605516433715820e+00,0.000000000000000000e+00,2.258440780639648438e+01,1.744251823425292969e+01,0.000000000000000000e+00
0.000000000000000000e+00,0.000000000000000000e+00,2.145651578903198242e+00,0.000000000000000000e+00,4.742685699462890625e+01,3.659281158447265625e+01,0.000000000000000000e+00
0.000000000000000000e+00,0.000000000000000000e+00,1.416473865509033203e+00,0.000000000000000000e+00,3.085732460021972656e+01,2.244693565368652344e+01,0.000000000000000000e+00
0.000000000000000000e+00,0.000000000000000000e+00,1.247356891632080078e+00,0.000000000000000000e+00,3.181303215026855469e+01,2.363919258117675781e+01,0.000000000000000000e+00
0.000000000000000000e+00,0.000000000000000000e+00,7.936351001262664795e-02,9.957046508789062500e-01,3.323931503295898438e+01,2.444742012023925781e+01,0.000000000000000000e+00
0.000000000000000000e+00,0.000000000000000000e+00,1.130598902702331543e+00,7.650045156478881836e-01,3.342709732055664062e+01,2.508909225463867188e+01,0.000000000000000000e+00
0.000000000000000000e+00,0.000000000000000000e+00,3.466006040573120117e+00,0.000000000000000000e+00,2.867109107971191406e+01,2.152132606506347656e+01,0.000000000000000000e+00
0.000000000000000000e+00,0.000000000000000000e+00,1.441205501556396484e+00,0.000000000000000000e+00,2.425161743164062500e+01,1.866419982910156250e+01,0.000000000000000000e+00
0.000000000000000000e+00,0.000000000000000000e+00,8.747304677963256836e-01,0.000000000000000000e+00,2.874603271484375000e+01,2.151014900207519531e+01,0.000000000000000000e+00
0.000000000000000000e+00,0.000000000000000000e+00,7.709860801696777344e-01,0.000000000000000000e+00,2.740632057189941406e+01,1.999005126953125000e+01,0.000000000000000000e+00
0.000000000000000000e+00,0.000000000000000000e+00,1.262810945510864258e+00,0.000000000000000000e+00,3.692786407470703125e+01,2.726532554626464844e+01,0.000000000000000000e+00
0.000000000000000000e+00,0.000000000000000000e+00,6.864244341850280762e-01,0.000000000000000000e+00,3.180916976928710938e+01,2.374289512634277344e+01,0.000000000000000000e+00
0.000000000000000000e+00,0.000000000000000000e+00,1.319216847419738770e+00,0.000000000000000000e+00,3.116681861877441406e+01,2.337000465393066406e+01,0.000000000000000000e+00
0.000000000000000000e+00,0.000000000000000000e+00,0.000000000000000000e+00,0.000000000000000000e+00,3.173394012451171875e+01,2.245302009582519531e+01,0.000000000000000000e+00
0.000000000000000000e+00,0.000000000000000000e+00,5.747008919715881348e-01,0.000000000000000000e+00,3.835546112060546875e+01,2.808501052856445312e+01,0.000000000000000000e+00
0.000000000000000000e+00,0.000000000000000000e+00,3.729498088359832764e-01,0.000000000000000000e+00,3.158609580993652344e+01,2.356155967712402344e+01,0.000000000000000000e+00
0.000000000000000000e+00,0.000000000000000000e+00,1.000835299491882324e+00,0.000000000000000000e+00,3.097957038879394531e+01,2.299938392639160156e+01,0.000000000000000000e+00
0.000000000000000000e+00,0.000000000000000000e+00,1.464103460311889648e-01,6.250339746475219727e-01,2.662589645385742188e+01,1.980796241760253906e+01,0.000000000000000000e+00
0.000000000000000000e+00,0.000000000000000000e+00,6.494206786155700684e-01,0.000000000000000000e+00,1.751818084716796875e+01,1.365263748168945312e+01,0.000000000000000000e+00
0.000000000000000000e+00,0.000000000000000000e+00,1.354308009147644043e+00,0.000000000000000000e+00,2.116995048522949219e+01,1.598312091827392578e+01,0.000000000000000000e+00
0.000000000000000000e+00,0.000000000000000000e+00,1.247656106948852539e+00,0.000000000000000000e+00,2.699731636047363281e+01,2.001979255676269531e+01,0.000000000000000000e+00
0.000000000000000000e+00,0.000000000000000000e+00,6.592941880226135254e-01,0.000000000000000000e+00,2.461420631408691406e+01,1.853553390502929688e+01,0.000000000000000000e+00
0.000000000000000000e+00,0.000000000000000000e+00,9.629855155944824219e-01,0.000000000000000000e+00,2.902925682067871094e+01,2.084395980834960938e+01,0.000000000000000000e+00
0.000000000000000000e+00,0.000000000000000000e+00,1.254221320152282715e+00,0.000000000000000000e+00,2.394335556030273438e+01,1.815774345397949219e+01,0.000000000000000000e+00
0.000000000000000000e+00,0.000000000000000000e+00,4.783698022365570068e-01,0.000000000000000000e+00,2.125228881835937500e+01,1.581527805328369141e+01,0.000000000000000000e+00
0.000000000000000000e+00,0.000000000000000000e+00,1.150369405746459961e+00,0.000000000000000000e+00,2.635139274597167969e+01,1.944239044189453125e+01,0.000000000000000000e+00
0.000000000000000000e+00,0.000000000000000000e+00,9.386841654777526855e-01,0.000000000000000000e+00,2.433638381958007812e+01,1.815415000915527344e+01,0.000000000000000000e+00
0.000000000000000000e+00,0.000000000000000000e+00,2.019868850708007812e+00,0.000000000000000000e+00,4.044029617309570312e+01,3.056776237487792969e+01,0.000000000000000000e+00
0.000000000000000000e+00,0.000000000000000000e+00,1.021109104156494141e+00,0.000000000000000000e+00,2.939880180358886719e+01,2.196605873107910156e+01,0.000000000000000000e+00
0.000000000000000000e+00,0.000000000000000000e+00,1.338238954544067383e+00,0.000000000000000000e+00,3.688329315185546875e+01,2.823636436462402344e+01,0.000000000000000000e+00
0.000000000000000000e+00,0.000000000000000000e+00,0.000000000000000000e+00,2.440934658050537109e+00,3.488642883300781250e+01,2.453631973266601562e+01,0.000000000000000000e+00
0.000000000000000000e+00,0.000000000000000000e+00,1.948026180267333984e+00,2.555470705032348633e+00,3.354571151733398438e+01,2.487416267395019531e+01,0.000000000000000000e+00
0.000000000000000000e+00,0.000000000000000000e+00,2.398202657699584961e+00,1.186534643173217773e+00,2.759312057495117188e+01,2.055696296691894531e+01,0.000000000000000000e+00
0.000000000000000000e+00,0.000000000000000000e+00,1.917170166969299316e+00,3.978836834430694580e-01,2.552171516418457031e+01,1.902552604675292969e+01,0.000000000000000000e+00
0.000000000000000000e+00,0.000000000000000000e+00,1.517974257469177246e+00,0.000000000000000000e+00,4.037774276733398438e+01,2.956933212280273438e+01,0.000000000000000000e+00
0.000000000000000000e+00,0.000000000000000000e+00,6.028946042060852051e-01,0.000000000000000000e+00,3.565255355834960938e+01,2.609230613708496094e+01,0.000000000000000000e+00
0.000000000000000000e+00,0.000000000000000000e+00,2.848966717720031738e-01,0.000000000000000000e+00,2.438321113586425781e+01,1.753013229370117188e+01,0.000000000000000000e+00
0.000000000000000000e+00,0.000000000000000000e+00,8.042086660861968994e-02,0.000000000000000000e+00,1.635810470581054688e+01,1.203158092498779297e+01,0.000000000000000000e+00
0.000000000000000000e+00,0.000000000000000000e+00,0.000000000000000000e+00,0.000000000000000000e+00,2.482087516784667969e+01,1.866286087036132812e+01,0.000000000000000000e+00
0.000000000000000000e+00,0.000000000000000000e+00,1.218160018324851990e-01,0.000000000000000000e+00,2.352431106567382812e+01,1.782034873962402344e+01,0.000000000000000000e+00
0.000000000000000000e+00,0.000000000000000000e+00,5.314449667930603027e-01,0.000000000000000000e+00,2.258426284790039062e+01,1.667012596130371094e+01,0.000000000000000000e+00
0.000000000000000000e+00,0.000000000000000000e+00,5.583946704864501953e-01,0.000000000000000000e+00,3.367526245117187500e+01,2.577731513977050781e+01,0.000000000000000000e+00
0.000000000000000000e+00,0.000000000000000000e+00,2.291080951690673828e+00,0.000000000000000000e+00,4.333502578735351562e+01,3.360665512084960938e+01,0.000000000000000000e+00
0.000000000000000000e+00,0.000000000000000000e+00,1.078969717025756836e+00,2.107401371002197266e+00,3.785543823242187500e+01,2.866054344177246094e+01,0.000000000000000000e+00
0.000000000000000000e+00,0.000000000000000000e+00,1.057704210281372070e+00,1.093737721443176270e+00,2.488550376892089844e+01,1.869026565551757812e+01,0.000000000000000000e+00
0.000000000000000000e+00,0.000000000000000000e+00,2.491771221160888672e+00,1.758857518434524536e-01,2.471270942687988281e+01,1.900527191162109375e+01,0.000000000000000000e+00
0.000000000000000000e+00,0.000000000000000000e+00,4.117371559143066406e+00,0.000000000000000000e+00,2.955296707153320312e+01,2.281564140319824219e+01,0.000000000000000000e+00
0.000000000000000000e+00,0.000000000000000000e+00,2.080003023147583008e+00,0.000000000000000000e+00,3.193843841552734375e+01,2.415343284606933594e+01,0.000000000000000000e+00
0.000000000000000000e+00,0.000000000000000000e+00,5.664518475532531738e-01,0.000000000000000000e+00,3.557117080688476562e+01,2.565821647644042969e+01,0.000000000000000000e+00
0.000000000000000000e+00,0.000000000000000000e+00,4.701565802097320557e-01,0.000000000000000000e+00,3.536246490478515625e+01,2.559918594360351562e+01,0.000000000000000000e+00
0.000000000000000000e+00,0.000000000000000000e+00,7.429340481758117676e-01,0.000000000000000000e+00,3.119950866699218750e+01,2.259498977661132812e+01,0.000000000000000000e+00
0.000000000000000000e+00,0.000000000000000000e+00,1.562896609306335449e+00,0.000000000000000000e+00,3.374571228027343750e+01,2.555385589599609375e+01,0.000000000000000000e+00
0.000000000000000000e+00,0.000000000000000000e+00,1.544353365898132324e-01,0.000000000000000000e+00,2.629077529907226562e+01,2.040098762512207031e+01,0.000000000000000000e+00
0.000000000000000000e+00,0.000000000000000000e+00,4.881971180438995361e-01,0.000000000000000000e+00,4.370925903320312500e+01,3.318992996215820312e+01,0.000000000000000000e+00
0.000000000000000000e+00,0.000000000000000000e+00,5.687026381492614746e-01,0.000000000000000000e+00,3.423565673828125000e+01,2.549625205993652344e+01,0.000000000000000000e+00
0.000000000000000000e+00,0.000000000000000000e+00,9.560806155204772949e-01,0.000000000000000000e+00,4.619052124023437500e+01,3.436870193481445312e+01,0.000000000000000000e+00
0.000000000000000000e+00,0.000000000000000000e+00,1.012410402297973633e+00,0.000000000000000000e+00,1.477329349517822266e+01,1.093906879425048828e+01,0.000000000000000000e+00
0.000000000000000000e+00,0.000000000000000000e+00,2.013190746307373047e+00,0.000000000000000000e+00,2.384278678894042969e+01,1.801985931396484375e+01,0.000000000000000000e+00
0.000000000000000000e+00,0.000000000000000000e+00,2.221402168273925781e+00,0.000000000000000000e+00,2.975264930725097656e+01,2.222143554687500000e+01,0.000000000000000000e+00
0.000000000000000000e+00,0.000000000000000000e+00,2.529649734497070312e+00,0.000000000000000000e+00,2.784991645812988281e+01,2.002343177795410156e+01,0.000000000000000000e+00
0.000000000000000000e+00,0.000000000000000000e+00,2.351032495498657227e+00,0.000000000000000000e+00,2.681212234497070312e+01,1.961795997619628906e+01,0.000000000000000000e+00
0.000000000000000000e+00,0.000000000000000000e+00,1.848071336746215820e+00,0.000000000000000000e+00,2.434309577941894531e+01,1.761034011840820312e+01,0.000000000000000000e+00
0.000000000000000000e+00,0.000000000000000000e+00,1.964459896087646484e+00,0.000000000000000000e+00,2.440751266479492188e+01,1.799905395507812500e+01,0.000000000000000000e+00
0.000000000000000000e+00,0.000000000000000000e+00,2.016942024230957031e+00,0.000000000000000000e+00,2.523509597778320312e+01,1.851221656799316406e+01,0.000000000000000000e+00
0.000000000000000000e+00,0.000000000000000000e+00,1.701840877532958984e+00,0.000000000000000000e+00,2.337169265747070312e+01,1.735570144653320312e+01,0.000000000000000000e+00
0.000000000000000000e+00,0.000000000000000000e+00,2.182142496109008789e+00,0.000000000000000000e+00,2.411933326721191406e+01,1.796983718872070312e+01,0.000000000000000000e+00
0.000000000000000000e+00,0.000000000000000000e+00,3.330776691436767578e+00,0.000000000000000000e+00,2.899443244934082031e+01,2.083150482177734375e+01,0.000000000000000000e+00
0.000000000000000000e+00,0.000000000000000000e+00,2.032266855239868164e+00,0.000000000000000000e+00,2.333733749389648438e+01,1.729839897155761719e+01,0.000000000000000000e+00
0.000000000000000000e+00,0.000000000000000000e+00,1.842893242835998535e+00,0.000000000000000000e+00,2.447155570983886719e+01,1.834652519226074219e+01,0.000000000000000000e+00
0.000000000000000000e+00,0.000000000000000000e+00,3.162728548049926758e+00,0.000000000000000000e+00,3.013566970825195312e+01,2.240398979187011719e+01,0.000000000000000000e+00
0.000000000000000000e+00,0.000000000000000000e+00,1.654834747314453125e+00,0.000000000000000000e+00,2.521619796752929688e+01,1.891455650329589844e+01,0.000000000000000000e+00
0.000000000000000000e+00,0.000000000000000000e+00,0.000000000000000000e+00,0.000000000000000000e+00,3.575649261474609375e+01,2.755432510375976562e+01,0.000000000000000000e+00
0.000000000000000000e+00,0.000000000000000000e+00,0.000000000000000000e+00,0.000000000000000000e+00,5.538626861572265625e+01,4.161728668212890625e+01,0.000000000000000000e+00
0.000000000000000000e+00,0.000000000000000000e+00,0.000000000000000000e+00,0.000000000000000000e+00,2.631842422485351562e+01,2.008622741699218750e+01,0.000000000000000000e+00
0.000000000000000000e+00,0.000000000000000000e+00,1.673149943351745605e+00,0.000000000000000000e+00,2.369792175292968750e+01,1.793059158325195312e+01,0.000000000000000000e+00
0.000000000000000000e+00,0.000000000000000000e+00,2.170386791229248047e+00,0.000000000000000000e+00,2.364045715332031250e+01,1.778598785400390625e+01,0.000000000000000000e+00
0.000000000000000000e+00,0.000000000000000000e+00,2.622846603393554688e+00,0.000000000000000000e+00,2.563292121887207031e+01,1.899687385559082031e+01,0.000000000000000000e+00
0.000000000000000000e+00,0.000000000000000000e+00,2.773468017578125000e+00,0.000000000000000000e+00,2.905077552795410156e+01,2.131355285644531250e+01,0.000000000000000000e+00
0.000000000000000000e+00,0.000000000000000000e+00,3.643928527832031250e+00,0.000000000000000000e+00,3.295101165771484375e+01,2.402775573730468750e+01,0.000000000000000000e+00
0.000000000000000000e+00,0.000000000000000000e+00,3.228276014328002930e+00,0.000000000000000000e+00,3.083915519714355469e+01,2.275811195373535156e+01,0.000000000000000000e+00
0.000000000000000000e+00,0.000000000000000000e+00,3.355627059936523438e+00,0.000000000000000000e+00,3.060746192932128906e+01,2.249897956848144531e+01,0.000000000000000000e+00
0.000000000000000000e+00,0.000000000000000000e+00,2.204252719879150391e+00,0.000000000000000000e+00,2.476780700683593750e+01,1.879342079162597656e+01,0.000000000000000000e+00
0.000000000000000000e+00,0.000000000000000000e+00,2.617719173431396484e+00,0.000000000000000000e+00,2.626702499389648438e+01,1.952684211730957031e+01,0.000000000000000000e+00
0.000000000000000000e+00,0.000000000000000000e+00,2.729602813720703125e+00,0.000000000000000000e+00,2.877139472961425781e+01,2.151632118225097656e+01,0.000000000000000000e+00
0.000000000000000000e+00,0.000000000000000000e+00,2.273819923400878906e+00,0.000000000000000000e+00,2.805411720275878906e+01,2.124468612670898438e+01,0.000000000000000000e+00
0.000000000000000000e+00,0.000000000000000000e+00,3.117609739303588867e+00,0.000000000000000000e+00,2.661868095397949219e+01,1.935379791259765625e+01,0.000000000000000000e+00
0.000000000000000000e+00,0.000000000000000000e+00,1.462276339530944824e+00,0.000000000000000000e+00,2.079961585998535156e+01,1.558617591857910156e+01,0.000000000000000000e+00
0.000000000000000000e+00,0.000000000000000000e+00,1.274156928062438965e+00,0.000000000000000000e+00,2.588845252990722656e+01,1.967184257507324219e+01,0.000000000000000000e+00
0.000000000000000000e+00,0.000000000000000000e+00,1.016834259033203125e+00,0.000000000000000000e+00,2.181126594543457031e+01,1.575484085083007812e+01,0.000000000000000000e+00
0.000000000000000000e+00,0.000000000000000000e+00,5.577245354652404785e-01,0.000000000000000000e+00,2.462395668029785156e+01,1.862574005126953125e+01,0.000000000000000000e+00
0.000000000000000000e+00,0.000000000000000000e+00,2.060480117797851562e-01,0.000000000000000000e+00,1.826904869079589844e+01,1.380962753295898438e+01,0.000000000000000000e+00
0.000000000000000000e+00,0.000000000000000000e+00,4.518901109695434570e-01,0.000000000000000000e+00,2.945716667175292969e+01,2.195816993713378906e+01,0.000000000000000000e+00
0.000000000000000000e+00,0.000000000000000000e+00,3.700244128704071045e-01,0.000000000000000000e+00,3.256603622436523438e+01,2.412802314758300781e+01,0.000000000000000000e+00
0.000000000000000000e+00,0.000000000000000000e+00,2.292759120464324951e-01,0.000000000000000000e+00,2.966501235961914062e+01,2.161366653442382812e+01,0.000000000000000000e+00
0.000000000000000000e+00,0.000000000000000000e+00,0.000000000000000000e+00,0.000000000000000000e+00,3.388023757934570312e+01,2.509023284912109375e+01,0.000000000000000000e+00
0.000000000000000000e+00,0.000000000000000000e+00,1.295662760734558105e+00,0.000000000000000000e+00,1.921010589599609375e+01,1.339036750793457031e+01,0.000000000000000000e+00
0.000000000000000000e+00,0.000000000000000000e+00,0.000000000000000000e+00,3.117319345474243164e-01,1.645056724548339844e+01,1.229693126678466797e+01,0.000000000000000000e+00
0.000000000000000000e+00,0.000000000000000000e+00,4.339775443077087402e-02,1.301534295082092285e+00,2.406081390380859375e+01,1.798924255371093750e+01,0.000000000000000000e+00
0.000000000000000000e+00,0.000000000000000000e+00,7.601554989814758301e-01,0.000000000000000000e+00,2.395035362243652344e+01,1.833453559875488281e+01,0.000000000000000000e+00
0.000000000000000000e+00,0.000000000000000000e+00,0.000000000000000000e+00,0.000000000000000000e+00,1.484408283233642578e+01,1.039574432373046875e+01,0.000000000000000000e+00
0.000000000000000000e+00,0.000000000000000000e+00,1.159715771675109863e+00,0.000000000000000000e+00,2.424134635925292969e+01,1.822785568237304688e+01,0.000000000000000000e+00
0.000000000000000000e+00,0.000000000000000000e+00,5.340745449066162109e-01,0.000000000000000000e+00,2.432427024841308594e+01,1.791681098937988281e+01,0.000000000000000000e+00
0.000000000000000000e+00,0.000000000000000000e+00,4.887959659099578857e-01,0.000000000000000000e+00,2.140562629699707031e+01,1.609752655029296875e+01,0.000000000000000000e+00
0.000000000000000000e+00,0.000000000000000000e+00,4.806347787380218506e-01,0.000000000000000000e+00,2.287569236755371094e+01,1.738584327697753906e+01,0.000000000000000000e+00
0.000000000000000000e+00,0.000000000000000000e+00,6.832523941993713379e-01,0.000000000000000000e+00,3.234807586669921875e+01,2.449050140380859375e+01,0.000000000000000000e+00
0.000000000000000000e+00,0.000000000000000000e+00,0.000000000000000000e+00,0.000000000000000000e+00,2.623211288452148438e+01,1.930129051208496094e+01,0.000000000000000000e+00
0.000000000000000000e+00,0.000000000000000000e+00,0.000000000000000000e+00,0.000000000000000000e+00,3.548564147949218750e+01,2.604205322265625000e+01,0.000000000000000000e+00
0.000000000000000000e+00,0.000000000000000000e+00,0.000000000000000000e+00,8.537063598632812500e-01,4.537368011474609375e+01,3.289847946166992188e+01,0.000000000000000000e+00
0.000000000000000000e+00,0.000000000000000000e+00,1.013576626777648926e+00,0.000000000000000000e+00,4.037862396240234375e+01,3.018246269226074219e+01,0.000000000000000000e+00
0.000000000000000000e+00,0.000000000000000000e+00,2.689847350120544434e-01,1.283365130424499512e+00,2.291226005554199219e+01,1.684673118591308594e+01,0.000000000000000000e+00
0.000000000000000000e+00,0.000000000000000000e+00,3.281202614307403564e-01,0.000000000000000000e+00,2.342755508422851562e+01,1.815378761291503906e+01,0.000000000000000000e+00
0.000000000000000000e+00,0.000000000000000000e+00,9.905674457550048828e-01,0.000000000000000000e+00,2.863194847106933594e+01,2.250939178466796875e+01,0.000000000000000000e+00
0.000000000000000000e+00,0.000000000000000000e+00,6.332241296768188477e-01,0.000000000000000000e+00,2.488514137268066406e+01,1.806765937805175781e+01,0.000000000000000000e+00
0.000000000000000000e+00,0.000000000000000000e+00,4.053792357444763184e-02,0.000000000000000000e+00,2.944469451904296875e+01,2.139200401306152344e+01,0.000000000000000000e+00
0.000000000000000000e+00,0.000000000000000000e+00,3.917375802993774414e-01,0.000000000000000000e+00,2.801382827758789062e+01,2.198712921142578125e+01,0.000000000000000000e+00
0.000000000000000000e+00,0.000000000000000000e+00,3.620975911617279053e-01,0.000000000000000000e+00,3.292876052856445312e+01,2.436977767944335938e+01,0.000000000000000000e+00
0.000000000000000000e+00,0.000000000000000000e+00,1.322453022003173828e-01,0.000000000000000000e+00,3.305201721191406250e+01,2.476406288146972656e+01,0.000000000000000000e+00
0.000000000000000000e+00,0.000000000000000000e+00,3.955048322677612305e-01,0.000000000000000000e+00,3.680025482177734375e+01,2.745187568664550781e+01,0.000000000000000000e+00
0.000000000000000000e+00,0.000000000000000000e+00,2.440167963504791260e-02,0.000000000000000000e+00,3.068597412109375000e+01,2.210846710205078125e+01,0.000000000000000000e+00
0.000000000000000000e+00,0.000000000000000000e+00,8.627095818519592285e-01,0.000000000000000000e+00,2.114810562133789062e+01,1.573852539062500000e+01,0.000000000000000000e+00
0.000000000000000000e+00,0.000000000000000000e+00,0.000000000000000000e+00,0.000000000000000000e+00,2.674317741394042969e+01,1.961766815185546875e+01,0.000000000000000000e+00
0.000000000000000000e+00,0.000000000000000000e+00,8.978498578071594238e-01,0.000000000000000000e+00,3.008513069152832031e+01,2.323513412475585938e+01,0.000000000000000000e+00
0.000000000000000000e+00,0.000000000000000000e+00,1.154217123985290527e+00,1.006425976753234863e+00,2.706857490539550781e+01,2.047788238525390625e+01,0.000000000000000000e+00
0.000000000000000000e+00,0.000000000000000000e+00,2.411952257156372070e+00,0.000000000000000000e+00,2.296004486083984375e+01,1.759342575073242188e+01,0.000000000000000000e+00
0.000000000000000000e+00,0.000000000000000000e+00,1.879045009613037109e+00,0.000000000000000000e+00,2.260390281677246094e+01,1.808152389526367188e+01,0.000000000000000000e+00
0.000000000000000000e+00,0.000000000000000000e+00,1.020700693130493164e+00,0.000000000000000000e+00,2.691857528686523438e+01,2.028507041931152344e+01,0.000000000000000000e+00
0.000000000000000000e+00,0.000000000000000000e+00,8.713538646697998047e-01,0.000000000000000000e+00,3.113891029357910156e+01,2.295765304565429688e+01,0.000000000000000000e+00
0.000000000000000000e+00,0.000000000000000000e+00,7.319512367248535156e-01,0.000000000000000000e+00,2.337323760986328125e+01,1.795076942443847656e+01,0.000000000000000000e+00
0.000000000000000000e+00,0.000000000000000000e+00,1.290243506431579590e+00,0.000000000000000000e+00,2.746407890319824219e+01,2.081268501281738281e+01,0.000000000000000000e+00
0.000000000000000000e+00,0.000000000000000000e+00,3.163821697235107422e-01,0.000000000000000000e+00,2.503712081909179688e+01,1.918486976623535156e+01,0.000000000000000000e+00
0.000000000000000000e+00,0.000000000000000000e+00,5.468408465385437012e-01,0.000000000000000000e+00,3.065609741210937500e+01,2.285518455505371094e+01,0.000000000000000000e+00
0.000000000000000000e+00,0.000000000000000000e+00,7.485178858041763306e-02,0.000000000000000000e+00,2.989749526977539062e+01,2.262312698364257812e+01,0.000000000000000000e+00
0.000000000000000000e+00,0.000000000000000000e+00,1.273537516593933105e+00,0.000000000000000000e+00,4.512189102172851562e+01,3.359671020507812500e+01,0.000000000000000000e+00
0.000000000000000000e+00,0.000000000000000000e+00,0.000000000000000000e+00,0.000000000000000000e+00,3.004945182800292969e+01,2.213709640502929688e+01,0.000000000000000000e+00
0.000000000000000000e+00,0.000000000000000000e+00,1.296887874603271484e+00,0.000000000000000000e+00,5.049097824096679688e+01,3.641765594482421875e+01,0.000000000000000000e+00
0.000000000000000000e+00,0.000000000000000000e+00,8.418567180633544922e-01,6.717562675476074219e-01,2.770658302307128906e+01,1.990676879882812500e+01,0.000000000000000000e+00
0.000000000000000000e+00,0.000000000000000000e+00,1.506569266319274902e+00,2.077005863189697266e+00,2.150655937194824219e+01,1.621037673950195312e+01,0.000000000000000000e+00
0.000000000000000000e+00,0.000000000000000000e+00,3.212993383407592773e+00,0.000000000000000000e+00,3.168265533447265625e+01,2.456325340270996094e+01,0.000000000000000000e+00
0.000000000000000000e+00,0.000000000000000000e+00,8.542599678039550781e-01,0.000000000000000000e+00,2.668425559997558594e+01,1.997747230529785156e+01,0.000000000000000000e+00
0.000000000000000000e+00,0.000000000000000000e+00,7.283883690834045410e-01,0.000000000000000000e+00,2.862811851501464844e+01,2.147652244567871094e+01,0.000000000000000000e+00
0.000000000000000000e+00,0.000000000000000000e+00,6.841690540313720703e-01,0.000000000000000000e+00,2.610755538940429688e+01,1.934882926940917969e+01,0.000000000000000000e+00
0.000000000000000000e+00,0.000000000000000000e+00,1.008731484413146973e+00,0.000000000000000000e+00,2.843137359619140625e+01,2.135422897338867188e+01,0.000000000000000000e+00
0.000000000000000000e+00,0.000000000000000000e+00,0.000000000000000000e+00,0.000000000000000000e+00,2.003527832031250000e+01,1.392477035522460938e+01,0.000000000000000000e+00
0.000000000000000000e+00,0.000000000000000000e+00,1.320363998413085938e+00,0.000000000000000000e+00,2.084462356567382812e+01,1.563832950592041016e+01,0.000000000000000000e+00
0.000000000000000000e+00,0.000000000000000000e+00,0.000000000000000000e+00,0.000000000000000000e+00,2.067814445495605469e+01,1.467214393615722656e+01,0.000000000000000000e+00
0.000000000000000000e+00,0.000000000000000000e+00,2.099484682083129883e+00,0.000000000000000000e+00,3.535916137695312500e+01,2.862994956970214844e+01,0.000000000000000000e+00
0.000000000000000000e+00,0.000000000000000000e+00,1.241384148597717285e+00,0.000000000000000000e+00,2.602830505371093750e+01,2.056650161743164062e+01,0.000000000000000000e+00
0.000000000000000000e+00,0.000000000000000000e+00,1.901431679725646973e+00,0.000000000000000000e+00,4.490705108642578125e+01,3.490750503540039062e+01,0.000000000000000000e+00
0.000000000000000000e+00,0.000000000000000000e+00,2.121228218078613281e+00,0.000000000000000000e+00,2.502320861816406250e+01,1.935179519653320312e+01,0.000000000000000000e+00
0.000000000000000000e+00,0.000000000000000000e+00,2.564557313919067383e+00,0.000000000000000000e+00,2.771109580993652344e+01,2.101515007019042969e+01,0.000000000000000000e+00
0.000000000000000000e+00,0.000000000000000000e+00,1.560038089752197266e+00,0.000000000000000000e+00,3.015887451171875000e+01,2.307133865356445312e+01,0.000000000000000000e+00
0.000000000000000000e+00,0.000000000000000000e+00,1.184531092643737793e+00,0.000000000000000000e+00,3.867132949829101562e+01,3.012183761596679688e+01,0.000000000000000000e+00
0.000000000000000000e+00,0.000000000000000000e+00,0.000000000000000000e+00,0.000000000000000000e+00,4.511421966552734375e+01,3.211140060424804688e+01,0.000000000000000000e+00
0.000000000000000000e+00,0.000000000000000000e+00,1.139383912086486816e+00,0.000000000000000000e+00,5.036725616455078125e+01,3.730747604370117188e+01,0.000000000000000000e+00
0.000000000000000000e+00,0.000000000000000000e+00,0.000000000000000000e+00,0.000000000000000000e+00,3.626599121093750000e+01,2.594210052490234375e+01,0.000000000000000000e+00
0.000000000000000000e+00,0.000000000000000000e+00,9.974989891052246094e-01,0.000000000000000000e+00,4.219085311889648438e+01,3.216630554199218750e+01,0.000000000000000000e+00
0.000000000000000000e+00,0.000000000000000000e+00,1.029551744461059570e+00,0.000000000000000000e+00,3.305461883544921875e+01,2.483872795104980469e+01,0.000000000000000000e+00
0.000000000000000000e+00,0.000000000000000000e+00,0.000000000000000000e+00,0.000000000000000000e+00,2.995397949218750000e+01,2.200086021423339844e+01,0.000000000000000000e+00
0.000000000000000000e+00,0.000000000000000000e+00,1.085035562515258789e+00,0.000000000000000000e+00,2.665418243408203125e+01,2.017298698425292969e+01,0.000000000000000000e+00
0.000000000000000000e+00,0.000000000000000000e+00,0.000000000000000000e+00,0.000000000000000000e+00,2.036811447143554688e+01,1.511583614349365234e+01,0.000000000000000000e+00
0.000000000000000000e+00,0.000000000000000000e+00,0.000000000000000000e+00,0.000000000000000000e+00,1.925732421875000000e+01,1.407356262207031250e+01,0.000000000000000000e+00
0.000000000000000000e+00,0.000000000000000000e+00,1.530503153800964355e+00,0.000000000000000000e+00,2.129513740539550781e+01,1.530795860290527344e+01,0.000000000000000000e+00
0.000000000000000000e+00,0.000000000000000000e+00,1.511216044425964355e+00,0.000000000000000000e+00,2.154652404785156250e+01,1.631501960754394531e+01,0.000000000000000000e+00
0.000000000000000000e+00,0.000000000000000000e+00,2.340290784835815430e+00,0.000000000000000000e+00,2.866951370239257812e+01,2.144358062744140625e+01,0.000000000000000000e+00
0.000000000000000000e+00,0.000000000000000000e+00,3.278843164443969727e+00,0.000000000000000000e+00,3.043464660644531250e+01,2.200600814819335938e+01,0.000000000000000000e+00
0.000000000000000000e+00,0.000000000000000000e+00,3.550361633300781250e+00,0.000000000000000000e+00,3.278381347656250000e+01,2.364755439758300781e+01,0.000000000000000000e+00
0.000000000000000000e+00,0.000000000000000000e+00,1.844601511955261230e+00,0.000000000000000000e+00,2.383463478088378906e+01,1.792028808593750000e+01,0.000000000000000000e+00
0.000000000000000000e+00,0.000000000000000000e+00,2.169934272766113281e+00,0.000000000000000000e+00,2.472935676574707031e+01,1.840215873718261719e+01,0.000000000000000000e+00
0.000000000000000000e+00,0.000000000000000000e+00,3.329204082489013672e+00,0.000000000000000000e+00,3.029617309570312500e+01,2.216626930236816406e+01,0.000000000000000000e+00
0.000000000000000000e+00,0.000000000000000000e+00,2.733381509780883789e+00,0.000000000000000000e+00,2.789968681335449219e+01,2.059694862365722656e+01,0.000000000000000000e+00
0.000000000000000000e+00,0.000000000000000000e+00,2.131057739257812500e+00,0.000000000000000000e+00,2.498291969299316406e+01,1.855077743530273438e+01,0.000000000000000000e+00
0.000000000000000000e+00,0.000000000000000000e+00,3.001019239425659180e+00,0.000000000000000000e+00,2.968788909912109375e+01,2.210883903503417969e+01,0.000000000000000000e+00
0.000000000000000000e+00,0.000000000000000000e+00,2.770669460296630859e+00,0.000000000000000000e+00,2.741910552978515625e+01,2.040965461730957031e+01,0.000000000000000000e+00
0.000000000000000000e+00,0.000000000000000000e+00,7.455812692642211914e-01,0.000000000000000000e+00,1.918805503845214844e+01,1.437153530120849609e+01,0.000000000000000000e+00
0.000000000000000000e+00,0.000000000000000000e+00,0.000000000000000000e+00,0.000000000000000000e+00,4.445999145507812500e+01,3.441036224365234375e+01,0.000000000000000000e+00
0.000000000000000000e+00,0.000000000000000000e+00,1.354238986968994141e+00,0.000000000000000000e+00,6.336841583251953125e+01,4.942042160034179688e+01,0.000000000000000000e+00
0.000000000000000000e+00,0.000000000000000000e+00,0.000000000000000000e+00,2.493273913860321045e-01,4.760205459594726562e+01,3.863993835449218750e+01,0.000000000000000000e+00
0.000000000000000000e+00,0.000000000000000000e+00,2.173370838165283203e+00,0.000000000000000000e+00,2.492605209350585938e+01,1.811967658996582031e+01,0.000000000000000000e+00
0.000000000000000000e+00,0.000000000000000000e+00,3.552792310714721680e+00,0.000000000000000000e+00,3.332856750488281250e+01,2.448264884948730469e+01,0.000000000000000000e+00
0.000000000000000000e+00,0.000000000000000000e+00,4.019445896148681641e+00,0.000000000000000000e+00,3.269273376464843750e+01,2.405649185180664062e+01,0.000000000000000000e+00
0.000000000000000000e+00,0.000000000000000000e+00,2.593441247940063477e+00,0.000000000000000000e+00,2.885750770568847656e+01,2.160594940185546875e+01,0.000000000000000000e+00
0.000000000000000000e+00,0.000000000000000000e+00,2.856946945190429688e+00,0.000000000000000000e+00,2.806393814086914062e+01,2.087750816345214844e+01,0.000000000000000000e+00
0.000000000000000000e+00,0.000000000000000000e+00,1.992129325866699219e+00,0.000000000000000000e+00,2.517162322998046875e+01,1.905763053894042969e+01,0.000000000000000000e+00
0.000000000000000000e+00,0.000000000000000000e+00,1.823192119598388672e+00,0.000000000000000000e+00,2.388691520690917969e+01,1.826725578308105469e+01,0.000000000000000000e+00
0.000000000000000000e+00,0.000000000000000000e+00,3.317493200302124023e+00,0.000000000000000000e+00,2.968371009826660156e+01,2.165879440307617188e+01,0.000000000000000000e+00
0.000000000000000000e+00,0.000000000000000000e+00,2.953845262527465820e+00,0.000000000000000000e+00,2.839211654663085938e+01,2.090059661865234375e+01,0.000000000000000000e+00
0.000000000000000000e+00,0.000000000000000000e+00,1.492849111557006836e+00,0.000000000000000000e+00,2.345873260498046875e+01,1.761557769775390625e+01,0.000000000000000000e+00
0.000000000000000000e+00,0.000000000000000000e+00,1.274156689643859863e+00,0.000000000000000000e+00,2.024174880981445312e+01,1.471572303771972656e+01,0.000000000000000000e+00
0.000000000000000000e+00,0.000000000000000000e+00,4.019286334514617920e-01,0.000000000000000000e+00,1.671109771728515625e+01,1.214961910247802734e+01,0.000000000000000000e+00
0.000000000000000000e+00,0.000000000000000000e+00,9.396135807037353516e-01,0.000000000000000000e+00,3.031692314147949219e+01,2.342022323608398438e+01,0.000000000000000000e+00
0.000000000000000000e+00,0.000000000000000000e+00,4.200764000415802002e-01,0.000000000000000000e+00,2.913217926025390625e+01,2.197284507751464844e+01,0.000000000000000000e+00
0.000000000000000000e+00,0.000000000000000000e+00,1.035027265548706055e+00,0.000000000000000000e+00,3.609793090820312500e+01,2.706985473632812500e+01,0.000000000000000000e+00
0.000000000000000000e+00,0.000000000000000000e+00,5.791756510734558105e-01,0.000000000000000000e+00,3.255714797973632812e+01,2.439035224914550781e+01,0.000000000000000000e+00
0.000000000000000000e+00,0.000000000000000000e+00,2.843595445156097412e-01,0.000000000000000000e+00,3.967221450805664062e+01,2.916220283508300781e+01,0.000000000000000000e+00
0.000000000000000000e+00,0.000000000000000000e+00,0.000000000000000000e+00,0.000000000000000000e+00,3.749270248413085938e+01,2.739201927185058594e+01,0.000000000000000000e+00
0.000000000000000000e+00,0.000000000000000000e+00,5.035053491592407227e-01,0.000000000000000000e+00,3.840232467651367188e+01,2.728934860229492188e+01,0.000000000000000000e+00
0.000000000000000000e+00,0.000000000000000000e+00,1.115150332450866699e+00,0.000000000000000000e+00,2.657354927062988281e+01,2.051344871520996094e+01,0.000000000000000000e+00
0.000000000000000000e+00,0.000000000000000000e+00,0.000000000000000000e+00,0.000000000000000000e+00,1.961948966979980469e+01,1.475593185424804688e+01,0.000000000000000000e+00
0.000000000000000000e+00,0.000000000000000000e+00,5.346617698669433594e-01,1.059708833694458008e+00,2.500296783447265625e+01,1.900162506103515625e+01,0.000000000000000000e+00
0.000000000000000000e+00,0.000000000000000000e+00,1.464033603668212891e+00,0.000000000000000000e+00,1.626529312133789062e+01,1.272022819519042969e+01,0.000000000000000000e+00
0.000000000000000000e+00,0.000000000000000000e+00,8.441832661628723145e-01,0.000000000000000000e+00,2.260783004760742188e+01,1.756611251831054688e+01,0.000000000000000000e+00
0.000000000000000000e+00,0.000000000000000000e+00,1.279884576797485352e-01,0.000000000000000000e+00,2.548615455627441406e+01,1.902326583862304688e+01,0.000000000000000000e+00
0.000000000000000000e+00,0.000000000000000000e+00,8.545230031013488770e-01,0.000000000000000000e+00,4.342648315429687500e+01,3.345913696289062500e+01,0.000000000000000000e+00
0.000000000000000000e+00,0.000000000000000000e+00,0.000000000000000000e+00,0.000000000000000000e+00,3.588182449340820312e+01,2.692840194702148438e+01,0.000000000000000000e+00
0.000000000000000000e+00,0.000000000000000000e+00,6.215915828943252563e-02,0.000000000000000000e+00,3.870322418212890625e+01,2.834893798828125000e+01,0.000000000000000000e+00
0.000000000000000000e+00,0.000000000000000000e+00,0.000000000000000000e+00,0.000000000000000000e+00,3.316676330566406250e+01,2.426260375976562500e+01,0.000000000000000000e+00
0.000000000000000000e+00,0.000000000000000000e+00,8.776783943176269531e-01,0.000000000000000000e+00,3.274049377441406250e+01,2.474904251098632812e+01,0.000000000000000000e+00
0.000000000000000000e+00,0.000000000000000000e+00,1.013903379440307617e+00,0.000000000000000000e+00,3.433394241333007812e+01,2.606733131408691406e+01,0.000000000000000000e+00
0.000000000000000000e+00,0.000000000000000000e+00,1.200855746865272522e-01,0.000000000000000000e+00,2.399609756469726562e+01,1.752221679687500000e+01,0.000000000000000000e+00
0.000000000000000000e+00,0.000000000000000000e+00,0.000000000000000000e+00,0.000000000000000000e+00,2.231922340393066406e+01,1.611840820312500000e+01,0.000000000000000000e+00
0.000000000000000000e+00,0.000000000000000000e+00,0.000000000000000000e+00,1.199478387832641602e+00,2.076591110229492188e+01,1.635505104064941406e+01,0.000000000000000000e+00
0.000000000000000000e+00,0.000000000000000000e+00,4.839279949665069580e-01,1.306459188461303711e+00,3.131697463989257812e+01,2.286898231506347656e+01,0.000000000000000000e+00
0.000000000000000000e+00,0.000000000000000000e+00,6.772483587265014648e-01,5.025092363357543945e-01,2.764149665832519531e+01,2.072351455688476562e+01,0.000000000000000000e+00
0.000000000000000000e+00,0.000000000000000000e+00,2.624648094177246094e+00,2.680812478065490723e-01,3.394482421875000000e+01,2.585997390747070312e+01,0.000000000000000000e+00
0.000000000000000000e+00,0.000000000000000000e+00,9.341465830802917480e-01,0.000000000000000000e+00,3.381696701049804688e+01,2.512930297851562500e+01,0.000000000000000000e+00
0.000000000000000000e+00,0.000000000000000000e+00,4.089910387992858887e-01,0.000000000000000000e+00,3.772245788574218750e+01,2.870330810546875000e+01,0.000000000000000000e+00
0.000000000000000000e+00,0.000000000000000000e+00,0.000000000000000000e+00,0.000000000000000000e+00,4.290050125122070312e+01,3.185625267028808594e+01,0.000000000000000000e+00
0.000000000000000000e+00,0.000000000000000000e+00,1.623515725135803223e+00,0.000000000000000000e+00,3.656382369995117188e+01,2.766805839538574219e+01,0.000000000000000000e+00
0.000000000000000000e+00,0.000000000000000000e+00,3.507417440414428711e-01,0.000000000000000000e+00,3.370301055908203125e+01,2.464426422119140625e+01,0.000000000000000000e+00
0.000000000000000000e+00,0.000000000000000000e+00,9.306964278221130371e-01,0.000000000000000000e+00,3.284056091308593750e+01,2.418708801269531250e+01,0.000000000000000000e+00
0.000000000000000000e+00,0.000000000000000000e+00,8.656980991363525391e-01,0.000000000000000000e+00,2.730436706542968750e+01,2.031887245178222656e+01,0.000000000000000000e+00
0.000000000000000000e+00,0.000000000000000000e+00,0.000000000000000000e+00,0.000000000000000000e+00,2.445544433593750000e+01,1.896252441406250000e+01,0.000000000000000000e+00
0.000000000000000000e+00,0.000000000000000000e+00,6.579102575778961182e-02,0.000000000000000000e+00,2.552144241333007812e+01,1.941502952575683594e+01,0.000000000000000000e+00
0.000000000000000000e+00,0.000000000000000000e+00,0.000000000000000000e+00,4.696443080902099609e-01,2.328414916992187500e+01,1.764238357543945312e+01,0.000000000000000000e+00
0.000000000000000000e+00,0.000000000000000000e+00,5.926240086555480957e-01,5.980873107910156250e-01,3.162233734130859375e+01,2.351985549926757812e+01,0.000000000000000000e+00
0.000000000000000000e+00,0.000000000000000000e+00,7.986829280853271484e-01,0.000000000000000000e+00,1.980494308471679688e+01,1.473000049591064453e+01,0.000000000000000000e+00
0.000000000000000000e+00,0.000000000000000000e+00,3.644178211688995361e-01,0.000000000000000000e+00,2.622710990905761719e+01,1.996902656555175781e+01,0.000000000000000000e+00
0.000000000000000000e+00,0.000000000000000000e+00,4.707648456096649170e-01,0.000000000000000000e+00,2.656244659423828125e+01,1.971632957458496094e+01,0.000000000000000000e+00
0.000000000000000000e+00,0.000000000000000000e+00,0.000000000000000000e+00,0.000000000000000000e+00,3.481708145141601562e+01,2.608257102966308594e+01,0.000000000000000000e+00
0.000000000000000000e+00,0.000000000000000000e+00,0.000000000000000000e+00,0.000000000000000000e+00,3.665036773681640625e+01,2.667348670959472656e+01,0.000000000000000000e+00
0.000000000000000000e+00,0.000000000000000000e+00,7.557466626167297363e-01,0.000000000000000000e+00,4.015950393676757812e+01,2.985390281677246094e+01,0.000000000000000000e+00
0.000000000000000000e+00,0.000000000000000000e+00,5.452652573585510254e-01,0.000000000000000000e+00,3.319977188110351562e+01,2.476799011230468750e+01,0.000000000000000000e+00
0.000000000000000000e+00,0.000000000000000000e+00,0.000000000000000000e+00,0.000000000000000000e+00,2.244819641113281250e+01,1.631873703002929688e+01,0.000000000000000000e+00
0.000000000000000000e+00,0.000000000000000000e+00,0.000000000000000000e+00,0.000000000000000000e+00,2.735450744628906250e+01,1.959819793701171875e+01,0.000000000000000000e+00
0.000000000000000000e+00,0.000000000000000000e+00,0.000000000000000000e+00,0.000000000000000000e+00,2.758545303344726562e+01,1.960727119445800781e+01,0.000000000000000000e+00
0.000000000000000000e+00,0.000000000000000000e+00,2.422354221343994141e-01,0.000000000000000000e+00,2.479674339294433594e+01,1.868879890441894531e+01,0.000000000000000000e+00
0.000000000000000000e+00,0.000000000000000000e+00,0.000000000000000000e+00,5.283581018447875977e-01,3.541651535034179688e+01,2.677014160156250000e+01,0.000000000000000000e+00
0.000000000000000000e+00,0.000000000000000000e+00,7.957814931869506836e-01,1.708172440528869629e+00,3.887899017333984375e+01,2.902559089660644531e+01,0.000000000000000000e+00
0.000000000000000000e+00,0.000000000000000000e+00,1.444298267364501953e+00,2.336512804031372070e+00,3.034316635131835938e+01,2.160843276977539062e+01,0.000000000000000000e+00
0.000000000000000000e+00,0.000000000000000000e+00,2.067539691925048828e+00,0.000000000000000000e+00,3.581346130371093750e+01,2.675304412841796875e+01,0.000000000000000000e+00
0.000000000000000000e+00,0.000000000000000000e+00,1.095409274101257324e+00,0.000000000000000000e+00,3.291613769531250000e+01,2.473582077026367188e+01,0.000000000000000000e+00
0.000000000000000000e+00,0.000000000000000000e+00,1.990453600883483887e-01,0.000000000000000000e+00,3.925903701782226562e+01,2.883465003967285156e+01,0.000000000000000000e+00
0.000000000000000000e+00,0.000000000000000000e+00,5.157834291458129883e-01,0.000000000000000000e+00,4.004903411865234375e+01,2.912098312377929688e+01,0.000000000000000000e+00
0.000000000000000000e+00,0.000000000000000000e+00,0.000000000000000000e+00,0.000000000000000000e+00,2.903572463989257812e+01,2.147953224182128906e+01,0.000000000000000000e+00
0.000000000000000000e+00,0.000000000000000000e+00,0.000000000000000000e+00,0.000000000000000000e+00,2.310860633850097656e+01,1.607164764404296875e+01,0.000000000000000000e+00
0.000000000000000000e+00,0.000000000000000000e+00,0.000000000000000000e+00,0.000000000000000000e+00,1.945349693298339844e+01,1.452850532531738281e+01,0.000000000000000000e+00
0.000000000000000000e+00,0.000000000000000000e+00,4.594721198081970215e-01,0.000000000000000000e+00,3.496517181396484375e+01,2.558118820190429688e+01,0.000000000000000000e+00
0.000000000000000000e+00,0.000000000000000000e+00,2.459274828433990479e-01,0.000000000000000000e+00,2.982243919372558594e+01,2.219291877746582031e+01,0.000000000000000000e+00
0.000000000000000000e+00,0.000000000000000000e+00,0.000000000000000000e+00,0.000000000000000000e+00,2.961716842651367188e+01,2.110364341735839844e+01,0.000000000000000000e+00
0.000000000000000000e+00,0.000000000000000000e+00,0.000000000000000000e+00,2.584743499755859375e+00,3.666134262084960938e+01,2.675618553161621094e+01,0.000000000000000000e+00
0.000000000000000000e+00,0.000000000000000000e+00,8.887240886688232422e-01,7.993429899215698242e-01,3.381448745727539062e+01,2.517627525329589844e+01,0.000000000000000000e+00
0.000000000000000000e+00,0.000000000000000000e+00,9.032270312309265137e-01,0.000000000000000000e+00,2.212912559509277344e+01,1.728373908996582031e+01,0.000000000000000000e+00
0.000000000000000000e+00,0.000000000000000000e+00,0.000000000000000000e+00,0.000000000000000000e+00,2.040604400634765625e+01,1.500381851196289062e+01,0.000000000000000000e+00
0.000000000000000000e+00,0.000000000000000000e+00,1.871418654918670654e-01,0.000000000000000000e+00,2.047207832336425781e+01,1.565011501312255859e+01,0.000000000000000000e+00
0.000000000000000000e+00,0.000000000000000000e+00,0.000000000000000000e+00,0.000000000000000000e+00,1.856743621826171875e+01,1.342779922485351562e+01,0.000000000000000000e+00
0.000000000000000000e+00,0.000000000000000000e+00,7.308538556098937988e-01,0.000000000000000000e+00,2.557658195495605469e+01,1.874849128723144531e+01,0.000000000000000000e+00
0.000000000000000000e+00,0.000000000000000000e+00,0.000000000000000000e+00,0.000000000000000000e+00,2.353504753112792969e+01,1.719256019592285156e+01,0.000000000000000000e+00
0.000000000000000000e+00,0.000000000000000000e+00,1.224137663841247559e+00,0.000000000000000000e+00,3.062458038330078125e+01,2.304312133789062500e+01,0.000000000000000000e+00
0.000000000000000000e+00,0.000000000000000000e+00,2.005955278873443604e-01,0.000000000000000000e+00,2.348866462707519531e+01,1.767107772827148438e+01,0.000000000000000000e+00
0.000000000000000000e+00,0.000000000000000000e+00,1.560793995857238770e+00,0.000000000000000000e+00,3.931664657592773438e+01,2.987882804870605469e+01,0.000000000000000000e+00
0.000000000000000000e+00,0.000000000000000000e+00,0.000000000000000000e+00,0.000000000000000000e+00,2.540392684936523438e+01,1.940209579467773438e+01,0.000000000000000000e+00
0.000000000000000000e+00,0.000000000000000000e+00,7.942883968353271484e-01,0.000000000000000000e+00,3.246833801269531250e+01,2.524662399291992188e+01,0.000000000000000000e+00
0.000000000000000000e+00,0.000000000000000000e+00,6.048637628555297852e-01,0.000000000000000000e+00,2.034768104553222656e+01,1.530162334442138672e+01,0.000000000000000000e+00
0.000000000000000000e+00,0.000000000000000000e+00,1.061817288398742676e+00,0.000000000000000000e+00,2.157573699951171875e+01,1.667838668823242188e+01,0.000000000000000000e+00
0.000000000000000000e+00,0.000000000000000000e+00,2.963102817535400391e+00,0.000000000000000000e+00,2.890115928649902344e+01,2.132832336425781250e+01,0.000000000000000000e+00
0.000000000000000000e+00,0.000000000000000000e+00,2.616410255432128906e+00,0.000000000000000000e+00,2.778374862670898438e+01,2.068466758728027344e+01,0.000000000000000000e+00
0.000000000000000000e+00,0.000000000000000000e+00,2.250829458236694336e+00,0.000000000000000000e+00,2.739540863037109375e+01,2.056929779052734375e+01,0.000000000000000000e+00
0.000000000000000000e+00,0.000000000000000000e+00,2.329690694808959961e+00,0.000000000000000000e+00,2.568840980529785156e+01,1.906926155090332031e+01,0.000000000000000000e+00
0.000000000000000000e+00,0.000000000000000000e+00,2.313929080963134766e+00,0.000000000000000000e+00,2.608348655700683594e+01,1.949336624145507812e+01,0.000000000000000000e+00
0.000000000000000000e+00,0.000000000000000000e+00,2.003972530364990234e+00,0.000000000000000000e+00,2.462001800537109375e+01,1.838821601867675781e+01,0.000000000000000000e+00
0.000000000000000000e+00,0.000000000000000000e+00,2.449521064758300781e+00,0.000000000000000000e+00,2.894811248779296875e+01,2.174059295654296875e+01,0.000000000000000000e+00
0.000000000000000000e+00,0.000000000000000000e+00,1.954101085662841797e+00,0.000000000000000000e+00,2.347670745849609375e+01,1.732731056213378906e+01,0.000000000000000000e+00
0.000000000000000000e+00,0.000000000000000000e+00,2.483910322189331055e+00,0.000000000000000000e+00,2.788346672058105469e+01,2.082076072692871094e+01,0.000000000000000000e+00
0.000000000000000000e+00,0.000000000000000000e+00,2.003704547882080078e+00,0.000000000000000000e+00,2.429578018188476562e+01,1.800444602966308594e+01,0.000000000000000000e+00
0.000000000000000000e+00,0.000000000000000000e+00,2.082961320877075195e+00,0.000000000000000000e+00,2.390409469604492188e+01,1.771872138977050781e+01,0.000000000000000000e+00
0.000000000000000000e+00,0.000000000000000000e+00,1.176599979400634766e+00,0.000000000000000000e+00,2.248415756225585938e+01,1.698228836059570312e+01,0.000000000000000000e+00
