IQR_z,IQR_y,IQR_x,AutoCor_x,AutoCor_y,AutoCor_z,PartAutoCor_y,PartAutoCor_z,PartAutoCor_x,mean_y,mean_z,mean_x,energy_z,energy_y,energy_x,entropy_y,entropy_z,entropy_x,median_x,median_y,median_z,variance_x,variance_z,variance_y,stdDev_x,stdDev_y,stdDev_z,ar_z2,ar_y1,ar_x2,ar_x3,ar_z3,ar_y2,ar_z1,ar_x1,ar_y3,wtSumApr_y,squaredwtSumApr_x,squaredwtSumApr_z,enApprx,wtSumDet_x,enDetx,squaredwtSumDet_z,enratioz,enApprz,squaredwtSumDet_y,enDety,enratioy,wtSumDet_y,wtSumApr_x,wtSumApr_z,enDetz,wtSumDet_z,enratiox,enAppry,squaredwtSumDet_x,squaredwtSumApr_y,user
-5.333333333333329,-5.333333333333336,-8.0,0.8768036729339743,0.7820116328448633,0.612195508458456,0.8707605573875118,0.7693194266784743,0.6069824418129856,19.04,-37.839999999999996,-993.9999999999999,956800.9644444442,1032551.2755555557,1032551.2755555557,3.911851362715234,3.911900017525118,3.911900017525118,18.666666666666668,-37.333333333333336,-994.6666666666665,27.286349206349204,22.123537414966005,44.42630385487531,5.223633716709969,4.703566456952214,6.665305983589598,1.4409146312096413,-0.515610933488438,0.06375336670087339,1.543362009097895,-0.8374784640781214,0.28865974954493023,1.2119032150678637,-0.4299110326775093,0.21787829460956942,-1.8856180831641263,-0.9428090415820485,-23.57022603955204,673.1656556895933,-1337.8460300049483,-35143.207024971416,3.555555555555554,0.8888888888888609,555.555555555577,453152.0000000001,1789832.000000001,1235045000.0000002,2.030872828230376,27.82804340948174,0.07297936108358967,2.270584848790188,53.869636881807345,0.04214962231455103,4.048593720183743,1405.753422348473,0.0028800169758221904,41
-7.999999999999993,-5.333333333333343,-15.333333333333371,0.8411161759083292,0.6621705083587662,0.5890594381806188,0.8309247311827958,0.6568144690781802,0.5731980425036802,18.4,-42.026666666666664,-996.106666666667,953985.3555555557,1036259.9155555558,1036259.9155555558,3.9118521548960667,3.911786865497682,3.911786865497682,18.666666666666668,-42.66666666666666,-994.6666666666665,33.74149659863945,19.89950113378684,84.81378684807272,5.808743116943583,4.460885689388021,9.209440094168198,1.3222306289918195,-0.364651154835257,0.010184343017663411,1.141221171240302,-0.28152986814552317,0.14256815716351523,1.306974058962556,-0.5863938357440048,0.2795584586801123,5.6568542494923735,-2.4868995751603507e-14,24.51303508113449,650.5382386916237,-1485.867049533332,-35217.6889392564,31.999999999999925,6.184669496932733e-28,600.8888888889302,423200.00000000006,2207800.888888889,1240285614.2222223,2.1664102412362563,27.17646040234085,0.07971642403620936,2.3851391759997753,59.71428267638786,0.03994252411815212,5.129435749779023,1408.7572206262748,0.003641106980448121,41
-5.333333333333329,-7.999999999999993,-14.666666666666629,0.7759242343714464,0.8323356299430265,0.712071753740271,0.7673266643670232,0.8211599005799503,0.709756310649319,18.773333333333326,-39.35999999999999,-994.6133333333332,955603.0266666668,1033572.9822222224,1033572.9822222224,3.9117383299314095,3.9117649595180297,3.9117649595180297,18.666666666666668,-40.0,-997.3333333333335,33.657324263038554,28.026485260770986,93.02204081632632,5.80149327872045,5.2940046525074935,9.644793456384969,1.7018628795449913,-1.1783482745256102,0.46526130463360094,1.159810630702998,-0.16665900064560724,0.0057759691417271775,1.3859998606052404,-0.6347357454397695,0.24891975986070314,-7.542472332656496,3.7712361663282756,1.8856180831633083,663.7375652737727,-1391.5861453751252,-35164.8916329278,56.88888888888873,14.22222222222239,3.555555555552469,440547.5555555557,1936511.999999999,1236569603.5555556,2.969474326842678,27.60483049516274,0.10757082269941944,2.3851391759997758,56.104030356314176,0.04251279562006266,5.656854249492349,1406.6490994163714,0.004021510589840364,41
-5.333333333333332,-7.3333333333333215,-7.333333333333371,0.7685343268368952,0.8395808050447914,0.5460153107933838,0.7634046789447485,0.8163168404703792,0.5324825244657432,21.760000000000005,-38.56,-993.4400000000006,949001.035555556,1037081.5688888893,1037081.5688888893,3.911830952843183,3.9118684649616307,3.9118684649616307,21.33333333333333,-40.0,-994.6666666666665,23.32444444444445,39.244625850340164,43.59836734693837,4.829538740339956,6.2645531245524735,6.60290597744193,1.5943220386464345,-0.9081730390355709,0.30644537593331633,1.3644269387986523,-0.351749304583086,-0.016035944015645398,1.0819174780899683,-0.2563350056417306,0.174468328494072,-3.771236166328256,1.8856180831641378,35.82674358011923,769.3321779309638,-1363.301874127664,-35123.4080350982,14.222222222222243,3.5555555555555975,1283.5555555556143,591872.0000000001,1858592.000000001,1233653792.0000005,2.5015550719058295,31.40785464391564,0.07964743533956825,2.0997354330698172,55.1929141989964,0.038043568880948814,4.316377081663658,1404.960102240946,0.0030722417489143857,41
-7.999999999999993,-2.666666666666657,-8.0,0.734429327297181,0.5848554318412476,0.477103990897404,0.677749077490775,0.5644964871194378,0.46903951010821,17.919999999999998,-41.17333333333333,-995.8933333333334,956169.142222222,1034625.9244444446,1034625.9244444446,3.911863807611824,3.9119350482325834,3.9119350482325834,18.666666666666668,-40.0,-997.3333333333335,18.877823129251695,9.91492063492064,34.600634920634704,4.344861692764419,3.1487966963461833,5.882230437566578,1.4073671809211774,-0.7213154594386991,0.3194698638055631,0.9622123352123998,0.05503804874705831,-0.016703589674524677,0.9245680776722409,-0.0357320595549524,0.11100153204203167,-3.7712361663282508,3.7712361663282437,-35.826743580118205,633.5676759431467,-1455.6971602027058,-35210.14646692373,14.222222222222202,14.222222222222149,1283.5555555555409,401408.0000000001,2119054.222222222,1239754414.2222219,2.2627416997969516,25.96407774856125,0.08714893406611898,1.9229606802474608,58.36284967530478,0.032948368541728834,4.316377081663623,1408.4233202020228,0.003064687313644087,41
-5.333333333333332,-7.333333333333343,-8.0,0.7745098039215689,0.7362489461941738,0.5820841653654242,0.7743618898255246,0.7347570105316582,0.5434577603143401,21.706666666666663,-41.97333333333333,-996.5333333333335,948468.1644444446,1043751.648888889,1043751.648888889,3.911859105383224,3.911962032842529,3.911962032842529,21.33333333333333,-41.33333333333333,-997.3333333333335,14.805623582766437,22.87455782312924,36.93424036281168,3.847807633285016,4.782735391293276,6.0773547175404925,1.3005116071528269,-0.5968790711977348,0.29415973523492633,1.3967250227997294,-0.7256402408692866,0.32333808939122655,1.1018570425708845,0.02611529736171736,-0.12771061928160066,9.428090415820614,-13.199326582148867,-9.428090415821089,767.4465598477996,-1483.9814314501677,-35232.77388392172,88.88888888888853,174.2222222222217,88.88888888889747,588974.2222222222,2202200.888888889,1241348355.5555563,1.808621328833405,31.114412523245026,0.05812808863038041,2.472964932132189,59.684503851502356,0.04143395307909459,3.265986323710912,1409.3328539891963,0.002317398841917545,41
-5.333333333333332,-8.000000000000007,-13.33333333333303,0.8832976529686899,0.7324951863140727,0.7015865851906485,0.8817380727125287,0.7270144074035128,0.6899822935110921,21.439999999999994,-41.54666666666666,-996.5866666666666,950005.0888888888,1043455.5422222222,1043455.5422222222,3.9116867381651454,3.911560319467414,3.911560319467414,22.666666666666664,-40.0,-997.3333333333335,85.90222222222226,27.599818594104327,111.46739229024969,9.268345171724144,5.253552949586054,10.557811908262511,1.8111967305449155,-1.273066728240985,0.4419851236562601,1.668585449845141,-1.1610372496882104,0.48927510501755317,1.0688593171325174,-0.15612767647469994,0.08692298039858048,7.542472332656503,9.428090415820613,11.31370849898417,758.018469431979,-1468.8964867848547,-35234.65950200487,56.888888888888836,88.88888888888849,127.99999999998663,574592.0000000001,2157656.888888889,1241481230.222222,3.10984101058416,32.833587139458956,0.09471523770385709,2.7455013709298663,59.15073024814563,0.046415341947801864,5.890859209166555,1409.451574983058,0.004179539981171304,41
-8.000000000000004,-10.000000000000007,-10.666666666666515,0.8590418681533745,0.802161097049947,0.6537440711894121,0.8206806028196403,0.7705564830272678,0.6346921345721022,23.359999999999996,-40.96000000000001,-995.2533333333333,944735.257777778,1044457.3200000002,1044457.3200000002,3.9118518908166235,3.911775531385974,3.911775531385974,21.33333333333333,-40.0,-994.6666666666665,47.76344671201818,41.72625850340141,50.297324263039116,6.911110381987701,6.459586558240505,7.092060649983129,1.374844962932813,-0.5628093956822021,0.15037968025783005,1.7225917891303815,-1.0742243599039523,0.34673796052267897,1.1554053115367413,-0.28128725838499236,0.125491764188693,3.7712361663282454,-7.542472332656505,-35.82674358011923,825.9007204258876,-1448.1546878700494,-35187.51904992577,14.222222222222161,56.888888888888864,1283.5555555556143,682112.0000000001,2097152.0000000005,1238161496.8888893,2.7194770739161527,34.31617694324355,0.07924767022894098,2.719477073916153,58.56475997655169,0.04643538324079163,4.931531202375209,1407.527142820975,0.0035036846198869044,41
-4.666666666666661,-6.666666666666657,-7.333333333333371,0.7480463840231947,0.7022392622766533,0.549277266754266,0.713529751588677,0.6234953577280175,0.5399240986717223,20.05333333333333,-38.72,-994.0799999999997,953278.4755555555,1034893.5155555558,1034893.5155555558,3.911804811535779,3.9119236400055204,3.9119236400055204,18.666666666666668,-40.0,-994.6666666666665,20.09687074829931,21.25786848072563,41.299591836734706,4.482953351117911,4.610625606219359,6.426475848918652,1.230355423600999,-0.03969703149677156,-0.1944875905277291,1.143071111082633,-0.05868671397455616,-0.09020003414070366,1.325865726529761,-0.7924410599861709,0.4668493330871275,3.771236166328263,-22.627416997969505,13.199326582150093,708.9923992697117,-1368.958728377156,-35146.03545209616,14.222222222222296,511.99999999999926,174.22222222225406,502670.22222222225,1874047.9999999998,1235243808.0000002,2.50155507190583,28.93794126133448,0.0864455093510156,2.324746103221692,55.08845412405197,0.04220024214124195,3.9372861493956024,1405.864693979395,0.00280061528414292,41
-13.333333333333329,-5.3333333333333215,-10.000000000000227,0.8995002983293557,0.8302990070916346,0.6182371799455825,0.8939831493317838,0.7949410840534173,0.5931632023050019,23.573333333333334,-39.786666666666655,-997.7600000000001,951539.7022222221,1049864.6800000002,1049864.6800000002,3.911740092303502,3.9116587579771824,3.9116587579771824,18.666666666666668,-37.333333333333336,-997.3333333333335,79.92308390022674,29.5590022675737,56.41287981859449,8.93997113531284,5.436819131401531,7.510850805241341,1.604807473394494,-0.7189664244767586,0.0955367860107208,1.4697928239126445,-0.7749862080394873,0.30566200757980033,1.164796876040728,-0.3146690512886394,0.15002734042276877,-3.552713678800501e-15,11.313708498984731,-5.684341886080801e-13,833.4431927585441,-1406.671090040439,-35276.14309983449,1.262177448353619e-29,127.99999999999933,3.2311742677852644e-25,694627.5555555557,1978723.5555555567,1244406272.0000002,2.666666666666666,35.509748270330256,0.0750967493874004,2.1333333333333333,56.739247635320496,0.03759890062421838,4.29987079909256,1411.0783520256966,0.0030472232763827825,41
-5.333333333333332,-7.999999999999993,-10.66666666666697,0.9067682711933173,0.8460195530726259,0.5104253258333107,0.8930694763384214,0.8458638385220666,0.500689655172413,22.88,-39.52,-998.3999999999999,954668.6622222225,1049655.0799999998,1049655.0799999998,3.911730811533374,3.911759233472072,3.911759233472072,18.666666666666668,-40.0,-1000.0,64.4614965986395,25.451972789115647,50.50340136054462,8.028791727192797,5.044994825479571,7.106574516639125,1.4151977671336429,-0.43141517652774874,0.004774689933403964,1.5384468129021713,-0.8532903401139444,0.31364944676609374,1.1618135720294274,-0.44406066176736836,0.2821480918940633,-1.8856180831641325,1.885618083164129,-11.313708498984056,808.9301576774103,-1397.2429996246178,-35298.77051683244,3.555555555555577,3.555555555555564,127.99999999998406,654367.9999999999,1952287.9999999998,1246003199.999999,2.7455013709298672,34.14374841102769,0.08041007501224236,1.9595917942265413,56.30014801638328,0.03480615705763868,5.115553624866927,1411.9766066680345,0.0036229733557261615,41
-5.333333333333329,-5.333333333333336,-11.999999999999773,0.7602119914429031,0.8087888724755667,0.6769764119779715,0.7482958199356912,0.8068582547522827,0.6748544767829366,19.62666666666667,-38.026666666666664,-995.4133333333332,958043.56,1036639.1866666669,1036639.1866666669,3.9118719389794556,3.9118909063431513,3.9118909063431513,18.666666666666668,-40.0,-994.6666666666665,14.44281179138321,19.39156462585033,52.256507936508164,3.8003699545416905,4.403585428471932,7.228866296765224,1.2035646479970021,-0.264659728921153,0.057069699003791774,1.3480969456085021,-0.49370544779021064,0.14324966518339277,0.8840072794152833,0.2834047863123903,-0.16758385105347529,8.881784197001252e-15,-5.656854249492383,-3.410605131648481e-13,693.9074546043986,-1344.4456932960218,-35193.17590417526,7.888609052210118e-29,32.000000000000036,1.1632227364026952e-25,481507.5555555555,1807534.2222222206,1238559630.222222,1.4110673659011155,28.226386394451715,0.04999107381944152,2.0308728282303754,54.09193819579566,0.037544833776879276,3.656349120213886,1407.7586661861549,0.0025972840430949183,41
-5.333333333333329,-7.999999999999993,-10.666666666666515,0.8249046115829081,0.8078102401584663,0.5690573830052785,0.8165564114182148,0.798076923076923,0.5682577433628332,20.10666666666666,-40.00000000000001,-994.9866666666667,952407.5066666667,1037068.9466666665,1037068.9466666665,3.911884947432914,3.911902099744806,3.911902099744806,18.666666666666668,-40.0,-994.6666666666665,19.217414965986396,30.185941043083908,41.98167800453512,4.383767211655564,5.494173372135603,6.479326971571593,1.0155877647127365,0.2308147153465129,-0.26354600405517103,1.1103541082008916,-0.07624924361865837,-0.03377390743210684,1.0765207606663232,-0.1347905908810212,0.05836162534639211,1.885618083164129,3.7712361663282365,22.627416997968453,710.878017352876,-1414.2135623730949,-35178.09095950995,3.555555555555564,14.222222222222095,511.9999999999517,505347.55555555585,1999999.9999999995,1237498083.5555558,2.0308728282303754,29.018921030558285,0.0699844362266871,2.3247461032216936,57.04173910392284,0.04075517576675388,4.266666666666679,1407.1464079239706,0.003032141248870822,41
-10.666666666666671,-5.333333333333343,-8.0,0.9609683081708201,0.970592533420774,0.9642699951615653,0.8043538879284637,0.7785543593801201,0.8014274124568747,99.84,-14.66666666666667,-926.72,880079.4000000001,1066761.2133333336,1066761.2133333336,3.865613065511999,3.909195229760963,3.909195229760963,18.666666666666668,-42.66666666666666,-997.3333333333335,67312.08272108843,9079.074829931975,52691.95174603174,259.44572210982477,95.28417932653865,229.5472756231965,1.8064982426594274,-0.8735998348199066,-0.017223549521673043,1.901399497343349,-1.0064460788312743,0.05708390057660748,1.788884746099911,-0.9196327794736128,0.12293830563830405,-494.031937789001,-182.90495406692037,-407.2935059634517,3529.8770516832456,-518.5449728701349,-32764.49981305986,244067.55555555536,33454.22222222225,165888.00000000026,12460032.000000002,268888.88888888893,1073512447.9999996,65.63467918037773,384.1351613979411,0.1708635026835883,23.1155551282873,133.00706748139365,0.17379193125599085,56.96439433735972,1348.2029520810286,0.042252091385374814,41
-271.33333333333337,-88.66666666666669,-403.33333333333337,0.9768226317841046,0.962262011327719,0.9784045123828942,0.9387687778634809,0.9248675019746928,0.9336514360901962,815.2533333333334,201.6,-322.7200000000001,524484.4488888889,1365833.3200000003,1365833.3200000003,3.6166737215249367,3.872462526656495,3.872462526656495,1008.0,249.33333333333331,-288.0,188992.73723356015,18740.535147392296,154940.5141043084,434.7329493304598,136.89607425851295,393.62483928775174,1.9515183801430445,-1.2340930559834256,0.2795578821589215,2.0498997472838267,-1.5306513649754678,0.4768730046868508,1.7682225524517556,-0.9560012916807018,0.1476716748165034,-290.38518480727646,-64.11101482758002,-311.1269837220813,28823.55801924684,7127.636354360399,-11409.875021226133,84323.5555555561,4110.222222222185,96800.00000000026,830797496.8888888,50803200.00000001,130185248.00000004,57.98635854903957,1302.4359263404178,0.04452146733388224,25.219392890745354,342.6084516049059,0.07360995554140098,51.259687431309565,713.6891822697671,0.07182354546595038,41
-417.33333333333314,-538.6666666666667,-288.6666666666666,0.9853426968535357,0.9875096114822955,0.9703187417612279,0.9585027866387896,0.9480408416221465,0.9573890334924932,721.8133333333333,604.4799999999999,-240.74666666666664,398822.8311111111,1346049.568888889,1346049.568888889,3.6452188724193824,3.8898749254077627,3.8898749254077627,626.6666666666667,688.0,-292.0,60521.77850340133,65436.2819047619,35023.539954648535,246.01174464525332,255.80516395249313,187.14577193901158,2.437989593326167,-2.1840275799130717,0.7412134144581635,2.406796498842745,-2.0694449740356777,0.6661885254481721,1.7766053667671513,-0.8722717358925935,0.07238172965051326,211.1892253143825,-279.07147630829024,-135.76450198781697,25519.955137543293,21371.59535458222,-8511.68002740287,44600.888888889014,77880.8888888886,18431.999999999956,651268110.2222223,456745088.0000003,72448696.88888893,30.432730917732513,1076.9055256201034,0.0282594249855007,29.709108218038303,926.3717516322604,0.032070395244340154,29.747380837086595,428.5780520123105,0.0694094825841248,41
-212.66666666666669,-133.33333333333337,-206.0000000000001,0.9473029231954597,0.8772443523607325,0.898567870371871,0.9254446031928246,0.8643317642243142,0.8925789267700995,359.84,877.3333333333331,-355.68,893087.08,1287190.1911111108,1287190.1911111108,3.7823947428803764,3.8795861983189543,3.8795861983189543,410.66666666666674,897.3333333333335,-350.66666666666663,21718.903582766437,11345.26984126984,41761.0565079365,147.3733475997829,106.5141767149793,204.3552213865271,2.4533226159830566,-2.268481511803438,0.8185862507083532,1.987470539029009,-1.3473581113450566,0.3562613055259166,2.1208646883261038,-1.606065603789426,0.45810874532560397,-54.68292441175926,98.05214032453415,77.31034140972952,12722.265207108365,31018.417468049895,-12575.186996621562,2990.2222222221767,9614.222222222135,5976.888888888939,161856032.00000006,962142222.2222228,158135328.00000003,33.36425232690421,548.1108728066695,0.06087135647585028,36.372394904805354,1249.1362348972723,0.029118036839109532,65.01528025523436,575.0140945132466,0.11306728109033612,41
-474.00000000000006,-202.0000000000001,-242.66666666666657,0.962319367684052,0.8949758127115438,0.8910723895317704,0.9552711851825887,0.8934849884345051,0.8826156961458858,246.5066666666667,875.8933333333333,-212.53333333333333,835556.8400000003,1235963.773333333,1235963.773333333,3.7830946476592264,3.8102071768930386,3.8102071768930386,412.0,901.3333333333335,-211.99999999999997,171895.9194557823,36561.3307936508,32429.93197278911,414.60332783973445,191.2101743988818,180.08312517498442,2.498580433737626,-2.2265727630563728,0.7133872261953261,2.252569494657561,-1.909549967051823,0.6529077313766783,1.6540911385050636,-1.0395902267206232,0.3271925087017386,-90.50966799187813,-9.42809041582089,-220.61731573020305,8715.326780384594,30967.505779804455,-7514.188061409044,8192.00000000001,88.88888888889372,48672.000000000095,75956920.8888889,958986414.2222223,56463022.22222221,80.96836144788625,672.2285325690957,0.12044767147631276,63.48347116463549,1265.704673294683,0.05015662223904516,52.46086371975038,388.78189258246067,0.13493648938041378,41
-136.0,-160.66666666666697,-164.66666666666674,0.9891471293592512,0.9880485239740211,0.953788179635939,0.897318499052758,0.9529434973379366,0.9347607323678415,567.04,796.6933333333333,-284.0533333333333,347950.0133333332,1384040.9644444447,1384040.9644444447,3.6683067571877888,3.903031819126989,3.903031819126989,593.3333333333333,784.0,-302.6666666666667,24838.02557823129,21027.863219954652,14623.126349206354,157.60084256827844,145.00987283614398,120.92611938372269,2.2047488281407097,-1.5653067943486683,0.35958442575015237,1.5350460015727452,-0.5490091272330928,0.008266398647239104,1.1295848621865512,0.04106667357018928,-0.1716123138243338,-184.79057215008396,128.22202965516027,101.82337649086318,20047.891460200997,28167.36292630573,-10042.80191093214,34147.55555555539,16440.8888888888,10368.00000000007,401917952.00000006,793400334.2222224,100857870.22222224,20.80000000000001,831.4557194062311,0.02501636529105116,17.273743723415077,1144.7081568873546,0.015090085293342508,27.70254701487052,435.0476857643182,0.06367703569368724,41
-138.66666666666663,-89.33333333333337,-165.33333333333331,0.9583618907229343,0.8910334116038369,0.9127246826304443,0.9246504895285848,0.8815274196311502,0.8839640745826389,719.8933333333334,634.2933333333334,-297.6533333333334,112002.49333333332,1396254.4044444445,1396254.4044444445,3.369318604672081,3.904265072437426,3.904265072437426,716.0,636.0,-308.0,9063.317188208614,2592.2205895691604,10850.072380952377,95.20145580929218,50.9138545935108,104.1636807191085,2.0978922082340388,-1.465256978473584,0.36831228184282516,1.4000170250956998,-0.5128700441976448,0.10957339075654537,0.8509850170075185,-0.06842153849760546,0.19007568164784766,-98.05214032453586,5.656854249492255,77.31034140972893,25452.072886549384,22425.655863070966,-10523.634522138995,9614.22222222247,31.999999999998586,5976.888888888849,647808014.2222223,502910040.8888892,110746883.55555563,20.32272947547482,1026.5689996834656,0.019796749640541622,16.08422277333357,899.7100174809414,0.01787711869471797,27.975862612060563,444.61051119678524,0.06292217999245278,41
-85.33333333333303,-213.33333333333331,-68.66666666666663,0.9801840368372695,0.9830188642714361,0.8107233230693028,0.9150988696911698,0.946839016575476,0.7789406294141089,890.4533333333333,454.9866666666668,-149.28,91645.30222222224,1268532.5199999996,1268532.5199999996,3.3657923324127283,3.9090038269960314,3.9090038269960314,874.6666666666665,476.0,-138.66666666666666,3590.919546485265,12280.131337868479,1871.9608163265304,59.92428177696638,110.81575401479917,43.26616248671161,1.9368327865972477,-1.3036253619446931,0.36809863957815026,1.8171926815476915,-1.5010604408254105,0.6738157082692335,1.365109147624998,-0.5504057707350823,0.1591287102118894,-56.56854249492267,96.16652224137061,-69.76786907707267,31482.279516508253,16086.207867473167,-5277.845014776391,3199.9999999998718,9248.00000000003,4867.555555555554,991133923.5555551,258766083.55555564,27855648.0,8.860398787112592,1262.0514939309462,0.007020631748958885,14.266043600101607,661.7335348243363,0.021558592468626618,18.693314312876677,218.83473216105347,0.08542206316280342,41
-38.0,-93.33333333333337,-60.666666666666686,0.8972772226630553,0.9688661113063916,0.8493898608178517,0.8621374668570264,0.9393273496337563,0.8410705946001578,970.5066666666669,238.66666666666663,-123.8933333333333,329131.98666666663,1242748.3422222226,1242748.3422222226,3.866076860967816,3.9076902935240354,3.9076902935240354,966.6666666666667,213.33333333333331,-116.0,668.853696145125,3516.734693877552,2086.954376417233,25.862205941201633,59.30206315026107,45.683195777191784,2.063563385439255,-1.660972786634476,0.5974510585273789,1.5632092204892176,-0.7706954759962747,0.1980484803994118,1.7895440482752603,-1.1755748121012333,0.3763870386776347,-16.970562748476482,9.42809041582062,16.970562748477228,34312.59225933761,8438.140922159466,-4380.290807190267,287.99999999997766,88.88888888888863,288.00000000000296,1177353987.555555,71202222.2222222,19186947.555555556,7.570703768841799,1372.960311799936,0.00551414611462198,11.269624858194904,347.4037292705867,0.03243956212518717,18.875027593798816,185.562065088746,0.10171813718914875,41
-39.33333333333337,-18.666666666666686,-59.333333333333314,0.9077657336735088,0.8666852909342836,0.9003995789853346,0.8618295744302339,0.8634335401092201,0.8578834929691311,965.0133333333331,193.81333333333333,-204.10666666666668,280860.12888888904,1391979.3822222217,1391979.3822222217,3.882086638953119,3.909737139897527,3.909737139897527,958.6666666666667,194.66666666666663,-217.33333333333331,587.3603628117921,218.97578231292505,1838.500861678004,24.235518620648335,14.797830324507881,42.87774319711806,1.980056094726427,-1.6138959907717307,0.6331165839267445,1.8710666375284628,-1.263786904824862,0.3912184715899951,1.4891994816535612,-0.7934015369895808,0.30292381272075164,30.169889330625324,18.856180831641225,58.45416057808775,34118.373596771715,6852.336114218437,-7216.2604042691155,910.2222222221798,355.55555555555395,3416.888888888868,1164063416.8888893,46954510.222222224,52074414.22222226,7.31269824042784,1365.1370692270345,0.0053567501793562915,5.6694111001251395,274.8167874542359,0.020629784492583965,12.16771684965315,294.57506871952205,0.04130599681278042,41
-8.0,-7.333333333333343,-16.0,0.8157286543332135,0.8516923786320554,0.7099209758471882,0.8054657387580285,0.7726225144825427,0.6922134178552561,950.1866666666667,201.76000000000005,-247.04000000000005,212207.75555555552,1459468.413333333,1459468.413333333,3.9096300359187586,3.9117332018274165,3.9117332018274165,949.3333333333335,200.0,-249.33333333333331,43.37487528344646,55.614693877550984,175.8214965986398,6.585960467801675,7.457525989063061,13.259769854663384,1.3562470198620709,-0.5070932164523185,0.1505605732175752,1.209688230271281,0.009441262688072882,-0.21811004405400336,1.1564666122411498,-0.330216215467646,0.17491584241340163,3.771236166328322,-24.513035081133637,-7.542472332656473,33594.17176965209,7133.293208609891,-8734.182961216235,14.222222222222738,600.8888888888883,56.88888888888838,1128568376.888889,50883871.99999999,76285952.0,2.8720878971383828,1343.7954341673026,0.0021372954722964238,3.0868898407440644,285.50599137515684,0.010811996714590377,7.332121111929351,349.7833234065531,0.020961894468042513,41
-8.0,-18.666666666666686,-18.0,0.7950144052433713,0.9364548605666712,0.7768129442037993,0.7308043091726774,0.8979220779220779,0.7665387845782871,950.2400000000001,213.6,-238.88,208840.9288888889,1443985.7466666666,1443985.7466666666,3.909992907059451,3.911908696814856,3.911908696814856,952.0,214.66666666666666,-240.0,27.750748299319604,94.98412698412703,107.12816326530606,5.267897901375805,9.745980042259836,10.350273584080087,1.4058011372981234,-0.5729169428881491,0.1668321861236226,1.3971827607290335,-0.5065546972382986,0.11123828629905352,1.1660992379827828,-0.2068822954467091,0.03879497321869518,-1.8856180831644451,-5.656854249492369,-35.8267435801184,33596.05738773525,7551.900423072326,-8445.683394492125,3.555555555556756,31.999999999999872,1283.5555555555552,1128695072.0000002,57031199.99999997,71329568.00000003,2.231093404090899,1343.8606806097455,0.0016602118331779693,2.414769370169969,302.37436693241335,0.007986025385246091,4.931531202375179,338.1019964448598,0.014585927484103011,41
-8.0,-12.666666666666686,-12.666666666666686,0.8015579245065645,0.9198403949969115,0.5301558804293222,0.7984615384615371,0.8773102155576381,0.5170622796709757,947.7333333333335,232.85333333333324,-233.97333333333327,193718.2977777779,1433505.2844444446,1433505.2844444446,3.9099463724282706,3.9117833598511087,3.9117833598511087,948.0,232.0,-234.66666666666663,52.82539682539686,99.1027664399093,76.57070294784585,7.268108201271969,9.955037239503893,8.750468727322316,1.7547671480892397,-1.1617341118252682,0.40678190436364403,1.252014427447191,-0.3240766723791042,0.07430729807965619,1.0187768559999855,-0.1122048390799466,0.09257652664596394,11.313708498984283,-18.856180831641325,-62.225396744416145,33507.43333782653,8232.608551094576,-8272.206530841024,127.9999999999892,355.5555555555577,3871.9999999999955,1122748088.8888886,67775843.55555554,68429400.88888888,3.330665599145798,1340.33181961284,0.002484956001498102,3.0169889330626054,329.5853286918107,0.009153893302950198,5.902918298980973,331.06234391056245,0.017830231699729842,41
-10.666666666666515,-13.333333333333314,-9.999999999999972,0.8682484937662572,0.924870344078801,0.5653764209934509,0.8003617571059433,0.9224375000000001,0.541211830688845,942.2933333333335,252.80000000000007,-236.42666666666668,170066.10222222225,1434448.4311111108,1434448.4311111108,3.9088751772239556,3.911867602501997,3.911867602501997,941.3333333333335,256.0,-237.33333333333331,53.9167346938777,92.87981859410448,60.548934240362804,7.342801556209843,9.637417630989356,7.781319569350869,1.7930809562096997,-1.2986974011481571,0.5055886156690015,1.3510655452968674,-0.45753074884611333,0.10751667594156644,0.9714853223386153,-0.034728774726539235,0.060867499100577316,-3.771236166328322,-3.771236166328265,28.284271247461817,33315.10029334379,8937.82971419796,-8358.944962666574,14.222222222222738,14.222222222222308,799.9999999999952,1109895907.5555556,79884799.99999999,69871960.88888888,2.557776812433503,1332.6412070271078,0.001919328922853482,2.6127890589687253,357.75815543153976,0.007303227108315931,4.7851622519803705,334.5009948498742,0.01430537524747266,41
-16.0,-87.99999999999997,-26.0,0.9153846600536688,0.9943517432962604,0.894765255523575,0.9053420757484252,0.9640371650162007,0.8839068882941259,954.3466666666668,210.29333333333335,-234.45333333333335,222619.91555555564,1444133.4444444445,1444133.4444444445,3.8847525403054273,3.9116313698826453,3.9116313698826453,954.6666666666665,215.99999999999997,-235.99999999999997,134.571247165533,1941.1911111111103,329.67691609977345,11.600484781487928,44.058950408641266,18.157007355282243,2.126379142892638,-1.6960000319768653,0.5697363466593757,1.4820415023954818,-0.44153040000559507,-0.04605443908937845,1.268880845701363,0.04641920484945539,-0.3162551037636543,-7.542472332656189,47.1404520791032,8.526512829121202e-14,33741.24998013889,7434.992101916153,-8289.177093589502,56.88888888888409,2222.222222222225,7.270142102516845e-27,1138471950.2222228,55279107.555555575,68710456.88888891,3.577708763999683,1349.7429681239314,0.0026506593095813654,3.597530016861877,303.7076957280543,0.011845369964161773,5.890859209166541,332.4878878328586,0.017717515208036303,41
-1834.6666666666665,-556.6666666666666,-79.33333333333331,0.9871560131362458,0.9828326219889795,0.9031443822407327,0.9611131420642621,0.9357726247745041,0.8905013888995227,-93.01333333333332,-163.20000000000002,-210.72,389746.7422222221,960152.111111111,960152.111111111,3.7718132733985974,3.809703515731519,3.809703515731519,-752.0,-286.6666666666667,-221.33333333333331,793789.1381405896,77229.56916099775,4170.155827664398,890.9484486436853,277.9020855643184,64.57674370595345,1.7813211906111985,-0.9509462980397848,0.1503394472945352,1.8310514405491614,-1.0226117311521614,0.18851627628138334,1.3708504221431257,0.1304192830946458,-0.5024346330235903,512.8881186206427,169.7056274847712,58.4541605780878,-3288.517937038241,-5769.991334482229,-7450.077046581467,263054.2222222224,28799.999999999935,3416.888888888874,10814350.22222225,33292800.00000001,55503648.00000003,83.88436485225758,1251.4364084700605,0.0670304653792278,32.846579392347344,451.17572826757623,0.07280218623123097,21.68706731877062,310.65899847474776,0.0698098797242259,41
-135.33333333333326,-141.33333333333343,-154.66666666666669,0.9212213888398922,0.856459950526725,0.8688508638603897,0.9180794483019226,0.754968818030677,0.8634788072986579,-846.4000000000001,-435.8400000000001,-194.24000000000004,445521.99555555545,675999.6488888887,675999.6488888887,3.784387060721348,3.8638311950563633,3.8638311950563633,-826.6666666666665,-434.66666666666674,-182.66666666666666,12289.741496598637,11194.09632653061,10993.011519274378,110.85910651181813,105.80215653062376,104.84756324910168,2.139465404793021,-1.6582187205245336,0.5174504457257911,2.1849084248394615,-1.9720318391596225,0.7805887492965612,1.616805750180558,-0.900039090649045,0.257017449038007,-56.56854249492392,-109.3658488235192,52.797306328595596,-29924.758979814695,-15409.270975617244,-6867.42105888375,3200.000000000013,11960.888888888856,2787.5555555555607,895491200.0000002,237445632.00000003,47161472.000000015,30.670144730303768,1206.6205516050004,0.02541821841962456,42.48628536886281,632.4937593016674,0.0671726554516074,39.13736492577564,308.9869324816901,0.12666349548000655,41
-84.66666666666663,-624.0,-117.33333333333331,0.9364501152729994,0.9780484596110752,0.8879239725065216,0.9283313917017655,0.9686120415524597,0.8554475703324811,-829.3333333333333,-167.30666666666673,-326.93333333333334,1326028.4844444445,455019.7022222223,455019.7022222223,3.5007234307181703,3.8541304339153273,3.8541304339153273,-817.3333333333333,-365.33333333333326,-345.33333333333337,6477.786848072564,154401.32353741492,14072.453514739222,80.48469946562865,392.93933824117806,118.6273725357652,1.7451391936852072,-0.9752772832600778,0.22861493367042218,2.1526017696677804,-1.5845504079958679,0.4093259438818422,1.5483276667498183,-0.9441256977515279,0.39129372012941577,22.627416997970613,-13.199326582148885,105.59461265719074,-29321.36119320218,-5915.183926885867,-11558.838849796095,512.0000000000495,174.22222222222217,11150.222222222146,859742222.2222228,34989400.8888889,133606755.55555551,20.1963693106789,1178.0815440556075,0.017143439189406057,60.3103086821261,595.7955204784796,0.10122652253862412,36.34110008730549,489.93075247653337,0.07417599304311102,41
-119.99999999999989,-102.66666666666669,-138.00000000000006,0.9313594397030643,0.8982161438769077,0.9043076563962801,0.9309029898229353,0.8773013836807664,0.889001599560091,-804.7466666666669,-515.0399999999997,-319.0933333333333,449816.71555555554,560401.8177777779,560401.8177777779,3.796951786231896,3.876112022192167,3.876112022192167,-794.6666666666667,-506.66666666666663,-318.66666666666663,7896.320000000001,7242.597006802719,7241.900408163266,88.86124014439592,85.10344885374927,85.09935609723064,2.3418989121268234,-1.9382168498732226,0.5952541068053614,1.8911365448365955,-1.2751591551576222,0.38016958163018466,1.5962851008895464,-0.834472987112344,0.22413807214871428,-20.741798914806225,47.14045207910317,-115.02270307301158,-28452.09125686351,-18209.413829115972,-11281.652991570973,430.2222222222567,2222.222222222222,13230.222222222188,809521496.888889,331582752.0,127275694.22222227,23.638762892992332,1144.618884655985,0.020652081850018537,25.98324246295846,737.5993251382789,0.03522677092754571,27.254846663789305,465.93176419824493,0.05849536081895652,41
-87.33333333333337,-143.33333333333331,-154.66666666666657,0.9309660636595463,0.9330554712005463,0.907467036267902,0.9057990670276276,0.9221859458645391,0.8778883070434633,-796.16,-474.08,-342.6666666666665,545797.0533333332,496370.67111111106,496370.67111111106,3.736908071605936,3.854004606887256,3.854004606887256,-816.0,-452.0,-320.0,5266.332154195012,13028.220226757367,11320.961451247165,72.56949878699048,114.14122930281313,106.4000068197703,2.131757429790757,-1.5866211518945534,0.4545236855830237,2.0717788250807034,-1.5581307825361232,0.48170342809698274,1.6276754508194016,-0.8833261271560389,0.2617628069197586,-7.542472332656473,16.970562748477192,156.50630090262266,-28148.506745474075,-16761.259141245926,-12115.096184329515,56.88888888888838,288.00000000000176,24494.222222222266,792338431.9999995,280939808.0000001,146775555.55555558,19.07365839173085,1130.35379318945,0.016874060587625292,30.02102966625597,688.5766059213908,0.04359867792209489,31.31942953929185,506.01291156122363,0.061894526451233535,41
-112.66666666666652,-166.00000000000006,-158.66666666666663,0.9463265634131355,0.9332878552664317,0.9048393547480177,0.936456397092573,0.9088639503599385,0.8907496539665483,-794.88,-397.3333333333334,-387.1466666666667,720927.1866666665,382429.58666666667,382429.58666666667,3.8104807378388794,3.865191996318691,3.865191996318691,-816.0,-376.0,-374.66666666666663,9561.350385487529,11974.820861678003,10960.889614512469,97.7821578074831,109.42952463425034,104.69426734311898,2.2467941126916857,-1.6943416082490983,0.44571598197580453,2.149878488507798,-1.6381905880456868,0.48773361904533724,1.9003563392482556,-1.2250738913222057,0.3237582205460876,45.25483399593929,-37.71236166328242,-13.199326582149013,-28103.251911478146,-14047.854719572746,-13687.701665688399,2048.0000000000227,1422.2222222222138,174.22222222222553,789792768.0000001,197342222.22222227,187353176.88888896,21.970485252315694,1132.2216979608424,0.019404755527901513,29.00666590055926,581.7016570182501,0.04986519386801268,31.944396135229177,565.8868987900518,0.05645014260540565,41
-179.33333333333326,-192.66666666666674,-159.33333333333331,0.9438020466094026,0.9205067094807371,0.9543014611220899,0.9343282793295292,0.9027280188673591,0.9422333082637622,-821.0666666666667,-373.28,-346.34666666666664,728379.0266666666,436495.1866666667,436495.1866666667,3.835344287158545,3.8425298044096854,3.8425298044096854,-822.6666666666667,-344.0,-324.0,10160.25396825396,15987.951746031742,9215.895510204084,100.79808514180198,126.44347253232071,95.99945578077036,2.332346293128356,-1.9138290124470658,0.5804924474694377,2.262800146039271,-1.9914365543532468,0.725099302638722,1.5225136165228716,-0.4658370503116531,-0.05723743270922499,32.05550741379011,-20.741798914805514,-45.25483399593901,-29029.090390311736,-13197.44096406572,-12245.20383206784,1027.5555555555527,430.22222222222723,2047.999999999997,842688088.8888892,174172447.9999999,149945016.88888893,23.06628130699294,1169.4797931844168,0.01972353985200973,34.881386312919254,555.6937925792505,0.06277087629684945,19.848313670323623,507.5246069568122,0.03910808145704867,41
-155.33333333333337,-198.66666666666666,-213.33333333333326,0.9610808434700909,0.9644171561955378,0.974482920389982,0.8872771697882238,0.8863259745510524,0.9167971799962266,-834.9333333333334,-266.9333333333332,-325.1733333333333,906348.768888889,446049.32,446049.32,3.835745092264356,3.7125901380739514,3.7125901380739514,-862.6666666666667,-266.66666666666663,-301.33333333333337,14819.047619047618,28894.984126984116,21829.198367346944,121.73351066591162,169.98524679213816,147.74707566428157,2.24591059818401,-1.7849817854307268,0.5359665940627973,2.253082038782629,-1.8865841414837565,0.6257841680975968,1.6926984404425955,-0.6555274472023543,-0.03384886108010601,-167.82000940160742,-107.48023074035488,130.1076477383246,-29519.351091934408,-9437.518506236454,-11496.613453051681,28163.555555555602,11551.999999999927,16927.999999999964,871392088.8888891,89066755.55555555,132172120.8888889,25.012707881306135,1192.7476849694576,0.020970661437038653,31.88646525826697,445.111481666235,0.0716370315564605,24.63457371707945,503.64050671088796,0.048913011143523435,41
-569.3333333333334,-252.00000000000009,-434.0,0.991920202472021,0.988930172304511,0.979749448402455,0.963332243550648,0.9428119907440627,0.9087073245149283,-306.50666666666666,209.8133333333334,-792.2666666666669,1907878.3333333335,672016.0755555555,672016.0755555555,3.821770645891566,3.648179886403059,3.648179886403059,-150.66666666666669,296.0,-849.3333333333333,118990.48634920635,55983.14811791381,83475.5192743764,344.94997658965906,236.60758254526377,288.92130290855397,2.37111863272587,-2.0039775958660324,0.6183210706185809,2.0363319668403226,-1.3527224514595366,0.3108366760920243,2.105424919085964,-1.5633516298461534,0.4629803991697954,-258.32967739348516,-263.98653164297787,386.5517070486463,-10836.647123944238,7418.021539167676,-28010.8566254031,66734.22222222212,69688.88888888895,149422.22222222245,117432920.88888893,55027043.555555575,784608088.8888887,31.91767187276945,648.147582645256,0.04924445099757261,28.7258304202565,443.7849328973063,0.06472917012462831,42.65499840451162,1190.4476095616772,0.03583105889071187,41
-153.33333333333331,-176.00000000000006,-200.66666666666686,0.9666578798492218,0.970957226180157,0.9194294861413248,0.958224465103989,0.9379778245972461,0.8794638558175023,-107.84,467.20000000000016,-871.5733333333333,2267181.5866666664,834726.0488888891,834726.0488888891,3.864521001939346,3.8648393310741107,3.8648393310741107,-82.66666666666666,472.0,-854.6666666666667,13357.325351473923,27277.061224489793,19613.41968253969,115.57389563164305,165.15768593828685,140.0479192367373,2.206783277398409,-1.74226910213401,0.527133487623715,2.2229537266246036,-1.8124251453353661,0.5970818059932679,2.067014799053703,-1.6366971750023407,0.5657042824770744,67.88225099390853,-109.365848823519,-147.07821048680165,-3812.719764157865,16518.014408517756,-30814.77071506816,4607.999999999995,11960.888888888812,21631.99999999993,14536832.000000006,272844800.0000002,949550094.2222223,19.690042604773055,221.4759379957812,0.08890375533773841,28.271697665490265,699.439369145826,0.040420512359800986,41.23256533911567,1247.40624052026,0.03305464090184338,41
-100.66666666666666,-151.33333333333337,-150.0,0.9324015409240276,0.9412159949510509,0.8927346280767305,0.90877755345341,0.9214565838004544,0.8567536483645658,-190.5066666666667,674.1333333333336,-709.92,2647638.2977777775,698702.5822222224,698702.5822222224,3.8828729136359397,3.881567955850008,3.881567955850008,-186.66666666666666,652.0,-724.0,7021.470476190477,13928.78004535147,14128.555827664406,83.7942150520576,118.0202526914405,118.86360177810703,2.1731352378868505,-1.6674727440333315,0.48363621268121204,2.170662590062668,-1.729776933447988,0.560933238481641,2.050484012918925,-1.7257454954811677,0.6704236675247917,18.856180831641325,-113.13708498984766,-103.70899457402714,-6735.427793062259,23834.212571194563,-25099.462304997687,355.5555555555577,12800.000000000015,10755.555555555591,45365987.55555554,568069688.888889,629983007.9999998,21.814572091965402,293.0388825167518,0.07444258558663577,28.829614403711137,967.1508488568082,0.029808808458151405,37.18637743403713,1016.9965366487517,0.0365649007582417,41
-140.66666666666669,-135.33333333333326,-734.0,0.9647996180534579,0.9559942970682931,0.9967054325396691,0.9372913697039045,0.8929824412427089,0.9530063953906842,-248.69333333333336,880.9600000000002,-130.34666666666664,1789954.457777778,986488.608888889,986488.608888889,3.811122959725144,3.8754727428767337,3.8754727428767337,-277.3333333333333,901.3333333333335,-66.66666666666667,7214.384761904761,12851.884988662132,191788.01342403624,84.93753447036687,113.36615451122144,437.936083720029,1.9566319018448448,-1.3549491661030846,0.3975947147352752,2.1672931557776405,-1.8189852720944812,0.6551046973816278,1.4100968686529456,-0.08931284762648195,-0.3364063570936793,77.3103414097292,-131.99326582148825,-546.8292441175972,-8792.637121794322,31146.63949770505,-4608.450595253126,5976.8888888888905,17422.22222222206,299022.2222222227,77310467.55555554,970113152.0000004,21237816.888888896,16.242605155030464,370.9085062383984,0.04379140645696236,23.259693319846882,1255.7188078723852,0.018523011022871207,30.09909559364793,639.5147048956559,0.047065525410489105,41
-467.3333333333333,-62.0,-175.99999999999994,0.9877592598803986,0.787515926964063,0.9080806764452511,0.9672327099476461,0.7175843992150907,0.7978439980536074,-19.466666666666665,949.7599999999998,412.2133333333334,452599.8266666665,1082627.9155555554,1082627.9155555554,3.5326918047689855,3.887087633955673,3.887087633955673,5.333333333333333,942.6666666666667,433.33333333333337,65017.39682539682,1621.1475736961447,15204.452426303847,254.98509137868595,40.263476920108936,123.30633571031072,2.4351626859556847,-2.1937589428560593,0.7470775157025628,1.4921981386400065,-0.7870702713321895,0.2961290127924685,1.9055884637160783,-1.3272353038142646,0.41503607609009074,-164.04877323527887,-26.398653164297684,-47.140452079103326,-688.2506003549057,33579.08682498677,14573.942164775537,26911.99999999995,696.8888888888841,2222.222222222237,473688.8888888881,1127555072.0000002,212399790.22222227,28.409701003550026,356.9101972329859,0.07959901741054648,18.46750900605947,1344.218923968695,0.013738468248561536,34.999428566763754,606.9723478965999,0.05766231145133821,41
-755.3333333333335,-929.3333333333335,-882.0,0.989887029133939,0.9830625058987956,0.9833613822454257,0.9755527292143376,0.959296678972384,0.9565293458811057,528.0533333333334,566.6666666666665,-124.85333333333334,317167.4,1582636.6266666665,1582636.6266666665,3.725129090708332,3.7310242410127987,3.7310242410127987,293.33333333333337,845.3333333333333,13.333333333333336,140394.66376417235,239305.21541950115,213922.73995464854,374.6927591563151,489.18832306127376,462.5178266344429,2.357232710583965,-2.0164171815873955,0.662620757611704,1.5922009430206825,-0.7621532777139055,0.15172854940376768,1.2485028937753722,0.0771135811570316,-0.35620578662849,-164.04877323527904,43.36921591277493,47.14045207910266,18669.50464140802,20034.692133618846,-4414.231932687222,26912.000000000007,1880.8888888888905,2222.222222222174,348550403.55555564,401388888.8888889,19485443.555555567,38.80343627395215,911.7831321098237,0.042557747459270066,60.648935137670286,1052.4172894394653,0.05762822004755633,55.92248603598062,668.8332793421359,0.08361199683572257,41
