0.000000000000000000e+00,0.000000000000000000e+00,0.000000000000000000e+00,0.000000000000000000e+00,3.268049240112304688e+00,4.492750644683837891e+00,3.871515989303588867e+00
0.000000000000000000e+00,0.000000000000000000e+00,0.000000000000000000e+00,0.000000000000000000e+00,5.768715739250183105e-01,1.693138122558593750e+00,4.364146232604980469e+00
0.000000000000000000e+00,0.000000000000000000e+00,0.000000000000000000e+00,0.000000000000000000e+00,4.306010603904724121e-01,5.608262419700622559e-01,5.116996765136718750e+00
0.000000000000000000e+00,0.000000000000000000e+00,0.000000000000000000e+00,0.000000000000000000e+00,1.592481374740600586e+00,1.755953550338745117e+00,3.159203052520751953e+00
0.000000000000000000e+00,4.119749546051025391e+00,0.000000000000000000e+00,0.000000000000000000e+00,0.000000000000000000e+00,0.000000000000000000e+00,0.000000000000000000e+00
0.000000000000000000e+00,4.143144130706787109e+00,0.000000000000000000e+00,0.000000000000000000e+00,0.000000000000000000e+00,0.000000000000000000e+00,0.000000000000000000e+00
0.000000000000000000e+00,4.348482608795166016e+00,0.000000000000000000e+00,0.000000000000000000e+00,0.000000000000000000e+00,0.000000000000000000e+00,0.000000000000000000e+00
0.000000000000000000e+00,4.729382991790771484e+00,0.000000000000000000e+00,0.000000000000000000e+00,0.000000000000000000e+00,0.000000000000000000e+00,0.000000000000000000e+00
0.000000000000000000e+00,5.028422355651855469e+00,0.000000000000000000e+00,0.000000000000000000e+00,0.000000000000000000e+00,0.000000000000000000e+00,2.058476209640502930e-02
0.000000000000000000e+00,4.774142742156982422e+00,0.000000000000000000e+00,0.000000000000000000e+00,0.000000000000000000e+00,0.000000000000000000e+00,0.000000000000000000e+00
0.000000000000000000e+00,4.366982460021972656e+00,0.000000000000000000e+00,0.000000000000000000e+00,0.000000000000000000e+00,0.000000000000000000e+00,0.000000000000000000e+00
0.000000000000000000e+00,5.042440891265869141e+00,0.000000000000000000e+00,0.000000000000000000e+00,0.000000000000000000e+00,0.000000000000000000e+00,0.000000000000000000e+00
0.000000000000000000e+00,4.029806613922119141e+00,0.000000000000000000e+00,0.000000000000000000e+00,0.000000000000000000e+00,0.000000000000000000e+00,0.000000000000000000e+00
0.000000000000000000e+00,0.000000000000000000e+00,2.027529239654541016e+00,0.000000000000000000e+00,5.194348096847534180e-01,1.771466135978698730e+00,2.429681539535522461e+00
0.000000000000000000e+00,3.173233270645141602e+00,1.353570580482482910e+00,0.000000000000000000e+00,4.864705801010131836e-01,0.000000000000000000e+00,3.486930608749389648e+00
1.387774944305419922e+00,0.000000000000000000e+00,1.171063423156738281e+00,0.000000000000000000e+00,1.293619275093078613e+00,1.034410238265991211e+00,0.000000000000000000e+00
1.346971392631530762e+00,0.000000000000000000e+00,1.342234969139099121e+00,0.000000000000000000e+00,0.000000000000000000e+00,0.000000000000000000e+00,0.000000000000000000e+00
5.371244549751281738e-01,0.000000000000000000e+00,3.908789873123168945e+00,0.000000000000000000e+00,2.072951793670654297e+00,2.351990222930908203e+00,0.000000000000000000e+00
1.497080087661743164e+00,0.000000000000000000e+00,3.412893772125244141e+00,0.000000000000000000e+00,9.033367037773132324e-01,2.673624753952026367e+00,0.000000000000000000e+00
1.135215163230895996e+00,0.000000000000000000e+00,3.635696172714233398e+00,0.000000000000000000e+00,1.206000566482543945e+00,2.079533338546752930e+00,0.000000000000000000e+00
0.000000000000000000e+00,0.000000000000000000e+00,0.000000000000000000e+00,0.000000000000000000e+00,0.000000000000000000e+00,1.087781190872192383e+00,3.052200794219970703e+00
0.000000000000000000e+00,1.245383262634277344e+00,0.000000000000000000e+00,0.000000000000000000e+00,1.154103279113769531e+00,8.505336642265319824e-01,5.527492523193359375e+00
0.000000000000000000e+00,0.000000000000000000e+00,0.000000000000000000e+00,0.000000000000000000e+00,0.000000000000000000e+00,8.783316612243652344e-01,4.779842376708984375e+00
0.000000000000000000e+00,0.000000000000000000e+00,0.000000000000000000e+00,0.000000000000000000e+00,1.475556135177612305e+00,2.632785081863403320e+00,3.037748813629150391e+00
2.108228683471679688e+00,0.000000000000000000e+00,0.000000000000000000e+00,0.000000000000000000e+00,1.205087184906005859e+00,3.315035343170166016e+00,1.024969220161437988e-01
3.372551441192626953e+00,0.000000000000000000e+00,1.227876663208007812e+00,0.000000000000000000e+00,2.525110840797424316e-01,3.060953378677368164e+00,0.000000000000000000e+00
2.932144403457641602e+00,0.000000000000000000e+00,8.817393779754638672e-01,0.000000000000000000e+00,0.000000000000000000e+00,8.157717585563659668e-01,0.000000000000000000e+00
1.336451053619384766e+00,1.622707009315490723e+00,0.000000000000000000e+00,0.000000000000000000e+00,0.000000000000000000e+00,0.000000000000000000e+00,0.000000000000000000e+00
2.234608650207519531e+00,0.000000000000000000e+00,1.164635300636291504e+00,0.000000000000000000e+00,1.347252845764160156e+00,2.332654237747192383e+00,0.000000000000000000e+00
1.176414251327514648e+00,0.000000000000000000e+00,0.000000000000000000e+00,0.000000000000000000e+00,1.259851813316345215e+00,2.976425886154174805e+00,8.094403147697448730e-01
4.415787458419799805e-01,0.000000000000000000e+00,4.014089584350585938e+00,0.000000000000000000e+00,9.491676688194274902e-01,2.048019886016845703e+00,0.000000000000000000e+00
3.657279729843139648e+00,0.000000000000000000e+00,1.188210248947143555e+00,0.000000000000000000e+00,0.000000000000000000e+00,7.700067758560180664e-01,0.000000000000000000e+00
2.868124961853027344e+00,0.000000000000000000e+00,1.475699067115783691e+00,0.000000000000000000e+00,2.313410997390747070e+00,3.456288337707519531e+00,0.000000000000000000e+00
2.019034862518310547e+00,0.000000000000000000e+00,1.623490333557128906e+00,0.000000000000000000e+00,7.444537281990051270e-01,1.670965313911437988e+00,0.000000000000000000e+00
3.418537378311157227e+00,0.000000000000000000e+00,3.375186622142791748e-01,0.000000000000000000e+00,0.000000000000000000e+00,1.947559595108032227e+00,0.000000000000000000e+00
1.291580796241760254e-01,0.000000000000000000e+00,4.676473438739776611e-01,0.000000000000000000e+00,3.429858684539794922e+00,5.009900093078613281e+00,2.361374616622924805e+00
1.874833345413208008e+00,0.000000000000000000e+00,6.435920596122741699e-01,0.000000000000000000e+00,3.094054937362670898e+00,5.833122730255126953e+00,1.025744915008544922e+00
0.000000000000000000e+00,0.000000000000000000e+00,0.000000000000000000e+00,0.000000000000000000e+00,9.389187097549438477e-01,3.329367876052856445e+00,2.176733970642089844e+00
0.000000000000000000e+00,0.000000000000000000e+00,0.000000000000000000e+00,0.000000000000000000e+00,6.792526841163635254e-01,2.798308372497558594e+00,3.153224706649780273e+00
2.089089632034301758e+00,0.000000000000000000e+00,4.674694836139678955e-01,0.000000000000000000e+00,7.778653502464294434e-01,2.615386486053466797e+00,0.000000000000000000e+00
4.697522521018981934e-01,0.000000000000000000e+00,0.000000000000000000e+00,0.000000000000000000e+00,2.988708972930908203e+00,4.993952751159667969e+00,2.537546157836914062e+00
2.516263008117675781e+00,0.000000000000000000e+00,7.705255746841430664e-01,0.000000000000000000e+00,1.934287190437316895e+00,3.311171770095825195e+00,0.000000000000000000e+00
1.604983329772949219e+00,0.000000000000000000e+00,0.000000000000000000e+00,0.000000000000000000e+00,2.070261240005493164e+00,3.725325822830200195e+00,8.402759432792663574e-01
1.427830219268798828e+00,0.000000000000000000e+00,0.000000000000000000e+00,0.000000000000000000e+00,7.559837102890014648e-01,2.236687898635864258e+00,3.788229823112487793e-01
0.000000000000000000e+00,0.000000000000000000e+00,3.100320398807525635e-01,0.000000000000000000e+00,6.772840023040771484e-01,2.176917314529418945e+00,2.572446584701538086e+00
7.947237491607666016e-01,0.000000000000000000e+00,3.951893150806427002e-01,0.000000000000000000e+00,1.128967404365539551e+00,3.005113363265991211e+00,6.885005235671997070e-01
0.000000000000000000e+00,0.000000000000000000e+00,0.000000000000000000e+00,0.000000000000000000e+00,2.418216705322265625e+00,3.931367635726928711e+00,2.610697031021118164e+00
0.000000000000000000e+00,0.000000000000000000e+00,0.000000000000000000e+00,0.000000000000000000e+00,1.253250360488891602e+00,2.881913423538208008e+00,3.363773584365844727e+00
1.119491815567016602e+00,0.000000000000000000e+00,0.000000000000000000e+00,0.000000000000000000e+00,1.964237928390502930e+00,3.700704813003540039e+00,1.398418903350830078e+00
0.000000000000000000e+00,0.000000000000000000e+00,0.000000000000000000e+00,0.000000000000000000e+00,0.000000000000000000e+00,2.001115322113037109e+00,3.559967994689941406e+00
0.000000000000000000e+00,0.000000000000000000e+00,3.868145465850830078e+00,0.000000000000000000e+00,0.000000000000000000e+00,0.000000000000000000e+00,0.000000000000000000e+00
2.372627019882202148e+00,0.000000000000000000e+00,2.915133833885192871e-01,0.000000000000000000e+00,0.000000000000000000e+00,4.955337941646575928e-01,0.000000000000000000e+00
2.590730667114257812e+00,0.000000000000000000e+00,8.917033076286315918e-01,0.000000000000000000e+00,0.000000000000000000e+00,8.877545595169067383e-01,0.000000000000000000e+00
1.758822441101074219e+00,0.000000000000000000e+00,1.705450057983398438e+00,0.000000000000000000e+00,0.000000000000000000e+00,7.326512038707733154e-02,0.000000000000000000e+00
1.276936531066894531e+00,0.000000000000000000e+00,4.115798771381378174e-01,0.000000000000000000e+00,0.000000000000000000e+00,1.495490550994873047e+00,0.000000000000000000e+00
0.000000000000000000e+00,3.536047041416168213e-01,2.260003328323364258e+00,0.000000000000000000e+00,0.000000000000000000e+00,0.000000000000000000e+00,4.283345341682434082e-01
7.320024967193603516e-01,0.000000000000000000e+00,6.161797642707824707e-01,0.000000000000000000e+00,0.000000000000000000e+00,1.590050943195819855e-02,0.000000000000000000e+00
1.214099884033203125e+00,1.878266930580139160e+00,0.000000000000000000e+00,0.000000000000000000e+00,0.000000000000000000e+00,0.000000000000000000e+00,0.000000000000000000e+00
0.000000000000000000e+00,1.331568956375122070e-01,1.529547274112701416e-01,0.000000000000000000e+00,0.000000000000000000e+00,4.480340480804443359e-01,2.860089063644409180e+00
0.000000000000000000e+00,3.562204599380493164e+00,0.000000000000000000e+00,0.000000000000000000e+00,8.900064826011657715e-01,0.000000000000000000e+00,4.865214347839355469e+00
0.000000000000000000e+00,0.000000000000000000e+00,0.000000000000000000e+00,0.000000000000000000e+00,1.068949699401855469e+00,2.783545732498168945e+00,2.563136816024780273e+00
0.000000000000000000e+00,0.000000000000000000e+00,8.345834612846374512e-01,0.000000000000000000e+00,2.418847531080245972e-01,1.300862550735473633e+00,3.705948114395141602e+00
0.000000000000000000e+00,0.000000000000000000e+00,1.811288714408874512e+00,0.000000000000000000e+00,0.000000000000000000e+00,0.000000000000000000e+00,7.377960085868835449e-01
1.075603723526000977e+00,0.000000000000000000e+00,1.206399798393249512e+00,0.000000000000000000e+00,0.000000000000000000e+00,0.000000000000000000e+00,0.000000000000000000e+00
2.628008842468261719e+00,0.000000000000000000e+00,1.144681334495544434e+00,0.000000000000000000e+00,0.000000000000000000e+00,0.000000000000000000e+00,0.000000000000000000e+00
3.813265562057495117e+00,0.000000000000000000e+00,1.310796499252319336e+00,0.000000000000000000e+00,0.000000000000000000e+00,6.700647473335266113e-01,0.000000000000000000e+00
2.131022453308105469e+00,7.249796390533447266e-02,5.410853624343872070e-01,0.000000000000000000e+00,0.000000000000000000e+00,0.000000000000000000e+00,0.000000000000000000e+00
0.000000000000000000e+00,8.189545869827270508e-01,1.762530922889709473e+00,0.000000000000000000e+00,0.000000000000000000e+00,0.000000000000000000e+00,3.191769361495971680e+00
0.000000000000000000e+00,2.425750494003295898e+00,1.982104659080505371e+00,0.000000000000000000e+00,0.000000000000000000e+00,0.000000000000000000e+00,1.206552505493164062e+00
0.000000000000000000e+00,1.662556767463684082e+00,1.362679839134216309e+00,0.000000000000000000e+00,5.840216577053070068e-02,0.000000000000000000e+00,3.478550672531127930e+00
0.000000000000000000e+00,2.167105913162231445e+00,3.404083013534545898e+00,0.000000000000000000e+00,0.000000000000000000e+00,0.000000000000000000e+00,2.961294889450073242e+00
0.000000000000000000e+00,3.030948936939239502e-01,1.168831959366798401e-01,0.000000000000000000e+00,0.000000000000000000e+00,4.149596393108367920e-01,5.354440212249755859e-01
0.000000000000000000e+00,3.435547113418579102e+00,2.429515123367309570e+00,0.000000000000000000e+00,0.000000000000000000e+00,0.000000000000000000e+00,4.453314781188964844e+00
0.000000000000000000e+00,0.000000000000000000e+00,9.298941493034362793e-01,0.000000000000000000e+00,1.709203608334064484e-02,1.615110635757446289e+00,2.855851173400878906e+00
2.215553522109985352e+00,0.000000000000000000e+00,5.394514203071594238e-01,0.000000000000000000e+00,0.000000000000000000e+00,2.653506398200988770e-01,0.000000000000000000e+00
1.088313460350036621e+00,0.000000000000000000e+00,0.000000000000000000e+00,0.000000000000000000e+00,1.107739657163619995e-01,9.012884497642517090e-01,0.000000000000000000e+00
0.000000000000000000e+00,1.270996689796447754e+00,3.199496269226074219e+00,0.000000000000000000e+00,0.000000000000000000e+00,0.000000000000000000e+00,1.746701240539550781e+00
1.365867376327514648e+00,7.242533564567565918e-02,0.000000000000000000e+00,0.000000000000000000e+00,0.000000000000000000e+00,1.409325152635574341e-01,0.000000000000000000e+00
0.000000000000000000e+00,2.376919746398925781e+00,0.000000000000000000e+00,0.000000000000000000e+00,0.000000000000000000e+00,0.000000000000000000e+00,4.462310671806335449e-02
0.000000000000000000e+00,5.502625703811645508e-01,1.159738674759864807e-01,0.000000000000000000e+00,0.000000000000000000e+00,0.000000000000000000e+00,1.501005649566650391e+00
0.000000000000000000e+00,1.569383502006530762e+00,9.724583029747009277e-01,0.000000000000000000e+00,0.000000000000000000e+00,0.000000000000000000e+00,1.363798618316650391e+00
0.000000000000000000e+00,5.449150800704956055e-01,2.983824163675308228e-02,0.000000000000000000e+00,0.000000000000000000e+00,4.960475862026214600e-02,1.695232629776000977e+00
0.000000000000000000e+00,3.993587493896484375e+00,0.000000000000000000e+00,0.000000000000000000e+00,0.000000000000000000e+00,0.000000000000000000e+00,1.756598234176635742e+00
1.161613941192626953e+00,4.647192955017089844e-01,7.618207335472106934e-01,0.000000000000000000e+00,0.000000000000000000e+00,0.000000000000000000e+00,0.000000000000000000e+00
0.000000000000000000e+00,3.329086065292358398e+00,2.342067241668701172e+00,0.000000000000000000e+00,0.000000000000000000e+00,0.000000000000000000e+00,2.899532794952392578e+00
0.000000000000000000e+00,3.409920215606689453e+00,4.040588438510894775e-01,0.000000000000000000e+00,0.000000000000000000e+00,0.000000000000000000e+00,0.000000000000000000e+00
0.000000000000000000e+00,4.404507637023925781e+00,0.000000000000000000e+00,0.000000000000000000e+00,0.000000000000000000e+00,0.000000000000000000e+00,0.000000000000000000e+00
0.000000000000000000e+00,5.099067211151123047e+00,0.000000000000000000e+00,0.000000000000000000e+00,0.000000000000000000e+00,0.000000000000000000e+00,0.000000000000000000e+00
0.000000000000000000e+00,4.841722965240478516e+00,0.000000000000000000e+00,0.000000000000000000e+00,0.000000000000000000e+00,0.000000000000000000e+00,0.000000000000000000e+00
0.000000000000000000e+00,5.033221244812011719e+00,0.000000000000000000e+00,0.000000000000000000e+00,0.000000000000000000e+00,0.000000000000000000e+00,1.920515298843383789e-01
0.000000000000000000e+00,4.375840187072753906e+00,0.000000000000000000e+00,0.000000000000000000e+00,0.000000000000000000e+00,0.000000000000000000e+00,0.000000000000000000e+00
0.000000000000000000e+00,5.232356071472167969e+00,0.000000000000000000e+00,0.000000000000000000e+00,0.000000000000000000e+00,0.000000000000000000e+00,0.000000000000000000e+00
0.000000000000000000e+00,5.349894523620605469e+00,0.000000000000000000e+00,0.000000000000000000e+00,0.000000000000000000e+00,0.000000000000000000e+00,0.000000000000000000e+00
0.000000000000000000e+00,5.071168422698974609e+00,0.000000000000000000e+00,0.000000000000000000e+00,0.000000000000000000e+00,0.000000000000000000e+00,0.000000000000000000e+00
2.458146214485168457e-01,3.558420658111572266e+00,0.000000000000000000e+00,0.000000000000000000e+00,0.000000000000000000e+00,0.000000000000000000e+00,0.000000000000000000e+00
0.000000000000000000e+00,1.637877464294433594e+00,0.000000000000000000e+00,0.000000000000000000e+00,0.000000000000000000e+00,0.000000000000000000e+00,6.329121589660644531e+00
0.000000000000000000e+00,0.000000000000000000e+00,0.000000000000000000e+00,0.000000000000000000e+00,1.728141427040100098e+00,1.793797373771667480e+00,4.315939903259277344e+00
0.000000000000000000e+00,1.669674992561340332e+00,0.000000000000000000e+00,0.000000000000000000e+00,0.000000000000000000e+00,0.000000000000000000e+00,6.383732795715332031e+00
2.773338556289672852e-01,3.806537628173828125e+00,0.000000000000000000e+00,0.000000000000000000e+00,0.000000000000000000e+00,0.000000000000000000e+00,0.000000000000000000e+00
1.282443404197692871e-01,3.930843353271484375e+00,0.000000000000000000e+00,0.000000000000000000e+00,0.000000000000000000e+00,0.000000000000000000e+00,0.000000000000000000e+00
2.193456888198852539e-02,4.263509273529052734e+00,0.000000000000000000e+00,0.000000000000000000e+00,0.000000000000000000e+00,0.000000000000000000e+00,0.000000000000000000e+00
0.000000000000000000e+00,4.285134315490722656e+00,0.000000000000000000e+00,0.000000000000000000e+00,0.000000000000000000e+00,0.000000000000000000e+00,0.000000000000000000e+00
0.000000000000000000e+00,4.484986782073974609e+00,0.000000000000000000e+00,0.000000000000000000e+00,0.000000000000000000e+00,0.000000000000000000e+00,0.000000000000000000e+00
0.000000000000000000e+00,4.464773178100585938e+00,0.000000000000000000e+00,0.000000000000000000e+00,0.000000000000000000e+00,0.000000000000000000e+00,1.908594369888305664e-02
0.000000000000000000e+00,4.239105224609375000e+00,0.000000000000000000e+00,0.000000000000000000e+00,0.000000000000000000e+00,0.000000000000000000e+00,0.000000000000000000e+00
0.000000000000000000e+00,4.925525665283203125e+00,0.000000000000000000e+00,0.000000000000000000e+00,0.000000000000000000e+00,0.000000000000000000e+00,0.000000000000000000e+00
0.000000000000000000e+00,4.326807498931884766e+00,0.000000000000000000e+00,0.000000000000000000e+00,0.000000000000000000e+00,0.000000000000000000e+00,0.000000000000000000e+00
0.000000000000000000e+00,4.069885253906250000e+00,0.000000000000000000e+00,0.000000000000000000e+00,0.000000000000000000e+00,0.000000000000000000e+00,0.000000000000000000e+00
1.064670324325561523e+00,2.154663324356079102e+00,0.000000000000000000e+00,0.000000000000000000e+00,0.000000000000000000e+00,0.000000000000000000e+00,0.000000000000000000e+00
0.000000000000000000e+00,0.000000000000000000e+00,0.000000000000000000e+00,0.000000000000000000e+00,5.413411557674407959e-02,1.810060262680053711e+00,3.754104375839233398e+00
1.372198104858398438e+00,0.000000000000000000e+00,0.000000000000000000e+00,0.000000000000000000e+00,7.042650580406188965e-01,2.795137405395507812e+00,7.704340815544128418e-01
1.326658010482788086e+00,0.000000000000000000e+00,0.000000000000000000e+00,0.000000000000000000e+00,0.000000000000000000e+00,1.408146739006042480e+00,0.000000000000000000e+00
2.820806026458740234e+00,0.000000000000000000e+00,5.087590813636779785e-01,0.000000000000000000e+00,2.700662374496459961e+00,4.607324123382568359e+00,0.000000000000000000e+00
1.471412301063537598e+00,0.000000000000000000e+00,3.920356929302215576e-01,0.000000000000000000e+00,2.075610160827636719e+00,3.624689102172851562e+00,5.520952343940734863e-01
1.171681165695190430e+00,1.314951181411743164e+00,0.000000000000000000e+00,0.000000000000000000e+00,0.000000000000000000e+00,0.000000000000000000e+00,0.000000000000000000e+00
0.000000000000000000e+00,0.000000000000000000e+00,2.673413276672363281e+00,0.000000000000000000e+00,8.502181768417358398e-01,1.316810846328735352e+00,1.185655832290649414e+00
0.000000000000000000e+00,0.000000000000000000e+00,4.816824436187744141e+00,0.000000000000000000e+00,1.419777274131774902e+00,2.702112436294555664e+00,1.340980529785156250e+00
0.000000000000000000e+00,0.000000000000000000e+00,0.000000000000000000e+00,0.000000000000000000e+00,1.255584239959716797e+00,2.036364078521728516e+00,4.591583728790283203e+00
0.000000000000000000e+00,0.000000000000000000e+00,0.000000000000000000e+00,0.000000000000000000e+00,1.622743606567382812e+00,3.424885988235473633e+00,2.994327783584594727e+00
1.406787395477294922e+00,0.000000000000000000e+00,0.000000000000000000e+00,0.000000000000000000e+00,8.431992530822753906e-01,1.816300392150878906e+00,1.786356568336486816e-01
0.000000000000000000e+00,0.000000000000000000e+00,2.858294486999511719e+00,0.000000000000000000e+00,4.346265792846679688e-01,2.184406280517578125e+00,1.498110055923461914e+00
0.000000000000000000e+00,0.000000000000000000e+00,3.713927268981933594e+00,0.000000000000000000e+00,2.979668855667114258e+00,4.246136665344238281e+00,1.272404670715332031e+00
0.000000000000000000e+00,0.000000000000000000e+00,2.737802743911743164e+00,0.000000000000000000e+00,6.785499453544616699e-01,1.230095386505126953e+00,4.840936064720153809e-01
2.673857212066650391e+00,0.000000000000000000e+00,9.306347966194152832e-01,0.000000000000000000e+00,1.764210581779479980e+00,3.322605609893798828e+00,0.000000000000000000e+00
2.780517578125000000e+00,0.000000000000000000e+00,1.645434141159057617e+00,0.000000000000000000e+00,1.617548465728759766e+00,3.870661020278930664e+00,0.000000000000000000e+00
2.397832393646240234e+00,0.000000000000000000e+00,2.089448213577270508e+00,0.000000000000000000e+00,2.878590226173400879e-01,1.793796062469482422e+00,0.000000000000000000e+00
3.445704460144042969e+00,0.000000000000000000e+00,1.951226949691772461e+00,0.000000000000000000e+00,0.000000000000000000e+00,1.028412222862243652e+00,0.000000000000000000e+00
1.455665230751037598e+00,0.000000000000000000e+00,1.995936870574951172e+00,0.000000000000000000e+00,2.257187128067016602e+00,4.195664882659912109e+00,2.935921549797058105e-01
8.653638362884521484e-01,0.000000000000000000e+00,1.422406911849975586e+00,0.000000000000000000e+00,2.643091917037963867e+00,5.012561321258544922e+00,1.232073545455932617e+00
6.688662171363830566e-01,0.000000000000000000e+00,0.000000000000000000e+00,0.000000000000000000e+00,3.006845712661743164e+00,4.744565486907958984e+00,2.461993455886840820e+00
1.260434985160827637e-01,0.000000000000000000e+00,0.000000000000000000e+00,0.000000000000000000e+00,4.183431625366210938e+00,6.065339088439941406e+00,3.036288976669311523e+00
0.000000000000000000e+00,0.000000000000000000e+00,3.422917127609252930e+00,0.000000000000000000e+00,0.000000000000000000e+00,0.000000000000000000e+00,4.000275731086730957e-01
2.790389060974121094e+00,0.000000000000000000e+00,6.240956187248229980e-01,0.000000000000000000e+00,0.000000000000000000e+00,9.043591618537902832e-01,0.000000000000000000e+00
0.000000000000000000e+00,0.000000000000000000e+00,2.789880514144897461e+00,0.000000000000000000e+00,2.012702077627182007e-01,1.008806467056274414e+00,1.071068644523620605e-02
1.447255134582519531e+00,0.000000000000000000e+00,6.425791978836059570e-01,0.000000000000000000e+00,2.887543916702270508e+00,4.527603626251220703e+00,9.519475102424621582e-01
2.274163484573364258e+00,0.000000000000000000e+00,5.249102115631103516e-01,0.000000000000000000e+00,1.893217325210571289e+00,3.224801540374755859e+00,0.000000000000000000e+00
2.099973559379577637e-01,0.000000000000000000e+00,3.846394538879394531e+00,0.000000000000000000e+00,1.545147150754928589e-01,9.086739420890808105e-01,0.000000000000000000e+00
1.260820746421813965e+00,0.000000000000000000e+00,3.042319536209106445e+00,0.000000000000000000e+00,8.382551372051239014e-02,1.171650886535644531e+00,0.000000000000000000e+00
0.000000000000000000e+00,0.000000000000000000e+00,5.077871322631835938e+00,0.000000000000000000e+00,1.726694464683532715e+00,3.607635974884033203e+00,4.550020098686218262e-01
0.000000000000000000e+00,0.000000000000000000e+00,2.629023075103759766e+00,0.000000000000000000e+00,2.092364311218261719e+00,4.262938022613525391e+00,1.318840503692626953e+00
1.312468767166137695e+00,0.000000000000000000e+00,0.000000000000000000e+00,0.000000000000000000e+00,2.671719074249267578e+00,4.249606132507324219e+00,1.554625272750854492e+00
0.000000000000000000e+00,0.000000000000000000e+00,0.000000000000000000e+00,0.000000000000000000e+00,2.150578260421752930e+00,4.075362205505371094e+00,3.037615299224853516e+00
0.000000000000000000e+00,1.092641711235046387e+00,4.690299987792968750e+00,0.000000000000000000e+00,0.000000000000000000e+00,0.000000000000000000e+00,1.687218666076660156e+00
0.000000000000000000e+00,9.890226125717163086e-01,1.941019415855407715e+00,0.000000000000000000e+00,0.000000000000000000e+00,0.000000000000000000e+00,1.879053831100463867e+00
0.000000000000000000e+00,0.000000000000000000e+00,4.297346591949462891e+00,0.000000000000000000e+00,5.338545441627502441e-01,2.290661782026290894e-01,1.517249584197998047e+00
0.000000000000000000e+00,2.519028782844543457e-01,2.211384057998657227e+00,0.000000000000000000e+00,0.000000000000000000e+00,0.000000000000000000e+00,6.072207093238830566e-01
2.187413692474365234e+00,0.000000000000000000e+00,1.802690267562866211e+00,0.000000000000000000e+00,1.096366532146930695e-02,1.111902236938476562e+00,0.000000000000000000e+00
2.764745473861694336e+00,0.000000000000000000e+00,1.476435780525207520e+00,0.000000000000000000e+00,0.000000000000000000e+00,2.280488461256027222e-01,0.000000000000000000e+00
2.091405630111694336e+00,0.000000000000000000e+00,1.550575137138366699e+00,0.000000000000000000e+00,7.203759551048278809e-01,1.696971297264099121e+00,0.000000000000000000e+00
1.362256765365600586e+00,0.000000000000000000e+00,1.185931563377380371e+00,0.000000000000000000e+00,9.110967814922332764e-02,2.050694227218627930e+00,0.000000000000000000e+00
8.266250491142272949e-01,0.000000000000000000e+00,5.199490070343017578e+00,0.000000000000000000e+00,2.109856843948364258e+00,3.591077566146850586e+00,0.000000000000000000e+00
0.000000000000000000e+00,0.000000000000000000e+00,5.354317188262939453e+00,0.000000000000000000e+00,1.816172838211059570e+00,1.721850037574768066e+00,4.831370711326599121e-01
0.000000000000000000e+00,0.000000000000000000e+00,0.000000000000000000e+00,0.000000000000000000e+00,1.794972062110900879e+00,3.229241371154785156e+00,2.570219516754150391e+00
3.443579673767089844e+00,0.000000000000000000e+00,1.858164191246032715e+00,0.000000000000000000e+00,1.048793047666549683e-01,1.423748612403869629e+00,0.000000000000000000e+00
1.382979869842529297e+00,0.000000000000000000e+00,0.000000000000000000e+00,0.000000000000000000e+00,1.179294109344482422e+00,3.501860618591308594e+00,8.175656199455261230e-01
3.072571277618408203e+00,0.000000000000000000e+00,9.311231970787048340e-01,0.000000000000000000e+00,0.000000000000000000e+00,1.158453106880187988e+00,0.000000000000000000e+00
1.228488445281982422e+00,0.000000000000000000e+00,3.798081576824188232e-01,0.000000000000000000e+00,0.000000000000000000e+00,7.303216457366943359e-01,0.000000000000000000e+00
0.000000000000000000e+00,2.177278757095336914e+00,2.570148944854736328e+00,0.000000000000000000e+00,0.000000000000000000e+00,0.000000000000000000e+00,1.708171367645263672e+00
0.000000000000000000e+00,0.000000000000000000e+00,0.000000000000000000e+00,0.000000000000000000e+00,1.857924342155456543e+00,3.027482509613037109e+00,2.497204780578613281e+00
0.000000000000000000e+00,0.000000000000000000e+00,2.649663686752319336e+00,0.000000000000000000e+00,0.000000000000000000e+00,3.664365410804748535e-01,9.838175177574157715e-01
0.000000000000000000e+00,1.201568484306335449e+00,9.479729086160659790e-02,0.000000000000000000e+00,8.575926423072814941e-01,5.573437213897705078e-01,4.094600677490234375e+00
0.000000000000000000e+00,3.051898241043090820e+00,3.827641248703002930e+00,0.000000000000000000e+00,1.107313036918640137e+00,0.000000000000000000e+00,5.133419990539550781e+00
0.000000000000000000e+00,0.000000000000000000e+00,6.183080673217773438e+00,0.000000000000000000e+00,2.138223648071289062e+00,2.036623477935791016e+00,2.583926439285278320e+00
0.000000000000000000e+00,0.000000000000000000e+00,0.000000000000000000e+00,0.000000000000000000e+00,2.235161781311035156e+00,3.791255712509155273e+00,3.178391218185424805e+00
1.941321611404418945e+00,0.000000000000000000e+00,3.086591005325317383e+00,0.000000000000000000e+00,4.534748196601867676e-01,2.266798019409179688e+00,0.000000000000000000e+00
9.537073969841003418e-01,0.000000000000000000e+00,4.362350940704345703e+00,0.000000000000000000e+00,2.220004796981811523e+00,3.024254560470581055e+00,0.000000000000000000e+00
5.543600320816040039e-01,0.000000000000000000e+00,2.764221191406250000e+00,0.000000000000000000e+00,2.227336883544921875e+00,3.468922615051269531e+00,5.735191702842712402e-01
0.000000000000000000e+00,0.000000000000000000e+00,4.968244552612304688e+00,0.000000000000000000e+00,1.455899357795715332e+00,2.834263324737548828e+00,1.709646582603454590e-01
0.000000000000000000e+00,0.000000000000000000e+00,4.785734653472900391e+00,0.000000000000000000e+00,1.237453341484069824e+00,1.013807415962219238e+00,9.728919863700866699e-01
0.000000000000000000e+00,0.000000000000000000e+00,1.244348168373107910e+00,0.000000000000000000e+00,7.615337371826171875e-01,8.077752590179443359e-01,2.207722902297973633e+00
0.000000000000000000e+00,1.929336547851562500e+00,3.892751693725585938e+00,0.000000000000000000e+00,1.291488260030746460e-01,0.000000000000000000e+00,2.890426635742187500e+00
0.000000000000000000e+00,1.819645166397094727e+00,2.708190441131591797e+00,0.000000000000000000e+00,0.000000000000000000e+00,0.000000000000000000e+00,2.335201025009155273e+00
0.000000000000000000e+00,5.173073291778564453e+00,1.109158873558044434e+00,0.000000000000000000e+00,9.651469588279724121e-01,0.000000000000000000e+00,2.850584506988525391e+00
0.000000000000000000e+00,5.620616436004638672e+00,0.000000000000000000e+00,0.000000000000000000e+00,2.066056616604328156e-02,0.000000000000000000e+00,2.890479326248168945e+00
0.000000000000000000e+00,4.960539817810058594e+00,1.537599682807922363e+00,0.000000000000000000e+00,0.000000000000000000e+00,0.000000000000000000e+00,2.643376111984252930e+00
0.000000000000000000e+00,4.845714569091796875e+00,0.000000000000000000e+00,0.000000000000000000e+00,0.000000000000000000e+00,0.000000000000000000e+00,0.000000000000000000e+00
0.000000000000000000e+00,4.886445522308349609e+00,0.000000000000000000e+00,0.000000000000000000e+00,0.000000000000000000e+00,0.000000000000000000e+00,1.913982033729553223e-01
0.000000000000000000e+00,4.084681510925292969e+00,0.000000000000000000e+00,0.000000000000000000e+00,0.000000000000000000e+00,0.000000000000000000e+00,0.000000000000000000e+00
1.307554841041564941e-01,3.892904281616210938e+00,0.000000000000000000e+00,0.000000000000000000e+00,0.000000000000000000e+00,0.000000000000000000e+00,0.000000000000000000e+00
0.000000000000000000e+00,4.985914230346679688e+00,0.000000000000000000e+00,0.000000000000000000e+00,0.000000000000000000e+00,0.000000000000000000e+00,0.000000000000000000e+00
0.000000000000000000e+00,4.817951202392578125e+00,0.000000000000000000e+00,0.000000000000000000e+00,0.000000000000000000e+00,0.000000000000000000e+00,0.000000000000000000e+00
2.044345736503601074e-01,4.453279495239257812e+00,0.000000000000000000e+00,0.000000000000000000e+00,0.000000000000000000e+00,0.000000000000000000e+00,0.000000000000000000e+00
0.000000000000000000e+00,0.000000000000000000e+00,0.000000000000000000e+00,0.000000000000000000e+00,8.791428804397583008e-01,1.823268651962280273e+00,5.117724418640136719e+00
0.000000000000000000e+00,0.000000000000000000e+00,0.000000000000000000e+00,0.000000000000000000e+00,1.437480449676513672e+00,2.359298229217529297e+00,4.253332138061523438e+00
0.000000000000000000e+00,1.369793415069580078e+00,0.000000000000000000e+00,0.000000000000000000e+00,0.000000000000000000e+00,0.000000000000000000e+00,5.573236942291259766e+00
0.000000000000000000e+00,4.583434581756591797e+00,0.000000000000000000e+00,0.000000000000000000e+00,0.000000000000000000e+00,0.000000000000000000e+00,0.000000000000000000e+00
1.501483917236328125e-01,4.003481864929199219e+00,0.000000000000000000e+00,0.000000000000000000e+00,0.000000000000000000e+00,0.000000000000000000e+00,0.000000000000000000e+00
0.000000000000000000e+00,4.160377502441406250e+00,0.000000000000000000e+00,0.000000000000000000e+00,0.000000000000000000e+00,0.000000000000000000e+00,0.000000000000000000e+00
0.000000000000000000e+00,4.909436225891113281e+00,0.000000000000000000e+00,0.000000000000000000e+00,0.000000000000000000e+00,0.000000000000000000e+00,0.000000000000000000e+00
0.000000000000000000e+00,5.286878585815429688e+00,0.000000000000000000e+00,0.000000000000000000e+00,0.000000000000000000e+00,0.000000000000000000e+00,0.000000000000000000e+00
0.000000000000000000e+00,4.424722671508789062e+00,0.000000000000000000e+00,0.000000000000000000e+00,0.000000000000000000e+00,0.000000000000000000e+00,0.000000000000000000e+00
0.000000000000000000e+00,4.230000019073486328e+00,1.391146063804626465e+00,0.000000000000000000e+00,0.000000000000000000e+00,0.000000000000000000e+00,1.176313638687133789e+00
0.000000000000000000e+00,2.859093904495239258e+00,1.409736752510070801e+00,0.000000000000000000e+00,0.000000000000000000e+00,0.000000000000000000e+00,1.834029197692871094e+00
6.937306523323059082e-01,0.000000000000000000e+00,0.000000000000000000e+00,0.000000000000000000e+00,2.239638090133666992e+00,3.634829282760620117e+00,1.974782228469848633e+00
3.997013270854949951e-01,0.000000000000000000e+00,0.000000000000000000e+00,0.000000000000000000e+00,4.178668975830078125e+00,5.257013797760009766e+00,3.262041330337524414e+00
0.000000000000000000e+00,0.000000000000000000e+00,4.124532043933868408e-01,0.000000000000000000e+00,8.812773823738098145e-01,2.825665235519409180e+00,1.828890562057495117e+00
2.717027664184570312e+00,0.000000000000000000e+00,6.922085881233215332e-01,0.000000000000000000e+00,4.289653897285461426e-01,1.986426830291748047e+00,0.000000000000000000e+00
2.908879756927490234e+00,0.000000000000000000e+00,9.773219227790832520e-01,0.000000000000000000e+00,0.000000000000000000e+00,6.324940919876098633e-01,0.000000000000000000e+00
0.000000000000000000e+00,3.302261233329772949e-01,2.423187017440795898e+00,0.000000000000000000e+00,4.984924197196960449e-01,4.676936268806457520e-01,3.515865564346313477e+00
0.000000000000000000e+00,2.537500858306884766e-01,2.432090520858764648e+00,0.000000000000000000e+00,2.867636680603027344e-01,0.000000000000000000e+00,0.000000000000000000e+00
0.000000000000000000e+00,1.597351074218750000e+00,0.000000000000000000e+00,0.000000000000000000e+00,0.000000000000000000e+00,0.000000000000000000e+00,3.399474859237670898e+00
0.000000000000000000e+00,2.863896131515502930e+00,9.737429022789001465e-01,0.000000000000000000e+00,5.362432599067687988e-01,0.000000000000000000e+00,2.823619842529296875e+00
0.000000000000000000e+00,2.442880868911743164e-01,0.000000000000000000e+00,0.000000000000000000e+00,9.132009744644165039e-01,1.695164322853088379e+00,4.853350639343261719e+00
0.000000000000000000e+00,0.000000000000000000e+00,0.000000000000000000e+00,0.000000000000000000e+00,1.118726730346679688e+00,1.982343912124633789e+00,3.332096576690673828e+00
8.826581835746765137e-01,0.000000000000000000e+00,1.117599129676818848e+00,0.000000000000000000e+00,0.000000000000000000e+00,1.053857058286666870e-01,0.000000000000000000e+00
2.373777151107788086e+00,0.000000000000000000e+00,2.775735139846801758e+00,0.000000000000000000e+00,1.717491745948791504e+00,3.326477527618408203e+00,0.000000000000000000e+00
0.000000000000000000e+00,0.000000000000000000e+00,2.068870544433593750e+00,0.000000000000000000e+00,1.233981251716613770e+00,3.903424263000488281e+00,1.728406667709350586e+00
8.573153614997863770e-01,1.260090351104736328e+00,0.000000000000000000e+00,0.000000000000000000e+00,0.000000000000000000e+00,0.000000000000000000e+00,0.000000000000000000e+00
2.706076145172119141e+00,0.000000000000000000e+00,7.500653266906738281e-01,0.000000000000000000e+00,0.000000000000000000e+00,0.000000000000000000e+00,0.000000000000000000e+00
0.000000000000000000e+00,0.000000000000000000e+00,2.513424873352050781e+00,0.000000000000000000e+00,0.000000000000000000e+00,0.000000000000000000e+00,0.000000000000000000e+00
0.000000000000000000e+00,1.629058420658111572e-01,4.237901210784912109e+00,0.000000000000000000e+00,0.000000000000000000e+00,0.000000000000000000e+00,9.844173789024353027e-01
0.000000000000000000e+00,0.000000000000000000e+00,4.243587970733642578e+00,0.000000000000000000e+00,3.992133736610412598e-01,1.309629559516906738e+00,2.912062406539916992e-01
0.000000000000000000e+00,0.000000000000000000e+00,5.765561103820800781e+00,0.000000000000000000e+00,1.020997017621994019e-01,0.000000000000000000e+00,1.827049016952514648e+00
1.632984399795532227e+00,0.000000000000000000e+00,5.969647318124771118e-02,0.000000000000000000e+00,7.383476495742797852e-01,2.327717304229736328e+00,0.000000000000000000e+00
1.620825052261352539e+00,0.000000000000000000e+00,3.425371646881103516e+00,0.000000000000000000e+00,1.581489205360412598e+00,2.241953134536743164e+00,0.000000000000000000e+00
9.211254119873046875e-02,0.000000000000000000e+00,2.453443050384521484e+00,0.000000000000000000e+00,0.000000000000000000e+00,3.159443438053131104e-01,0.000000000000000000e+00
7.133328318595886230e-01,0.000000000000000000e+00,2.672088623046875000e+00,0.000000000000000000e+00,3.888056278228759766e-01,1.081666707992553711e+00,0.000000000000000000e+00
8.830298185348510742e-01,0.000000000000000000e+00,0.000000000000000000e+00,0.000000000000000000e+00,1.420884370803833008e+00,2.847211837768554688e+00,1.170610189437866211e+00
2.296975135803222656e+00,0.000000000000000000e+00,1.085033893585205078e+00,0.000000000000000000e+00,1.140886664390563965e+00,1.768241524696350098e+00,0.000000000000000000e+00
0.000000000000000000e+00,0.000000000000000000e+00,3.581987857818603516e+00,0.000000000000000000e+00,3.773555755615234375e-01,1.453125953674316406e+00,1.365460395812988281e+00
0.000000000000000000e+00,1.469080090522766113e+00,6.022639870643615723e-01,0.000000000000000000e+00,0.000000000000000000e+00,0.000000000000000000e+00,1.006568431854248047e+00
0.000000000000000000e+00,0.000000000000000000e+00,2.864930152893066406e+00,0.000000000000000000e+00,0.000000000000000000e+00,3.545259833335876465e-01,0.000000000000000000e+00
0.000000000000000000e+00,2.238158881664276123e-01,1.542035937309265137e+00,0.000000000000000000e+00,4.274176955223083496e-01,6.470742821693420410e-01,3.518055200576782227e+00
0.000000000000000000e+00,2.409687757492065430e+00,4.393655776977539062e+00,0.000000000000000000e+00,2.693917155265808105e-01,0.000000000000000000e+00,3.973181486129760742e+00
0.000000000000000000e+00,0.000000000000000000e+00,7.091225147247314453e+00,0.000000000000000000e+00,0.000000000000000000e+00,6.114038825035095215e-01,1.043816328048706055e+00
0.000000000000000000e+00,0.000000000000000000e+00,8.392013609409332275e-03,0.000000000000000000e+00,0.000000000000000000e+00,1.344079017639160156e+00,2.772755622863769531e+00
9.490276575088500977e-01,0.000000000000000000e+00,3.862061738967895508e+00,0.000000000000000000e+00,4.085778594017028809e-01,1.575849771499633789e+00,0.000000000000000000e+00
3.213200092315673828e+00,0.000000000000000000e+00,1.463732123374938965e+00,0.000000000000000000e+00,1.574718952178955078e+00,2.445182561874389648e+00,0.000000000000000000e+00
2.740326404571533203e+00,0.000000000000000000e+00,1.273972034454345703e+00,0.000000000000000000e+00,1.246242523193359375e+00,1.963128209114074707e+00,0.000000000000000000e+00
1.424238681793212891e+00,0.000000000000000000e+00,1.862321496009826660e-01,0.000000000000000000e+00,1.775574535131454468e-01,6.831322908401489258e-01,0.000000000000000000e+00
0.000000000000000000e+00,0.000000000000000000e+00,2.855144262313842773e+00,0.000000000000000000e+00,1.223668098449707031e+00,1.888098955154418945e+00,6.740028858184814453e-01
2.802471160888671875e+00,0.000000000000000000e+00,1.988210558891296387e+00,0.000000000000000000e+00,0.000000000000000000e+00,6.654888391494750977e-01,0.000000000000000000e+00
3.655236482620239258e+00,0.000000000000000000e+00,1.582139372825622559e+00,0.000000000000000000e+00,7.327152490615844727e-01,2.005541563034057617e+00,0.000000000000000000e+00
5.179477930068969727e-01,0.000000000000000000e+00,3.383973836898803711e+00,0.000000000000000000e+00,4.453009963035583496e-01,2.096901655197143555e+00,0.000000000000000000e+00
2.733542203903198242e+00,0.000000000000000000e+00,7.289686799049377441e-01,0.000000000000000000e+00,1.984632849693298340e+00,3.973300695419311523e+00,0.000000000000000000e+00
1.593943119049072266e+00,0.000000000000000000e+00,0.000000000000000000e+00,0.000000000000000000e+00,3.205562531948089600e-01,1.837132334709167480e+00,0.000000000000000000e+00
0.000000000000000000e+00,0.000000000000000000e+00,5.574051290750503540e-02,0.000000000000000000e+00,1.269474744796752930e+00,2.968783378601074219e+00,1.471485853195190430e+00
1.738381385803222656e+00,1.122298836708068848e-01,2.521051764488220215e-01,0.000000000000000000e+00,0.000000000000000000e+00,0.000000000000000000e+00,0.000000000000000000e+00
1.907472848892211914e+00,0.000000000000000000e+00,2.691689968109130859e+00,0.000000000000000000e+00,1.140501379966735840e+00,2.091281414031982422e+00,0.000000000000000000e+00
1.410775423049926758e+00,0.000000000000000000e+00,0.000000000000000000e+00,0.000000000000000000e+00,8.336917757987976074e-01,1.223036766052246094e+00,0.000000000000000000e+00
0.000000000000000000e+00,0.000000000000000000e+00,3.869587898254394531e+00,0.000000000000000000e+00,1.625590212643146515e-02,1.292726516723632812e+00,1.064022779464721680e+00
9.676290154457092285e-01,0.000000000000000000e+00,0.000000000000000000e+00,0.000000000000000000e+00,1.540475964546203613e+00,2.435500621795654297e+00,1.070596694946289062e+00
0.000000000000000000e+00,7.286280393600463867e-01,2.210216045379638672e+00,0.000000000000000000e+00,0.000000000000000000e+00,0.000000000000000000e+00,1.009910345077514648e+00
7.070255875587463379e-01,0.000000000000000000e+00,2.603453636169433594e+00,0.000000000000000000e+00,1.035853147506713867e+00,1.781071424484252930e+00,0.000000000000000000e+00
0.000000000000000000e+00,0.000000000000000000e+00,2.853229999542236328e+00,0.000000000000000000e+00,0.000000000000000000e+00,0.000000000000000000e+00,0.000000000000000000e+00
0.000000000000000000e+00,0.000000000000000000e+00,3.701143264770507812e+00,0.000000000000000000e+00,6.116534471511840820e-01,1.536424160003662109e+00,6.822312474250793457e-01
4.869489073753356934e-01,0.000000000000000000e+00,0.000000000000000000e+00,0.000000000000000000e+00,2.895644903182983398e+00,4.313477516174316406e+00,2.552672624588012695e+00
1.654496431350708008e+00,0.000000000000000000e+00,0.000000000000000000e+00,0.000000000000000000e+00,6.341402232646942139e-02,1.356394171714782715e+00,0.000000000000000000e+00
3.132308721542358398e+00,0.000000000000000000e+00,9.976962208747863770e-01,0.000000000000000000e+00,0.000000000000000000e+00,3.325575590133666992e-01,0.000000000000000000e+00
2.182844638824462891e+00,0.000000000000000000e+00,2.094208717346191406e+00,0.000000000000000000e+00,0.000000000000000000e+00,2.196567133069038391e-03,0.000000000000000000e+00
2.235807418823242188e+00,0.000000000000000000e+00,7.418330311775207520e-01,0.000000000000000000e+00,0.000000000000000000e+00,3.047493994235992432e-01,0.000000000000000000e+00
0.000000000000000000e+00,9.076322317123413086e-01,1.482514023780822754e+00,0.000000000000000000e+00,0.000000000000000000e+00,0.000000000000000000e+00,3.923827409744262695e-01
2.379677057266235352e+00,0.000000000000000000e+00,6.925393939018249512e-01,0.000000000000000000e+00,0.000000000000000000e+00,1.448420584201812744e-01,0.000000000000000000e+00
0.000000000000000000e+00,2.283417224884033203e+00,1.637100338935852051e+00,0.000000000000000000e+00,2.334444373846054077e-01,0.000000000000000000e+00,3.601960897445678711e+00
3.030324459075927734e+00,0.000000000000000000e+00,9.413765668869018555e-01,0.000000000000000000e+00,0.000000000000000000e+00,2.033748179674148560e-01,0.000000000000000000e+00
0.000000000000000000e+00,8.304640054702758789e-01,1.743866205215454102e+00,0.000000000000000000e+00,0.000000000000000000e+00,0.000000000000000000e+00,2.272202491760253906e+00
1.813799142837524414e+00,0.000000000000000000e+00,6.306770443916320801e-01,0.000000000000000000e+00,0.000000000000000000e+00,5.214657187461853027e-01,0.000000000000000000e+00
0.000000000000000000e+00,3.836879014968872070e+00,0.000000000000000000e+00,0.000000000000000000e+00,0.000000000000000000e+00,0.000000000000000000e+00,7.655887007713317871e-01
0.000000000000000000e+00,4.008677005767822266e+00,0.000000000000000000e+00,0.000000000000000000e+00,0.000000000000000000e+00,0.000000000000000000e+00,0.000000000000000000e+00
3.031933903694152832e-01,3.730720996856689453e+00,0.000000000000000000e+00,0.000000000000000000e+00,0.000000000000000000e+00,0.000000000000000000e+00,0.000000000000000000e+00
1.543958187103271484e-01,3.983538866043090820e+00,0.000000000000000000e+00,0.000000000000000000e+00,0.000000000000000000e+00,0.000000000000000000e+00,0.000000000000000000e+00
0.000000000000000000e+00,4.368332862854003906e+00,0.000000000000000000e+00,0.000000000000000000e+00,0.000000000000000000e+00,0.000000000000000000e+00,0.000000000000000000e+00
0.000000000000000000e+00,4.587848663330078125e+00,0.000000000000000000e+00,0.000000000000000000e+00,0.000000000000000000e+00,0.000000000000000000e+00,0.000000000000000000e+00
0.000000000000000000e+00,5.194038867950439453e+00,0.000000000000000000e+00,0.000000000000000000e+00,0.000000000000000000e+00,0.000000000000000000e+00,0.000000000000000000e+00
0.000000000000000000e+00,4.733499526977539062e+00,0.000000000000000000e+00,0.000000000000000000e+00,0.000000000000000000e+00,0.000000000000000000e+00,0.000000000000000000e+00
0.000000000000000000e+00,4.906222343444824219e+00,0.000000000000000000e+00,0.000000000000000000e+00,0.000000000000000000e+00,0.000000000000000000e+00,0.000000000000000000e+00
0.000000000000000000e+00,7.400820255279541016e-01,0.000000000000000000e+00,0.000000000000000000e+00,0.000000000000000000e+00,1.631861180067062378e-01,5.131847858428955078e+00
3.998313546180725098e-01,0.000000000000000000e+00,0.000000000000000000e+00,0.000000000000000000e+00,3.605898857116699219e+00,4.860196590423583984e+00,3.425070762634277344e+00
0.000000000000000000e+00,1.459358632564544678e-01,0.000000000000000000e+00,0.000000000000000000e+00,0.000000000000000000e+00,6.156135201454162598e-01,5.729939937591552734e+00
0.000000000000000000e+00,4.359881401062011719e+00,0.000000000000000000e+00,0.000000000000000000e+00,0.000000000000000000e+00,0.000000000000000000e+00,0.000000000000000000e+00
2.710154056549072266e-01,3.687025547027587891e+00,0.000000000000000000e+00,0.000000000000000000e+00,0.000000000000000000e+00,0.000000000000000000e+00,0.000000000000000000e+00
0.000000000000000000e+00,4.979858875274658203e+00,0.000000000000000000e+00,0.000000000000000000e+00,0.000000000000000000e+00,0.000000000000000000e+00,0.000000000000000000e+00
0.000000000000000000e+00,4.948063373565673828e+00,0.000000000000000000e+00,0.000000000000000000e+00,0.000000000000000000e+00,0.000000000000000000e+00,0.000000000000000000e+00
0.000000000000000000e+00,4.728251457214355469e+00,0.000000000000000000e+00,0.000000000000000000e+00,0.000000000000000000e+00,0.000000000000000000e+00,0.000000000000000000e+00
1.516194343566894531e-01,3.747167348861694336e+00,0.000000000000000000e+00,0.000000000000000000e+00,0.000000000000000000e+00,0.000000000000000000e+00,0.000000000000000000e+00
5.047922730445861816e-01,3.582954406738281250e+00,0.000000000000000000e+00,0.000000000000000000e+00,0.000000000000000000e+00,0.000000000000000000e+00,0.000000000000000000e+00
1.997749567031860352e+00,2.959462702274322510e-01,4.812512397766113281e-01,0.000000000000000000e+00,0.000000000000000000e+00,0.000000000000000000e+00,0.000000000000000000e+00
0.000000000000000000e+00,0.000000000000000000e+00,3.676902353763580322e-01,0.000000000000000000e+00,1.248363971710205078e+00,3.986371278762817383e+00,2.570200920104980469e+00
3.147243857383728027e-01,0.000000000000000000e+00,0.000000000000000000e+00,0.000000000000000000e+00,1.187408566474914551e+00,3.766529083251953125e+00,1.777518272399902344e+00
0.000000000000000000e+00,0.000000000000000000e+00,4.440844058990478516e+00,0.000000000000000000e+00,3.009538054466247559e-01,8.541748523712158203e-01,0.000000000000000000e+00
0.000000000000000000e+00,0.000000000000000000e+00,4.120104610919952393e-01,0.000000000000000000e+00,1.301872730255126953e+00,1.852915406227111816e+00,1.098777532577514648e+00
0.000000000000000000e+00,3.856957554817199707e-01,2.305800914764404297e+00,0.000000000000000000e+00,8.364959955215454102e-01,2.894279360771179199e-01,7.911759018898010254e-01
2.048846006393432617e+00,0.000000000000000000e+00,5.654899477958679199e-01,0.000000000000000000e+00,2.206504583358764648e+00,3.883877277374267578e+00,1.449618935585021973e-01
2.756673097610473633e+00,0.000000000000000000e+00,9.543316960334777832e-01,0.000000000000000000e+00,1.840782523155212402e+00,3.817816257476806641e+00,0.000000000000000000e+00
3.896242380142211914e+00,0.000000000000000000e+00,7.600697875022888184e-01,0.000000000000000000e+00,0.000000000000000000e+00,2.578564405441284180e+00,0.000000000000000000e+00
0.000000000000000000e+00,0.000000000000000000e+00,3.168857097625732422e+00,0.000000000000000000e+00,1.951784729957580566e+00,3.654395341873168945e+00,1.079719543457031250e+00
0.000000000000000000e+00,0.000000000000000000e+00,5.013620257377624512e-01,0.000000000000000000e+00,2.237403869628906250e+00,4.557653903961181641e+00,2.263436079025268555e+00
1.386755943298339844e+00,0.000000000000000000e+00,0.000000000000000000e+00,0.000000000000000000e+00,3.130613803863525391e+00,4.892299652099609375e+00,1.526526451110839844e+00
3.407150506973266602e-01,0.000000000000000000e+00,3.160325050354003906e+00,0.000000000000000000e+00,1.421417832374572754e+00,3.096837520599365234e+00,3.758637309074401855e-01
5.921145081520080566e-01,0.000000000000000000e+00,0.000000000000000000e+00,0.000000000000000000e+00,2.578963994979858398e+00,4.028974533081054688e+00,1.660463094711303711e+00
2.040819168090820312e+00,0.000000000000000000e+00,0.000000000000000000e+00,0.000000000000000000e+00,3.251302480697631836e+00,5.152847290039062500e+00,1.271077632904052734e+00
3.335113286972045898e+00,0.000000000000000000e+00,1.384206891059875488e+00,0.000000000000000000e+00,8.939184546470642090e-01,3.501627206802368164e+00,0.000000000000000000e+00
1.296217441558837891e-01,0.000000000000000000e+00,4.024428367614746094e+00,0.000000000000000000e+00,1.446432352066040039e+00,1.758977532386779785e+00,0.000000000000000000e+00
0.000000000000000000e+00,0.000000000000000000e+00,3.732535839080810547e+00,0.000000000000000000e+00,1.786802411079406738e+00,1.894562125205993652e+00,1.740488409996032715e-01
0.000000000000000000e+00,0.000000000000000000e+00,7.342408299446105957e-01,0.000000000000000000e+00,1.069273829460144043e+00,2.435082674026489258e+00,2.204911231994628906e+00
0.000000000000000000e+00,7.504332065582275391e-01,5.276557445526123047e+00,0.000000000000000000e+00,2.134554237127304077e-01,0.000000000000000000e+00,2.945675134658813477e+00
0.000000000000000000e+00,0.000000000000000000e+00,5.308447837829589844e+00,0.000000000000000000e+00,1.739615321159362793e+00,3.727733135223388672e+00,1.069120883941650391e+00
0.000000000000000000e+00,0.000000000000000000e+00,0.000000000000000000e+00,0.000000000000000000e+00,2.491535663604736328e+00,3.892866611480712891e+00,2.924930572509765625e+00
1.516181230545043945e+00,0.000000000000000000e+00,4.038143157958984375e+00,0.000000000000000000e+00,6.457139849662780762e-01,2.026687383651733398e+00,0.000000000000000000e+00
3.632208108901977539e+00,0.000000000000000000e+00,1.443594813346862793e+00,0.000000000000000000e+00,2.088931053876876831e-01,1.522572517395019531e+00,0.000000000000000000e+00
1.352170705795288086e+00,0.000000000000000000e+00,2.211344718933105469e+00,0.000000000000000000e+00,9.907782077789306641e-01,2.397580385208129883e+00,0.000000000000000000e+00
0.000000000000000000e+00,0.000000000000000000e+00,3.605948686599731445e+00,0.000000000000000000e+00,1.208713769912719727e+00,1.083992242813110352e+00,1.001513481140136719e+00
0.000000000000000000e+00,0.000000000000000000e+00,4.904692173004150391e+00,0.000000000000000000e+00,1.429836392402648926e+00,1.110611200332641602e+00,1.010340452194213867e+00
3.193888664245605469e+00,0.000000000000000000e+00,2.002150297164916992e+00,0.000000000000000000e+00,8.106701076030731201e-02,1.802584052085876465e+00,0.000000000000000000e+00
3.764018058776855469e+00,0.000000000000000000e+00,1.432710051536560059e+00,0.000000000000000000e+00,0.000000000000000000e+00,1.362323880195617676e+00,0.000000000000000000e+00
3.304914951324462891e+00,0.000000000000000000e+00,7.492495179176330566e-01,0.000000000000000000e+00,7.687888741493225098e-01,3.146721363067626953e+00,0.000000000000000000e+00
0.000000000000000000e+00,0.000000000000000000e+00,0.000000000000000000e+00,0.000000000000000000e+00,1.869520425796508789e+00,2.742791175842285156e+00,2.684802293777465820e+00
0.000000000000000000e+00,0.000000000000000000e+00,4.158850669860839844e+00,0.000000000000000000e+00,3.723760843276977539e+00,5.779644489288330078e+00,1.879443883895874023e+00
5.762671828269958496e-01,0.000000000000000000e+00,0.000000000000000000e+00,0.000000000000000000e+00,2.776297092437744141e+00,4.496429443359375000e+00,2.015896558761596680e+00
2.396589994430541992e+00,0.000000000000000000e+00,3.306344985961914062e+00,0.000000000000000000e+00,1.978021502494812012e+00,2.940265417098999023e+00,0.000000000000000000e+00
1.731246232986450195e+00,0.000000000000000000e+00,2.369204521179199219e+00,0.000000000000000000e+00,2.718957662582397461e+00,4.353477001190185547e+00,1.441568136215209961e-01
0.000000000000000000e+00,0.000000000000000000e+00,4.116772174835205078e+00,0.000000000000000000e+00,8.428941369056701660e-01,1.733321666717529297e+00,1.270515203475952148e+00
0.000000000000000000e+00,0.000000000000000000e+00,3.131143331527709961e+00,0.000000000000000000e+00,4.288358211517333984e+00,5.937421798706054688e+00,2.106211423873901367e+00
0.000000000000000000e+00,0.000000000000000000e+00,4.188783168792724609e+00,0.000000000000000000e+00,0.000000000000000000e+00,3.931694626808166504e-01,8.674977421760559082e-01
3.566502809524536133e+00,0.000000000000000000e+00,1.315525054931640625e+00,0.000000000000000000e+00,0.000000000000000000e+00,1.138858199119567871e+00,0.000000000000000000e+00
2.984369754791259766e+00,0.000000000000000000e+00,9.681311249732971191e-01,0.000000000000000000e+00,0.000000000000000000e+00,4.731310904026031494e-01,0.000000000000000000e+00
3.477708339691162109e+00,0.000000000000000000e+00,2.122263908386230469e+00,0.000000000000000000e+00,3.301700949668884277e-01,1.665895462036132812e+00,0.000000000000000000e+00
1.575292468070983887e+00,0.000000000000000000e+00,0.000000000000000000e+00,0.000000000000000000e+00,2.823512554168701172e+00,4.365853309631347656e+00,1.357980489730834961e+00
1.263468980789184570e+00,0.000000000000000000e+00,0.000000000000000000e+00,0.000000000000000000e+00,3.223630428314208984e+00,4.765658378601074219e+00,2.080132484436035156e+00
9.217931032180786133e-01,0.000000000000000000e+00,0.000000000000000000e+00,0.000000000000000000e+00,2.521118879318237305e+00,4.569899559020996094e+00,1.522945404052734375e+00
8.678764104843139648e-01,0.000000000000000000e+00,3.760816097259521484e+00,0.000000000000000000e+00,0.000000000000000000e+00,7.914122939109802246e-01,0.000000000000000000e+00
9.337792992591857910e-01,0.000000000000000000e+00,1.314208745956420898e+00,0.000000000000000000e+00,1.404039621353149414e+00,2.747310400009155273e+00,2.481794953346252441e-01
0.000000000000000000e+00,0.000000000000000000e+00,4.563262462615966797e+00,0.000000000000000000e+00,1.159008145332336426e+00,1.632781744003295898e+00,0.000000000000000000e+00
1.820002794265747070e+00,0.000000000000000000e+00,7.410369515419006348e-01,0.000000000000000000e+00,1.947023510932922363e+00,3.754557371139526367e+00,1.481705307960510254e-01
4.117479324340820312e+00,0.000000000000000000e+00,1.555951952934265137e+00,0.000000000000000000e+00,0.000000000000000000e+00,1.441113829612731934e+00,0.000000000000000000e+00
2.707877159118652344e+00,0.000000000000000000e+00,1.498295903205871582e+00,0.000000000000000000e+00,0.000000000000000000e+00,4.512520134449005127e-01,0.000000000000000000e+00
0.000000000000000000e+00,0.000000000000000000e+00,3.469082117080688477e+00,0.000000000000000000e+00,2.162838429212570190e-01,1.405868768692016602e+00,1.301113843917846680e+00
0.000000000000000000e+00,0.000000000000000000e+00,5.554793834686279297e+00,0.000000000000000000e+00,2.373006790876388550e-01,1.056914448738098145e+00,8.761993050575256348e-01
0.000000000000000000e+00,0.000000000000000000e+00,4.406595230102539062e+00,0.000000000000000000e+00,2.522034049034118652e-01,1.002630949020385742e+00,3.950924277305603027e-01
0.000000000000000000e+00,2.654768943786621094e+00,0.000000000000000000e+00,0.000000000000000000e+00,3.412027657032012939e-02,0.000000000000000000e+00,7.375188469886779785e-01
0.000000000000000000e+00,0.000000000000000000e+00,0.000000000000000000e+00,0.000000000000000000e+00,0.000000000000000000e+00,1.152727127075195312e+00,3.207403898239135742e+00
1.053740978240966797e-01,0.000000000000000000e+00,2.704373359680175781e+00,0.000000000000000000e+00,1.104424953460693359e+00,1.834464788436889648e+00,2.224295139312744141e-01
0.000000000000000000e+00,0.000000000000000000e+00,2.703122615814208984e+00,0.000000000000000000e+00,5.333824753761291504e-01,1.322679042816162109e+00,2.959698438644409180e-01
9.897465705871582031e-01,0.000000000000000000e+00,2.109872102737426758e+00,0.000000000000000000e+00,0.000000000000000000e+00,6.337409615516662598e-01,0.000000000000000000e+00
0.000000000000000000e+00,2.315531373023986816e-01,3.474590778350830078e+00,0.000000000000000000e+00,0.000000000000000000e+00,0.000000000000000000e+00,1.056295394897460938e+00
0.000000000000000000e+00,3.693924844264984131e-01,2.733433008193969727e+00,0.000000000000000000e+00,0.000000000000000000e+00,0.000000000000000000e+00,9.858307242393493652e-01
0.000000000000000000e+00,2.638388395309448242e+00,2.240943193435668945e+00,0.000000000000000000e+00,0.000000000000000000e+00,0.000000000000000000e+00,3.085112810134887695e+00
0.000000000000000000e+00,0.000000000000000000e+00,1.445619463920593262e+00,0.000000000000000000e+00,0.000000000000000000e+00,3.743717670440673828e-01,0.000000000000000000e+00
0.000000000000000000e+00,2.835478782653808594e+00,2.836014270782470703e+00,0.000000000000000000e+00,0.000000000000000000e+00,0.000000000000000000e+00,3.249346017837524414e+00
1.137472271919250488e+00,1.123522818088531494e-01,7.433331608772277832e-01,0.000000000000000000e+00,0.000000000000000000e+00,0.000000000000000000e+00,0.000000000000000000e+00
0.000000000000000000e+00,3.501069307327270508e+00,1.150480628013610840e+00,0.000000000000000000e+00,3.306804597377777100e-02,0.000000000000000000e+00,5.380879878997802734e+00
0.000000000000000000e+00,3.285343885421752930e+00,1.867834925651550293e+00,0.000000000000000000e+00,0.000000000000000000e+00,0.000000000000000000e+00,5.176851749420166016e+00
0.000000000000000000e+00,4.794755458831787109e+00,0.000000000000000000e+00,0.000000000000000000e+00,0.000000000000000000e+00,0.000000000000000000e+00,0.000000000000000000e+00
0.000000000000000000e+00,4.634798049926757812e+00,0.000000000000000000e+00,0.000000000000000000e+00,0.000000000000000000e+00,0.000000000000000000e+00,0.000000000000000000e+00
0.000000000000000000e+00,4.771751403808593750e+00,0.000000000000000000e+00,0.000000000000000000e+00,0.000000000000000000e+00,0.000000000000000000e+00,0.000000000000000000e+00
0.000000000000000000e+00,4.812845230102539062e+00,0.000000000000000000e+00,0.000000000000000000e+00,0.000000000000000000e+00,0.000000000000000000e+00,0.000000000000000000e+00
0.000000000000000000e+00,4.767008781433105469e+00,0.000000000000000000e+00,0.000000000000000000e+00,0.000000000000000000e+00,0.000000000000000000e+00,0.000000000000000000e+00
0.000000000000000000e+00,4.381439685821533203e+00,0.000000000000000000e+00,0.000000000000000000e+00,0.000000000000000000e+00,0.000000000000000000e+00,0.000000000000000000e+00
0.000000000000000000e+00,4.271785736083984375e+00,0.000000000000000000e+00,0.000000000000000000e+00,0.000000000000000000e+00,0.000000000000000000e+00,0.000000000000000000e+00
0.000000000000000000e+00,8.645114898681640625e-01,0.000000000000000000e+00,0.000000000000000000e+00,0.000000000000000000e+00,4.892389476299285889e-02,6.345232963562011719e+00
0.000000000000000000e+00,0.000000000000000000e+00,0.000000000000000000e+00,0.000000000000000000e+00,3.114990711212158203e+00,4.258072376251220703e+00,3.751283407211303711e+00
0.000000000000000000e+00,0.000000000000000000e+00,0.000000000000000000e+00,0.000000000000000000e+00,0.000000000000000000e+00,1.822615623474121094e+00,4.526457309722900391e+00
2.994579672813415527e-01,3.600900411605834961e+00,0.000000000000000000e+00,0.000000000000000000e+00,0.000000000000000000e+00,0.000000000000000000e+00,0.000000000000000000e+00
0.000000000000000000e+00,4.542297363281250000e+00,0.000000000000000000e+00,0.000000000000000000e+00,0.000000000000000000e+00,0.000000000000000000e+00,1.761991381645202637e-01
0.000000000000000000e+00,4.616349220275878906e+00,0.000000000000000000e+00,0.000000000000000000e+00,0.000000000000000000e+00,0.000000000000000000e+00,0.000000000000000000e+00
0.000000000000000000e+00,4.761395454406738281e+00,0.000000000000000000e+00,0.000000000000000000e+00,0.000000000000000000e+00,0.000000000000000000e+00,0.000000000000000000e+00
0.000000000000000000e+00,4.651685714721679688e+00,0.000000000000000000e+00,0.000000000000000000e+00,0.000000000000000000e+00,0.000000000000000000e+00,0.000000000000000000e+00
0.000000000000000000e+00,4.829749107360839844e+00,0.000000000000000000e+00,0.000000000000000000e+00,0.000000000000000000e+00,0.000000000000000000e+00,0.000000000000000000e+00
1.247888207435607910e-01,4.512811660766601562e+00,0.000000000000000000e+00,0.000000000000000000e+00,0.000000000000000000e+00,0.000000000000000000e+00,0.000000000000000000e+00
6.444357633590698242e-01,2.746941566467285156e+00,0.000000000000000000e+00,0.000000000000000000e+00,0.000000000000000000e+00,0.000000000000000000e+00,0.000000000000000000e+00
2.469535112380981445e+00,0.000000000000000000e+00,6.155934929847717285e-01,0.000000000000000000e+00,0.000000000000000000e+00,1.184860706329345703e+00,0.000000000000000000e+00
1.486753463745117188e+00,0.000000000000000000e+00,1.073743343353271484e+00,0.000000000000000000e+00,2.254397392272949219e+00,3.360446214675903320e+00,3.067691922187805176e-01
2.972885966300964355e-01,0.000000000000000000e+00,0.000000000000000000e+00,0.000000000000000000e+00,1.162453293800354004e+00,3.225993633270263672e+00,2.358876943588256836e+00
0.000000000000000000e+00,0.000000000000000000e+00,2.354890584945678711e+00,0.000000000000000000e+00,5.455431938171386719e-01,2.452841758728027344e+00,2.313028812408447266e+00
6.026368737220764160e-01,0.000000000000000000e+00,1.549650549888610840e+00,0.000000000000000000e+00,0.000000000000000000e+00,6.620285511016845703e-01,0.000000000000000000e+00
1.124800443649291992e+00,0.000000000000000000e+00,1.853714287281036377e-01,0.000000000000000000e+00,2.297106742858886719e+00,3.750061035156250000e+00,9.462088942527770996e-01
0.000000000000000000e+00,0.000000000000000000e+00,4.386563777923583984e+00,0.000000000000000000e+00,1.301120638847351074e+00,3.333041906356811523e+00,7.371451258659362793e-01
2.263556480407714844e+00,0.000000000000000000e+00,2.897822856903076172e+00,0.000000000000000000e+00,2.731379032135009766e+00,5.310450077056884766e+00,0.000000000000000000e+00
0.000000000000000000e+00,0.000000000000000000e+00,2.012030601501464844e+00,0.000000000000000000e+00,1.918814539909362793e+00,2.594134330749511719e+00,2.205266475677490234e+00
2.519671440124511719e+00,0.000000000000000000e+00,5.680605769157409668e-01,0.000000000000000000e+00,3.427952527999877930e+00,5.541312217712402344e+00,5.805954337120056152e-01
0.000000000000000000e+00,0.000000000000000000e+00,1.559952735900878906e+00,0.000000000000000000e+00,1.165898680686950684e+00,3.365538120269775391e+00,1.419977903366088867e+00
0.000000000000000000e+00,0.000000000000000000e+00,4.963670730590820312e+00,0.000000000000000000e+00,2.339031547307968140e-01,6.339163780212402344e-01,1.155411481857299805e+00
0.000000000000000000e+00,0.000000000000000000e+00,1.484818577766418457e+00,0.000000000000000000e+00,2.732877254486083984e+00,3.979589700698852539e+00,1.842804908752441406e+00
1.022419929504394531e+00,0.000000000000000000e+00,2.442738115787506104e-01,0.000000000000000000e+00,2.560522556304931641e+00,4.109700679779052734e+00,1.211845397949218750e+00
1.753390312194824219e+00,0.000000000000000000e+00,3.327246665954589844e+00,0.000000000000000000e+00,1.093008160591125488e+00,3.182867050170898438e+00,0.000000000000000000e+00
0.000000000000000000e+00,0.000000000000000000e+00,4.937499523162841797e+00,0.000000000000000000e+00,8.945774435997009277e-01,1.817607522010803223e+00,2.845547795295715332e-01
0.000000000000000000e+00,2.958498954772949219e+00,1.109548926353454590e+00,0.000000000000000000e+00,4.167735576629638672e-01,0.000000000000000000e+00,2.811280012130737305e+00
0.000000000000000000e+00,1.006170988082885742e+00,1.745470881462097168e+00,0.000000000000000000e+00,0.000000000000000000e+00,0.000000000000000000e+00,2.285245180130004883e+00
0.000000000000000000e+00,0.000000000000000000e+00,6.802024364471435547e+00,0.000000000000000000e+00,2.556571006774902344e+00,1.939159035682678223e+00,1.751786231994628906e+00
0.000000000000000000e+00,0.000000000000000000e+00,6.248718738555908203e+00,0.000000000000000000e+00,2.611799240112304688e+00,3.066262722015380859e+00,1.229899883270263672e+00
7.520556449890136719e-03,0.000000000000000000e+00,2.915546000003814697e-01,0.000000000000000000e+00,3.513834238052368164e+00,4.971882820129394531e+00,2.483683109283447266e+00
0.000000000000000000e+00,0.000000000000000000e+00,0.000000000000000000e+00,0.000000000000000000e+00,2.758288383483886719e+00,4.391328811645507812e+00,3.794482469558715820e+00
2.063666343688964844e+00,0.000000000000000000e+00,2.680100202560424805e+00,0.000000000000000000e+00,1.736881256103515625e+00,2.445208787918090820e+00,0.000000000000000000e+00
2.326364517211914062e+00,0.000000000000000000e+00,4.912217557430267334e-01,0.000000000000000000e+00,3.340678215026855469e-01,2.415613412857055664e+00,0.000000000000000000e+00
2.166626214981079102e+00,0.000000000000000000e+00,1.512864977121353149e-02,0.000000000000000000e+00,7.814594507217407227e-01,3.266513586044311523e+00,0.000000000000000000e+00
0.000000000000000000e+00,0.000000000000000000e+00,3.772867202758789062e+00,0.000000000000000000e+00,1.335514426231384277e+00,4.025232791900634766e+00,1.319739341735839844e+00
5.589029788970947266e-01,0.000000000000000000e+00,1.301044464111328125e+00,0.000000000000000000e+00,8.501192927360534668e-01,1.339933037757873535e+00,0.000000000000000000e+00
4.727393686771392822e-01,1.263392448425292969e+00,1.471758186817169189e-01,0.000000000000000000e+00,0.000000000000000000e+00,0.000000000000000000e+00,0.000000000000000000e+00
0.000000000000000000e+00,0.000000000000000000e+00,2.799578189849853516e+00,0.000000000000000000e+00,0.000000000000000000e+00,0.000000000000000000e+00,1.935221910476684570e+00
0.000000000000000000e+00,0.000000000000000000e+00,6.037832736968994141e+00,0.000000000000000000e+00,2.666833996772766113e-01,6.408236622810363770e-01,2.730071306228637695e+00
0.000000000000000000e+00,0.000000000000000000e+00,5.143618106842041016e+00,0.000000000000000000e+00,3.187519907951354980e-01,8.770188689231872559e-01,1.965655565261840820e+00
0.000000000000000000e+00,0.000000000000000000e+00,8.836332708597183228e-02,0.000000000000000000e+00,2.162399053573608398e+00,3.563177824020385742e+00,3.916694879531860352e+00
0.000000000000000000e+00,0.000000000000000000e+00,3.558641195297241211e+00,0.000000000000000000e+00,1.662256717681884766e+00,2.555953264236450195e+00,1.261918067932128906e+00
0.000000000000000000e+00,5.708705782890319824e-01,2.181793689727783203e+00,0.000000000000000000e+00,6.248646378517150879e-01,9.766487777233123779e-02,7.283982634544372559e-01
0.000000000000000000e+00,0.000000000000000000e+00,2.761823236942291260e-01,0.000000000000000000e+00,4.826489984989166260e-01,1.817571520805358887e+00,2.119120121002197266e+00
1.950141429901123047e+00,0.000000000000000000e+00,4.357653558254241943e-01,0.000000000000000000e+00,2.585335493087768555e+00,3.967917919158935547e+00,3.933390378952026367e-01
1.320819854736328125e+00,0.000000000000000000e+00,2.832427740097045898e+00,0.000000000000000000e+00,0.000000000000000000e+00,8.590575456619262695e-01,0.000000000000000000e+00
0.000000000000000000e+00,0.000000000000000000e+00,1.260671019554138184e+00,0.000000000000000000e+00,1.462181061506271362e-01,1.651940107345581055e+00,2.882690668106079102e+00
0.000000000000000000e+00,1.568353414535522461e+00,1.279029965400695801e+00,0.000000000000000000e+00,2.468823641538619995e-01,0.000000000000000000e+00,7.014414668083190918e-01
0.000000000000000000e+00,0.000000000000000000e+00,2.617488861083984375e+00,0.000000000000000000e+00,0.000000000000000000e+00,1.112059593200683594e+00,1.340407371520996094e+00
0.000000000000000000e+00,0.000000000000000000e+00,5.321674823760986328e+00,0.000000000000000000e+00,3.404477834701538086e-01,0.000000000000000000e+00,2.530891418457031250e+00
0.000000000000000000e+00,0.000000000000000000e+00,5.684349536895751953e+00,0.000000000000000000e+00,1.394417732954025269e-01,1.232077240943908691e+00,8.876184821128845215e-01
0.000000000000000000e+00,0.000000000000000000e+00,0.000000000000000000e+00,0.000000000000000000e+00,3.008468389511108398e+00,4.364532947540283203e+00,3.030992031097412109e+00
0.000000000000000000e+00,0.000000000000000000e+00,0.000000000000000000e+00,0.000000000000000000e+00,1.218440890312194824e+00,3.412796974182128906e+00,3.446846008300781250e+00
3.643044948577880859e+00,0.000000000000000000e+00,1.294504880905151367e+00,0.000000000000000000e+00,0.000000000000000000e+00,1.036264419555664062e+00,0.000000000000000000e+00
0.000000000000000000e+00,0.000000000000000000e+00,2.704695761203765869e-01,0.000000000000000000e+00,4.356201291084289551e-01,1.299215316772460938e+00,2.424038171768188477e+00
8.792970180511474609e-01,0.000000000000000000e+00,1.691305041313171387e+00,0.000000000000000000e+00,0.000000000000000000e+00,4.388934969902038574e-01,0.000000000000000000e+00
2.794212341308593750e+00,0.000000000000000000e+00,1.346281766891479492e+00,0.000000000000000000e+00,0.000000000000000000e+00,0.000000000000000000e+00,0.000000000000000000e+00
2.567906618118286133e+00,0.000000000000000000e+00,9.836158752441406250e-01,0.000000000000000000e+00,0.000000000000000000e+00,7.507253289222717285e-01,0.000000000000000000e+00
0.000000000000000000e+00,0.000000000000000000e+00,3.928209066390991211e+00,0.000000000000000000e+00,0.000000000000000000e+00,0.000000000000000000e+00,4.522333741188049316e-01
0.000000000000000000e+00,0.000000000000000000e+00,3.546423435211181641e+00,0.000000000000000000e+00,2.326125949621200562e-01,3.941906094551086426e-01,1.884013414382934570e+00
0.000000000000000000e+00,0.000000000000000000e+00,5.363684654235839844e+00,0.000000000000000000e+00,6.263054609298706055e-01,8.453295230865478516e-01,9.173247218132019043e-01
0.000000000000000000e+00,0.000000000000000000e+00,4.046806812286376953e+00,0.000000000000000000e+00,1.335557341575622559e+00,2.782633066177368164e+00,5.239001512527465820e-01
8.566638231277465820e-01,0.000000000000000000e+00,0.000000000000000000e+00,0.000000000000000000e+00,3.804332971572875977e+00,5.399505138397216797e+00,2.492187738418579102e+00
5.513159632682800293e-01,0.000000000000000000e+00,0.000000000000000000e+00,0.000000000000000000e+00,3.117717981338500977e+00,5.086691856384277344e+00,2.353016614913940430e+00
6.708168983459472656e-01,0.000000000000000000e+00,2.911989450454711914e+00,0.000000000000000000e+00,0.000000000000000000e+00,5.306398868560791016e-01,0.000000000000000000e+00
1.855997323989868164e+00,0.000000000000000000e+00,5.914360284805297852e-01,0.000000000000000000e+00,0.000000000000000000e+00,1.034593433141708374e-01,0.000000000000000000e+00
0.000000000000000000e+00,2.783885002136230469e+00,5.231212973594665527e-01,0.000000000000000000e+00,2.623088955879211426e-01,0.000000000000000000e+00,2.241240501403808594e+00
0.000000000000000000e+00,2.347921282052993774e-01,1.210213065147399902e+00,0.000000000000000000e+00,0.000000000000000000e+00,6.832005083560943604e-02,0.000000000000000000e+00
0.000000000000000000e+00,3.980880975723266602e-01,2.281272888183593750e+00,0.000000000000000000e+00,0.000000000000000000e+00,0.000000000000000000e+00,7.358940243721008301e-01
0.000000000000000000e+00,8.856995105743408203e-01,1.745713114738464355e+00,0.000000000000000000e+00,0.000000000000000000e+00,0.000000000000000000e+00,6.843302249908447266e-01
3.442053198814392090e-01,2.306361913681030273e+00,0.000000000000000000e+00,0.000000000000000000e+00,0.000000000000000000e+00,0.000000000000000000e+00,0.000000000000000000e+00
8.752214908599853516e-01,1.757087469100952148e+00,0.000000000000000000e+00,0.000000000000000000e+00,0.000000000000000000e+00,0.000000000000000000e+00,0.000000000000000000e+00
0.000000000000000000e+00,4.624107837677001953e+00,0.000000000000000000e+00,0.000000000000000000e+00,5.000204443931579590e-01,0.000000000000000000e+00,3.967839002609252930e+00
0.000000000000000000e+00,4.875520229339599609e+00,0.000000000000000000e+00,0.000000000000000000e+00,0.000000000000000000e+00,0.000000000000000000e+00,0.000000000000000000e+00
0.000000000000000000e+00,4.463987350463867188e+00,0.000000000000000000e+00,0.000000000000000000e+00,0.000000000000000000e+00,0.000000000000000000e+00,0.000000000000000000e+00
0.000000000000000000e+00,4.434053421020507812e+00,0.000000000000000000e+00,0.000000000000000000e+00,0.000000000000000000e+00,0.000000000000000000e+00,0.000000000000000000e+00
0.000000000000000000e+00,5.096454143524169922e+00,0.000000000000000000e+00,0.000000000000000000e+00,0.000000000000000000e+00,0.000000000000000000e+00,0.000000000000000000e+00
0.000000000000000000e+00,5.446684837341308594e+00,0.000000000000000000e+00,0.000000000000000000e+00,0.000000000000000000e+00,0.000000000000000000e+00,0.000000000000000000e+00
0.000000000000000000e+00,4.475725173950195312e+00,0.000000000000000000e+00,0.000000000000000000e+00,0.000000000000000000e+00,0.000000000000000000e+00,0.000000000000000000e+00
0.000000000000000000e+00,4.518735408782958984e+00,0.000000000000000000e+00,0.000000000000000000e+00,0.000000000000000000e+00,0.000000000000000000e+00,0.000000000000000000e+00
0.000000000000000000e+00,4.277021884918212891e+00,0.000000000000000000e+00,0.000000000000000000e+00,0.000000000000000000e+00,0.000000000000000000e+00,0.000000000000000000e+00
0.000000000000000000e+00,4.829134464263916016e+00,0.000000000000000000e+00,0.000000000000000000e+00,0.000000000000000000e+00,0.000000000000000000e+00,0.000000000000000000e+00
0.000000000000000000e+00,8.150756359100341797e-01,0.000000000000000000e+00,0.000000000000000000e+00,0.000000000000000000e+00,0.000000000000000000e+00,5.534550666809082031e+00
