0.000000000000000000e+00,0.000000000000000000e+00,2.659930944442749023e+00,0.000000000000000000e+00,4.958271026611328125e+00,0.000000000000000000e+00,0.000000000000000000e+00
0.000000000000000000e+00,0.000000000000000000e+00,1.330598473548889160e+00,0.000000000000000000e+00,4.719054698944091797e+00,2.867719531059265137e-01,0.000000000000000000e+00
0.000000000000000000e+00,0.000000000000000000e+00,1.745615839958190918e+00,0.000000000000000000e+00,4.393066883087158203e+00,3.179079890251159668e-01,0.000000000000000000e+00
1.004240751266479492e+00,3.520987749099731445e+00,0.000000000000000000e+00,1.523621201515197754e+00,0.000000000000000000e+00,0.000000000000000000e+00,8.735956549644470215e-01
1.854227304458618164e+00,4.157776355743408203e+00,0.000000000000000000e+00,3.058808803558349609e+00,0.000000000000000000e+00,0.000000000000000000e+00,1.775830984115600586e+00
2.173487424850463867e+00,4.558760166168212891e+00,0.000000000000000000e+00,3.536027908325195312e+00,0.000000000000000000e+00,0.000000000000000000e+00,2.085008382797241211e+00
0.000000000000000000e+00,5.236302852630615234e+00,0.000000000000000000e+00,0.000000000000000000e+00,8.304193615913391113e-02,0.000000000000000000e+00,1.835217475891113281e-01
0.000000000000000000e+00,4.948923587799072266e+00,0.000000000000000000e+00,0.000000000000000000e+00,3.841419517993927002e-01,0.000000000000000000e+00,8.669888973236083984e-02
0.000000000000000000e+00,6.129099845886230469e+00,0.000000000000000000e+00,0.000000000000000000e+00,0.000000000000000000e+00,0.000000000000000000e+00,6.311232447624206543e-01
0.000000000000000000e+00,5.268881797790527344e+00,0.000000000000000000e+00,0.000000000000000000e+00,1.040856003761291504e+00,0.000000000000000000e+00,0.000000000000000000e+00
0.000000000000000000e+00,3.716114759445190430e+00,0.000000000000000000e+00,0.000000000000000000e+00,2.397992372512817383e+00,8.450067639350891113e-01,0.000000000000000000e+00
1.110903978347778320e+00,2.865509033203125000e+00,0.000000000000000000e+00,1.973466157913208008e+00,0.000000000000000000e+00,0.000000000000000000e+00,1.115931034088134766e+00
1.643771171569824219e+00,3.127594947814941406e+00,0.000000000000000000e+00,3.047044277191162109e+00,0.000000000000000000e+00,0.000000000000000000e+00,1.832544088363647461e+00
1.639139175415039062e+00,1.667401432991027832e+00,0.000000000000000000e+00,2.570551156997680664e+00,0.000000000000000000e+00,0.000000000000000000e+00,1.551653385162353516e+00
1.653792142868041992e+00,2.081992864608764648e+00,0.000000000000000000e+00,2.836990356445312500e+00,0.000000000000000000e+00,0.000000000000000000e+00,1.710199117660522461e+00
0.000000000000000000e+00,2.835120916366577148e+00,0.000000000000000000e+00,0.000000000000000000e+00,2.578273415565490723e-02,0.000000000000000000e+00,4.165677428245544434e-01
1.487031459808349609e+00,7.018239796161651611e-02,1.888595968484878540e-01,1.360596776008605957e+00,0.000000000000000000e+00,0.000000000000000000e+00,4.005334973335266113e-01
1.434929847717285156e+00,2.462626695632934570e+00,0.000000000000000000e+00,2.557523727416992188e+00,0.000000000000000000e+00,0.000000000000000000e+00,1.544234752655029297e+00
0.000000000000000000e+00,2.384726762771606445e+00,0.000000000000000000e+00,0.000000000000000000e+00,1.156638622283935547e+00,6.191175431013107300e-02,0.000000000000000000e+00
0.000000000000000000e+00,3.627532243728637695e+00,0.000000000000000000e+00,5.644811391830444336e-01,0.000000000000000000e+00,0.000000000000000000e+00,5.394402146339416504e-01
2.661298513412475586e-01,3.845088720321655273e+00,0.000000000000000000e+00,5.175647139549255371e-02,1.534705400466918945e+00,1.184445738792419434e+00,6.236161589622497559e-01
4.735778272151947021e-02,3.791903972625732422e+00,0.000000000000000000e+00,5.721532106399536133e-01,0.000000000000000000e+00,0.000000000000000000e+00,7.236335873603820801e-01
0.000000000000000000e+00,1.265896558761596680e+00,0.000000000000000000e+00,0.000000000000000000e+00,1.408653140068054199e+00,3.905806541442871094e-01,0.000000000000000000e+00
1.893138885498046875e+00,0.000000000000000000e+00,1.201914191246032715e+00,1.258289217948913574e+00,0.000000000000000000e+00,0.000000000000000000e+00,0.000000000000000000e+00
1.473089218139648438e+00,0.000000000000000000e+00,2.142500162124633789e+00,7.384418249130249023e-01,0.000000000000000000e+00,0.000000000000000000e+00,0.000000000000000000e+00
1.360476493835449219e+00,0.000000000000000000e+00,1.528679490089416504e+00,7.947431802749633789e-01,0.000000000000000000e+00,0.000000000000000000e+00,0.000000000000000000e+00
0.000000000000000000e+00,0.000000000000000000e+00,1.704196214675903320e+00,0.000000000000000000e+00,1.541313529014587402e+00,0.000000000000000000e+00,0.000000000000000000e+00
0.000000000000000000e+00,2.449111789464950562e-01,0.000000000000000000e+00,0.000000000000000000e+00,1.695318698883056641e+00,9.660442471504211426e-01,0.000000000000000000e+00
0.000000000000000000e+00,0.000000000000000000e+00,3.843402266502380371e-01,0.000000000000000000e+00,3.414429187774658203e+00,1.756620168685913086e+00,0.000000000000000000e+00
0.000000000000000000e+00,1.302285194396972656e+00,0.000000000000000000e+00,0.000000000000000000e+00,4.502178668975830078e+00,2.301903963088989258e+00,0.000000000000000000e+00
0.000000000000000000e+00,3.531052350997924805e+00,0.000000000000000000e+00,0.000000000000000000e+00,3.591106414794921875e+00,2.005213499069213867e+00,0.000000000000000000e+00
5.013644099235534668e-01,2.828634977340698242e+00,0.000000000000000000e+00,0.000000000000000000e+00,2.141672849655151367e+00,1.830037832260131836e+00,4.999082684516906738e-01
0.000000000000000000e+00,0.000000000000000000e+00,1.005902528762817383e+00,0.000000000000000000e+00,1.926988363265991211e+00,5.766626000404357910e-01,0.000000000000000000e+00
0.000000000000000000e+00,0.000000000000000000e+00,2.065924406051635742e+00,0.000000000000000000e+00,2.077440738677978516e+00,2.401715219020843506e-01,0.000000000000000000e+00
1.333248376846313477e+00,0.000000000000000000e+00,3.047801733016967773e+00,4.633262753486633301e-01,0.000000000000000000e+00,0.000000000000000000e+00,0.000000000000000000e+00
1.733023405075073242e+00,0.000000000000000000e+00,2.282702684402465820e+00,9.661366939544677734e-01,0.000000000000000000e+00,0.000000000000000000e+00,0.000000000000000000e+00
0.000000000000000000e+00,0.000000000000000000e+00,2.706448316574096680e+00,0.000000000000000000e+00,1.562705516815185547e+00,0.000000000000000000e+00,0.000000000000000000e+00
0.000000000000000000e+00,6.915156841278076172e-01,0.000000000000000000e+00,0.000000000000000000e+00,7.128379344940185547e-01,5.267839878797531128e-02,0.000000000000000000e+00
0.000000000000000000e+00,0.000000000000000000e+00,1.996528983116149902e+00,0.000000000000000000e+00,1.114583492279052734e+00,0.000000000000000000e+00,0.000000000000000000e+00
0.000000000000000000e+00,9.669916033744812012e-01,0.000000000000000000e+00,0.000000000000000000e+00,5.487134456634521484e-01,0.000000000000000000e+00,0.000000000000000000e+00
1.161907672882080078e+00,3.007033824920654297e+00,0.000000000000000000e+00,1.983172774314880371e+00,0.000000000000000000e+00,0.000000000000000000e+00,1.264966726303100586e+00
9.792487621307373047e-01,2.529299736022949219e+00,0.000000000000000000e+00,1.870556473731994629e+00,0.000000000000000000e+00,0.000000000000000000e+00,1.169651269912719727e+00
1.633407115936279297e+00,0.000000000000000000e+00,3.093799352645874023e+00,8.003129959106445312e-01,0.000000000000000000e+00,0.000000000000000000e+00,0.000000000000000000e+00
0.000000000000000000e+00,0.000000000000000000e+00,4.967796325683593750e+00,0.000000000000000000e+00,2.355039834976196289e+00,0.000000000000000000e+00,0.000000000000000000e+00
8.205189108848571777e-01,0.000000000000000000e+00,3.328647375106811523e+00,0.000000000000000000e+00,3.635989129543304443e-01,0.000000000000000000e+00,0.000000000000000000e+00
1.230078220367431641e+00,0.000000000000000000e+00,5.498482584953308105e-01,8.028415441513061523e-01,0.000000000000000000e+00,2.883832901716232300e-02,4.654607176780700684e-02
2.115940570831298828e+00,0.000000000000000000e+00,1.952479034662246704e-01,1.935136437416076660e+00,0.000000000000000000e+00,1.339943408966064453e-01,5.548655986785888672e-01
3.003749847412109375e-01,0.000000000000000000e+00,0.000000000000000000e+00,0.000000000000000000e+00,1.534809112548828125e+00,1.192218542098999023e+00,0.000000000000000000e+00
0.000000000000000000e+00,2.438073009252548218e-01,0.000000000000000000e+00,0.000000000000000000e+00,1.844050645828247070e+00,6.613697409629821777e-01,0.000000000000000000e+00
0.000000000000000000e+00,1.185342073440551758e+00,0.000000000000000000e+00,0.000000000000000000e+00,3.003453969955444336e+00,1.478412985801696777e+00,0.000000000000000000e+00
0.000000000000000000e+00,4.135561943054199219e+00,0.000000000000000000e+00,0.000000000000000000e+00,1.080404400825500488e+00,9.386854618787765503e-02,0.000000000000000000e+00
0.000000000000000000e+00,1.298880457878112793e+00,0.000000000000000000e+00,0.000000000000000000e+00,2.729045867919921875e+00,1.198886871337890625e+00,0.000000000000000000e+00
1.307971000671386719e+00,0.000000000000000000e+00,2.414301633834838867e+00,4.176665246486663818e-01,3.004895746707916260e-01,0.000000000000000000e+00,0.000000000000000000e+00
1.601946592330932617e+00,0.000000000000000000e+00,3.434085845947265625e-01,1.426084637641906738e+00,0.000000000000000000e+00,0.000000000000000000e+00,3.643864989280700684e-01
1.572298526763916016e+00,0.000000000000000000e+00,2.132016658782958984e+00,8.550796508789062500e-01,0.000000000000000000e+00,0.000000000000000000e+00,0.000000000000000000e+00
1.096611738204956055e+00,0.000000000000000000e+00,2.137786149978637695e-02,1.170390248298645020e+00,0.000000000000000000e+00,5.445162206888198853e-02,4.827313721179962158e-01
1.860235452651977539e+00,0.000000000000000000e+00,2.947627305984497070e+00,7.859253883361816406e-01,0.000000000000000000e+00,0.000000000000000000e+00,0.000000000000000000e+00
0.000000000000000000e+00,0.000000000000000000e+00,1.679870724678039551e+00,0.000000000000000000e+00,2.915573835372924805e+00,1.458546280860900879e+00,0.000000000000000000e+00
0.000000000000000000e+00,0.000000000000000000e+00,5.338175892829895020e-01,0.000000000000000000e+00,2.564268350601196289e+00,1.255904078483581543e+00,0.000000000000000000e+00
0.000000000000000000e+00,2.305355787277221680e+00,0.000000000000000000e+00,0.000000000000000000e+00,3.775478124618530273e+00,2.182121038436889648e+00,0.000000000000000000e+00
1.501580029726028442e-01,3.545462369918823242e+00,0.000000000000000000e+00,0.000000000000000000e+00,2.249366521835327148e+00,1.729763150215148926e+00,3.344107270240783691e-01
2.793942689895629883e+00,0.000000000000000000e+00,3.031925439834594727e+00,1.909223914146423340e+00,0.000000000000000000e+00,1.793935000896453857e-01,0.000000000000000000e+00
0.000000000000000000e+00,0.000000000000000000e+00,3.803359031677246094e+00,0.000000000000000000e+00,1.422945022583007812e+00,0.000000000000000000e+00,0.000000000000000000e+00
0.000000000000000000e+00,0.000000000000000000e+00,4.926703929901123047e+00,0.000000000000000000e+00,1.959566116333007812e+00,0.000000000000000000e+00,0.000000000000000000e+00
0.000000000000000000e+00,0.000000000000000000e+00,5.816871643066406250e+00,0.000000000000000000e+00,3.049160242080688477e+00,0.000000000000000000e+00,0.000000000000000000e+00
1.122901320457458496e+00,0.000000000000000000e+00,2.801185369491577148e+00,3.841840326786041260e-01,0.000000000000000000e+00,0.000000000000000000e+00,0.000000000000000000e+00
0.000000000000000000e+00,0.000000000000000000e+00,9.031502008438110352e-01,0.000000000000000000e+00,8.883644342422485352e-01,6.504555791616439819e-02,0.000000000000000000e+00
0.000000000000000000e+00,0.000000000000000000e+00,2.100867509841918945e+00,0.000000000000000000e+00,1.254968047142028809e+00,0.000000000000000000e+00,0.000000000000000000e+00
0.000000000000000000e+00,0.000000000000000000e+00,6.286351382732391357e-02,0.000000000000000000e+00,1.770932435989379883e+00,8.461688160896301270e-01,0.000000000000000000e+00
0.000000000000000000e+00,3.226482629776000977e+00,0.000000000000000000e+00,0.000000000000000000e+00,1.160671830177307129e+00,0.000000000000000000e+00,0.000000000000000000e+00
0.000000000000000000e+00,4.721633911132812500e+00,0.000000000000000000e+00,0.000000000000000000e+00,1.032798886299133301e+00,0.000000000000000000e+00,0.000000000000000000e+00
0.000000000000000000e+00,4.648956298828125000e+00,0.000000000000000000e+00,0.000000000000000000e+00,8.922271728515625000e-01,0.000000000000000000e+00,0.000000000000000000e+00
1.135479509830474854e-01,6.607936859130859375e+00,0.000000000000000000e+00,1.160135149955749512e+00,0.000000000000000000e+00,0.000000000000000000e+00,1.423014640808105469e+00
5.520716905593872070e-01,3.836748361587524414e+00,0.000000000000000000e+00,1.254805088043212891e+00,0.000000000000000000e+00,0.000000000000000000e+00,7.494629025459289551e-01
0.000000000000000000e+00,3.824294805526733398e+00,0.000000000000000000e+00,0.000000000000000000e+00,2.525490760803222656e+00,9.640277028083801270e-01,0.000000000000000000e+00
0.000000000000000000e+00,4.442138671875000000e+00,0.000000000000000000e+00,0.000000000000000000e+00,1.946654081344604492e+00,1.034229159355163574e+00,8.384606242179870605e-02
0.000000000000000000e+00,7.895209789276123047e-01,0.000000000000000000e+00,0.000000000000000000e+00,5.556998729705810547e+00,1.930872082710266113e+00,0.000000000000000000e+00
0.000000000000000000e+00,2.362520545721054077e-01,1.013898491859436035e+00,0.000000000000000000e+00,5.685713291168212891e+00,3.046798110008239746e-01,0.000000000000000000e+00
0.000000000000000000e+00,0.000000000000000000e+00,2.485429048538208008e+00,0.000000000000000000e+00,4.810623645782470703e+00,0.000000000000000000e+00,0.000000000000000000e+00
0.000000000000000000e+00,0.000000000000000000e+00,2.053071737289428711e+00,0.000000000000000000e+00,4.884719371795654297e+00,0.000000000000000000e+00,0.000000000000000000e+00
0.000000000000000000e+00,0.000000000000000000e+00,8.608562350273132324e-01,0.000000000000000000e+00,5.232761859893798828e+00,1.032829165458679199e+00,0.000000000000000000e+00
0.000000000000000000e+00,5.633481502532958984e+00,0.000000000000000000e+00,0.000000000000000000e+00,2.453096389770507812e+00,1.415080070495605469e+00,3.345601856708526611e-01
5.934582650661468506e-02,4.540952682495117188e+00,0.000000000000000000e+00,1.046412587165832520e+00,0.000000000000000000e+00,0.000000000000000000e+00,7.322680354118347168e-01
2.626827716827392578e+00,4.821643829345703125e+00,0.000000000000000000e+00,4.373253345489501953e+00,0.000000000000000000e+00,0.000000000000000000e+00,2.627813100814819336e+00
1.785450935363769531e+00,4.981199264526367188e+00,0.000000000000000000e+00,3.154929876327514648e+00,0.000000000000000000e+00,0.000000000000000000e+00,2.120919466018676758e+00
0.000000000000000000e+00,4.442016601562500000e+00,0.000000000000000000e+00,4.566832482814788818e-01,0.000000000000000000e+00,0.000000000000000000e+00,3.325049281120300293e-01
9.966544806957244873e-02,4.583025932312011719e+00,0.000000000000000000e+00,1.489067077636718750e+00,0.000000000000000000e+00,0.000000000000000000e+00,9.305893778800964355e-01
0.000000000000000000e+00,4.820462226867675781e+00,0.000000000000000000e+00,0.000000000000000000e+00,0.000000000000000000e+00,0.000000000000000000e+00,2.890021800994873047e-01
0.000000000000000000e+00,6.182155609130859375e+00,0.000000000000000000e+00,3.281987607479095459e-01,8.235275745391845703e-04,0.000000000000000000e+00,1.008663654327392578e+00
1.032192826271057129e+00,4.662440299987792969e+00,0.000000000000000000e+00,2.066960096359252930e+00,0.000000000000000000e+00,0.000000000000000000e+00,1.638335943222045898e+00
1.459978580474853516e+00,3.546099185943603516e+00,0.000000000000000000e+00,2.510419845581054688e+00,0.000000000000000000e+00,0.000000000000000000e+00,1.649193048477172852e+00
1.019118309020996094e+00,2.678573369979858398e+00,0.000000000000000000e+00,1.908322930335998535e+00,0.000000000000000000e+00,0.000000000000000000e+00,1.121813774108886719e+00
1.933426618576049805e+00,1.970095634460449219e+00,0.000000000000000000e+00,3.181812286376953125e+00,0.000000000000000000e+00,0.000000000000000000e+00,1.805564880371093750e+00
2.627187013626098633e+00,7.146032452583312988e-01,0.000000000000000000e+00,3.211335659027099609e+00,0.000000000000000000e+00,2.778281569480895996e-01,1.598967075347900391e+00
2.050161838531494141e+00,1.034023880958557129e+00,0.000000000000000000e+00,2.815555572509765625e+00,0.000000000000000000e+00,8.069441467523574829e-02,1.530591249465942383e+00
2.292596817016601562e+00,1.083595991134643555e+00,0.000000000000000000e+00,2.857223033905029297e+00,0.000000000000000000e+00,2.775704264640808105e-01,1.710586309432983398e+00
3.423912525177001953e+00,0.000000000000000000e+00,2.674919962882995605e-01,2.816530704498291016e+00,3.822392523288726807e-01,1.421472549438476562e+00,8.311195373535156250e-01
3.985319614410400391e+00,0.000000000000000000e+00,3.203103542327880859e-01,3.388042688369750977e+00,0.000000000000000000e+00,1.024051189422607422e+00,1.068341493606567383e+00
2.103686809539794922e+00,1.909695625305175781e+00,0.000000000000000000e+00,1.311580300331115723e+00,1.932962179183959961e+00,2.245001792907714844e+00,1.163273811340332031e+00
1.146453619003295898e+00,2.192799568176269531e+00,0.000000000000000000e+00,0.000000000000000000e+00,3.933028459548950195e+00,3.134972333908081055e+00,2.598792314529418945e-01
3.193319082260131836e+00,1.393246293067932129e+00,0.000000000000000000e+00,3.631806135177612305e+00,0.000000000000000000e+00,7.757605314254760742e-01,2.267269611358642578e+00
4.006854057312011719e+00,0.000000000000000000e+00,1.166091322898864746e+00,3.339430332183837891e+00,0.000000000000000000e+00,7.358004450798034668e-01,6.055328249931335449e-01
3.466729879379272461e+00,0.000000000000000000e+00,1.961128115653991699e+00,2.737372159957885742e+00,0.000000000000000000e+00,2.132326960563659668e-01,0.000000000000000000e+00
3.801661968231201172e+00,2.255858033895492554e-01,0.000000000000000000e+00,3.989925384521484375e+00,0.000000000000000000e+00,7.142171263694763184e-01,1.689288616180419922e+00
2.889022350311279297e+00,1.676469445228576660e+00,0.000000000000000000e+00,3.628247737884521484e+00,0.000000000000000000e+00,4.171914160251617432e-01,2.241242170333862305e+00
4.024634361267089844e+00,0.000000000000000000e+00,2.023462533950805664e+00,3.152997732162475586e+00,0.000000000000000000e+00,4.329760670661926270e-01,1.012396216392517090e-01
3.505023717880249023e+00,0.000000000000000000e+00,1.740715861320495605e+00,2.479828834533691406e+00,5.058706998825073242e-01,1.111917853355407715e+00,3.354620933532714844e-02
0.000000000000000000e+00,1.616118907928466797e+00,0.000000000000000000e+00,0.000000000000000000e+00,4.319709300994873047e+00,2.486136436462402344e+00,0.000000000000000000e+00
2.126368284225463867e+00,1.316478133201599121e+00,0.000000000000000000e+00,1.916289687156677246e+00,3.798842728137969971e-01,1.113792181015014648e+00,1.369379043579101562e+00
2.603886127471923828e+00,0.000000000000000000e+00,2.363898605108261108e-01,1.642264723777770996e+00,1.498671174049377441e+00,1.962730288505554199e+00,3.605890870094299316e-01
0.000000000000000000e+00,0.000000000000000000e+00,2.628245115280151367e+00,0.000000000000000000e+00,3.473736524581909180e+00,1.829075217247009277e-01,0.000000000000000000e+00
0.000000000000000000e+00,0.000000000000000000e+00,4.693455219268798828e+00,0.000000000000000000e+00,1.504045009613037109e+00,0.000000000000000000e+00,0.000000000000000000e+00
1.799239158630371094e+00,0.000000000000000000e+00,2.329402208328247070e+00,9.398821592330932617e-01,0.000000000000000000e+00,0.000000000000000000e+00,0.000000000000000000e+00
2.375066757202148438e+00,0.000000000000000000e+00,1.533209085464477539e+00,1.806462645530700684e+00,0.000000000000000000e+00,0.000000000000000000e+00,0.000000000000000000e+00
2.897100925445556641e+00,0.000000000000000000e+00,3.304468154907226562e+00,1.963769316673278809e+00,0.000000000000000000e+00,0.000000000000000000e+00,0.000000000000000000e+00
0.000000000000000000e+00,0.000000000000000000e+00,1.597645401954650879e+00,0.000000000000000000e+00,3.700884580612182617e+00,1.456554293632507324e+00,0.000000000000000000e+00
2.195510149002075195e+00,0.000000000000000000e+00,1.196002244949340820e+00,5.487276315689086914e-01,2.634007692337036133e+00,2.378764867782592773e+00,0.000000000000000000e+00
0.000000000000000000e+00,4.910879611968994141e+00,0.000000000000000000e+00,0.000000000000000000e+00,4.446198940277099609e+00,3.181392431259155273e+00,0.000000000000000000e+00
3.434510946273803711e+00,0.000000000000000000e+00,2.060170888900756836e+00,2.446788072586059570e+00,1.349169909954071045e-01,6.629900336265563965e-01,0.000000000000000000e+00
7.127451896667480469e-01,0.000000000000000000e+00,2.245608568191528320e+00,4.206150770187377930e-04,3.031812012195587158e-01,0.000000000000000000e+00,0.000000000000000000e+00
1.320795536041259766e+00,0.000000000000000000e+00,3.713420629501342773e+00,2.717121243476867676e-01,0.000000000000000000e+00,0.000000000000000000e+00,0.000000000000000000e+00
3.211584329605102539e+00,0.000000000000000000e+00,3.285851240158081055e+00,2.138683080673217773e+00,0.000000000000000000e+00,0.000000000000000000e+00,0.000000000000000000e+00
0.000000000000000000e+00,0.000000000000000000e+00,5.566018581390380859e+00,0.000000000000000000e+00,1.012350082397460938e+00,0.000000000000000000e+00,0.000000000000000000e+00
0.000000000000000000e+00,0.000000000000000000e+00,1.971877455711364746e+00,0.000000000000000000e+00,7.082914113998413086e-01,0.000000000000000000e+00,0.000000000000000000e+00
1.113484382629394531e+00,0.000000000000000000e+00,4.254871368408203125e+00,0.000000000000000000e+00,8.598167896270751953e-01,0.000000000000000000e+00,0.000000000000000000e+00
0.000000000000000000e+00,0.000000000000000000e+00,7.029518485069274902e-01,0.000000000000000000e+00,4.397495269775390625e+00,1.624177575111389160e+00,0.000000000000000000e+00
0.000000000000000000e+00,1.948997825384140015e-01,0.000000000000000000e+00,0.000000000000000000e+00,3.369563341140747070e+00,2.365215063095092773e+00,0.000000000000000000e+00
4.235909461975097656e+00,0.000000000000000000e+00,1.402416825294494629e+00,3.471782445907592773e+00,0.000000000000000000e+00,7.219996452331542969e-01,5.630460381507873535e-01
0.000000000000000000e+00,0.000000000000000000e+00,4.860754013061523438e+00,0.000000000000000000e+00,9.250134229660034180e-01,0.000000000000000000e+00,0.000000000000000000e+00
2.974064350128173828e+00,0.000000000000000000e+00,3.328223466873168945e+00,1.784240126609802246e+00,0.000000000000000000e+00,0.000000000000000000e+00,0.000000000000000000e+00
0.000000000000000000e+00,0.000000000000000000e+00,3.943704366683959961e+00,0.000000000000000000e+00,7.943319082260131836e-01,0.000000000000000000e+00,0.000000000000000000e+00
3.116754770278930664e+00,0.000000000000000000e+00,3.528371572494506836e+00,1.809877276420593262e+00,0.000000000000000000e+00,0.000000000000000000e+00,0.000000000000000000e+00
3.149158716201782227e+00,0.000000000000000000e+00,3.288980484008789062e+00,2.193345785140991211e+00,0.000000000000000000e+00,5.461577326059341431e-02,0.000000000000000000e+00
0.000000000000000000e+00,0.000000000000000000e+00,4.411799430847167969e+00,0.000000000000000000e+00,5.698928833007812500e-01,0.000000000000000000e+00,0.000000000000000000e+00
0.000000000000000000e+00,1.701707690954208374e-01,0.000000000000000000e+00,0.000000000000000000e+00,3.168818712234497070e+00,2.003132820129394531e+00,0.000000000000000000e+00
0.000000000000000000e+00,2.058549165725708008e+00,0.000000000000000000e+00,0.000000000000000000e+00,3.321197748184204102e+00,2.002141714096069336e+00,0.000000000000000000e+00
0.000000000000000000e+00,0.000000000000000000e+00,4.365687847137451172e+00,0.000000000000000000e+00,2.088819742202758789e+00,0.000000000000000000e+00,0.000000000000000000e+00
6.434255242347717285e-01,0.000000000000000000e+00,3.918302774429321289e+00,0.000000000000000000e+00,4.027507007122039795e-01,0.000000000000000000e+00,0.000000000000000000e+00
3.064216852188110352e+00,0.000000000000000000e+00,3.467862129211425781e+00,1.661619782447814941e+00,0.000000000000000000e+00,0.000000000000000000e+00,0.000000000000000000e+00
0.000000000000000000e+00,0.000000000000000000e+00,6.223962306976318359e+00,0.000000000000000000e+00,5.951278209686279297e-01,0.000000000000000000e+00,0.000000000000000000e+00
1.470998764038085938e+00,0.000000000000000000e+00,3.729590892791748047e+00,4.640831351280212402e-01,0.000000000000000000e+00,0.000000000000000000e+00,0.000000000000000000e+00
2.947561025619506836e+00,0.000000000000000000e+00,2.295876502990722656e+00,2.208666324615478516e+00,0.000000000000000000e+00,8.832878619432449341e-02,0.000000000000000000e+00
2.159530878067016602e+00,0.000000000000000000e+00,3.172629475593566895e-01,1.559160113334655762e+00,1.562284529209136963e-01,6.367605328559875488e-01,4.491148293018341064e-01
2.153108119964599609e+00,0.000000000000000000e+00,1.030686974525451660e+00,1.763933300971984863e+00,0.000000000000000000e+00,0.000000000000000000e+00,1.328887045383453369e-01
2.460630178451538086e+00,4.162750720977783203e+00,0.000000000000000000e+00,4.025267601013183594e+00,0.000000000000000000e+00,0.000000000000000000e+00,2.456757307052612305e+00
0.000000000000000000e+00,5.771842002868652344e+00,0.000000000000000000e+00,0.000000000000000000e+00,7.257328033447265625e-01,0.000000000000000000e+00,4.485484957695007324e-01
0.000000000000000000e+00,5.240011215209960938e+00,0.000000000000000000e+00,0.000000000000000000e+00,1.446269392967224121e+00,9.928803890943527222e-02,0.000000000000000000e+00
0.000000000000000000e+00,5.148665904998779297e+00,0.000000000000000000e+00,0.000000000000000000e+00,6.388900279998779297e-01,0.000000000000000000e+00,0.000000000000000000e+00
0.000000000000000000e+00,4.271605968475341797e+00,0.000000000000000000e+00,0.000000000000000000e+00,1.161067366600036621e+00,6.220596283674240112e-02,0.000000000000000000e+00
0.000000000000000000e+00,4.060585975646972656e+00,0.000000000000000000e+00,0.000000000000000000e+00,1.766872286796569824e+00,3.534414172172546387e-01,0.000000000000000000e+00
0.000000000000000000e+00,5.059220314025878906e+00,0.000000000000000000e+00,0.000000000000000000e+00,7.538623809814453125e-01,0.000000000000000000e+00,0.000000000000000000e+00
0.000000000000000000e+00,4.477624416351318359e+00,0.000000000000000000e+00,0.000000000000000000e+00,5.262699127197265625e-01,0.000000000000000000e+00,1.498762965202331543e-01
0.000000000000000000e+00,4.554891586303710938e+00,0.000000000000000000e+00,0.000000000000000000e+00,2.069917917251586914e+00,1.280763983726501465e+00,1.260788738727569580e-01
0.000000000000000000e+00,0.000000000000000000e+00,4.370567202568054199e-01,0.000000000000000000e+00,5.170885562896728516e+00,9.091188311576843262e-01,0.000000000000000000e+00
0.000000000000000000e+00,0.000000000000000000e+00,2.091209650039672852e+00,0.000000000000000000e+00,4.747732162475585938e+00,0.000000000000000000e+00,0.000000000000000000e+00
0.000000000000000000e+00,0.000000000000000000e+00,2.410449743270874023e+00,0.000000000000000000e+00,4.296341896057128906e+00,0.000000000000000000e+00,0.000000000000000000e+00
0.000000000000000000e+00,0.000000000000000000e+00,2.400899171829223633e+00,0.000000000000000000e+00,4.778598785400390625e+00,5.532031506299972534e-02,0.000000000000000000e+00
0.000000000000000000e+00,0.000000000000000000e+00,2.446240901947021484e+00,0.000000000000000000e+00,1.183406233787536621e+00,0.000000000000000000e+00,0.000000000000000000e+00
1.400306701660156250e+00,3.645833730697631836e+00,0.000000000000000000e+00,2.410460233688354492e+00,0.000000000000000000e+00,0.000000000000000000e+00,1.348366022109985352e+00
0.000000000000000000e+00,4.096950531005859375e+00,0.000000000000000000e+00,2.966459691524505615e-01,0.000000000000000000e+00,0.000000000000000000e+00,4.563048779964447021e-01
0.000000000000000000e+00,5.166421890258789062e+00,0.000000000000000000e+00,2.763156592845916748e-01,0.000000000000000000e+00,0.000000000000000000e+00,5.793377161026000977e-01
3.540938794612884521e-01,4.031110763549804688e+00,0.000000000000000000e+00,8.710572719573974609e-01,0.000000000000000000e+00,0.000000000000000000e+00,5.780093073844909668e-01
0.000000000000000000e+00,4.164008140563964844e+00,0.000000000000000000e+00,6.945183277130126953e-01,0.000000000000000000e+00,0.000000000000000000e+00,4.739482998847961426e-01
0.000000000000000000e+00,5.047074317932128906e+00,0.000000000000000000e+00,0.000000000000000000e+00,3.462970554828643799e-01,0.000000000000000000e+00,4.961707293987274170e-01
0.000000000000000000e+00,6.520119667053222656e+00,0.000000000000000000e+00,0.000000000000000000e+00,6.774179935455322266e-01,0.000000000000000000e+00,4.443221092224121094e-01
1.301238775253295898e+00,2.518023967742919922e+00,0.000000000000000000e+00,2.200945138931274414e+00,0.000000000000000000e+00,0.000000000000000000e+00,1.305935621261596680e+00
2.014348983764648438e+00,0.000000000000000000e+00,2.225086450576782227e+00,1.275029301643371582e+00,0.000000000000000000e+00,0.000000000000000000e+00,0.000000000000000000e+00
0.000000000000000000e+00,0.000000000000000000e+00,2.889889478683471680e+00,0.000000000000000000e+00,1.734484195709228516e+00,0.000000000000000000e+00,0.000000000000000000e+00
0.000000000000000000e+00,0.000000000000000000e+00,2.710735082626342773e+00,0.000000000000000000e+00,9.887148141860961914e-01,0.000000000000000000e+00,0.000000000000000000e+00
1.584928274154663086e+00,0.000000000000000000e+00,8.415216207504272461e-01,1.122579097747802734e+00,0.000000000000000000e+00,0.000000000000000000e+00,0.000000000000000000e+00
1.220848321914672852e+00,0.000000000000000000e+00,8.172061443328857422e-01,7.781474590301513672e-01,1.210772991180419922e-01,2.755806148052215576e-01,0.000000000000000000e+00
2.102451801300048828e+00,0.000000000000000000e+00,8.577335476875305176e-01,1.662784695625305176e+00,0.000000000000000000e+00,1.533316820859909058e-02,6.441286206245422363e-02
2.138833850622177124e-01,0.000000000000000000e+00,8.646405935287475586e-01,0.000000000000000000e+00,0.000000000000000000e+00,0.000000000000000000e+00,0.000000000000000000e+00
0.000000000000000000e+00,3.615443468093872070e+00,0.000000000000000000e+00,0.000000000000000000e+00,7.306805849075317383e-01,6.792872399091720581e-02,1.090389639139175415e-01
1.796085834503173828e+00,3.143862009048461914e+00,0.000000000000000000e+00,3.046780109405517578e+00,0.000000000000000000e+00,0.000000000000000000e+00,2.024820089340209961e+00
1.375389814376831055e+00,3.410326242446899414e+00,0.000000000000000000e+00,2.729415893554687500e+00,0.000000000000000000e+00,0.000000000000000000e+00,1.673520565032958984e+00
3.305459976196289062e+00,0.000000000000000000e+00,1.903232216835021973e+00,2.534963846206665039e+00,0.000000000000000000e+00,4.035992175340652466e-02,0.000000000000000000e+00
2.284440755844116211e+00,0.000000000000000000e+00,3.290681600570678711e+00,1.295489192008972168e+00,0.000000000000000000e+00,0.000000000000000000e+00,0.000000000000000000e+00
3.025542259216308594e+00,0.000000000000000000e+00,3.187192201614379883e+00,2.101428985595703125e+00,0.000000000000000000e+00,2.322553396224975586e-01,0.000000000000000000e+00
3.103726148605346680e+00,0.000000000000000000e+00,1.844876170158386230e+00,2.427954435348510742e+00,0.000000000000000000e+00,1.180246844887733459e-01,0.000000000000000000e+00
2.029158115386962891e+00,0.000000000000000000e+00,8.507154881954193115e-02,1.815444111824035645e+00,0.000000000000000000e+00,1.131363213062286377e-03,6.103556752204895020e-01
3.150650501251220703e+00,0.000000000000000000e+00,2.924237012863159180e+00,2.155867338180541992e+00,0.000000000000000000e+00,5.348420888185501099e-02,0.000000000000000000e+00
0.000000000000000000e+00,0.000000000000000000e+00,4.632461071014404297e+00,0.000000000000000000e+00,1.197303295135498047e+00,0.000000000000000000e+00,0.000000000000000000e+00
2.304987192153930664e+00,2.784027457237243652e-01,0.000000000000000000e+00,2.463116884231567383e+00,0.000000000000000000e+00,3.349578976631164551e-01,1.126290321350097656e+00
0.000000000000000000e+00,1.845761418342590332e+00,0.000000000000000000e+00,0.000000000000000000e+00,3.946388959884643555e+00,2.144217491149902344e+00,0.000000000000000000e+00
0.000000000000000000e+00,0.000000000000000000e+00,1.278321146965026855e+00,0.000000000000000000e+00,1.403496623039245605e+00,0.000000000000000000e+00,0.000000000000000000e+00
1.396650075912475586e-02,0.000000000000000000e+00,1.143656224012374878e-01,0.000000000000000000e+00,8.534579277038574219e-01,4.337508082389831543e-01,0.000000000000000000e+00
0.000000000000000000e+00,0.000000000000000000e+00,2.996684789657592773e+00,0.000000000000000000e+00,8.737785816192626953e-01,0.000000000000000000e+00,0.000000000000000000e+00
1.894497394561767578e+00,0.000000000000000000e+00,6.303032040596008301e-01,1.610312461853027344e+00,0.000000000000000000e+00,0.000000000000000000e+00,2.559357583522796631e-01
2.962441444396972656e+00,0.000000000000000000e+00,1.747136712074279785e+00,2.251334667205810547e+00,0.000000000000000000e+00,0.000000000000000000e+00,0.000000000000000000e+00
7.318175435066223145e-01,0.000000000000000000e+00,3.871658563613891602e+00,0.000000000000000000e+00,0.000000000000000000e+00,0.000000000000000000e+00,0.000000000000000000e+00
0.000000000000000000e+00,0.000000000000000000e+00,4.770774364471435547e+00,0.000000000000000000e+00,3.614787817001342773e+00,0.000000000000000000e+00,0.000000000000000000e+00
0.000000000000000000e+00,0.000000000000000000e+00,1.932766556739807129e+00,0.000000000000000000e+00,3.781897783279418945e+00,1.610363721847534180e+00,0.000000000000000000e+00
0.000000000000000000e+00,6.721720695495605469e-01,0.000000000000000000e+00,0.000000000000000000e+00,2.646527051925659180e+00,9.549859166145324707e-01,0.000000000000000000e+00
2.118957519531250000e+00,0.000000000000000000e+00,1.022268176078796387e+00,1.635329008102416992e+00,0.000000000000000000e+00,0.000000000000000000e+00,4.426872730255126953e-02
2.930797576904296875e+00,0.000000000000000000e+00,1.615402698516845703e+00,2.426714181900024414e+00,0.000000000000000000e+00,2.404685318470001221e-01,0.000000000000000000e+00
8.125739097595214844e-01,0.000000000000000000e+00,4.101341724395751953e+00,0.000000000000000000e+00,7.497620582580566406e-01,0.000000000000000000e+00,0.000000000000000000e+00
2.892770051956176758e+00,0.000000000000000000e+00,3.573367834091186523e+00,1.581054568290710449e+00,0.000000000000000000e+00,0.000000000000000000e+00,0.000000000000000000e+00
2.609707832336425781e+00,0.000000000000000000e+00,3.138480901718139648e+00,1.554263949394226074e+00,0.000000000000000000e+00,0.000000000000000000e+00,0.000000000000000000e+00
5.822357535362243652e-01,0.000000000000000000e+00,8.390231728553771973e-01,2.104731202125549316e-01,5.534532666206359863e-02,0.000000000000000000e+00,0.000000000000000000e+00
1.118608236312866211e+00,0.000000000000000000e+00,3.830637216567993164e+00,1.993181407451629639e-01,0.000000000000000000e+00,0.000000000000000000e+00,0.000000000000000000e+00
0.000000000000000000e+00,0.000000000000000000e+00,1.626317620277404785e+00,0.000000000000000000e+00,2.457158803939819336e+00,1.934136748313903809e-01,0.000000000000000000e+00
0.000000000000000000e+00,0.000000000000000000e+00,6.315338015556335449e-01,0.000000000000000000e+00,2.830564498901367188e+00,3.444830775260925293e-01,0.000000000000000000e+00
0.000000000000000000e+00,0.000000000000000000e+00,6.458655595779418945e-01,0.000000000000000000e+00,1.262178659439086914e+00,4.716103523969650269e-02,0.000000000000000000e+00
1.830173969268798828e+00,0.000000000000000000e+00,1.258444428443908691e+00,1.304630637168884277e+00,0.000000000000000000e+00,0.000000000000000000e+00,0.000000000000000000e+00
1.891969442367553711e+00,0.000000000000000000e+00,2.969043970108032227e+00,9.711219072341918945e-01,0.000000000000000000e+00,0.000000000000000000e+00,0.000000000000000000e+00
0.000000000000000000e+00,0.000000000000000000e+00,3.614315032958984375e+00,0.000000000000000000e+00,1.985265970230102539e+00,1.580532491207122803e-01,0.000000000000000000e+00
2.857974529266357422e+00,0.000000000000000000e+00,2.868724346160888672e+00,1.604262590408325195e+00,6.551215648651123047e-01,4.015718102455139160e-01,0.000000000000000000e+00
1.510483264923095703e+00,0.000000000000000000e+00,9.178835749626159668e-01,0.000000000000000000e+00,2.945799112319946289e+00,2.487163782119750977e+00,0.000000000000000000e+00
0.000000000000000000e+00,0.000000000000000000e+00,4.183377623558044434e-01,0.000000000000000000e+00,4.887243747711181641e+00,2.372002124786376953e+00,0.000000000000000000e+00
0.000000000000000000e+00,0.000000000000000000e+00,2.014017105102539062e+00,0.000000000000000000e+00,2.165025472640991211e+00,2.488617897033691406e-01,0.000000000000000000e+00
0.000000000000000000e+00,9.540987014770507812e-01,0.000000000000000000e+00,0.000000000000000000e+00,3.744169712066650391e+00,2.010948896408081055e+00,0.000000000000000000e+00
0.000000000000000000e+00,3.145722866058349609e+00,0.000000000000000000e+00,0.000000000000000000e+00,5.684220790863037109e-01,0.000000000000000000e+00,0.000000000000000000e+00
0.000000000000000000e+00,0.000000000000000000e+00,1.849877595901489258e+00,0.000000000000000000e+00,2.467949390411376953e+00,6.326609104871749878e-02,0.000000000000000000e+00
0.000000000000000000e+00,0.000000000000000000e+00,5.917231559753417969e+00,0.000000000000000000e+00,8.735095262527465820e-01,0.000000000000000000e+00,0.000000000000000000e+00
0.000000000000000000e+00,0.000000000000000000e+00,4.147097110748291016e+00,0.000000000000000000e+00,6.441035270690917969e-01,0.000000000000000000e+00,0.000000000000000000e+00
3.937143087387084961e-02,0.000000000000000000e+00,4.790452957153320312e+00,0.000000000000000000e+00,5.450932979583740234e-01,0.000000000000000000e+00,0.000000000000000000e+00
6.469490528106689453e-01,0.000000000000000000e+00,2.863228559494018555e+00,0.000000000000000000e+00,1.464498937129974365e-01,0.000000000000000000e+00,0.000000000000000000e+00
7.495939731597900391e-01,0.000000000000000000e+00,3.540297269821166992e+00,0.000000000000000000e+00,0.000000000000000000e+00,0.000000000000000000e+00,0.000000000000000000e+00
0.000000000000000000e+00,0.000000000000000000e+00,3.687383413314819336e+00,0.000000000000000000e+00,8.593661785125732422e-01,0.000000000000000000e+00,0.000000000000000000e+00
1.363109350204467773e+00,0.000000000000000000e+00,8.004426956176757812e-01,1.164892911911010742e+00,0.000000000000000000e+00,0.000000000000000000e+00,6.865803897380828857e-02
0.000000000000000000e+00,3.896788954734802246e-01,0.000000000000000000e+00,0.000000000000000000e+00,4.267342388629913330e-01,0.000000000000000000e+00,0.000000000000000000e+00
0.000000000000000000e+00,5.782108783721923828e+00,0.000000000000000000e+00,1.029136180877685547e+00,0.000000000000000000e+00,0.000000000000000000e+00,1.317806720733642578e+00
1.386697292327880859e+00,4.078648567199707031e+00,0.000000000000000000e+00,2.682870864868164062e+00,0.000000000000000000e+00,0.000000000000000000e+00,1.500689029693603516e+00
0.000000000000000000e+00,5.745291709899902344e+00,0.000000000000000000e+00,6.930112838745117188e-01,0.000000000000000000e+00,0.000000000000000000e+00,1.045006990432739258e+00
0.000000000000000000e+00,4.959078788757324219e+00,0.000000000000000000e+00,0.000000000000000000e+00,6.220501661300659180e-01,0.000000000000000000e+00,1.805143654346466064e-01
0.000000000000000000e+00,5.236915588378906250e+00,0.000000000000000000e+00,0.000000000000000000e+00,7.051043510437011719e-01,0.000000000000000000e+00,1.950484812259674072e-01
0.000000000000000000e+00,5.296181678771972656e+00,0.000000000000000000e+00,0.000000000000000000e+00,1.651944041252136230e+00,3.054437041282653809e-01,0.000000000000000000e+00
0.000000000000000000e+00,5.566171646118164062e+00,0.000000000000000000e+00,0.000000000000000000e+00,1.085191488265991211e+00,0.000000000000000000e+00,0.000000000000000000e+00
0.000000000000000000e+00,1.008086013793945312e+01,0.000000000000000000e+00,0.000000000000000000e+00,4.054897129535675049e-01,0.000000000000000000e+00,9.888116717338562012e-01
0.000000000000000000e+00,1.824615716934204102e+00,0.000000000000000000e+00,0.000000000000000000e+00,4.923494815826416016e+00,2.161570787429809570e+00,0.000000000000000000e+00
0.000000000000000000e+00,0.000000000000000000e+00,1.689300894737243652e+00,0.000000000000000000e+00,5.102499485015869141e+00,3.410451859235763550e-02,0.000000000000000000e+00
0.000000000000000000e+00,0.000000000000000000e+00,2.994747400283813477e+00,0.000000000000000000e+00,4.877838611602783203e+00,7.172412276268005371e-01,0.000000000000000000e+00
0.000000000000000000e+00,5.092960357666015625e+00,0.000000000000000000e+00,0.000000000000000000e+00,1.202933311462402344e+00,5.252190232276916504e-01,7.934831380844116211e-01
2.433308601379394531e+00,5.512189865112304688e+00,0.000000000000000000e+00,3.765694141387939453e+00,0.000000000000000000e+00,0.000000000000000000e+00,2.587707281112670898e+00
2.346354961395263672e+00,4.845187664031982422e+00,0.000000000000000000e+00,3.847916603088378906e+00,0.000000000000000000e+00,0.000000000000000000e+00,2.438874959945678711e+00
6.882689595222473145e-01,5.263525009155273438e+00,0.000000000000000000e+00,1.574682950973510742e+00,0.000000000000000000e+00,0.000000000000000000e+00,1.668616771697998047e+00
0.000000000000000000e+00,4.574551582336425781e+00,0.000000000000000000e+00,0.000000000000000000e+00,0.000000000000000000e+00,0.000000000000000000e+00,2.054498344659805298e-01
1.498880863189697266e+00,5.197730541229248047e+00,0.000000000000000000e+00,3.198584079742431641e+00,0.000000000000000000e+00,0.000000000000000000e+00,2.250836372375488281e+00
1.782589197158813477e+00,5.069726943969726562e+00,0.000000000000000000e+00,3.080431461334228516e+00,0.000000000000000000e+00,0.000000000000000000e+00,2.061691999435424805e+00
2.347227334976196289e+00,4.586006164550781250e+00,0.000000000000000000e+00,3.852904319763183594e+00,0.000000000000000000e+00,0.000000000000000000e+00,2.340300798416137695e+00
0.000000000000000000e+00,4.866592407226562500e+00,0.000000000000000000e+00,0.000000000000000000e+00,6.149865388870239258e-01,0.000000000000000000e+00,1.105404198169708252e-01
2.501184701919555664e+00,4.708705902099609375e+00,0.000000000000000000e+00,4.385108947753906250e+00,0.000000000000000000e+00,0.000000000000000000e+00,2.669370174407958984e+00
2.504332065582275391e+00,1.079989075660705566e+00,0.000000000000000000e+00,3.353901147842407227e+00,0.000000000000000000e+00,1.775161325931549072e-01,1.770210504531860352e+00
2.463006019592285156e+00,1.159465789794921875e+00,0.000000000000000000e+00,3.268260717391967773e+00,0.000000000000000000e+00,2.376982867717742920e-01,1.871982097625732422e+00
2.611465215682983398e+00,0.000000000000000000e+00,1.171771526336669922e+00,2.083456277847290039e+00,0.000000000000000000e+00,2.925819903612136841e-02,8.159458637237548828e-02
2.083715200424194336e+00,0.000000000000000000e+00,2.051998138427734375e+00,1.347285985946655273e+00,0.000000000000000000e+00,0.000000000000000000e+00,0.000000000000000000e+00
2.628763914108276367e+00,2.224026620388031006e-02,3.344037532806396484e-01,2.728593826293945312e+00,0.000000000000000000e+00,1.687301099300384521e-01,8.190733790397644043e-01
2.668253421783447266e+00,8.143653869628906250e-01,0.000000000000000000e+00,3.443641185760498047e+00,0.000000000000000000e+00,2.370963692665100098e-01,1.704388618469238281e+00
3.769106388092041016e+00,0.000000000000000000e+00,1.752056717872619629e+00,3.029286861419677734e+00,0.000000000000000000e+00,3.792052567005157471e-01,1.606463789939880371e-01
3.623173832893371582e-01,3.122352600097656250e+00,0.000000000000000000e+00,4.497023522853851318e-01,8.345613479614257812e-01,7.780013084411621094e-01,1.048916578292846680e+00
0.000000000000000000e+00,3.271248817443847656e+00,0.000000000000000000e+00,0.000000000000000000e+00,2.594749212265014648e+00,1.240550637245178223e+00,0.000000000000000000e+00
0.000000000000000000e+00,2.701057434082031250e+00,0.000000000000000000e+00,0.000000000000000000e+00,2.918559789657592773e+00,1.474960923194885254e+00,0.000000000000000000e+00
3.211617469787597656e+00,4.995100498199462891e-01,0.000000000000000000e+00,3.491051435470581055e+00,0.000000000000000000e+00,5.838364362716674805e-01,1.649627208709716797e+00
2.629469394683837891e+00,0.000000000000000000e+00,1.451094031333923340e+00,2.106590270996093750e+00,0.000000000000000000e+00,0.000000000000000000e+00,6.716251373291015625e-04
2.277127265930175781e+00,0.000000000000000000e+00,3.511965990066528320e+00,9.533855915069580078e-01,0.000000000000000000e+00,0.000000000000000000e+00,0.000000000000000000e+00
2.776584148406982422e+00,0.000000000000000000e+00,1.438370108604431152e+00,2.163846015930175781e+00,0.000000000000000000e+00,0.000000000000000000e+00,0.000000000000000000e+00
3.239092588424682617e+00,0.000000000000000000e+00,1.314840555191040039e+00,2.740180492401123047e+00,0.000000000000000000e+00,2.196450829505920410e-01,2.660849094390869141e-01
2.498026490211486816e-01,0.000000000000000000e+00,1.883810609579086304e-01,5.221450328826904297e-02,1.684798002243041992e-01,1.589007973670959473e-01,0.000000000000000000e+00
0.000000000000000000e+00,0.000000000000000000e+00,3.895058035850524902e-01,0.000000000000000000e+00,1.866673946380615234e+00,7.490157485008239746e-01,0.000000000000000000e+00
0.000000000000000000e+00,7.789237499237060547e-01,0.000000000000000000e+00,0.000000000000000000e+00,3.842695951461791992e+00,2.780549526214599609e+00,0.000000000000000000e+00
0.000000000000000000e+00,3.258951425552368164e+00,0.000000000000000000e+00,0.000000000000000000e+00,4.741386413574218750e+00,2.732450246810913086e+00,0.000000000000000000e+00
1.907235145568847656e+00,3.143660783767700195e+00,0.000000000000000000e+00,1.608562350273132324e+00,1.861019849777221680e+00,2.250222444534301758e+00,1.409302711486816406e+00
1.032266378402709961e+00,4.762600660324096680e-01,0.000000000000000000e+00,0.000000000000000000e+00,2.481845140457153320e+00,2.145463943481445312e+00,1.433639228343963623e-01
8.660261034965515137e-01,0.000000000000000000e+00,2.908158540725708008e+00,0.000000000000000000e+00,1.858014345169067383e+00,6.456490159034729004e-01,0.000000000000000000e+00
2.536219358444213867e+00,0.000000000000000000e+00,2.460760831832885742e+00,1.670808672904968262e+00,0.000000000000000000e+00,0.000000000000000000e+00,0.000000000000000000e+00
0.000000000000000000e+00,0.000000000000000000e+00,2.742891073226928711e+00,0.000000000000000000e+00,9.214707612991333008e-01,0.000000000000000000e+00,0.000000000000000000e+00
2.554204702377319336e+00,0.000000000000000000e+00,2.491004467010498047e+00,1.377348303794860840e+00,5.462387800216674805e-01,3.999635875225067139e-01,0.000000000000000000e+00
0.000000000000000000e+00,0.000000000000000000e+00,9.605310559272766113e-01,0.000000000000000000e+00,3.291059255599975586e+00,1.557363033294677734e+00,0.000000000000000000e+00
3.371384739875793457e-02,1.003316402435302734e+00,0.000000000000000000e+00,0.000000000000000000e+00,1.461709141731262207e+00,9.999520182609558105e-01,0.000000000000000000e+00
0.000000000000000000e+00,2.509155273437500000e+00,0.000000000000000000e+00,0.000000000000000000e+00,3.559099435806274414e+00,2.064171552658081055e+00,0.000000000000000000e+00
3.805881500244140625e+00,0.000000000000000000e+00,1.920127272605895996e+00,3.053240299224853516e+00,0.000000000000000000e+00,3.880422115325927734e-01,1.422435045242309570e-01
3.387657880783081055e+00,0.000000000000000000e+00,3.242251396179199219e+00,2.276178359985351562e+00,0.000000000000000000e+00,0.000000000000000000e+00,0.000000000000000000e+00
0.000000000000000000e+00,0.000000000000000000e+00,4.148347377777099609e+00,0.000000000000000000e+00,2.663858890533447266e+00,2.976953685283660889e-01,0.000000000000000000e+00
2.287723302841186523e+00,0.000000000000000000e+00,3.839696168899536133e+00,9.898953437805175781e-01,5.545079708099365234e-01,0.000000000000000000e+00,0.000000000000000000e+00
2.615054368972778320e+00,0.000000000000000000e+00,3.364820480346679688e-01,2.266499519348144531e+00,0.000000000000000000e+00,3.906263113021850586e-01,6.723473072052001953e-01
0.000000000000000000e+00,2.501494884490966797e-01,0.000000000000000000e+00,0.000000000000000000e+00,6.552175521850585938e+00,4.158526420593261719e+00,0.000000000000000000e+00
0.000000000000000000e+00,0.000000000000000000e+00,0.000000000000000000e+00,0.000000000000000000e+00,7.138127326965332031e+00,5.315558433532714844e+00,0.000000000000000000e+00
8.472816348075866699e-01,0.000000000000000000e+00,0.000000000000000000e+00,0.000000000000000000e+00,5.921353340148925781e+00,4.607347011566162109e+00,0.000000000000000000e+00
1.192622661590576172e+00,1.948163270950317383e+00,0.000000000000000000e+00,0.000000000000000000e+00,6.155889034271240234e+00,5.003523349761962891e+00,3.451502621173858643e-01
1.292685985565185547e+00,2.446340084075927734e+00,0.000000000000000000e+00,0.000000000000000000e+00,5.886814594268798828e+00,4.933009147644042969e+00,4.553781449794769287e-01
1.627093315124511719e+00,2.451458454132080078e+00,0.000000000000000000e+00,0.000000000000000000e+00,5.580992221832275391e+00,4.876711368560791016e+00,9.292257428169250488e-01
6.750982999801635742e-01,2.005151033401489258e+00,0.000000000000000000e+00,0.000000000000000000e+00,6.488035678863525391e+00,5.018517971038818359e+00,0.000000000000000000e+00
1.538857460021972656e+00,1.317379236221313477e+00,0.000000000000000000e+00,0.000000000000000000e+00,5.892392635345458984e+00,4.993378162384033203e+00,4.831349253654479980e-01
1.773926496505737305e+00,3.704095602035522461e+00,0.000000000000000000e+00,3.160482347011566162e-01,4.844927310943603516e+00,4.467002868652343750e+00,1.530726909637451172e+00
2.116564035415649414e+00,1.510548114776611328e+00,0.000000000000000000e+00,0.000000000000000000e+00,5.617162227630615234e+00,5.033979892730712891e+00,9.966710209846496582e-01
6.814145445823669434e-01,0.000000000000000000e+00,0.000000000000000000e+00,0.000000000000000000e+00,5.612483501434326172e+00,4.515592098236083984e+00,0.000000000000000000e+00
5.327094197273254395e-01,0.000000000000000000e+00,1.982938498258590698e-01,0.000000000000000000e+00,4.655108928680419922e+00,3.599408864974975586e+00,0.000000000000000000e+00
0.000000000000000000e+00,0.000000000000000000e+00,2.680464744567871094e+00,0.000000000000000000e+00,3.290717363357543945e+00,8.084603548049926758e-01,0.000000000000000000e+00
0.000000000000000000e+00,0.000000000000000000e+00,2.192035198211669922e+00,0.000000000000000000e+00,4.262721061706542969e+00,2.032553672790527344e+00,0.000000000000000000e+00
0.000000000000000000e+00,0.000000000000000000e+00,8.273832201957702637e-01,0.000000000000000000e+00,4.806687355041503906e+00,2.747710466384887695e+00,0.000000000000000000e+00
1.137483835220336914e+00,1.349280714988708496e+00,0.000000000000000000e+00,2.323082387447357178e-01,2.087156772613525391e+00,1.978682160377502441e+00,5.929202437400817871e-01
0.000000000000000000e+00,0.000000000000000000e+00,2.664835691452026367e+00,0.000000000000000000e+00,1.420232057571411133e+00,0.000000000000000000e+00,0.000000000000000000e+00
0.000000000000000000e+00,0.000000000000000000e+00,4.031013488769531250e+00,0.000000000000000000e+00,1.051199197769165039e+00,0.000000000000000000e+00,0.000000000000000000e+00
1.329930067062377930e+00,0.000000000000000000e+00,4.692076206207275391e+00,6.871074438095092773e-02,0.000000000000000000e+00,0.000000000000000000e+00,0.000000000000000000e+00
1.692239522933959961e+00,0.000000000000000000e+00,3.774636507034301758e+00,7.191679477691650391e-01,0.000000000000000000e+00,0.000000000000000000e+00,0.000000000000000000e+00
2.621291160583496094e+00,0.000000000000000000e+00,4.506417751312255859e+00,1.160227894783020020e+00,0.000000000000000000e+00,0.000000000000000000e+00,0.000000000000000000e+00
2.392829656600952148e-01,0.000000000000000000e+00,4.302831172943115234e+00,0.000000000000000000e+00,6.583763360977172852e-01,0.000000000000000000e+00,0.000000000000000000e+00
7.651565074920654297e-01,0.000000000000000000e+00,4.275383949279785156e+00,0.000000000000000000e+00,7.043207883834838867e-01,0.000000000000000000e+00,0.000000000000000000e+00
0.000000000000000000e+00,0.000000000000000000e+00,3.317223310470581055e+00,0.000000000000000000e+00,8.431313037872314453e-01,0.000000000000000000e+00,0.000000000000000000e+00
9.889269471168518066e-01,2.048205614089965820e+00,0.000000000000000000e+00,2.171965837478637695e+00,0.000000000000000000e+00,0.000000000000000000e+00,1.438106298446655273e+00
0.000000000000000000e+00,5.062959671020507812e+00,0.000000000000000000e+00,0.000000000000000000e+00,1.415798962116241455e-01,0.000000000000000000e+00,4.000464081764221191e-01
2.005664408206939697e-01,4.867233753204345703e+00,0.000000000000000000e+00,7.951769828796386719e-01,0.000000000000000000e+00,0.000000000000000000e+00,1.028572320938110352e+00
0.000000000000000000e+00,4.793056488037109375e+00,0.000000000000000000e+00,5.763977766036987305e-03,3.498175442218780518e-01,0.000000000000000000e+00,6.031215786933898926e-01
0.000000000000000000e+00,4.776400089263916016e+00,0.000000000000000000e+00,0.000000000000000000e+00,6.826096773147583008e-01,0.000000000000000000e+00,0.000000000000000000e+00
0.000000000000000000e+00,5.444735527038574219e+00,0.000000000000000000e+00,0.000000000000000000e+00,1.134231090545654297e+00,0.000000000000000000e+00,9.082949161529541016e-02
0.000000000000000000e+00,5.354891777038574219e+00,0.000000000000000000e+00,0.000000000000000000e+00,1.127987265586853027e+00,0.000000000000000000e+00,0.000000000000000000e+00
0.000000000000000000e+00,4.505536079406738281e+00,0.000000000000000000e+00,0.000000000000000000e+00,0.000000000000000000e+00,0.000000000000000000e+00,1.967737078666687012e-01
0.000000000000000000e+00,5.157880783081054688e+00,0.000000000000000000e+00,0.000000000000000000e+00,1.038362979888916016e+00,0.000000000000000000e+00,0.000000000000000000e+00
0.000000000000000000e+00,1.096938550472259521e-02,8.147327601909637451e-02,0.000000000000000000e+00,4.018761634826660156e+00,9.154127240180969238e-01,0.000000000000000000e+00
0.000000000000000000e+00,0.000000000000000000e+00,2.051130056381225586e+00,0.000000000000000000e+00,5.010595798492431641e+00,8.457653969526290894e-02,0.000000000000000000e+00
0.000000000000000000e+00,0.000000000000000000e+00,3.209347724914550781e+00,0.000000000000000000e+00,4.586468219757080078e+00,0.000000000000000000e+00,0.000000000000000000e+00
0.000000000000000000e+00,0.000000000000000000e+00,1.135450005531311035e+00,0.000000000000000000e+00,4.046137809753417969e+00,6.298633217811584473e-01,0.000000000000000000e+00
2.198812961578369141e-01,4.788250446319580078e+00,0.000000000000000000e+00,8.376860618591308594e-01,0.000000000000000000e+00,0.000000000000000000e+00,1.192191839218139648e+00
1.119005203247070312e+00,3.579563140869140625e+00,0.000000000000000000e+00,2.077462673187255859e+00,0.000000000000000000e+00,0.000000000000000000e+00,1.087209224700927734e+00
0.000000000000000000e+00,6.629913806915283203e+00,0.000000000000000000e+00,5.011867284774780273e-01,1.598682701587677002e-01,0.000000000000000000e+00,1.121258735656738281e+00
0.000000000000000000e+00,4.916921138763427734e+00,0.000000000000000000e+00,0.000000000000000000e+00,1.169660568237304688e+00,0.000000000000000000e+00,0.000000000000000000e+00
2.528607606887817383e+00,4.692292213439941406e+00,0.000000000000000000e+00,4.035751819610595703e+00,0.000000000000000000e+00,0.000000000000000000e+00,2.469663619995117188e+00
2.022279262542724609e+00,4.387048721313476562e+00,0.000000000000000000e+00,3.465935468673706055e+00,0.000000000000000000e+00,0.000000000000000000e+00,2.026685953140258789e+00
0.000000000000000000e+00,4.524678230285644531e+00,0.000000000000000000e+00,2.774507701396942139e-01,0.000000000000000000e+00,0.000000000000000000e+00,3.912634253501892090e-01
1.149429321289062500e+00,4.362310886383056641e+00,0.000000000000000000e+00,2.208524465560913086e+00,0.000000000000000000e+00,0.000000000000000000e+00,1.279410362243652344e+00
7.358545064926147461e-02,3.578182697296142578e+00,0.000000000000000000e+00,1.414570450782775879e+00,0.000000000000000000e+00,0.000000000000000000e+00,7.344518899917602539e-01
1.550116062164306641e+00,3.315559148788452148e+00,0.000000000000000000e+00,2.893003463745117188e+00,0.000000000000000000e+00,0.000000000000000000e+00,1.858894586563110352e+00
1.975227594375610352e+00,0.000000000000000000e+00,2.297943085432052612e-01,1.756605505943298340e+00,0.000000000000000000e+00,2.088986635208129883e-01,4.451782405376434326e-01
2.018163681030273438e+00,6.374298334121704102e-01,0.000000000000000000e+00,2.011049747467041016e+00,0.000000000000000000e+00,6.686819195747375488e-01,1.055359601974487305e+00
1.037708759307861328e+00,1.349538445472717285e+00,0.000000000000000000e+00,5.778081417083740234e-01,8.272221088409423828e-01,8.897559046745300293e-01,7.395448088645935059e-01
3.267723798751831055e+00,0.000000000000000000e+00,1.872393041849136353e-01,2.843195676803588867e+00,2.677104771137237549e-01,1.353507280349731445e+00,8.574823737144470215e-01
1.550204277038574219e+00,0.000000000000000000e+00,4.198842525482177734e+00,0.000000000000000000e+00,1.542308092117309570e+00,0.000000000000000000e+00,0.000000000000000000e+00
1.365733623504638672e+00,0.000000000000000000e+00,7.340477108955383301e-01,0.000000000000000000e+00,3.403220176696777344e+00,2.862791538238525391e+00,0.000000000000000000e+00
0.000000000000000000e+00,0.000000000000000000e+00,3.906898736953735352e+00,0.000000000000000000e+00,3.383302927017211914e+00,2.690252065658569336e-01,0.000000000000000000e+00
2.594821691513061523e+00,1.369290947914123535e+00,0.000000000000000000e+00,2.828726768493652344e+00,0.000000000000000000e+00,1.045885682106018066e+00,1.877721786499023438e+00
2.935481071472167969e+00,1.253137707710266113e+00,0.000000000000000000e+00,3.908105850219726562e+00,0.000000000000000000e+00,3.180297017097473145e-01,2.245453119277954102e+00
2.675208330154418945e+00,6.829582452774047852e-01,0.000000000000000000e+00,3.139467716217041016e+00,0.000000000000000000e+00,4.952387213706970215e-01,1.595629930496215820e+00
3.415260314941406250e+00,0.000000000000000000e+00,1.612733721733093262e+00,2.856832265853881836e+00,0.000000000000000000e+00,3.002982735633850098e-01,1.694140434265136719e-01
3.034631013870239258e+00,0.000000000000000000e+00,3.079034805297851562e+00,1.878744840621948242e+00,0.000000000000000000e+00,0.000000000000000000e+00,0.000000000000000000e+00
1.232292413711547852e+00,0.000000000000000000e+00,2.833674669265747070e+00,5.656608939170837402e-01,0.000000000000000000e+00,0.000000000000000000e+00,0.000000000000000000e+00
1.455780029296875000e+00,0.000000000000000000e+00,3.717185258865356445e+00,4.079488813877105713e-01,1.107749342918395996e-01,0.000000000000000000e+00,0.000000000000000000e+00
1.884184837341308594e+00,0.000000000000000000e+00,1.155159354209899902e+00,8.856217861175537109e-01,1.098724603652954102e+00,1.103693842887878418e+00,0.000000000000000000e+00
7.430266737937927246e-01,1.292582511901855469e+00,0.000000000000000000e+00,8.162310123443603516e-01,4.516717791557312012e-02,3.476200103759765625e-01,8.447867035865783691e-01
2.542393207550048828e-01,3.573031902313232422e+00,0.000000000000000000e+00,0.000000000000000000e+00,3.264593124389648438e+00,2.553040981292724609e+00,3.429984450340270996e-01
0.000000000000000000e+00,3.571423053741455078e+00,0.000000000000000000e+00,0.000000000000000000e+00,2.513879060745239258e+00,1.679774165153503418e+00,5.114055871963500977e-01
2.698198556900024414e+00,1.590997338294982910e+00,0.000000000000000000e+00,3.234275102615356445e+00,0.000000000000000000e+00,6.685919761657714844e-01,2.087234020233154297e+00
2.492578029632568359e+00,1.740574598312377930e+00,0.000000000000000000e+00,3.951238870620727539e+00,0.000000000000000000e+00,0.000000000000000000e+00,2.227469682693481445e+00
3.347520351409912109e+00,0.000000000000000000e+00,1.394812583923339844e+00,2.813200235366821289e+00,0.000000000000000000e+00,2.349454760551452637e-01,2.364759445190429688e-01
2.789506196975708008e+00,0.000000000000000000e+00,3.142358660697937012e-01,2.679271459579467773e+00,0.000000000000000000e+00,4.125549793243408203e-01,8.686177134513854980e-01
2.559465408325195312e+00,0.000000000000000000e+00,3.413898944854736328e+00,1.432955622673034668e+00,2.112436592578887939e-01,0.000000000000000000e+00,0.000000000000000000e+00
0.000000000000000000e+00,0.000000000000000000e+00,2.723115444183349609e+00,0.000000000000000000e+00,1.323349714279174805e+00,0.000000000000000000e+00,0.000000000000000000e+00
3.909139394760131836e+00,0.000000000000000000e+00,1.550426125526428223e+00,2.821106433868408203e+00,4.594163000583648682e-01,1.181340694427490234e+00,2.174994349479675293e-01
1.640640944242477417e-01,5.169633388519287109e+00,0.000000000000000000e+00,0.000000000000000000e+00,3.351973295211791992e+00,2.478463649749755859e+00,4.895051121711730957e-01
3.472183465957641602e+00,0.000000000000000000e+00,2.900132536888122559e-01,2.681938171386718750e+00,7.593486309051513672e-01,1.686154246330261230e+00,7.499402165412902832e-01
1.445859193801879883e+00,0.000000000000000000e+00,0.000000000000000000e+00,1.104018807411193848e+00,4.316478967666625977e-03,4.337100386619567871e-01,5.264357924461364746e-01
5.739656686782836914e-01,0.000000000000000000e+00,2.594714879989624023e+00,0.000000000000000000e+00,1.024809837341308594e+00,1.142211928963661194e-01,0.000000000000000000e+00
2.538915395736694336e+00,0.000000000000000000e+00,2.399383544921875000e+00,1.485920310020446777e+00,4.003457129001617432e-01,5.128533840179443359e-01,0.000000000000000000e+00
3.946824789047241211e+00,0.000000000000000000e+00,1.188832521438598633e+00,3.337529659271240234e+00,0.000000000000000000e+00,6.515412926673889160e-01,5.864776968955993652e-01
4.128057003021240234e+00,0.000000000000000000e+00,2.306145668029785156e+00,2.747396707534790039e+00,9.453349113464355469e-01,1.516815781593322754e+00,0.000000000000000000e+00
1.116703510284423828e+00,0.000000000000000000e+00,1.378519415855407715e+00,0.000000000000000000e+00,3.710417747497558594e+00,2.643797397613525391e+00,0.000000000000000000e+00
0.000000000000000000e+00,0.000000000000000000e+00,1.546609163284301758e+00,0.000000000000000000e+00,4.296105384826660156e+00,2.647301673889160156e+00,0.000000000000000000e+00
0.000000000000000000e+00,3.631626844406127930e+00,0.000000000000000000e+00,0.000000000000000000e+00,3.373389482498168945e+00,2.345240354537963867e+00,0.000000000000000000e+00
8.420568108558654785e-01,0.000000000000000000e+00,0.000000000000000000e+00,0.000000000000000000e+00,4.093730449676513672e+00,3.397900819778442383e+00,0.000000000000000000e+00
0.000000000000000000e+00,1.656975030899047852e+00,0.000000000000000000e+00,0.000000000000000000e+00,9.496116638183593750e-01,4.404163956642150879e-01,0.000000000000000000e+00
1.053372621536254883e+00,1.963726878166198730e-01,0.000000000000000000e+00,1.012354254722595215e+00,0.000000000000000000e+00,0.000000000000000000e+00,3.040783107280731201e-01
3.697989463806152344e+00,0.000000000000000000e+00,1.330851316452026367e+00,3.032570362091064453e+00,0.000000000000000000e+00,8.223211169242858887e-01,3.736867904663085938e-01
3.059661984443664551e-01,0.000000000000000000e+00,2.518773078918457031e+00,0.000000000000000000e+00,2.184803485870361328e+00,1.070793151855468750e+00,0.000000000000000000e+00
3.401060342788696289e+00,0.000000000000000000e+00,3.143694639205932617e+00,2.247286558151245117e+00,3.271868824958801270e-02,3.363252282142639160e-01,0.000000000000000000e+00
0.000000000000000000e+00,0.000000000000000000e+00,4.077730178833007812e+00,0.000000000000000000e+00,1.257596731185913086e+00,0.000000000000000000e+00,0.000000000000000000e+00
3.342918634414672852e+00,0.000000000000000000e+00,2.375635862350463867e+00,2.447406530380249023e+00,0.000000000000000000e+00,5.083624124526977539e-01,0.000000000000000000e+00
0.000000000000000000e+00,0.000000000000000000e+00,3.125655055046081543e-01,0.000000000000000000e+00,4.311775684356689453e+00,2.321054220199584961e+00,0.000000000000000000e+00
9.968941807746887207e-01,2.042991966009140015e-01,0.000000000000000000e+00,9.234322309494018555e-01,1.549178063869476318e-01,5.340368747711181641e-01,5.722100734710693359e-01
1.926686525344848633e+00,0.000000000000000000e+00,3.084118843078613281e+00,9.680291414260864258e-01,0.000000000000000000e+00,0.000000000000000000e+00,0.000000000000000000e+00
1.866135120391845703e+00,0.000000000000000000e+00,3.374408721923828125e+00,8.109626770019531250e-01,0.000000000000000000e+00,0.000000000000000000e+00,0.000000000000000000e+00
2.909527778625488281e+00,0.000000000000000000e+00,3.433564424514770508e+00,1.771233797073364258e+00,0.000000000000000000e+00,0.000000000000000000e+00,0.000000000000000000e+00
3.029176473617553711e+00,0.000000000000000000e+00,3.190083265304565430e+00,1.815104246139526367e+00,0.000000000000000000e+00,0.000000000000000000e+00,0.000000000000000000e+00
5.874877572059631348e-01,0.000000000000000000e+00,2.343848228454589844e+00,0.000000000000000000e+00,6.116081476211547852e-01,1.593392342329025269e-02,0.000000000000000000e+00
1.914149522781372070e-01,0.000000000000000000e+00,3.493532419204711914e+00,0.000000000000000000e+00,4.086593091487884521e-01,0.000000000000000000e+00,0.000000000000000000e+00
3.199364244937896729e-01,0.000000000000000000e+00,2.893848180770874023e+00,0.000000000000000000e+00,8.715912699699401855e-02,0.000000000000000000e+00,0.000000000000000000e+00
2.398039340972900391e+00,1.638848066329956055e+00,0.000000000000000000e+00,3.432833194732666016e+00,0.000000000000000000e+00,0.000000000000000000e+00,1.876729726791381836e+00
7.753926515579223633e-02,6.788614273071289062e+00,0.000000000000000000e+00,1.288519263267517090e+00,0.000000000000000000e+00,0.000000000000000000e+00,1.605865716934204102e+00
1.010690689086914062e+00,4.775923728942871094e+00,0.000000000000000000e+00,2.398662567138671875e+00,0.000000000000000000e+00,0.000000000000000000e+00,1.698556661605834961e+00
8.126160502433776855e-01,5.499017715454101562e+00,0.000000000000000000e+00,1.907975435256958008e+00,0.000000000000000000e+00,0.000000000000000000e+00,1.654303550720214844e+00
1.838131427764892578e+00,4.807807922363281250e+00,0.000000000000000000e+00,2.976108074188232422e+00,0.000000000000000000e+00,0.000000000000000000e+00,1.920790195465087891e+00
1.557957172393798828e+00,4.201870918273925781e+00,0.000000000000000000e+00,2.602378845214843750e+00,0.000000000000000000e+00,0.000000000000000000e+00,1.500887155532836914e+00
0.000000000000000000e+00,4.127341747283935547e+00,0.000000000000000000e+00,0.000000000000000000e+00,2.549906730651855469e+00,1.423524975776672363e+00,0.000000000000000000e+00
