0.000000000000000000e+00,1.964551568031311035e+00,0.000000000000000000e+00,2.672449350357055664e+00,0.000000000000000000e+00,1.355422496795654297e+00,3.394042015075683594e+00
0.000000000000000000e+00,2.445283889770507812e+00,0.000000000000000000e+00,2.168753623962402344e+00,5.963624715805053711e-01,1.273828148841857910e+00,2.953843832015991211e+00
0.000000000000000000e+00,2.079349517822265625e+00,0.000000000000000000e+00,2.888235092163085938e+00,0.000000000000000000e+00,1.080193519592285156e+00,3.458566188812255859e+00
0.000000000000000000e+00,2.061139583587646484e+00,0.000000000000000000e+00,2.853002548217773438e+00,0.000000000000000000e+00,1.016242027282714844e+00,3.408362865447998047e+00
0.000000000000000000e+00,2.051765203475952148e+00,0.000000000000000000e+00,2.829427003860473633e+00,0.000000000000000000e+00,1.010740399360656738e+00,3.396570682525634766e+00
0.000000000000000000e+00,2.097535371780395508e+00,0.000000000000000000e+00,2.931162357330322266e+00,0.000000000000000000e+00,1.027515292167663574e+00,3.500602006912231445e+00
0.000000000000000000e+00,3.828038692474365234e+00,0.000000000000000000e+00,1.449989080429077148e+00,2.165734529495239258e+00,2.183703184127807617e+00,2.728001594543457031e+00
0.000000000000000000e+00,1.388234734535217285e+00,1.307407915592193604e-01,2.271656036376953125e+00,0.000000000000000000e+00,2.897485017776489258e+00,3.494410037994384766e+00
0.000000000000000000e+00,0.000000000000000000e+00,3.139908075332641602e+00,0.000000000000000000e+00,4.162610054016113281e+00,0.000000000000000000e+00,0.000000000000000000e+00
0.000000000000000000e+00,8.280168175697326660e-01,0.000000000000000000e+00,0.000000000000000000e+00,3.778035879135131836e+00,0.000000000000000000e+00,0.000000000000000000e+00
0.000000000000000000e+00,0.000000000000000000e+00,3.306395292282104492e+00,0.000000000000000000e+00,1.224072933197021484e+00,0.000000000000000000e+00,0.000000000000000000e+00
0.000000000000000000e+00,0.000000000000000000e+00,3.752588987350463867e+00,0.000000000000000000e+00,1.930716037750244141e+00,0.000000000000000000e+00,0.000000000000000000e+00
1.786301612854003906e+00,2.767740488052368164e+00,0.000000000000000000e+00,0.000000000000000000e+00,4.071955204010009766e+00,0.000000000000000000e+00,0.000000000000000000e+00
8.390132784843444824e-01,1.888253688812255859e+00,0.000000000000000000e+00,0.000000000000000000e+00,3.218269348144531250e+00,0.000000000000000000e+00,0.000000000000000000e+00
1.648155689239501953e+00,2.330419778823852539e+00,0.000000000000000000e+00,0.000000000000000000e+00,3.289517402648925781e+00,0.000000000000000000e+00,0.000000000000000000e+00
0.000000000000000000e+00,0.000000000000000000e+00,3.983712673187255859e+00,0.000000000000000000e+00,5.488880634307861328e+00,0.000000000000000000e+00,0.000000000000000000e+00
0.000000000000000000e+00,0.000000000000000000e+00,1.570664405822753906e+00,0.000000000000000000e+00,5.106613636016845703e+00,0.000000000000000000e+00,0.000000000000000000e+00
0.000000000000000000e+00,0.000000000000000000e+00,0.000000000000000000e+00,0.000000000000000000e+00,5.306091785430908203e+00,0.000000000000000000e+00,0.000000000000000000e+00
6.371657252311706543e-01,1.533603310585021973e+00,0.000000000000000000e+00,0.000000000000000000e+00,3.627761363983154297e+00,0.000000000000000000e+00,0.000000000000000000e+00
0.000000000000000000e+00,4.161998033523559570e-01,0.000000000000000000e+00,0.000000000000000000e+00,3.839664220809936523e+00,0.000000000000000000e+00,0.000000000000000000e+00
0.000000000000000000e+00,6.889832615852355957e-01,0.000000000000000000e+00,0.000000000000000000e+00,3.446849107742309570e+00,0.000000000000000000e+00,0.000000000000000000e+00
0.000000000000000000e+00,0.000000000000000000e+00,2.357670783996582031e+00,0.000000000000000000e+00,2.577563047409057617e+00,0.000000000000000000e+00,0.000000000000000000e+00
3.458104610443115234e+00,0.000000000000000000e+00,1.321541309356689453e+00,0.000000000000000000e+00,0.000000000000000000e+00,6.277106404304504395e-01,0.000000000000000000e+00
0.000000000000000000e+00,0.000000000000000000e+00,3.625476658344268799e-01,0.000000000000000000e+00,4.523860931396484375e+00,0.000000000000000000e+00,0.000000000000000000e+00
1.923586606979370117e+00,2.976425647735595703e+00,0.000000000000000000e+00,0.000000000000000000e+00,3.070723056793212891e+00,1.032584458589553833e-01,0.000000000000000000e+00
1.569076776504516602e+00,1.075563907623291016e+00,0.000000000000000000e+00,0.000000000000000000e+00,6.881241202354431152e-01,0.000000000000000000e+00,0.000000000000000000e+00
0.000000000000000000e+00,0.000000000000000000e+00,4.573345661163330078e+00,0.000000000000000000e+00,6.976985186338424683e-02,3.493863642215728760e-01,0.000000000000000000e+00
0.000000000000000000e+00,0.000000000000000000e+00,3.436461210250854492e+00,0.000000000000000000e+00,1.212223529815673828e+00,0.000000000000000000e+00,0.000000000000000000e+00
9.718512296676635742e-01,0.000000000000000000e+00,1.773570895195007324e+00,0.000000000000000000e+00,1.069537162780761719e+00,0.000000000000000000e+00,0.000000000000000000e+00
1.551621437072753906e+00,2.088600635528564453e+00,0.000000000000000000e+00,0.000000000000000000e+00,3.049156427383422852e+00,0.000000000000000000e+00,0.000000000000000000e+00
0.000000000000000000e+00,6.144256591796875000e-01,1.613952219486236572e-01,0.000000000000000000e+00,2.024939060211181641e+00,0.000000000000000000e+00,0.000000000000000000e+00
0.000000000000000000e+00,3.747166991233825684e-01,5.692848563194274902e-01,0.000000000000000000e+00,1.508360624313354492e+00,0.000000000000000000e+00,0.000000000000000000e+00
0.000000000000000000e+00,0.000000000000000000e+00,5.777507781982421875e+00,0.000000000000000000e+00,1.830272197723388672e+00,0.000000000000000000e+00,0.000000000000000000e+00
0.000000000000000000e+00,0.000000000000000000e+00,4.029284000396728516e+00,0.000000000000000000e+00,0.000000000000000000e+00,6.606331467628479004e-01,0.000000000000000000e+00
0.000000000000000000e+00,0.000000000000000000e+00,0.000000000000000000e+00,0.000000000000000000e+00,4.328412532806396484e+00,0.000000000000000000e+00,0.000000000000000000e+00
1.983463168144226074e-01,0.000000000000000000e+00,2.179986953735351562e+00,0.000000000000000000e+00,1.796209514141082764e-01,0.000000000000000000e+00,0.000000000000000000e+00
0.000000000000000000e+00,0.000000000000000000e+00,1.789416193962097168e+00,0.000000000000000000e+00,3.284759521484375000e+00,0.000000000000000000e+00,0.000000000000000000e+00
0.000000000000000000e+00,0.000000000000000000e+00,4.575642108917236328e+00,0.000000000000000000e+00,3.106251239776611328e+00,0.000000000000000000e+00,0.000000000000000000e+00
0.000000000000000000e+00,0.000000000000000000e+00,3.785974502563476562e+00,0.000000000000000000e+00,4.313004016876220703e+00,0.000000000000000000e+00,0.000000000000000000e+00
1.237526655197143555e+00,0.000000000000000000e+00,1.684280872344970703e+00,0.000000000000000000e+00,7.788371443748474121e-01,0.000000000000000000e+00,0.000000000000000000e+00
0.000000000000000000e+00,6.282576322555541992e-01,0.000000000000000000e+00,0.000000000000000000e+00,3.616899728775024414e+00,0.000000000000000000e+00,0.000000000000000000e+00
0.000000000000000000e+00,4.791681766510009766e-01,0.000000000000000000e+00,0.000000000000000000e+00,3.425212383270263672e+00,0.000000000000000000e+00,0.000000000000000000e+00
2.704712867736816406e+00,8.073972463607788086e-01,3.721932321786880493e-02,0.000000000000000000e+00,7.482205629348754883e-01,0.000000000000000000e+00,0.000000000000000000e+00
0.000000000000000000e+00,0.000000000000000000e+00,3.033749818801879883e+00,0.000000000000000000e+00,4.129707336425781250e+00,0.000000000000000000e+00,0.000000000000000000e+00
0.000000000000000000e+00,1.315164268016815186e-01,0.000000000000000000e+00,0.000000000000000000e+00,4.740675926208496094e+00,0.000000000000000000e+00,0.000000000000000000e+00
0.000000000000000000e+00,1.976572424173355103e-01,0.000000000000000000e+00,0.000000000000000000e+00,5.338309288024902344e+00,0.000000000000000000e+00,0.000000000000000000e+00
2.320420980453491211e+00,2.372507095336914062e+00,0.000000000000000000e+00,0.000000000000000000e+00,2.818990707397460938e+00,0.000000000000000000e+00,0.000000000000000000e+00
1.080807447433471680e+00,1.595548152923583984e+00,0.000000000000000000e+00,0.000000000000000000e+00,2.674971342086791992e+00,0.000000000000000000e+00,0.000000000000000000e+00
3.146566390991210938e+00,5.130248665809631348e-01,3.058861792087554932e-01,0.000000000000000000e+00,0.000000000000000000e+00,0.000000000000000000e+00,0.000000000000000000e+00
1.741203784942626953e+00,0.000000000000000000e+00,1.490775585174560547e+00,0.000000000000000000e+00,5.522038340568542480e-01,0.000000000000000000e+00,0.000000000000000000e+00
3.288840770721435547e+00,0.000000000000000000e+00,1.113281607627868652e+00,0.000000000000000000e+00,0.000000000000000000e+00,6.593609452247619629e-01,0.000000000000000000e+00
1.684492230415344238e-01,1.501239895820617676e+00,0.000000000000000000e+00,0.000000000000000000e+00,4.455105304718017578e+00,0.000000000000000000e+00,0.000000000000000000e+00
0.000000000000000000e+00,0.000000000000000000e+00,1.959257960319519043e+00,0.000000000000000000e+00,1.602388858795166016e+00,0.000000000000000000e+00,0.000000000000000000e+00
0.000000000000000000e+00,0.000000000000000000e+00,3.066208839416503906e+00,0.000000000000000000e+00,2.707422077655792236e-01,0.000000000000000000e+00,0.000000000000000000e+00
2.284882664680480957e-01,5.788707733154296875e-01,2.846288681030273438e+00,3.962835669517517090e-01,0.000000000000000000e+00,5.620521068572998047e+00,4.445497989654541016e+00
0.000000000000000000e+00,2.329796403646469116e-01,2.529508590698242188e+00,7.111881971359252930e-01,0.000000000000000000e+00,5.799421787261962891e+00,4.969250679016113281e+00
0.000000000000000000e+00,2.689251303672790527e-01,2.716423273086547852e+00,5.691812038421630859e-01,0.000000000000000000e+00,5.863396167755126953e+00,4.986599445343017578e+00
1.523188829421997070e+00,1.261447817087173462e-01,2.761820554733276367e+00,0.000000000000000000e+00,0.000000000000000000e+00,4.056642532348632812e+00,2.198892354965209961e+00
4.138125777244567871e-01,7.353804111480712891e-01,1.489467501640319824e+00,4.414537250995635986e-01,0.000000000000000000e+00,3.406984567642211914e+00,2.504848957061767578e+00
0.000000000000000000e+00,2.195868730545043945e+00,0.000000000000000000e+00,3.093394279479980469e+00,0.000000000000000000e+00,1.893321871757507324e+00,3.858139038085937500e+00
0.000000000000000000e+00,2.111798048019409180e+00,0.000000000000000000e+00,2.897461891174316406e+00,0.000000000000000000e+00,9.335398077964782715e-01,3.426831722259521484e+00
0.000000000000000000e+00,2.126038312911987305e+00,0.000000000000000000e+00,2.877008914947509766e+00,0.000000000000000000e+00,1.042058348655700684e+00,3.460796356201171875e+00
0.000000000000000000e+00,2.114498853683471680e+00,0.000000000000000000e+00,2.908999204635620117e+00,0.000000000000000000e+00,1.006827235221862793e+00,3.496455669403076172e+00
0.000000000000000000e+00,2.151836395263671875e+00,0.000000000000000000e+00,3.085823059082031250e+00,0.000000000000000000e+00,1.099872350692749023e+00,3.705969810485839844e+00
0.000000000000000000e+00,2.054154872894287109e+00,0.000000000000000000e+00,2.909643650054931641e+00,0.000000000000000000e+00,1.109506368637084961e+00,3.509093999862670898e+00
2.539479136466979980e-01,1.297356367111206055e+00,8.040739893913269043e-01,8.864892721176147461e-01,0.000000000000000000e+00,4.310605525970458984e+00,3.275839328765869141e+00
6.129056215286254883e-02,7.951331734657287598e-01,1.367210626602172852e+00,1.154586315155029297e+00,0.000000000000000000e+00,4.316082477569580078e+00,3.460675239562988281e+00
0.000000000000000000e+00,2.380358219146728516e+00,0.000000000000000000e+00,2.379579544067382812e+00,5.073414444923400879e-01,1.153610706329345703e+00,3.073376178741455078e+00
0.000000000000000000e+00,2.044910669326782227e+00,0.000000000000000000e+00,2.871169328689575195e+00,0.000000000000000000e+00,1.044065117835998535e+00,3.446978569030761719e+00
0.000000000000000000e+00,2.102360963821411133e+00,0.000000000000000000e+00,3.009438037872314453e+00,0.000000000000000000e+00,1.132895827293395996e+00,3.629893302917480469e+00
0.000000000000000000e+00,2.108830928802490234e+00,0.000000000000000000e+00,3.003247261047363281e+00,0.000000000000000000e+00,1.170168399810791016e+00,3.624042034149169922e+00
0.000000000000000000e+00,2.064179658889770508e+00,0.000000000000000000e+00,2.899428129196166992e+00,0.000000000000000000e+00,1.081744194030761719e+00,3.495183467864990234e+00
0.000000000000000000e+00,2.115301132202148438e+00,0.000000000000000000e+00,2.776203632354736328e+00,0.000000000000000000e+00,1.299929738044738770e+00,3.509300708770751953e+00
0.000000000000000000e+00,1.540989279747009277e+00,0.000000000000000000e+00,2.018009662628173828e+00,0.000000000000000000e+00,2.423977613449096680e+00,3.236553192138671875e+00
0.000000000000000000e+00,0.000000000000000000e+00,3.936152219772338867e+00,0.000000000000000000e+00,0.000000000000000000e+00,3.332742691040039062e+00,1.350460171699523926e+00
0.000000000000000000e+00,0.000000000000000000e+00,2.380676984786987305e+00,0.000000000000000000e+00,3.828245639801025391e+00,0.000000000000000000e+00,0.000000000000000000e+00
0.000000000000000000e+00,0.000000000000000000e+00,0.000000000000000000e+00,0.000000000000000000e+00,5.399196147918701172e+00,0.000000000000000000e+00,0.000000000000000000e+00
0.000000000000000000e+00,0.000000000000000000e+00,4.206999838352203369e-01,0.000000000000000000e+00,7.097326278686523438e+00,0.000000000000000000e+00,0.000000000000000000e+00
6.053075194358825684e-01,1.998716831207275391e+00,0.000000000000000000e+00,0.000000000000000000e+00,3.402970552444458008e+00,0.000000000000000000e+00,0.000000000000000000e+00
0.000000000000000000e+00,7.222752571105957031e-01,0.000000000000000000e+00,0.000000000000000000e+00,4.143724441528320312e+00,0.000000000000000000e+00,0.000000000000000000e+00
0.000000000000000000e+00,1.011573791503906250e+00,0.000000000000000000e+00,0.000000000000000000e+00,4.215056896209716797e+00,0.000000000000000000e+00,0.000000000000000000e+00
0.000000000000000000e+00,0.000000000000000000e+00,2.589992284774780273e+00,0.000000000000000000e+00,2.024471282958984375e+00,0.000000000000000000e+00,0.000000000000000000e+00
0.000000000000000000e+00,0.000000000000000000e+00,4.193896293640136719e+00,0.000000000000000000e+00,2.260483652353286743e-01,4.909645617008209229e-01,0.000000000000000000e+00
0.000000000000000000e+00,1.282410502433776855e+00,0.000000000000000000e+00,0.000000000000000000e+00,3.527892112731933594e+00,0.000000000000000000e+00,0.000000000000000000e+00
0.000000000000000000e+00,2.395795285701751709e-02,8.805885910987854004e-02,0.000000000000000000e+00,3.005196094512939453e+00,0.000000000000000000e+00,0.000000000000000000e+00
0.000000000000000000e+00,0.000000000000000000e+00,4.349596023559570312e+00,0.000000000000000000e+00,4.682423114776611328e+00,0.000000000000000000e+00,0.000000000000000000e+00
0.000000000000000000e+00,0.000000000000000000e+00,3.453497648239135742e+00,0.000000000000000000e+00,1.861418008804321289e+00,0.000000000000000000e+00,0.000000000000000000e+00
0.000000000000000000e+00,0.000000000000000000e+00,3.994960486888885498e-01,0.000000000000000000e+00,4.573657512664794922e+00,0.000000000000000000e+00,0.000000000000000000e+00
1.356074333190917969e+00,1.749739289283752441e+00,0.000000000000000000e+00,0.000000000000000000e+00,2.053317546844482422e+00,0.000000000000000000e+00,0.000000000000000000e+00
0.000000000000000000e+00,4.658981561660766602e-01,0.000000000000000000e+00,0.000000000000000000e+00,2.925191164016723633e+00,0.000000000000000000e+00,0.000000000000000000e+00
0.000000000000000000e+00,0.000000000000000000e+00,2.710487365722656250e+00,0.000000000000000000e+00,2.107131719589233398e+00,0.000000000000000000e+00,0.000000000000000000e+00
0.000000000000000000e+00,0.000000000000000000e+00,3.848218917846679688e+00,0.000000000000000000e+00,5.419449210166931152e-01,0.000000000000000000e+00,0.000000000000000000e+00
4.141368269920349121e-01,0.000000000000000000e+00,2.336425065994262695e+00,0.000000000000000000e+00,4.131180047988891602e-02,0.000000000000000000e+00,0.000000000000000000e+00
2.007662534713745117e+00,2.457047462463378906e+00,0.000000000000000000e+00,0.000000000000000000e+00,2.373785734176635742e+00,0.000000000000000000e+00,0.000000000000000000e+00
0.000000000000000000e+00,0.000000000000000000e+00,6.097479462623596191e-01,0.000000000000000000e+00,4.622529983520507812e+00,0.000000000000000000e+00,0.000000000000000000e+00
0.000000000000000000e+00,0.000000000000000000e+00,3.957990884780883789e+00,0.000000000000000000e+00,4.876698493957519531e+00,0.000000000000000000e+00,0.000000000000000000e+00
0.000000000000000000e+00,0.000000000000000000e+00,4.366489410400390625e+00,0.000000000000000000e+00,7.747715711593627930e-01,0.000000000000000000e+00,0.000000000000000000e+00
0.000000000000000000e+00,0.000000000000000000e+00,0.000000000000000000e+00,0.000000000000000000e+00,5.861660957336425781e+00,0.000000000000000000e+00,0.000000000000000000e+00
1.394189834594726562e+00,2.459278106689453125e+00,0.000000000000000000e+00,0.000000000000000000e+00,3.336846351623535156e+00,0.000000000000000000e+00,0.000000000000000000e+00
2.147823572158813477e+00,2.955733537673950195e+00,0.000000000000000000e+00,0.000000000000000000e+00,3.387604236602783203e+00,0.000000000000000000e+00,0.000000000000000000e+00
0.000000000000000000e+00,0.000000000000000000e+00,1.546190023422241211e+00,0.000000000000000000e+00,3.760086774826049805e+00,0.000000000000000000e+00,0.000000000000000000e+00
0.000000000000000000e+00,0.000000000000000000e+00,2.119057893753051758e+00,0.000000000000000000e+00,1.881531715393066406e+00,0.000000000000000000e+00,0.000000000000000000e+00
0.000000000000000000e+00,0.000000000000000000e+00,6.422285437583923340e-01,0.000000000000000000e+00,4.942203044891357422e+00,0.000000000000000000e+00,0.000000000000000000e+00
0.000000000000000000e+00,1.214184045791625977e+00,0.000000000000000000e+00,0.000000000000000000e+00,3.706773757934570312e+00,0.000000000000000000e+00,0.000000000000000000e+00
2.577333927154541016e+00,4.973337054252624512e-01,2.345388531684875488e-01,0.000000000000000000e+00,0.000000000000000000e+00,0.000000000000000000e+00,0.000000000000000000e+00
0.000000000000000000e+00,0.000000000000000000e+00,4.579761981964111328e+00,0.000000000000000000e+00,5.607200860977172852e-01,0.000000000000000000e+00,0.000000000000000000e+00
8.198217749595642090e-01,0.000000000000000000e+00,2.218194484710693359e+00,0.000000000000000000e+00,0.000000000000000000e+00,7.133961319923400879e-01,0.000000000000000000e+00
3.876977682113647461e+00,7.021377980709075928e-02,1.594766736030578613e+00,0.000000000000000000e+00,0.000000000000000000e+00,2.137326478958129883e+00,5.718141198158264160e-01
1.746614217758178711e+00,2.205516099929809570e+00,0.000000000000000000e+00,0.000000000000000000e+00,2.027936458587646484e+00,1.547402739524841309e-01,3.266542255878448486e-01
1.964520215988159180e+00,1.374235510826110840e+00,0.000000000000000000e+00,0.000000000000000000e+00,1.265178680419921875e+00,0.000000000000000000e+00,0.000000000000000000e+00
0.000000000000000000e+00,0.000000000000000000e+00,2.968679904937744141e+00,0.000000000000000000e+00,1.541194677352905273e+00,0.000000000000000000e+00,0.000000000000000000e+00
2.371395111083984375e+00,0.000000000000000000e+00,1.973573684692382812e+00,0.000000000000000000e+00,0.000000000000000000e+00,1.183883070945739746e+00,0.000000000000000000e+00
1.221206903457641602e+00,1.213948130607604980e+00,0.000000000000000000e+00,0.000000000000000000e+00,9.636757373809814453e-01,7.899282574653625488e-01,1.929003894329071045e-01
3.202338218688964844e+00,4.054836928844451904e-02,1.498593568801879883e+00,0.000000000000000000e+00,0.000000000000000000e+00,1.491438269615173340e+00,1.170889064669609070e-01
1.232623338699340820e+00,0.000000000000000000e+00,2.644702196121215820e+00,0.000000000000000000e+00,0.000000000000000000e+00,1.202710151672363281e+00,0.000000000000000000e+00
0.000000000000000000e+00,0.000000000000000000e+00,3.398244380950927734e+00,0.000000000000000000e+00,0.000000000000000000e+00,5.814881920814514160e-01,0.000000000000000000e+00
5.695336461067199707e-01,0.000000000000000000e+00,3.612975835800170898e+00,0.000000000000000000e+00,0.000000000000000000e+00,1.780188202857971191e+00,0.000000000000000000e+00
0.000000000000000000e+00,1.530135869979858398e+00,0.000000000000000000e+00,0.000000000000000000e+00,2.448417186737060547e+00,0.000000000000000000e+00,0.000000000000000000e+00
0.000000000000000000e+00,0.000000000000000000e+00,3.338612318038940430e+00,0.000000000000000000e+00,1.527644544839859009e-01,1.429905593395233154e-01,0.000000000000000000e+00
3.074327230453491211e+00,0.000000000000000000e+00,1.604427576065063477e+00,0.000000000000000000e+00,0.000000000000000000e+00,7.994232773780822754e-01,0.000000000000000000e+00
9.975894689559936523e-01,0.000000000000000000e+00,3.092481613159179688e+00,0.000000000000000000e+00,0.000000000000000000e+00,3.015386343002319336e+00,1.207994222640991211e+00
6.775716543197631836e-01,0.000000000000000000e+00,3.652607440948486328e+00,0.000000000000000000e+00,0.000000000000000000e+00,3.924624681472778320e+00,1.810584187507629395e+00
2.133495092391967773e+00,1.096872985363006592e-02,2.868137598037719727e+00,0.000000000000000000e+00,0.000000000000000000e+00,3.801167726516723633e+00,1.754780054092407227e+00
2.992882132530212402e-01,0.000000000000000000e+00,3.328391790390014648e+00,0.000000000000000000e+00,0.000000000000000000e+00,2.743013381958007812e+00,1.048465728759765625e+00
0.000000000000000000e+00,1.483604460954666138e-01,2.977340698242187500e+00,0.000000000000000000e+00,0.000000000000000000e+00,3.842203855514526367e+00,2.481476306915283203e+00
0.000000000000000000e+00,1.638193726539611816e+00,0.000000000000000000e+00,1.966105461120605469e+00,0.000000000000000000e+00,2.746419906616210938e+00,3.380594015121459961e+00
0.000000000000000000e+00,3.147400856018066406e+00,0.000000000000000000e+00,2.563514471054077148e+00,1.099665641784667969e+00,1.332341551780700684e+00,3.521894454956054688e+00
0.000000000000000000e+00,2.019074916839599609e+00,0.000000000000000000e+00,2.812321186065673828e+00,0.000000000000000000e+00,1.001087903976440430e+00,3.368978500366210938e+00
0.000000000000000000e+00,2.072564363479614258e+00,0.000000000000000000e+00,2.696408748626708984e+00,3.863759338855743408e-02,8.843036890029907227e-01,3.273995876312255859e+00
0.000000000000000000e+00,2.105275392532348633e+00,0.000000000000000000e+00,2.974626779556274414e+00,0.000000000000000000e+00,1.048979759216308594e+00,3.562798023223876953e+00
0.000000000000000000e+00,2.072859764099121094e+00,0.000000000000000000e+00,2.872746944427490234e+00,0.000000000000000000e+00,1.001439690589904785e+00,3.425631523132324219e+00
0.000000000000000000e+00,2.360795736312866211e+00,0.000000000000000000e+00,2.659562826156616211e+00,0.000000000000000000e+00,2.159106492996215820e+00,3.876268625259399414e+00
0.000000000000000000e+00,2.671566486358642578e+00,0.000000000000000000e+00,2.732493400573730469e+00,0.000000000000000000e+00,2.707859039306640625e+00,4.214537143707275391e+00
0.000000000000000000e+00,2.064482212066650391e+00,0.000000000000000000e+00,2.956067562103271484e+00,0.000000000000000000e+00,1.089013695716857910e+00,3.566480398178100586e+00
0.000000000000000000e+00,2.107237577438354492e+00,0.000000000000000000e+00,3.025385856628417969e+00,0.000000000000000000e+00,1.128200411796569824e+00,3.649276494979858398e+00
0.000000000000000000e+00,2.062670230865478516e+00,0.000000000000000000e+00,2.910323619842529297e+00,0.000000000000000000e+00,1.063371062278747559e+00,3.496866941452026367e+00
0.000000000000000000e+00,2.111517667770385742e+00,0.000000000000000000e+00,2.862485408782958984e+00,0.000000000000000000e+00,9.362351894378662109e-01,3.427309036254882812e+00
0.000000000000000000e+00,2.100275754928588867e+00,0.000000000000000000e+00,2.727996587753295898e+00,0.000000000000000000e+00,1.138813734054565430e+00,3.421163558959960938e+00
0.000000000000000000e+00,1.982112169265747070e+00,0.000000000000000000e+00,2.636097908020019531e+00,0.000000000000000000e+00,1.365782737731933594e+00,3.357791662216186523e+00
7.970451116561889648e-01,1.090125203132629395e+00,2.845335304737091064e-01,7.025040388107299805e-01,0.000000000000000000e+00,2.729557275772094727e+00,2.298989772796630859e+00
1.402185440063476562e+00,7.271800935268402100e-02,2.143609762191772461e+00,0.000000000000000000e+00,0.000000000000000000e+00,2.659732103347778320e+00,1.261647105216979980e+00
1.918271541595458984e+00,2.594008445739746094e+00,0.000000000000000000e+00,0.000000000000000000e+00,2.991850614547729492e+00,0.000000000000000000e+00,0.000000000000000000e+00
1.746718883514404297e+00,5.363811254501342773e-01,5.857827067375183105e-01,0.000000000000000000e+00,4.959518313407897949e-01,0.000000000000000000e+00,0.000000000000000000e+00
0.000000000000000000e+00,2.387938946485519409e-01,4.221597611904144287e-01,0.000000000000000000e+00,2.710988521575927734e+00,0.000000000000000000e+00,0.000000000000000000e+00
0.000000000000000000e+00,0.000000000000000000e+00,3.495252609252929688e+00,0.000000000000000000e+00,2.605423331260681152e-01,1.000992432236671448e-01,0.000000000000000000e+00
3.779377460479736328e+00,0.000000000000000000e+00,1.896345376968383789e+00,0.000000000000000000e+00,0.000000000000000000e+00,1.824233531951904297e+00,1.085497066378593445e-01
1.549853324890136719e+00,2.606805801391601562e+00,0.000000000000000000e+00,0.000000000000000000e+00,2.347267150878906250e+00,4.260821938514709473e-01,6.744713783264160156e-01
0.000000000000000000e+00,0.000000000000000000e+00,3.561777830123901367e+00,0.000000000000000000e+00,0.000000000000000000e+00,9.387342929840087891e-01,0.000000000000000000e+00
0.000000000000000000e+00,0.000000000000000000e+00,4.809345245361328125e+00,0.000000000000000000e+00,4.883075952529907227e-01,4.766242802143096924e-01,0.000000000000000000e+00
0.000000000000000000e+00,0.000000000000000000e+00,3.711919546127319336e+00,0.000000000000000000e+00,0.000000000000000000e+00,9.883609414100646973e-01,0.000000000000000000e+00
0.000000000000000000e+00,0.000000000000000000e+00,2.928647585213184357e-02,0.000000000000000000e+00,3.632007598876953125e+00,0.000000000000000000e+00,0.000000000000000000e+00
1.477079391479492188e+00,1.661215275526046753e-01,1.026434421539306641e+00,0.000000000000000000e+00,4.050061404705047607e-01,0.000000000000000000e+00,0.000000000000000000e+00
1.377108573913574219e+00,0.000000000000000000e+00,1.424950003623962402e+00,0.000000000000000000e+00,0.000000000000000000e+00,3.672094643115997314e-01,0.000000000000000000e+00
2.712433099746704102e+00,0.000000000000000000e+00,1.395575404167175293e+00,0.000000000000000000e+00,0.000000000000000000e+00,5.777136236429214478e-02,0.000000000000000000e+00
3.630035877227783203e+00,0.000000000000000000e+00,1.285882949829101562e+00,0.000000000000000000e+00,0.000000000000000000e+00,8.356308341026306152e-01,0.000000000000000000e+00
0.000000000000000000e+00,0.000000000000000000e+00,3.932533979415893555e+00,0.000000000000000000e+00,0.000000000000000000e+00,9.967004060745239258e-01,0.000000000000000000e+00
0.000000000000000000e+00,1.666224002838134766e+00,0.000000000000000000e+00,0.000000000000000000e+00,3.356557607650756836e+00,0.000000000000000000e+00,0.000000000000000000e+00
3.467637896537780762e-01,2.143051385879516602e+00,0.000000000000000000e+00,0.000000000000000000e+00,3.670152187347412109e+00,0.000000000000000000e+00,0.000000000000000000e+00
0.000000000000000000e+00,0.000000000000000000e+00,2.644945144653320312e+00,0.000000000000000000e+00,4.753502368927001953e+00,0.000000000000000000e+00,0.000000000000000000e+00
0.000000000000000000e+00,0.000000000000000000e+00,2.826670169830322266e+00,0.000000000000000000e+00,2.263460397720336914e+00,0.000000000000000000e+00,0.000000000000000000e+00
0.000000000000000000e+00,0.000000000000000000e+00,0.000000000000000000e+00,0.000000000000000000e+00,5.245255947113037109e+00,0.000000000000000000e+00,0.000000000000000000e+00
2.679379940032958984e+00,2.180823326110839844e+00,0.000000000000000000e+00,0.000000000000000000e+00,2.328172922134399414e+00,0.000000000000000000e+00,0.000000000000000000e+00
7.166880369186401367e-02,9.020970463752746582e-01,0.000000000000000000e+00,0.000000000000000000e+00,2.970843791961669922e+00,0.000000000000000000e+00,0.000000000000000000e+00
0.000000000000000000e+00,1.081495046615600586e+00,0.000000000000000000e+00,0.000000000000000000e+00,3.800783872604370117e+00,0.000000000000000000e+00,0.000000000000000000e+00
0.000000000000000000e+00,0.000000000000000000e+00,2.522503137588500977e+00,0.000000000000000000e+00,2.761914014816284180e+00,0.000000000000000000e+00,0.000000000000000000e+00
0.000000000000000000e+00,0.000000000000000000e+00,5.517263889312744141e+00,0.000000000000000000e+00,2.800854444503784180e+00,0.000000000000000000e+00,0.000000000000000000e+00
0.000000000000000000e+00,2.805931866168975830e-02,4.434981942176818848e-01,0.000000000000000000e+00,3.524931192398071289e+00,0.000000000000000000e+00,0.000000000000000000e+00
1.083718299865722656e+00,2.279838323593139648e+00,0.000000000000000000e+00,0.000000000000000000e+00,3.151148080825805664e+00,0.000000000000000000e+00,0.000000000000000000e+00
0.000000000000000000e+00,0.000000000000000000e+00,3.057095766067504883e+00,0.000000000000000000e+00,0.000000000000000000e+00,7.886175066232681274e-02,0.000000000000000000e+00
0.000000000000000000e+00,0.000000000000000000e+00,4.437909603118896484e+00,0.000000000000000000e+00,2.274122238159179688e+00,0.000000000000000000e+00,0.000000000000000000e+00
0.000000000000000000e+00,0.000000000000000000e+00,3.435656726360321045e-01,0.000000000000000000e+00,4.575534343719482422e+00,0.000000000000000000e+00,0.000000000000000000e+00
1.329928398132324219e+00,9.181217551231384277e-01,1.372100710868835449e-01,0.000000000000000000e+00,0.000000000000000000e+00,4.519083797931671143e-01,0.000000000000000000e+00
2.870901107788085938e+00,3.873627185821533203e-01,6.010177731513977051e-01,0.000000000000000000e+00,0.000000000000000000e+00,7.324666380882263184e-01,7.156174629926681519e-02
3.613409399986267090e-02,0.000000000000000000e+00,3.762121915817260742e+00,0.000000000000000000e+00,0.000000000000000000e+00,1.266985893249511719e+00,0.000000000000000000e+00
5.908307433128356934e-01,0.000000000000000000e+00,3.847004652023315430e+00,0.000000000000000000e+00,0.000000000000000000e+00,2.826634168624877930e+00,8.330712914466857910e-01
2.949458837509155273e+00,1.297153532505035400e-02,1.075556516647338867e+00,0.000000000000000000e+00,0.000000000000000000e+00,1.612214326858520508e+00,2.154849171638488770e-01
2.565340042114257812e+00,4.023088216781616211e-01,7.949405908584594727e-01,0.000000000000000000e+00,0.000000000000000000e+00,2.215739488601684570e+00,1.024795055389404297e+00
1.303951978683471680e+00,0.000000000000000000e+00,2.392109394073486328e+00,0.000000000000000000e+00,0.000000000000000000e+00,2.631095170974731445e+00,1.105145931243896484e+00
2.889583587646484375e+00,0.000000000000000000e+00,2.291019678115844727e+00,0.000000000000000000e+00,0.000000000000000000e+00,2.934178829193115234e+00,1.028811693191528320e+00
3.433377265930175781e+00,0.000000000000000000e+00,2.384774446487426758e+00,0.000000000000000000e+00,0.000000000000000000e+00,3.479955196380615234e+00,1.240311622619628906e+00
4.096743106842041016e+00,4.276189208030700684e-01,1.549513816833496094e+00,0.000000000000000000e+00,0.000000000000000000e+00,3.161920547485351562e+00,1.394409537315368652e+00
2.449994087219238281e+00,0.000000000000000000e+00,2.129830598831176758e+00,0.000000000000000000e+00,0.000000000000000000e+00,1.817292928695678711e+00,3.462392389774322510e-01
1.360146045684814453e+00,0.000000000000000000e+00,2.298519372940063477e+00,0.000000000000000000e+00,0.000000000000000000e+00,1.070225000381469727e+00,0.000000000000000000e+00
2.962309122085571289e+00,0.000000000000000000e+00,2.409588813781738281e+00,0.000000000000000000e+00,0.000000000000000000e+00,2.051872014999389648e+00,3.477250337600708008e-01
3.286724805831909180e+00,3.913428783416748047e-01,5.339942574501037598e-01,0.000000000000000000e+00,0.000000000000000000e+00,0.000000000000000000e+00,0.000000000000000000e+00
3.129318714141845703e+00,1.021625041961669922e+00,0.000000000000000000e+00,0.000000000000000000e+00,0.000000000000000000e+00,2.416857779026031494e-01,3.790330514311790466e-02
2.982180118560791016e+00,9.504793584346771240e-02,2.166437387466430664e+00,0.000000000000000000e+00,0.000000000000000000e+00,3.076308965682983398e+00,1.311561822891235352e+00
3.207632780075073242e+00,1.124833524227142334e-02,1.975379586219787598e+00,0.000000000000000000e+00,0.000000000000000000e+00,2.468233823776245117e+00,8.259278535842895508e-01
3.239124298095703125e+00,6.048565506935119629e-01,3.319574296474456787e-01,0.000000000000000000e+00,0.000000000000000000e+00,1.602280497550964355e+00,6.896848082542419434e-01
3.455869436264038086e+00,3.880207240581512451e-02,1.555695176124572754e+00,0.000000000000000000e+00,0.000000000000000000e+00,1.877958536148071289e+00,3.874129056930541992e-01
0.000000000000000000e+00,6.667713820934295654e-02,2.799862861633300781e+00,2.092082798480987549e-01,0.000000000000000000e+00,3.523262739181518555e+00,2.479871034622192383e+00
0.000000000000000000e+00,1.435129165649414062e+00,3.310904800891876221e-01,1.315048098564147949e+00,0.000000000000000000e+00,3.468180656433105469e+00,3.183889389038085938e+00
0.000000000000000000e+00,1.966213703155517578e+00,0.000000000000000000e+00,2.816950798034667969e+00,0.000000000000000000e+00,1.095408558845520020e+00,3.422820568084716797e+00
0.000000000000000000e+00,2.147744894027709961e+00,0.000000000000000000e+00,3.076907157897949219e+00,0.000000000000000000e+00,1.110540747642517090e+00,3.697367906570434570e+00
0.000000000000000000e+00,2.091361045837402344e+00,0.000000000000000000e+00,2.965503454208374023e+00,0.000000000000000000e+00,1.072362303733825684e+00,3.561789035797119141e+00
0.000000000000000000e+00,2.066700935363769531e+00,0.000000000000000000e+00,2.945219516754150391e+00,0.000000000000000000e+00,1.114029288291931152e+00,3.554104804992675781e+00
0.000000000000000000e+00,2.138209342956542969e+00,0.000000000000000000e+00,3.085622310638427734e+00,0.000000000000000000e+00,1.098988533020019531e+00,3.713212728500366211e+00
6.313857436180114746e-01,2.475062370300292969e+00,0.000000000000000000e+00,9.306572675704956055e-01,3.660543262958526611e-02,3.057786941528320312e+00,2.898973703384399414e+00
0.000000000000000000e+00,3.991286993026733398e+00,0.000000000000000000e+00,1.630118012428283691e+00,2.011375665664672852e+00,1.309816002845764160e+00,2.550608158111572266e+00
0.000000000000000000e+00,2.108312845230102539e+00,0.000000000000000000e+00,2.969714164733886719e+00,0.000000000000000000e+00,1.058188676834106445e+00,3.555653572082519531e+00
0.000000000000000000e+00,2.118863821029663086e+00,0.000000000000000000e+00,3.024017333984375000e+00,0.000000000000000000e+00,1.125469088554382324e+00,3.640195369720458984e+00
0.000000000000000000e+00,2.079604625701904297e+00,0.000000000000000000e+00,2.948021411895751953e+00,0.000000000000000000e+00,1.090122938156127930e+00,3.546473979949951172e+00
0.000000000000000000e+00,2.147139549255371094e+00,0.000000000000000000e+00,2.894390821456909180e+00,0.000000000000000000e+00,1.076476812362670898e+00,3.523195743560791016e+00
0.000000000000000000e+00,2.141570806503295898e+00,0.000000000000000000e+00,2.830695152282714844e+00,0.000000000000000000e+00,1.111064195632934570e+00,3.501496076583862305e+00
0.000000000000000000e+00,1.990063428878784180e+00,0.000000000000000000e+00,2.615155696868896484e+00,0.000000000000000000e+00,1.437244653701782227e+00,3.350562810897827148e+00
8.307399749755859375e-01,1.608165025711059570e+00,0.000000000000000000e+00,1.298590898513793945e+00,0.000000000000000000e+00,3.279451370239257812e+00,3.239992618560791016e+00
0.000000000000000000e+00,0.000000000000000000e+00,6.742091849446296692e-03,0.000000000000000000e+00,3.325672626495361328e+00,0.000000000000000000e+00,0.000000000000000000e+00
0.000000000000000000e+00,0.000000000000000000e+00,2.014468431472778320e+00,0.000000000000000000e+00,2.446455955505371094e+00,0.000000000000000000e+00,0.000000000000000000e+00
0.000000000000000000e+00,0.000000000000000000e+00,4.347703456878662109e+00,0.000000000000000000e+00,0.000000000000000000e+00,4.418574869632720947e-01,0.000000000000000000e+00
1.077331602573394775e-01,0.000000000000000000e+00,3.657374858856201172e+00,0.000000000000000000e+00,0.000000000000000000e+00,1.957604408264160156e+00,9.317433089017868042e-02
1.067961454391479492e+00,8.955655992031097412e-02,2.751172065734863281e+00,0.000000000000000000e+00,0.000000000000000000e+00,3.225084304809570312e+00,1.776833534240722656e+00
0.000000000000000000e+00,0.000000000000000000e+00,5.012320041656494141e+00,0.000000000000000000e+00,1.779654622077941895e-02,1.158040046691894531e+00,0.000000000000000000e+00
0.000000000000000000e+00,0.000000000000000000e+00,4.971097469329833984e+00,0.000000000000000000e+00,1.930533409118652344e+00,0.000000000000000000e+00,0.000000000000000000e+00
5.570703744888305664e-02,0.000000000000000000e+00,3.088742256164550781e+00,0.000000000000000000e+00,0.000000000000000000e+00,1.236013546586036682e-01,0.000000000000000000e+00
2.079113245010375977e+00,2.701042175292968750e+00,0.000000000000000000e+00,0.000000000000000000e+00,3.648301839828491211e+00,0.000000000000000000e+00,0.000000000000000000e+00
0.000000000000000000e+00,0.000000000000000000e+00,1.984064817428588867e+00,0.000000000000000000e+00,1.235138416290283203e+00,0.000000000000000000e+00,0.000000000000000000e+00
4.168028235435485840e-01,0.000000000000000000e+00,1.889978289604187012e+00,0.000000000000000000e+00,2.357130348682403564e-01,0.000000000000000000e+00,0.000000000000000000e+00
0.000000000000000000e+00,0.000000000000000000e+00,4.161046981811523438e+00,0.000000000000000000e+00,1.811123847961425781e+00,0.000000000000000000e+00,0.000000000000000000e+00
0.000000000000000000e+00,0.000000000000000000e+00,2.881608009338378906e+00,0.000000000000000000e+00,4.024645805358886719e+00,0.000000000000000000e+00,0.000000000000000000e+00
6.886181235313415527e-01,3.021770715713500977e+00,0.000000000000000000e+00,0.000000000000000000e+00,3.949694871902465820e+00,0.000000000000000000e+00,0.000000000000000000e+00
2.235104441642761230e-01,8.547531962394714355e-01,0.000000000000000000e+00,0.000000000000000000e+00,2.657145023345947266e+00,0.000000000000000000e+00,0.000000000000000000e+00
0.000000000000000000e+00,0.000000000000000000e+00,2.266907215118408203e+00,0.000000000000000000e+00,2.737324714660644531e+00,0.000000000000000000e+00,0.000000000000000000e+00
1.242738962173461914e+00,0.000000000000000000e+00,1.170665621757507324e+00,0.000000000000000000e+00,7.486800551414489746e-01,0.000000000000000000e+00,0.000000000000000000e+00
0.000000000000000000e+00,0.000000000000000000e+00,6.657781004905700684e-01,0.000000000000000000e+00,5.631435394287109375e+00,0.000000000000000000e+00,0.000000000000000000e+00
1.441865682601928711e+00,2.058924674987792969e+00,0.000000000000000000e+00,0.000000000000000000e+00,3.028143405914306641e+00,0.000000000000000000e+00,0.000000000000000000e+00
0.000000000000000000e+00,2.269926518201828003e-01,0.000000000000000000e+00,0.000000000000000000e+00,4.458059310913085938e+00,0.000000000000000000e+00,0.000000000000000000e+00
0.000000000000000000e+00,0.000000000000000000e+00,2.048985242843627930e+00,0.000000000000000000e+00,4.071320056915283203e+00,0.000000000000000000e+00,0.000000000000000000e+00
1.792746305465698242e+00,0.000000000000000000e+00,9.020354151725769043e-01,0.000000000000000000e+00,5.362489819526672363e-01,0.000000000000000000e+00,0.000000000000000000e+00
4.015835762023925781e+00,0.000000000000000000e+00,1.538807034492492676e+00,0.000000000000000000e+00,0.000000000000000000e+00,8.660336136817932129e-01,0.000000000000000000e+00
2.719363212585449219e+00,2.995821237564086914e-01,4.457641541957855225e-01,0.000000000000000000e+00,0.000000000000000000e+00,0.000000000000000000e+00,0.000000000000000000e+00
0.000000000000000000e+00,5.039854645729064941e-01,0.000000000000000000e+00,0.000000000000000000e+00,4.535010337829589844e+00,0.000000000000000000e+00,0.000000000000000000e+00
1.342526674270629883e+00,0.000000000000000000e+00,1.864011049270629883e+00,0.000000000000000000e+00,5.730154514312744141e-01,0.000000000000000000e+00,0.000000000000000000e+00
0.000000000000000000e+00,0.000000000000000000e+00,4.136122226715087891e+00,0.000000000000000000e+00,2.391681075096130371e-01,1.036131754517555237e-01,0.000000000000000000e+00
0.000000000000000000e+00,0.000000000000000000e+00,6.485247611999511719e-01,0.000000000000000000e+00,4.190692424774169922e+00,0.000000000000000000e+00,0.000000000000000000e+00
8.485793471336364746e-01,2.279607057571411133e+00,0.000000000000000000e+00,0.000000000000000000e+00,3.733660459518432617e+00,0.000000000000000000e+00,0.000000000000000000e+00
2.098249673843383789e+00,2.356282234191894531e+00,0.000000000000000000e+00,0.000000000000000000e+00,3.064798116683959961e+00,0.000000000000000000e+00,0.000000000000000000e+00
0.000000000000000000e+00,0.000000000000000000e+00,6.946668028831481934e-01,0.000000000000000000e+00,4.155734062194824219e+00,0.000000000000000000e+00,0.000000000000000000e+00
3.186126470565795898e+00,3.296464681625366211e-01,5.499392747879028320e-01,0.000000000000000000e+00,0.000000000000000000e+00,0.000000000000000000e+00,0.000000000000000000e+00
3.603901386260986328e+00,8.601789474487304688e-01,0.000000000000000000e+00,0.000000000000000000e+00,0.000000000000000000e+00,0.000000000000000000e+00,0.000000000000000000e+00
3.229771614074707031e+00,2.975790500640869141e-01,6.036915183067321777e-01,0.000000000000000000e+00,0.000000000000000000e+00,0.000000000000000000e+00,0.000000000000000000e+00
3.272642374038696289e+00,1.552160233259201050e-01,1.145774245262145996e+00,0.000000000000000000e+00,0.000000000000000000e+00,7.945118546485900879e-01,0.000000000000000000e+00
3.172770261764526367e+00,0.000000000000000000e+00,1.553605318069458008e+00,0.000000000000000000e+00,0.000000000000000000e+00,9.628857970237731934e-01,0.000000000000000000e+00
2.206924200057983398e+00,0.000000000000000000e+00,1.581753730773925781e+00,0.000000000000000000e+00,0.000000000000000000e+00,7.778963446617126465e-01,0.000000000000000000e+00
1.785021066665649414e+00,2.085489988327026367e+00,0.000000000000000000e+00,0.000000000000000000e+00,2.598219156265258789e+00,0.000000000000000000e+00,0.000000000000000000e+00
1.978351831436157227e+00,1.765825390815734863e+00,0.000000000000000000e+00,0.000000000000000000e+00,2.108064413070678711e+00,0.000000000000000000e+00,0.000000000000000000e+00
2.528732299804687500e+00,0.000000000000000000e+00,2.003973722457885742e+00,0.000000000000000000e+00,0.000000000000000000e+00,7.399211525917053223e-01,0.000000000000000000e+00
3.993069648742675781e+00,0.000000000000000000e+00,1.449550628662109375e+00,0.000000000000000000e+00,0.000000000000000000e+00,8.088656067848205566e-01,0.000000000000000000e+00
0.000000000000000000e+00,4.429534077644348145e-01,0.000000000000000000e+00,0.000000000000000000e+00,3.735090732574462891e+00,0.000000000000000000e+00,0.000000000000000000e+00
3.417099714279174805e+00,1.363979279994964600e-02,1.096073269844055176e+00,0.000000000000000000e+00,0.000000000000000000e+00,1.149181842803955078e+00,0.000000000000000000e+00
3.026470899581909180e+00,1.178425997495651245e-01,7.849782705307006836e-01,0.000000000000000000e+00,0.000000000000000000e+00,0.000000000000000000e+00,0.000000000000000000e+00
3.538258790969848633e+00,2.164698690176010132e-01,7.704728841781616211e-01,0.000000000000000000e+00,0.000000000000000000e+00,9.029272198677062988e-01,0.000000000000000000e+00
2.628608703613281250e+00,0.000000000000000000e+00,2.440940618515014648e+00,0.000000000000000000e+00,0.000000000000000000e+00,1.602615594863891602e+00,0.000000000000000000e+00
0.000000000000000000e+00,0.000000000000000000e+00,2.962378740310668945e+00,0.000000000000000000e+00,0.000000000000000000e+00,1.069915533065795898e+00,0.000000000000000000e+00
3.311488389968872070e+00,0.000000000000000000e+00,1.458010196685791016e+00,0.000000000000000000e+00,0.000000000000000000e+00,1.207175612449645996e+00,0.000000000000000000e+00
3.312322616577148438e+00,0.000000000000000000e+00,2.474817752838134766e+00,0.000000000000000000e+00,0.000000000000000000e+00,2.277330636978149414e+00,3.275611996650695801e-01
3.418127298355102539e+00,0.000000000000000000e+00,2.085695266723632812e+00,0.000000000000000000e+00,0.000000000000000000e+00,2.553591251373291016e+00,6.759359240531921387e-01
0.000000000000000000e+00,0.000000000000000000e+00,4.570850372314453125e+00,0.000000000000000000e+00,0.000000000000000000e+00,1.128905177116394043e+00,0.000000000000000000e+00
0.000000000000000000e+00,0.000000000000000000e+00,4.951385498046875000e+00,0.000000000000000000e+00,7.910647392272949219e-01,8.977543711662292480e-01,0.000000000000000000e+00
0.000000000000000000e+00,1.175258994102478027e+00,4.342029392719268799e-01,1.882784605026245117e+00,0.000000000000000000e+00,3.101847410202026367e+00,3.294356346130371094e+00
0.000000000000000000e+00,2.387525558471679688e+00,0.000000000000000000e+00,1.951744794845581055e+00,6.789256334304809570e-01,1.563470125198364258e+00,2.861489534378051758e+00
0.000000000000000000e+00,2.008313417434692383e+00,0.000000000000000000e+00,2.810498237609863281e+00,0.000000000000000000e+00,1.008070349693298340e+00,3.373733997344970703e+00
0.000000000000000000e+00,2.097740411758422852e+00,0.000000000000000000e+00,2.844878911972045898e+00,0.000000000000000000e+00,1.181409358978271484e+00,3.513589382171630859e+00
0.000000000000000000e+00,2.118088245391845703e+00,0.000000000000000000e+00,2.612816810607910156e+00,0.000000000000000000e+00,1.121102452278137207e+00,3.316294431686401367e+00
0.000000000000000000e+00,2.490646362304687500e+00,0.000000000000000000e+00,2.395117759704589844e+00,6.858462691307067871e-01,9.625573754310607910e-01,3.083409309387207031e+00
1.664394736289978027e-01,2.362236738204956055e+00,0.000000000000000000e+00,1.045063376426696777e+00,0.000000000000000000e+00,3.192226886749267578e+00,3.005058765411376953e+00
3.272567987442016602e-01,1.588090538978576660e+00,2.378715574741363525e-01,1.022709965705871582e+00,0.000000000000000000e+00,3.937117815017700195e+00,3.367455482482910156e+00
0.000000000000000000e+00,2.095301151275634766e+00,0.000000000000000000e+00,2.493294477462768555e+00,0.000000000000000000e+00,1.293782234191894531e+00,3.332315444946289062e+00
0.000000000000000000e+00,2.139302730560302734e+00,0.000000000000000000e+00,2.626576423645019531e+00,0.000000000000000000e+00,1.322556495666503906e+00,3.444469928741455078e+00
0.000000000000000000e+00,2.127427101135253906e+00,0.000000000000000000e+00,3.034454822540283203e+00,0.000000000000000000e+00,1.140427947044372559e+00,3.653096675872802734e+00
0.000000000000000000e+00,2.075173616409301758e+00,0.000000000000000000e+00,2.861936330795288086e+00,0.000000000000000000e+00,1.040428280830383301e+00,3.454626560211181641e+00
0.000000000000000000e+00,2.244173049926757812e+00,0.000000000000000000e+00,2.978942394256591797e+00,0.000000000000000000e+00,1.257267951965332031e+00,3.712966442108154297e+00
0.000000000000000000e+00,1.999830126762390137e+00,0.000000000000000000e+00,2.769794940948486328e+00,0.000000000000000000e+00,1.131123781204223633e+00,3.342150449752807617e+00
4.396466612815856934e-01,1.673106193542480469e+00,0.000000000000000000e+00,1.354362487792968750e+00,0.000000000000000000e+00,3.547859191894531250e+00,3.487521886825561523e+00
1.705077886581420898e+00,7.083901762962341309e-02,1.076174497604370117e+00,0.000000000000000000e+00,0.000000000000000000e+00,2.559423685073852539e+00,1.168545961380004883e+00
5.407043099403381348e-01,1.192980289459228516e+00,0.000000000000000000e+00,0.000000000000000000e+00,2.165357112884521484e+00,0.000000000000000000e+00,0.000000000000000000e+00
0.000000000000000000e+00,0.000000000000000000e+00,8.753148913383483887e-01,0.000000000000000000e+00,4.400127887725830078e+00,0.000000000000000000e+00,0.000000000000000000e+00
7.705011963844299316e-01,1.789306163787841797e+00,0.000000000000000000e+00,0.000000000000000000e+00,2.922122955322265625e+00,0.000000000000000000e+00,0.000000000000000000e+00
1.174302577972412109e+00,1.549502134323120117e+00,0.000000000000000000e+00,0.000000000000000000e+00,2.539408445358276367e+00,0.000000000000000000e+00,0.000000000000000000e+00
1.259114265441894531e+00,1.548445463180541992e+00,0.000000000000000000e+00,0.000000000000000000e+00,2.523217201232910156e+00,0.000000000000000000e+00,0.000000000000000000e+00
2.348973274230957031e+00,0.000000000000000000e+00,1.232933402061462402e+00,0.000000000000000000e+00,0.000000000000000000e+00,0.000000000000000000e+00,0.000000000000000000e+00
3.957924365997314453e+00,0.000000000000000000e+00,1.450978517532348633e+00,0.000000000000000000e+00,0.000000000000000000e+00,9.621351361274719238e-01,0.000000000000000000e+00
8.840872645378112793e-01,1.845453977584838867e+00,0.000000000000000000e+00,0.000000000000000000e+00,2.368199110031127930e+00,0.000000000000000000e+00,0.000000000000000000e+00
2.001425266265869141e+00,1.137926816940307617e+00,0.000000000000000000e+00,0.000000000000000000e+00,1.038725852966308594e+00,0.000000000000000000e+00,0.000000000000000000e+00
0.000000000000000000e+00,0.000000000000000000e+00,4.148375988006591797e+00,0.000000000000000000e+00,0.000000000000000000e+00,8.395453095436096191e-01,0.000000000000000000e+00
1.195243358612060547e+00,0.000000000000000000e+00,2.937101840972900391e+00,0.000000000000000000e+00,0.000000000000000000e+00,3.022522926330566406e+00,1.236480593681335449e+00
2.516224980354309082e-01,2.649094343185424805e+00,0.000000000000000000e+00,0.000000000000000000e+00,2.489465951919555664e+00,1.941559672355651855e+00,3.862836360931396484e-01
2.253810882568359375e+00,0.000000000000000000e+00,8.168241381645202637e-01,0.000000000000000000e+00,0.000000000000000000e+00,9.752921015024185181e-02,0.000000000000000000e+00
3.911609172821044922e+00,4.240263104438781738e-01,5.090091824531555176e-01,0.000000000000000000e+00,0.000000000000000000e+00,0.000000000000000000e+00,0.000000000000000000e+00
3.349993705749511719e+00,6.418570876121520996e-01,1.495467722415924072e-01,0.000000000000000000e+00,0.000000000000000000e+00,2.078997194766998291e-01,0.000000000000000000e+00
3.572021484375000000e+00,4.480468630790710449e-01,6.598359346389770508e-01,0.000000000000000000e+00,0.000000000000000000e+00,2.873975336551666260e-01,0.000000000000000000e+00
0.000000000000000000e+00,1.869121074676513672e+00,0.000000000000000000e+00,0.000000000000000000e+00,3.300558090209960938e+00,0.000000000000000000e+00,0.000000000000000000e+00
1.958338975906372070e+00,1.268507003784179688e+00,0.000000000000000000e+00,0.000000000000000000e+00,1.236783027648925781e+00,0.000000000000000000e+00,0.000000000000000000e+00
0.000000000000000000e+00,0.000000000000000000e+00,2.787287950515747070e+00,0.000000000000000000e+00,4.211255073547363281e+00,0.000000000000000000e+00,0.000000000000000000e+00
4.372587680816650391e+00,0.000000000000000000e+00,2.145805597305297852e+00,0.000000000000000000e+00,0.000000000000000000e+00,1.769098281860351562e+00,0.000000000000000000e+00
0.000000000000000000e+00,3.775025606155395508e-01,0.000000000000000000e+00,0.000000000000000000e+00,5.189986705780029297e+00,0.000000000000000000e+00,0.000000000000000000e+00
9.377692341804504395e-01,1.445974588394165039e+00,0.000000000000000000e+00,0.000000000000000000e+00,2.807638645172119141e+00,0.000000000000000000e+00,0.000000000000000000e+00
2.404111385345458984e+00,1.216320276260375977e+00,0.000000000000000000e+00,0.000000000000000000e+00,8.623515963554382324e-01,0.000000000000000000e+00,0.000000000000000000e+00
7.196515798568725586e-02,0.000000000000000000e+00,3.401098966598510742e+00,0.000000000000000000e+00,0.000000000000000000e+00,4.450916349887847900e-01,0.000000000000000000e+00
0.000000000000000000e+00,0.000000000000000000e+00,3.863436460494995117e+00,0.000000000000000000e+00,8.583365082740783691e-01,0.000000000000000000e+00,0.000000000000000000e+00
1.677362442016601562e+00,2.455312967300415039e+00,0.000000000000000000e+00,0.000000000000000000e+00,3.134284973144531250e+00,0.000000000000000000e+00,0.000000000000000000e+00
2.980639934539794922e+00,4.130163788795471191e-01,4.518367052078247070e-01,0.000000000000000000e+00,0.000000000000000000e+00,2.301103174686431885e-01,0.000000000000000000e+00
2.253178834915161133e+00,0.000000000000000000e+00,1.757958531379699707e+00,0.000000000000000000e+00,3.762903809547424316e-01,0.000000000000000000e+00,0.000000000000000000e+00
3.472499847412109375e+00,7.146905362606048584e-02,1.154242038726806641e+00,0.000000000000000000e+00,0.000000000000000000e+00,6.110224127769470215e-01,0.000000000000000000e+00
2.758734703063964844e+00,2.844779491424560547e-01,4.118236303329467773e-01,0.000000000000000000e+00,0.000000000000000000e+00,4.070583730936050415e-02,0.000000000000000000e+00
3.127716302871704102e+00,4.408994913101196289e-01,4.073704183101654053e-01,0.000000000000000000e+00,0.000000000000000000e+00,0.000000000000000000e+00,0.000000000000000000e+00
2.800959348678588867e+00,4.823520183563232422e-01,1.810607016086578369e-01,0.000000000000000000e+00,0.000000000000000000e+00,7.670136094093322754e-01,3.880451321601867676e-01
4.349380970001220703e+00,0.000000000000000000e+00,1.430783271789550781e+00,0.000000000000000000e+00,0.000000000000000000e+00,1.531772851943969727e+00,7.003687322139739990e-03
4.044608592987060547e+00,0.000000000000000000e+00,2.280745267868041992e+00,0.000000000000000000e+00,0.000000000000000000e+00,2.918493509292602539e+00,8.652500510215759277e-01
3.808590888977050781e+00,5.417689681053161621e-03,1.290743708610534668e+00,0.000000000000000000e+00,0.000000000000000000e+00,8.487841486930847168e-01,0.000000000000000000e+00
2.202807426452636719e+00,2.281300067901611328e+00,0.000000000000000000e+00,0.000000000000000000e+00,2.354676008224487305e+00,0.000000000000000000e+00,2.072423398494720459e-01
4.072344899177551270e-01,0.000000000000000000e+00,2.107229471206665039e+00,0.000000000000000000e+00,1.326397657394409180e+00,0.000000000000000000e+00,0.000000000000000000e+00
1.037681698799133301e-01,1.010410428047180176e+00,0.000000000000000000e+00,0.000000000000000000e+00,3.165724039077758789e+00,0.000000000000000000e+00,0.000000000000000000e+00
3.791533470153808594e+00,0.000000000000000000e+00,1.987383365631103516e+00,0.000000000000000000e+00,0.000000000000000000e+00,1.946664690971374512e+00,6.995045393705368042e-02
4.285510540008544922e+00,0.000000000000000000e+00,2.076386690139770508e+00,0.000000000000000000e+00,0.000000000000000000e+00,1.875295639038085938e+00,0.000000000000000000e+00
2.021151781082153320e+00,0.000000000000000000e+00,2.895290613174438477e+00,0.000000000000000000e+00,0.000000000000000000e+00,1.999996900558471680e+00,2.009308338165283203e-01
3.261894226074218750e+00,0.000000000000000000e+00,2.075490951538085938e+00,0.000000000000000000e+00,0.000000000000000000e+00,1.667342066764831543e+00,8.144538849592208862e-02
3.679312705993652344e+00,0.000000000000000000e+00,1.373866677284240723e+00,0.000000000000000000e+00,0.000000000000000000e+00,8.313569426536560059e-01,0.000000000000000000e+00
8.191974759101867676e-01,2.199155092239379883e+00,0.000000000000000000e+00,0.000000000000000000e+00,2.341169357299804688e+00,0.000000000000000000e+00,0.000000000000000000e+00
3.643840789794921875e+00,1.601800173521041870e-01,1.016602277755737305e+00,0.000000000000000000e+00,0.000000000000000000e+00,2.979477941989898682e-01,0.000000000000000000e+00
3.814439296722412109e+00,0.000000000000000000e+00,1.237572193145751953e+00,0.000000000000000000e+00,0.000000000000000000e+00,4.386295378208160400e-01,0.000000000000000000e+00
3.355170726776123047e+00,0.000000000000000000e+00,1.066058635711669922e+00,0.000000000000000000e+00,0.000000000000000000e+00,9.595811963081359863e-01,0.000000000000000000e+00
2.697686672210693359e+00,0.000000000000000000e+00,3.082887887954711914e+00,0.000000000000000000e+00,0.000000000000000000e+00,3.206347465515136719e+00,1.040773868560791016e+00
1.076411485671997070e+00,0.000000000000000000e+00,3.189573764801025391e+00,0.000000000000000000e+00,0.000000000000000000e+00,3.168094635009765625e+00,1.220977187156677246e+00
0.000000000000000000e+00,0.000000000000000000e+00,3.056780815124511719e+00,0.000000000000000000e+00,0.000000000000000000e+00,2.810301542282104492e+00,1.550767540931701660e+00
0.000000000000000000e+00,1.377965092658996582e+00,4.725582897663116455e-01,1.703107833862304688e+00,0.000000000000000000e+00,3.308080911636352539e+00,3.185730218887329102e+00
0.000000000000000000e+00,3.124770641326904297e+00,0.000000000000000000e+00,2.010986328125000000e+00,8.152870535850524902e-01,2.231268644332885742e+00,3.471408843994140625e+00
0.000000000000000000e+00,2.217296123504638672e+00,0.000000000000000000e+00,3.051602363586425781e+00,0.000000000000000000e+00,1.292436480522155762e+00,3.729491710662841797e+00
0.000000000000000000e+00,2.099123716354370117e+00,0.000000000000000000e+00,2.996149063110351562e+00,0.000000000000000000e+00,1.127477526664733887e+00,3.611580371856689453e+00
0.000000000000000000e+00,2.075392723083496094e+00,0.000000000000000000e+00,2.915619134902954102e+00,0.000000000000000000e+00,1.034578800201416016e+00,3.492051124572753906e+00
0.000000000000000000e+00,2.115354776382446289e+00,0.000000000000000000e+00,2.999817609786987305e+00,0.000000000000000000e+00,1.093632102012634277e+00,3.601505756378173828e+00
2.449075579643249512e-01,1.754075288772583008e+00,0.000000000000000000e+00,1.364907264709472656e+00,0.000000000000000000e+00,3.119772434234619141e+00,3.268478393554687500e+00
