3.672282457351684570e+00,0.000000000000000000e+00,2.361399650573730469e+00,0.000000000000000000e+00,0.000000000000000000e+00,0.000000000000000000e+00,1.108112782239913940e-01
3.718901157379150391e+00,0.000000000000000000e+00,2.375273942947387695e+00,0.000000000000000000e+00,0.000000000000000000e+00,0.000000000000000000e+00,1.990489661693572998e-02
3.911324024200439453e+00,0.000000000000000000e+00,2.469293832778930664e+00,0.000000000000000000e+00,0.000000000000000000e+00,0.000000000000000000e+00,0.000000000000000000e+00
3.832144498825073242e+00,0.000000000000000000e+00,2.320544242858886719e+00,0.000000000000000000e+00,0.000000000000000000e+00,0.000000000000000000e+00,0.000000000000000000e+00
3.813611268997192383e+00,0.000000000000000000e+00,2.299607753753662109e+00,0.000000000000000000e+00,0.000000000000000000e+00,0.000000000000000000e+00,0.000000000000000000e+00
3.767796277999877930e+00,0.000000000000000000e+00,2.293080806732177734e+00,0.000000000000000000e+00,0.000000000000000000e+00,0.000000000000000000e+00,0.000000000000000000e+00
3.800533056259155273e+00,0.000000000000000000e+00,3.156060457229614258e+00,0.000000000000000000e+00,0.000000000000000000e+00,8.297316431999206543e-01,0.000000000000000000e+00
3.758138418197631836e+00,0.000000000000000000e+00,2.741357803344726562e+00,0.000000000000000000e+00,0.000000000000000000e+00,5.550907254219055176e-01,2.058535337448120117e+00
0.000000000000000000e+00,0.000000000000000000e+00,0.000000000000000000e+00,1.394348144531250000e+00,0.000000000000000000e+00,0.000000000000000000e+00,3.689501047134399414e+00
0.000000000000000000e+00,0.000000000000000000e+00,0.000000000000000000e+00,2.115411043167114258e+00,1.975114226341247559e+00,0.000000000000000000e+00,2.204366177320480347e-01
0.000000000000000000e+00,0.000000000000000000e+00,0.000000000000000000e+00,1.521059274673461914e+00,0.000000000000000000e+00,0.000000000000000000e+00,4.723138809204101562e+00
0.000000000000000000e+00,0.000000000000000000e+00,0.000000000000000000e+00,1.321783542633056641e+00,0.000000000000000000e+00,0.000000000000000000e+00,3.778143167495727539e+00
0.000000000000000000e+00,0.000000000000000000e+00,0.000000000000000000e+00,3.332855939865112305e+00,2.996497154235839844e+00,0.000000000000000000e+00,0.000000000000000000e+00
0.000000000000000000e+00,0.000000000000000000e+00,0.000000000000000000e+00,3.613320589065551758e+00,2.158356666564941406e+00,0.000000000000000000e+00,1.438266515731811523e+00
0.000000000000000000e+00,0.000000000000000000e+00,0.000000000000000000e+00,1.232752799987792969e+00,1.715773820877075195e+00,0.000000000000000000e+00,7.489754557609558105e-01
0.000000000000000000e+00,0.000000000000000000e+00,0.000000000000000000e+00,2.912707805633544922e+00,9.155530929565429688e-01,0.000000000000000000e+00,3.332164049148559570e+00
0.000000000000000000e+00,0.000000000000000000e+00,0.000000000000000000e+00,4.567018032073974609e+00,1.811349868774414062e+00,0.000000000000000000e+00,2.607598304748535156e+00
0.000000000000000000e+00,0.000000000000000000e+00,0.000000000000000000e+00,3.993664741516113281e+00,2.681162357330322266e+00,0.000000000000000000e+00,9.403448700904846191e-01
0.000000000000000000e+00,0.000000000000000000e+00,0.000000000000000000e+00,9.720220565795898438e-01,2.359400987625122070e+00,0.000000000000000000e+00,0.000000000000000000e+00
0.000000000000000000e+00,0.000000000000000000e+00,0.000000000000000000e+00,1.640403270721435547e+00,1.053570747375488281e+00,0.000000000000000000e+00,2.240298986434936523e+00
0.000000000000000000e+00,0.000000000000000000e+00,0.000000000000000000e+00,2.483029127120971680e+00,2.874198675155639648e+00,0.000000000000000000e+00,0.000000000000000000e+00
0.000000000000000000e+00,0.000000000000000000e+00,0.000000000000000000e+00,7.516106367111206055e-01,0.000000000000000000e+00,3.757268190383911133e-01,2.774476051330566406e+00
0.000000000000000000e+00,0.000000000000000000e+00,0.000000000000000000e+00,0.000000000000000000e+00,0.000000000000000000e+00,3.046356201171875000e+00,3.932594656944274902e-01
0.000000000000000000e+00,0.000000000000000000e+00,0.000000000000000000e+00,3.135275363922119141e+00,1.534599781036376953e+00,0.000000000000000000e+00,1.832803964614868164e+00
0.000000000000000000e+00,0.000000000000000000e+00,0.000000000000000000e+00,2.945467233657836914e+00,2.498537778854370117e+00,0.000000000000000000e+00,2.039714306592941284e-01
0.000000000000000000e+00,0.000000000000000000e+00,0.000000000000000000e+00,1.475396513938903809e+00,5.019716024398803711e-01,8.012360334396362305e-02,2.332610845565795898e+00
0.000000000000000000e+00,0.000000000000000000e+00,1.189149543642997742e-01,0.000000000000000000e+00,0.000000000000000000e+00,2.539371967315673828e+00,2.413366317749023438e+00
0.000000000000000000e+00,0.000000000000000000e+00,0.000000000000000000e+00,3.450614929199218750e+00,9.858667850494384766e-01,0.000000000000000000e+00,2.264992475509643555e+00
0.000000000000000000e+00,0.000000000000000000e+00,0.000000000000000000e+00,5.331946611404418945e-01,0.000000000000000000e+00,5.658318996429443359e-01,2.853607177734375000e+00
0.000000000000000000e+00,0.000000000000000000e+00,0.000000000000000000e+00,9.192055463790893555e-01,2.452652454376220703e+00,0.000000000000000000e+00,0.000000000000000000e+00
0.000000000000000000e+00,0.000000000000000000e+00,0.000000000000000000e+00,2.534549236297607422e+00,2.146040201187133789e+00,0.000000000000000000e+00,6.615994572639465332e-01
0.000000000000000000e+00,0.000000000000000000e+00,0.000000000000000000e+00,2.153613567352294922e+00,2.522375106811523438e+00,0.000000000000000000e+00,0.000000000000000000e+00
0.000000000000000000e+00,0.000000000000000000e+00,0.000000000000000000e+00,7.433052062988281250e-01,0.000000000000000000e+00,5.607903003692626953e-01,4.667060852050781250e+00
0.000000000000000000e+00,0.000000000000000000e+00,4.617769718170166016e-01,0.000000000000000000e+00,0.000000000000000000e+00,1.618985176086425781e+00,3.909850358963012695e+00
0.000000000000000000e+00,0.000000000000000000e+00,0.000000000000000000e+00,2.504830360412597656e+00,2.177189588546752930e+00,0.000000000000000000e+00,0.000000000000000000e+00
0.000000000000000000e+00,0.000000000000000000e+00,0.000000000000000000e+00,1.292000889778137207e+00,0.000000000000000000e+00,4.925536811351776123e-01,3.068741798400878906e+00
0.000000000000000000e+00,0.000000000000000000e+00,0.000000000000000000e+00,1.407112240791320801e+00,3.488138616085052490e-01,0.000000000000000000e+00,3.003472566604614258e+00
0.000000000000000000e+00,0.000000000000000000e+00,0.000000000000000000e+00,1.561052680015563965e+00,3.458369672298431396e-01,0.000000000000000000e+00,2.969365358352661133e+00
0.000000000000000000e+00,0.000000000000000000e+00,0.000000000000000000e+00,4.399755954742431641e+00,1.146496057510375977e+00,0.000000000000000000e+00,3.085119485855102539e+00
0.000000000000000000e+00,0.000000000000000000e+00,0.000000000000000000e+00,4.098145365715026855e-01,8.944639563560485840e-02,1.145384669303894043e+00,1.924488425254821777e+00
0.000000000000000000e+00,0.000000000000000000e+00,0.000000000000000000e+00,1.313634157180786133e+00,1.092710971832275391e+00,0.000000000000000000e+00,1.639099359512329102e+00
0.000000000000000000e+00,0.000000000000000000e+00,0.000000000000000000e+00,1.944729804992675781e+00,2.531719684600830078e+00,0.000000000000000000e+00,0.000000000000000000e+00
0.000000000000000000e+00,0.000000000000000000e+00,0.000000000000000000e+00,1.768909931182861328e+00,2.636193752288818359e+00,0.000000000000000000e+00,0.000000000000000000e+00
0.000000000000000000e+00,0.000000000000000000e+00,0.000000000000000000e+00,1.093645811080932617e+00,8.259083032608032227e-01,0.000000000000000000e+00,1.953339099884033203e+00
0.000000000000000000e+00,0.000000000000000000e+00,0.000000000000000000e+00,2.735165834426879883e+00,2.931709527969360352e+00,0.000000000000000000e+00,0.000000000000000000e+00
0.000000000000000000e+00,0.000000000000000000e+00,0.000000000000000000e+00,3.250043153762817383e+00,2.407720804214477539e+00,0.000000000000000000e+00,3.079004883766174316e-01
0.000000000000000000e+00,0.000000000000000000e+00,0.000000000000000000e+00,8.507890701293945312e-01,2.245550394058227539e+00,0.000000000000000000e+00,0.000000000000000000e+00
0.000000000000000000e+00,0.000000000000000000e+00,0.000000000000000000e+00,2.055281639099121094e+00,2.741681575775146484e+00,0.000000000000000000e+00,0.000000000000000000e+00
0.000000000000000000e+00,0.000000000000000000e+00,0.000000000000000000e+00,1.484026908874511719e+00,2.499061584472656250e+00,0.000000000000000000e+00,0.000000000000000000e+00
0.000000000000000000e+00,0.000000000000000000e+00,0.000000000000000000e+00,2.195502966642379761e-01,9.095586538314819336e-01,1.074177861213684082e+00,3.995069861412048340e-01
0.000000000000000000e+00,0.000000000000000000e+00,0.000000000000000000e+00,0.000000000000000000e+00,0.000000000000000000e+00,3.161232233047485352e+00,2.882177233695983887e-01
0.000000000000000000e+00,0.000000000000000000e+00,0.000000000000000000e+00,3.210565328598022461e+00,2.774870872497558594e+00,0.000000000000000000e+00,3.851632773876190186e-02
0.000000000000000000e+00,0.000000000000000000e+00,0.000000000000000000e+00,1.506465554237365723e+00,4.604894816875457764e-01,0.000000000000000000e+00,2.257736444473266602e+00
0.000000000000000000e+00,0.000000000000000000e+00,0.000000000000000000e+00,7.006984949111938477e-01,0.000000000000000000e+00,6.574789285659790039e-01,2.326695203781127930e+00
3.342314720153808594e+00,0.000000000000000000e+00,3.888873815536499023e+00,0.000000000000000000e+00,0.000000000000000000e+00,4.830550670623779297e+00,1.067970246076583862e-01
4.394254684448242188e+00,0.000000000000000000e+00,4.707701206207275391e+00,0.000000000000000000e+00,0.000000000000000000e+00,4.940201282501220703e+00,0.000000000000000000e+00
3.522088766098022461e+00,0.000000000000000000e+00,3.883167982101440430e+00,0.000000000000000000e+00,0.000000000000000000e+00,4.443850040435791016e+00,0.000000000000000000e+00
4.955040514469146729e-01,0.000000000000000000e+00,7.148250341415405273e-01,0.000000000000000000e+00,0.000000000000000000e+00,3.242269992828369141e+00,0.000000000000000000e+00
2.413079738616943359e+00,0.000000000000000000e+00,2.731160879135131836e+00,0.000000000000000000e+00,0.000000000000000000e+00,1.869496583938598633e+00,1.790310740470886230e+00
3.839198350906372070e+00,0.000000000000000000e+00,3.247525930404663086e+00,0.000000000000000000e+00,0.000000000000000000e+00,1.572777509689331055e+00,1.033342599868774414e+00
3.758607149124145508e+00,0.000000000000000000e+00,2.683177471160888672e+00,0.000000000000000000e+00,0.000000000000000000e+00,2.278911471366882324e-01,1.395706832408905029e-02
3.914058923721313477e+00,0.000000000000000000e+00,2.378417253494262695e+00,0.000000000000000000e+00,0.000000000000000000e+00,0.000000000000000000e+00,0.000000000000000000e+00
3.944786071777343750e+00,0.000000000000000000e+00,2.410191774368286133e+00,0.000000000000000000e+00,0.000000000000000000e+00,0.000000000000000000e+00,0.000000000000000000e+00
3.818560600280761719e+00,0.000000000000000000e+00,2.323562860488891602e+00,0.000000000000000000e+00,0.000000000000000000e+00,0.000000000000000000e+00,0.000000000000000000e+00
3.930802345275878906e+00,0.000000000000000000e+00,2.368570566177368164e+00,0.000000000000000000e+00,0.000000000000000000e+00,0.000000000000000000e+00,0.000000000000000000e+00
3.843283414840698242e+00,0.000000000000000000e+00,3.621934175491333008e+00,0.000000000000000000e+00,0.000000000000000000e+00,2.703331947326660156e+00,1.203047513961791992e+00
3.985012292861938477e+00,0.000000000000000000e+00,3.634474992752075195e+00,0.000000000000000000e+00,0.000000000000000000e+00,2.428661346435546875e+00,1.864020466804504395e+00
3.608768463134765625e+00,0.000000000000000000e+00,2.221554994583129883e+00,0.000000000000000000e+00,0.000000000000000000e+00,0.000000000000000000e+00,8.599118888378143311e-02
3.804633855819702148e+00,0.000000000000000000e+00,2.325984954833984375e+00,0.000000000000000000e+00,0.000000000000000000e+00,0.000000000000000000e+00,0.000000000000000000e+00
3.833603143692016602e+00,0.000000000000000000e+00,2.339851140975952148e+00,0.000000000000000000e+00,0.000000000000000000e+00,0.000000000000000000e+00,0.000000000000000000e+00
3.859800100326538086e+00,0.000000000000000000e+00,2.335397481918334961e+00,0.000000000000000000e+00,0.000000000000000000e+00,0.000000000000000000e+00,0.000000000000000000e+00
3.872265577316284180e+00,0.000000000000000000e+00,2.354907989501953125e+00,0.000000000000000000e+00,0.000000000000000000e+00,0.000000000000000000e+00,0.000000000000000000e+00
3.983268976211547852e+00,0.000000000000000000e+00,2.422248125076293945e+00,0.000000000000000000e+00,0.000000000000000000e+00,0.000000000000000000e+00,0.000000000000000000e+00
3.734288930892944336e+00,0.000000000000000000e+00,2.719455480575561523e+00,0.000000000000000000e+00,0.000000000000000000e+00,8.332714438438415527e-01,5.994725823402404785e-01
0.000000000000000000e+00,0.000000000000000000e+00,0.000000000000000000e+00,6.456729173660278320e-01,4.663189351558685303e-01,9.582597017288208008e-01,1.120859861373901367e+00
0.000000000000000000e+00,0.000000000000000000e+00,0.000000000000000000e+00,9.063408374786376953e-01,2.471417665481567383e+00,0.000000000000000000e+00,0.000000000000000000e+00
0.000000000000000000e+00,0.000000000000000000e+00,0.000000000000000000e+00,3.503314018249511719e+00,3.493319034576416016e+00,0.000000000000000000e+00,0.000000000000000000e+00
0.000000000000000000e+00,0.000000000000000000e+00,0.000000000000000000e+00,4.285819530487060547e+00,2.417260646820068359e+00,0.000000000000000000e+00,1.712084054946899414e+00
0.000000000000000000e+00,0.000000000000000000e+00,0.000000000000000000e+00,1.396689176559448242e+00,1.714649319648742676e+00,0.000000000000000000e+00,1.068487286567687988e+00
0.000000000000000000e+00,0.000000000000000000e+00,0.000000000000000000e+00,2.576017141342163086e+00,1.941640615463256836e+00,0.000000000000000000e+00,1.749372243881225586e+00
0.000000000000000000e+00,0.000000000000000000e+00,0.000000000000000000e+00,2.472486019134521484e+00,2.872065544128417969e+00,0.000000000000000000e+00,0.000000000000000000e+00
0.000000000000000000e+00,0.000000000000000000e+00,0.000000000000000000e+00,1.307420015335083008e+00,3.072352707386016846e-01,0.000000000000000000e+00,3.288410425186157227e+00
0.000000000000000000e+00,0.000000000000000000e+00,1.587749719619750977e-01,3.565379679203033447e-01,0.000000000000000000e+00,9.960920810699462891e-01,5.106800079345703125e+00
0.000000000000000000e+00,0.000000000000000000e+00,0.000000000000000000e+00,4.218931198120117188e+00,2.118119478225708008e+00,0.000000000000000000e+00,2.183162450790405273e+00
0.000000000000000000e+00,0.000000000000000000e+00,0.000000000000000000e+00,3.045225858688354492e+00,2.460703551769256592e-01,0.000000000000000000e+00,4.154702663421630859e+00
0.000000000000000000e+00,0.000000000000000000e+00,0.000000000000000000e+00,1.854550123214721680e+00,7.825756072998046875e-01,0.000000000000000000e+00,2.889837503433227539e+00
0.000000000000000000e+00,0.000000000000000000e+00,0.000000000000000000e+00,2.286756515502929688e+00,1.579982876777648926e+00,0.000000000000000000e+00,1.631853938102722168e+00
0.000000000000000000e+00,0.000000000000000000e+00,0.000000000000000000e+00,3.701800584793090820e+00,1.932652950286865234e+00,0.000000000000000000e+00,1.700750470161437988e+00
0.000000000000000000e+00,0.000000000000000000e+00,0.000000000000000000e+00,7.855772972106933594e-01,1.857664704322814941e+00,1.397299766540527344e-02,0.000000000000000000e+00
0.000000000000000000e+00,0.000000000000000000e+00,0.000000000000000000e+00,1.323506593704223633e+00,1.710612773895263672e+00,0.000000000000000000e+00,6.894406676292419434e-01
0.000000000000000000e+00,0.000000000000000000e+00,0.000000000000000000e+00,3.819318532943725586e+00,1.745983004570007324e+00,0.000000000000000000e+00,2.093157052993774414e+00
0.000000000000000000e+00,0.000000000000000000e+00,0.000000000000000000e+00,1.537718892097473145e+00,0.000000000000000000e+00,0.000000000000000000e+00,3.920315265655517578e+00
0.000000000000000000e+00,0.000000000000000000e+00,0.000000000000000000e+00,1.737931221723556519e-01,0.000000000000000000e+00,1.669011831283569336e+00,1.819467186927795410e+00
0.000000000000000000e+00,0.000000000000000000e+00,0.000000000000000000e+00,1.102316975593566895e+00,2.176833868026733398e+00,0.000000000000000000e+00,0.000000000000000000e+00
0.000000000000000000e+00,0.000000000000000000e+00,0.000000000000000000e+00,3.252329826354980469e+00,1.955176830291748047e+00,0.000000000000000000e+00,1.844342947006225586e+00
0.000000000000000000e+00,0.000000000000000000e+00,0.000000000000000000e+00,1.274297595024108887e+00,6.445610523223876953e-01,0.000000000000000000e+00,2.280824661254882812e+00
0.000000000000000000e+00,0.000000000000000000e+00,4.035066813230514526e-02,4.932905137538909912e-01,0.000000000000000000e+00,1.135782003402709961e+00,4.381424903869628906e+00
0.000000000000000000e+00,0.000000000000000000e+00,0.000000000000000000e+00,3.913218498229980469e+00,2.241236925125122070e+00,0.000000000000000000e+00,1.440386533737182617e+00
0.000000000000000000e+00,0.000000000000000000e+00,0.000000000000000000e+00,1.570492029190063477e+00,2.568798542022705078e+00,0.000000000000000000e+00,0.000000000000000000e+00
0.000000000000000000e+00,0.000000000000000000e+00,0.000000000000000000e+00,1.280078887939453125e+00,1.969813108444213867e+00,0.000000000000000000e+00,6.379914879798889160e-01
0.000000000000000000e+00,0.000000000000000000e+00,0.000000000000000000e+00,9.942126274108886719e-01,1.989881396293640137e+00,0.000000000000000000e+00,0.000000000000000000e+00
0.000000000000000000e+00,0.000000000000000000e+00,0.000000000000000000e+00,3.896994113922119141e+00,2.051331758499145508e+00,0.000000000000000000e+00,1.599997520446777344e+00
0.000000000000000000e+00,0.000000000000000000e+00,0.000000000000000000e+00,3.984124183654785156e+00,1.228950023651123047e+00,0.000000000000000000e+00,2.743441104888916016e+00
0.000000000000000000e+00,0.000000000000000000e+00,0.000000000000000000e+00,3.147157669067382812e+00,2.680150032043457031e+00,0.000000000000000000e+00,6.052604317665100098e-01
0.000000000000000000e+00,0.000000000000000000e+00,0.000000000000000000e+00,5.459207296371459961e-01,5.532550215721130371e-01,5.967717766761779785e-01,1.449641346931457520e+00
0.000000000000000000e+00,0.000000000000000000e+00,0.000000000000000000e+00,4.148698449134826660e-01,0.000000000000000000e+00,1.228252172470092773e+00,3.502215385437011719e+00
0.000000000000000000e+00,0.000000000000000000e+00,0.000000000000000000e+00,3.191022396087646484e+00,2.442603588104248047e+00,0.000000000000000000e+00,0.000000000000000000e+00
0.000000000000000000e+00,0.000000000000000000e+00,0.000000000000000000e+00,0.000000000000000000e+00,0.000000000000000000e+00,4.068377971649169922e+00,0.000000000000000000e+00
0.000000000000000000e+00,0.000000000000000000e+00,0.000000000000000000e+00,2.654991149902343750e+00,1.714896798133850098e+00,0.000000000000000000e+00,9.965667128562927246e-01
0.000000000000000000e+00,0.000000000000000000e+00,0.000000000000000000e+00,2.101127147674560547e+00,1.318473935127258301e+00,0.000000000000000000e+00,1.158713102340698242e+00
0.000000000000000000e+00,0.000000000000000000e+00,0.000000000000000000e+00,4.111079573631286621e-01,1.221412181854248047e+00,6.160193681716918945e-01,0.000000000000000000e+00
0.000000000000000000e+00,0.000000000000000000e+00,5.391288995742797852e-01,0.000000000000000000e+00,0.000000000000000000e+00,3.266568183898925781e+00,1.566382646560668945e+00
0.000000000000000000e+00,0.000000000000000000e+00,0.000000000000000000e+00,2.438169479370117188e+00,1.239509582519531250e+00,0.000000000000000000e+00,1.186125636100769043e+00
0.000000000000000000e+00,0.000000000000000000e+00,1.190989837050437927e-01,0.000000000000000000e+00,0.000000000000000000e+00,2.298078536987304688e+00,1.745631933212280273e+00
0.000000000000000000e+00,0.000000000000000000e+00,0.000000000000000000e+00,3.059116363525390625e+00,1.242803215980529785e+00,0.000000000000000000e+00,1.905930757522583008e+00
0.000000000000000000e+00,0.000000000000000000e+00,0.000000000000000000e+00,5.608972311019897461e-01,0.000000000000000000e+00,1.014236569404602051e+00,4.662547111511230469e+00
0.000000000000000000e+00,0.000000000000000000e+00,0.000000000000000000e+00,0.000000000000000000e+00,0.000000000000000000e+00,2.760346889495849609e+00,2.003656864166259766e+00
0.000000000000000000e+00,0.000000000000000000e+00,0.000000000000000000e+00,3.957593202590942383e+00,2.268726587295532227e+00,0.000000000000000000e+00,1.434908151626586914e+00
0.000000000000000000e+00,0.000000000000000000e+00,0.000000000000000000e+00,5.804548859596252441e-01,0.000000000000000000e+00,1.161506652832031250e+00,2.996098518371582031e+00
0.000000000000000000e+00,0.000000000000000000e+00,0.000000000000000000e+00,0.000000000000000000e+00,0.000000000000000000e+00,3.322089910507202148e+00,1.061039924621582031e+00
6.099761277437210083e-02,0.000000000000000000e+00,7.762550711631774902e-01,0.000000000000000000e+00,0.000000000000000000e+00,3.917135238647460938e+00,4.280735850334167480e-01
7.824319601058959961e-01,0.000000000000000000e+00,1.396293163299560547e+00,0.000000000000000000e+00,0.000000000000000000e+00,3.901916980743408203e+00,3.480342030525207520e-01
0.000000000000000000e+00,0.000000000000000000e+00,8.657502532005310059e-01,0.000000000000000000e+00,0.000000000000000000e+00,4.141283035278320312e+00,4.138873219490051270e-01
1.882111281156539917e-02,0.000000000000000000e+00,6.857808232307434082e-01,0.000000000000000000e+00,0.000000000000000000e+00,3.832002878189086914e+00,0.000000000000000000e+00
1.934020638465881348e+00,0.000000000000000000e+00,2.757215738296508789e+00,0.000000000000000000e+00,0.000000000000000000e+00,3.828752040863037109e+00,1.402929186820983887e+00
3.446516275405883789e+00,0.000000000000000000e+00,3.687770128250122070e+00,0.000000000000000000e+00,0.000000000000000000e+00,2.740291118621826172e+00,1.565924882888793945e+00
3.444626331329345703e+00,0.000000000000000000e+00,3.357797622680664062e+00,0.000000000000000000e+00,0.000000000000000000e+00,2.598896980285644531e+00,0.000000000000000000e+00
3.792518615722656250e+00,0.000000000000000000e+00,2.456699371337890625e+00,0.000000000000000000e+00,0.000000000000000000e+00,0.000000000000000000e+00,0.000000000000000000e+00
3.689119577407836914e+00,0.000000000000000000e+00,2.389893293380737305e+00,0.000000000000000000e+00,0.000000000000000000e+00,0.000000000000000000e+00,0.000000000000000000e+00
3.896074056625366211e+00,0.000000000000000000e+00,2.360529661178588867e+00,0.000000000000000000e+00,0.000000000000000000e+00,0.000000000000000000e+00,0.000000000000000000e+00
3.862087726593017578e+00,0.000000000000000000e+00,2.421747446060180664e+00,0.000000000000000000e+00,0.000000000000000000e+00,0.000000000000000000e+00,0.000000000000000000e+00
3.833845376968383789e+00,0.000000000000000000e+00,1.980564117431640625e+00,0.000000000000000000e+00,0.000000000000000000e+00,0.000000000000000000e+00,1.040697813034057617e+00
4.104246139526367188e+00,0.000000000000000000e+00,2.117955446243286133e+00,0.000000000000000000e+00,0.000000000000000000e+00,0.000000000000000000e+00,1.543133974075317383e+00
3.809865713119506836e+00,0.000000000000000000e+00,2.294471979141235352e+00,0.000000000000000000e+00,0.000000000000000000e+00,0.000000000000000000e+00,0.000000000000000000e+00
3.751800775527954102e+00,0.000000000000000000e+00,2.270298242568969727e+00,0.000000000000000000e+00,0.000000000000000000e+00,0.000000000000000000e+00,0.000000000000000000e+00
3.783162832260131836e+00,0.000000000000000000e+00,2.270884990692138672e+00,0.000000000000000000e+00,0.000000000000000000e+00,0.000000000000000000e+00,0.000000000000000000e+00
3.817100286483764648e+00,0.000000000000000000e+00,2.266758918762207031e+00,0.000000000000000000e+00,0.000000000000000000e+00,0.000000000000000000e+00,0.000000000000000000e+00
3.864031076431274414e+00,0.000000000000000000e+00,2.283059358596801758e+00,0.000000000000000000e+00,0.000000000000000000e+00,0.000000000000000000e+00,0.000000000000000000e+00
3.775290727615356445e+00,0.000000000000000000e+00,2.238546371459960938e+00,0.000000000000000000e+00,0.000000000000000000e+00,0.000000000000000000e+00,1.033111065626144409e-01
2.761195898056030273e+00,0.000000000000000000e+00,2.523202180862426758e+00,0.000000000000000000e+00,0.000000000000000000e+00,1.967453956604003906e+00,1.160657286643981934e+00
1.336059570312500000e+00,0.000000000000000000e+00,2.045372009277343750e+00,0.000000000000000000e+00,0.000000000000000000e+00,2.835967063903808594e+00,1.868804931640625000e+00
0.000000000000000000e+00,0.000000000000000000e+00,0.000000000000000000e+00,2.352053165435791016e+00,1.993567228317260742e+00,0.000000000000000000e+00,2.150031775236129761e-01
0.000000000000000000e+00,0.000000000000000000e+00,0.000000000000000000e+00,1.177246689796447754e+00,3.554675877094268799e-01,4.444252550601959229e-01,2.467721462249755859e+00
0.000000000000000000e+00,0.000000000000000000e+00,0.000000000000000000e+00,3.801648378372192383e+00,1.665494441986083984e+00,0.000000000000000000e+00,2.331822633743286133e+00
0.000000000000000000e+00,0.000000000000000000e+00,0.000000000000000000e+00,5.092109441757202148e-01,0.000000000000000000e+00,9.552030563354492188e-01,4.548014163970947266e+00
0.000000000000000000e+00,0.000000000000000000e+00,0.000000000000000000e+00,0.000000000000000000e+00,0.000000000000000000e+00,4.036543369293212891e+00,2.642101049423217773e-01
0.000000000000000000e+00,0.000000000000000000e+00,0.000000000000000000e+00,1.814285278320312500e+00,1.901107668876647949e+00,0.000000000000000000e+00,0.000000000000000000e+00
4.711686670780181885e-01,0.000000000000000000e+00,1.006700873374938965e+00,0.000000000000000000e+00,0.000000000000000000e+00,1.194661617279052734e+00,2.978400945663452148e+00
0.000000000000000000e+00,0.000000000000000000e+00,8.820306509733200073e-02,1.130783200263977051e+00,0.000000000000000000e+00,3.212044835090637207e-01,4.199761390686035156e+00
0.000000000000000000e+00,0.000000000000000000e+00,0.000000000000000000e+00,4.144180119037628174e-01,0.000000000000000000e+00,1.305294275283813477e+00,3.857352733612060547e+00
0.000000000000000000e+00,0.000000000000000000e+00,0.000000000000000000e+00,2.924749374389648438e+00,1.953948140144348145e+00,0.000000000000000000e+00,8.429263234138488770e-01
0.000000000000000000e+00,0.000000000000000000e+00,0.000000000000000000e+00,5.222197771072387695e-01,0.000000000000000000e+00,8.791353702545166016e-01,2.325274229049682617e+00
0.000000000000000000e+00,0.000000000000000000e+00,0.000000000000000000e+00,2.937179207801818848e-01,0.000000000000000000e+00,1.373423576354980469e+00,2.482068300247192383e+00
0.000000000000000000e+00,0.000000000000000000e+00,0.000000000000000000e+00,2.157107114791870117e+00,1.804024100303649902e+00,0.000000000000000000e+00,3.450401425361633301e-01
0.000000000000000000e+00,0.000000000000000000e+00,0.000000000000000000e+00,0.000000000000000000e+00,0.000000000000000000e+00,3.843914270401000977e+00,0.000000000000000000e+00
0.000000000000000000e+00,0.000000000000000000e+00,0.000000000000000000e+00,1.673995554447174072e-01,0.000000000000000000e+00,1.290860891342163086e+00,4.030598640441894531e+00
0.000000000000000000e+00,0.000000000000000000e+00,0.000000000000000000e+00,3.479539155960083008e+00,2.823818683624267578e+00,0.000000000000000000e+00,6.953082680702209473e-01
0.000000000000000000e+00,0.000000000000000000e+00,0.000000000000000000e+00,1.318861484527587891e+00,2.043871641159057617e+00,0.000000000000000000e+00,4.602009654045104980e-01
0.000000000000000000e+00,0.000000000000000000e+00,0.000000000000000000e+00,9.983162879943847656e-01,2.355035305023193359e+00,0.000000000000000000e+00,0.000000000000000000e+00
0.000000000000000000e+00,0.000000000000000000e+00,0.000000000000000000e+00,2.722958564758300781e+00,6.516251564025878906e-01,0.000000000000000000e+00,3.420152902603149414e+00
0.000000000000000000e+00,0.000000000000000000e+00,0.000000000000000000e+00,3.872603178024291992e+00,2.432743072509765625e+00,0.000000000000000000e+00,8.022406697273254395e-01
0.000000000000000000e+00,0.000000000000000000e+00,0.000000000000000000e+00,9.369293451309204102e-01,2.244573831558227539e+00,0.000000000000000000e+00,0.000000000000000000e+00
0.000000000000000000e+00,0.000000000000000000e+00,0.000000000000000000e+00,1.053141713142395020e+00,2.422738075256347656e+00,0.000000000000000000e+00,2.938315272331237793e-03
0.000000000000000000e+00,0.000000000000000000e+00,0.000000000000000000e+00,1.731688499450683594e+00,2.353823661804199219e+00,0.000000000000000000e+00,2.648008465766906738e-01
0.000000000000000000e+00,0.000000000000000000e+00,0.000000000000000000e+00,3.773517608642578125e+00,2.470671653747558594e+00,0.000000000000000000e+00,1.130082607269287109e+00
0.000000000000000000e+00,0.000000000000000000e+00,0.000000000000000000e+00,1.422030091285705566e+00,0.000000000000000000e+00,0.000000000000000000e+00,4.756899833679199219e+00
0.000000000000000000e+00,0.000000000000000000e+00,0.000000000000000000e+00,1.290670633316040039e+00,0.000000000000000000e+00,1.070755124092102051e-01,3.412554979324340820e+00
0.000000000000000000e+00,0.000000000000000000e+00,0.000000000000000000e+00,2.841688394546508789e+00,2.766173362731933594e+00,0.000000000000000000e+00,0.000000000000000000e+00
0.000000000000000000e+00,0.000000000000000000e+00,0.000000000000000000e+00,1.833823204040527344e+00,1.529916167259216309e+00,0.000000000000000000e+00,8.113653063774108887e-01
0.000000000000000000e+00,0.000000000000000000e+00,0.000000000000000000e+00,1.760172128677368164e+00,2.798731029033660889e-01,0.000000000000000000e+00,3.010937690734863281e+00
0.000000000000000000e+00,0.000000000000000000e+00,0.000000000000000000e+00,3.639526128768920898e+00,1.815099358558654785e+00,0.000000000000000000e+00,1.444276452064514160e+00
0.000000000000000000e+00,0.000000000000000000e+00,0.000000000000000000e+00,0.000000000000000000e+00,1.571589410305023193e-01,1.521369695663452148e+00,9.845320582389831543e-01
0.000000000000000000e+00,0.000000000000000000e+00,0.000000000000000000e+00,0.000000000000000000e+00,0.000000000000000000e+00,3.897007465362548828e+00,0.000000000000000000e+00
0.000000000000000000e+00,0.000000000000000000e+00,0.000000000000000000e+00,8.374876976013183594e-01,1.036760926246643066e+00,5.983812808990478516e-01,7.756479978561401367e-01
0.000000000000000000e+00,0.000000000000000000e+00,5.864080190658569336e-01,0.000000000000000000e+00,0.000000000000000000e+00,3.364976882934570312e+00,1.726714849472045898e+00
0.000000000000000000e+00,0.000000000000000000e+00,2.598901987075805664e-01,0.000000000000000000e+00,0.000000000000000000e+00,3.960705280303955078e+00,0.000000000000000000e+00
0.000000000000000000e+00,0.000000000000000000e+00,0.000000000000000000e+00,1.195912480354309082e+00,1.590201735496520996e+00,3.027153015136718750e-01,0.000000000000000000e+00
0.000000000000000000e+00,0.000000000000000000e+00,0.000000000000000000e+00,0.000000000000000000e+00,1.677724421024322510e-01,2.591186285018920898e+00,0.000000000000000000e+00
1.254428178071975708e-02,0.000000000000000000e+00,8.876388072967529297e-01,0.000000000000000000e+00,0.000000000000000000e+00,4.828312397003173828e+00,7.196538150310516357e-02
1.170928597450256348e+00,0.000000000000000000e+00,1.898177146911621094e+00,0.000000000000000000e+00,0.000000000000000000e+00,4.674260139465332031e+00,3.406940102577209473e-01
0.000000000000000000e+00,0.000000000000000000e+00,7.506626099348068237e-02,0.000000000000000000e+00,0.000000000000000000e+00,3.957484483718872070e+00,0.000000000000000000e+00
0.000000000000000000e+00,0.000000000000000000e+00,2.505739778280258179e-02,0.000000000000000000e+00,0.000000000000000000e+00,3.221457481384277344e+00,1.264553070068359375e+00
0.000000000000000000e+00,0.000000000000000000e+00,0.000000000000000000e+00,2.286467790603637695e+00,1.423752069473266602e+00,0.000000000000000000e+00,8.045948147773742676e-01
0.000000000000000000e+00,0.000000000000000000e+00,2.062186896800994873e-01,0.000000000000000000e+00,0.000000000000000000e+00,3.671854734420776367e+00,3.200307488441467285e-01
0.000000000000000000e+00,0.000000000000000000e+00,0.000000000000000000e+00,0.000000000000000000e+00,6.957856416702270508e-01,1.230770587921142578e+00,3.742116093635559082e-01
0.000000000000000000e+00,0.000000000000000000e+00,0.000000000000000000e+00,1.766804456710815430e+00,2.021350622177124023e+00,0.000000000000000000e+00,0.000000000000000000e+00
0.000000000000000000e+00,0.000000000000000000e+00,2.669106125831604004e-01,0.000000000000000000e+00,0.000000000000000000e+00,4.353177547454833984e+00,3.790788352489471436e-02
0.000000000000000000e+00,0.000000000000000000e+00,1.761402189731597900e-01,0.000000000000000000e+00,0.000000000000000000e+00,4.272036075592041016e+00,0.000000000000000000e+00
0.000000000000000000e+00,0.000000000000000000e+00,0.000000000000000000e+00,2.022894859313964844e+00,2.345996379852294922e+00,0.000000000000000000e+00,0.000000000000000000e+00
0.000000000000000000e+00,0.000000000000000000e+00,4.516364932060241699e-01,0.000000000000000000e+00,0.000000000000000000e+00,3.872634172439575195e+00,0.000000000000000000e+00
2.814875602722167969e+00,0.000000000000000000e+00,3.241706848144531250e+00,0.000000000000000000e+00,0.000000000000000000e+00,2.351415395736694336e+00,2.621996879577636719e+00
4.080947399139404297e+00,0.000000000000000000e+00,4.105210781097412109e+00,0.000000000000000000e+00,0.000000000000000000e+00,2.442095041275024414e+00,1.501002073287963867e+00
3.409695863723754883e+00,0.000000000000000000e+00,2.217560052871704102e+00,0.000000000000000000e+00,0.000000000000000000e+00,0.000000000000000000e+00,7.459191977977752686e-02
3.714373826980590820e+00,0.000000000000000000e+00,2.245320320129394531e+00,0.000000000000000000e+00,0.000000000000000000e+00,0.000000000000000000e+00,0.000000000000000000e+00
3.714101076126098633e+00,0.000000000000000000e+00,2.235337734222412109e+00,0.000000000000000000e+00,0.000000000000000000e+00,0.000000000000000000e+00,0.000000000000000000e+00
3.724471330642700195e+00,0.000000000000000000e+00,2.252510309219360352e+00,0.000000000000000000e+00,0.000000000000000000e+00,0.000000000000000000e+00,0.000000000000000000e+00
3.645233869552612305e+00,0.000000000000000000e+00,2.264238595962524414e+00,0.000000000000000000e+00,0.000000000000000000e+00,0.000000000000000000e+00,0.000000000000000000e+00
3.495329856872558594e+00,0.000000000000000000e+00,3.612024068832397461e+00,0.000000000000000000e+00,0.000000000000000000e+00,2.784459352493286133e+00,1.087344408035278320e+00
3.634806394577026367e+00,0.000000000000000000e+00,1.810493350028991699e+00,0.000000000000000000e+00,5.986842513084411621e-02,0.000000000000000000e+00,7.484188675880432129e-01
3.923998832702636719e+00,0.000000000000000000e+00,2.383912563323974609e+00,0.000000000000000000e+00,0.000000000000000000e+00,0.000000000000000000e+00,0.000000000000000000e+00
3.838618993759155273e+00,0.000000000000000000e+00,2.322371721267700195e+00,0.000000000000000000e+00,0.000000000000000000e+00,0.000000000000000000e+00,0.000000000000000000e+00
3.827696800231933594e+00,0.000000000000000000e+00,2.343595266342163086e+00,0.000000000000000000e+00,0.000000000000000000e+00,0.000000000000000000e+00,0.000000000000000000e+00
3.844590902328491211e+00,0.000000000000000000e+00,2.338904619216918945e+00,0.000000000000000000e+00,0.000000000000000000e+00,0.000000000000000000e+00,0.000000000000000000e+00
3.926141500473022461e+00,0.000000000000000000e+00,2.387480258941650391e+00,0.000000000000000000e+00,0.000000000000000000e+00,0.000000000000000000e+00,0.000000000000000000e+00
4.168415069580078125e+00,0.000000000000000000e+00,3.542846918106079102e+00,0.000000000000000000e+00,0.000000000000000000e+00,9.973806738853454590e-01,5.090368390083312988e-01
2.936897993087768555e+00,0.000000000000000000e+00,2.582796573638916016e+00,0.000000000000000000e+00,0.000000000000000000e+00,1.541833519935607910e+00,1.693975687026977539e+00
0.000000000000000000e+00,0.000000000000000000e+00,0.000000000000000000e+00,2.644588232040405273e+00,2.523888826370239258e+00,0.000000000000000000e+00,1.153529137372970581e-01
0.000000000000000000e+00,0.000000000000000000e+00,0.000000000000000000e+00,1.102533221244812012e+00,1.361629009246826172e+00,0.000000000000000000e+00,7.663374543190002441e-01
0.000000000000000000e+00,0.000000000000000000e+00,0.000000000000000000e+00,5.116186738014221191e-01,0.000000000000000000e+00,1.148541212081909180e+00,4.201102256774902344e+00
0.000000000000000000e+00,0.000000000000000000e+00,0.000000000000000000e+00,2.343860387802124023e+00,7.856922149658203125e-01,0.000000000000000000e+00,1.584300041198730469e+00
1.424843192100524902e+00,0.000000000000000000e+00,2.352267503738403320e+00,0.000000000000000000e+00,0.000000000000000000e+00,3.714740037918090820e+00,1.651050090789794922e+00
0.000000000000000000e+00,0.000000000000000000e+00,0.000000000000000000e+00,1.314032196998596191e+00,0.000000000000000000e+00,2.461197972297668457e-01,5.251998901367187500e+00
0.000000000000000000e+00,0.000000000000000000e+00,0.000000000000000000e+00,3.380094528198242188e+00,3.753513097763061523e-03,0.000000000000000000e+00,4.094368934631347656e+00
0.000000000000000000e+00,0.000000000000000000e+00,0.000000000000000000e+00,5.687299966812133789e-01,6.762579679489135742e-01,4.667320251464843750e-01,1.417540788650512695e+00
0.000000000000000000e+00,0.000000000000000000e+00,0.000000000000000000e+00,1.328216791152954102e+00,2.658722877502441406e+00,0.000000000000000000e+00,0.000000000000000000e+00
0.000000000000000000e+00,0.000000000000000000e+00,0.000000000000000000e+00,1.492266893386840820e+00,1.832259893417358398e+00,0.000000000000000000e+00,4.507736563682556152e-01
0.000000000000000000e+00,0.000000000000000000e+00,0.000000000000000000e+00,1.501567006111145020e+00,2.179297685623168945e+00,0.000000000000000000e+00,0.000000000000000000e+00
0.000000000000000000e+00,0.000000000000000000e+00,0.000000000000000000e+00,8.118721246719360352e-01,0.000000000000000000e+00,4.747521877288818359e-02,3.004483222961425781e+00
0.000000000000000000e+00,0.000000000000000000e+00,0.000000000000000000e+00,2.060235023498535156e+00,0.000000000000000000e+00,0.000000000000000000e+00,3.700349330902099609e+00
0.000000000000000000e+00,0.000000000000000000e+00,0.000000000000000000e+00,3.742392778396606445e+00,2.671349763870239258e+00,0.000000000000000000e+00,7.649071812629699707e-01
0.000000000000000000e+00,0.000000000000000000e+00,0.000000000000000000e+00,1.339221715927124023e+00,2.898148000240325928e-01,0.000000000000000000e+00,3.043212175369262695e+00
0.000000000000000000e+00,0.000000000000000000e+00,0.000000000000000000e+00,8.376822471618652344e-01,1.724282622337341309e+00,0.000000000000000000e+00,3.963395953178405762e-03
0.000000000000000000e+00,0.000000000000000000e+00,0.000000000000000000e+00,2.943539619445800781e+00,2.385432243347167969e+00,0.000000000000000000e+00,0.000000000000000000e+00
0.000000000000000000e+00,0.000000000000000000e+00,0.000000000000000000e+00,3.949403762817382812e+00,1.925534963607788086e+00,0.000000000000000000e+00,1.909229993820190430e+00
0.000000000000000000e+00,0.000000000000000000e+00,0.000000000000000000e+00,1.356927752494812012e+00,2.363703489303588867e+00,0.000000000000000000e+00,0.000000000000000000e+00
0.000000000000000000e+00,0.000000000000000000e+00,0.000000000000000000e+00,2.688579320907592773e+00,2.840400695800781250e+00,0.000000000000000000e+00,9.724423289299011230e-03
0.000000000000000000e+00,0.000000000000000000e+00,0.000000000000000000e+00,9.119064807891845703e-01,2.185562372207641602e+00,0.000000000000000000e+00,1.430790871381759644e-01
0.000000000000000000e+00,0.000000000000000000e+00,0.000000000000000000e+00,2.935214281082153320e+00,2.672629356384277344e+00,0.000000000000000000e+00,0.000000000000000000e+00
0.000000000000000000e+00,0.000000000000000000e+00,0.000000000000000000e+00,0.000000000000000000e+00,0.000000000000000000e+00,3.923120975494384766e+00,0.000000000000000000e+00
0.000000000000000000e+00,0.000000000000000000e+00,0.000000000000000000e+00,9.036406874656677246e-02,0.000000000000000000e+00,1.524035453796386719e+00,1.864059090614318848e+00
0.000000000000000000e+00,0.000000000000000000e+00,0.000000000000000000e+00,2.830142021179199219e+00,2.654725313186645508e+00,0.000000000000000000e+00,0.000000000000000000e+00
0.000000000000000000e+00,0.000000000000000000e+00,0.000000000000000000e+00,0.000000000000000000e+00,0.000000000000000000e+00,1.645696878433227539e+00,1.586929559707641602e+00
0.000000000000000000e+00,0.000000000000000000e+00,2.075711488723754883e-01,3.508860766887664795e-01,0.000000000000000000e+00,1.047389268875122070e+00,4.859996318817138672e+00
0.000000000000000000e+00,0.000000000000000000e+00,0.000000000000000000e+00,1.965172529220581055e+00,2.592640817165374756e-01,0.000000000000000000e+00,3.448253154754638672e+00
0.000000000000000000e+00,0.000000000000000000e+00,0.000000000000000000e+00,2.635163784027099609e+00,2.617238759994506836e+00,0.000000000000000000e+00,2.173076122999191284e-01
0.000000000000000000e+00,0.000000000000000000e+00,0.000000000000000000e+00,8.972806930541992188e-01,2.261573553085327148e+00,0.000000000000000000e+00,0.000000000000000000e+00
0.000000000000000000e+00,0.000000000000000000e+00,0.000000000000000000e+00,1.481959700584411621e+00,2.371694803237915039e+00,0.000000000000000000e+00,0.000000000000000000e+00
0.000000000000000000e+00,0.000000000000000000e+00,0.000000000000000000e+00,2.501027584075927734e+00,2.206732749938964844e+00,0.000000000000000000e+00,0.000000000000000000e+00
0.000000000000000000e+00,0.000000000000000000e+00,0.000000000000000000e+00,0.000000000000000000e+00,8.163992166519165039e-01,1.652224063873291016e+00,0.000000000000000000e+00
0.000000000000000000e+00,0.000000000000000000e+00,0.000000000000000000e+00,3.720642924308776855e-01,1.011078000068664551e+00,9.304703474044799805e-01,5.001044273376464844e-01
0.000000000000000000e+00,0.000000000000000000e+00,0.000000000000000000e+00,2.232522964477539062e+00,1.875225663185119629e+00,0.000000000000000000e+00,4.124659895896911621e-01
0.000000000000000000e+00,0.000000000000000000e+00,1.533077955245971680e-01,0.000000000000000000e+00,0.000000000000000000e+00,3.517253637313842773e+00,1.130701303482055664e+00
0.000000000000000000e+00,0.000000000000000000e+00,0.000000000000000000e+00,0.000000000000000000e+00,0.000000000000000000e+00,2.150710105895996094e+00,2.033022403717041016e+00
0.000000000000000000e+00,0.000000000000000000e+00,0.000000000000000000e+00,2.264658689498901367e+00,2.396863937377929688e+00,0.000000000000000000e+00,0.000000000000000000e+00
0.000000000000000000e+00,0.000000000000000000e+00,0.000000000000000000e+00,2.837365388870239258e+00,1.865017056465148926e+00,0.000000000000000000e+00,1.041072010993957520e+00
0.000000000000000000e+00,0.000000000000000000e+00,0.000000000000000000e+00,0.000000000000000000e+00,0.000000000000000000e+00,3.596493482589721680e+00,8.783589303493499756e-02
0.000000000000000000e+00,0.000000000000000000e+00,2.300789207220077515e-02,0.000000000000000000e+00,0.000000000000000000e+00,4.648848056793212891e+00,1.897385567426681519e-01
0.000000000000000000e+00,0.000000000000000000e+00,0.000000000000000000e+00,2.159011840820312500e+00,2.456435203552246094e+00,0.000000000000000000e+00,0.000000000000000000e+00
0.000000000000000000e+00,0.000000000000000000e+00,0.000000000000000000e+00,0.000000000000000000e+00,0.000000000000000000e+00,3.216866970062255859e+00,0.000000000000000000e+00
0.000000000000000000e+00,0.000000000000000000e+00,0.000000000000000000e+00,0.000000000000000000e+00,0.000000000000000000e+00,2.042578458786010742e+00,1.662821054458618164e+00
0.000000000000000000e+00,0.000000000000000000e+00,0.000000000000000000e+00,2.365261077880859375e+00,2.421345949172973633e+00,0.000000000000000000e+00,0.000000000000000000e+00
0.000000000000000000e+00,0.000000000000000000e+00,0.000000000000000000e+00,0.000000000000000000e+00,0.000000000000000000e+00,4.543241500854492188e+00,1.238133758306503296e-01
0.000000000000000000e+00,0.000000000000000000e+00,0.000000000000000000e+00,3.479903340339660645e-01,0.000000000000000000e+00,1.674664735794067383e+00,2.248353242874145508e+00
0.000000000000000000e+00,0.000000000000000000e+00,0.000000000000000000e+00,0.000000000000000000e+00,0.000000000000000000e+00,2.888246297836303711e+00,6.660374402999877930e-01
0.000000000000000000e+00,0.000000000000000000e+00,4.983628690242767334e-01,0.000000000000000000e+00,0.000000000000000000e+00,4.187964916229248047e+00,7.077182531356811523e-01
8.239207416772842407e-02,0.000000000000000000e+00,6.194003224372863770e-01,0.000000000000000000e+00,0.000000000000000000e+00,3.622455835342407227e+00,1.156541556119918823e-01
0.000000000000000000e+00,0.000000000000000000e+00,1.701157689094543457e-01,6.141182184219360352e-01,0.000000000000000000e+00,9.129037857055664062e-01,4.426761150360107422e+00
0.000000000000000000e+00,0.000000000000000000e+00,7.177826762199401855e-01,0.000000000000000000e+00,0.000000000000000000e+00,1.875664710998535156e+00,3.096638441085815430e+00
3.486138582229614258e+00,0.000000000000000000e+00,3.425591707229614258e+00,0.000000000000000000e+00,0.000000000000000000e+00,2.748177766799926758e+00,1.254031777381896973e+00
3.592857122421264648e+00,0.000000000000000000e+00,2.320965528488159180e+00,0.000000000000000000e+00,0.000000000000000000e+00,0.000000000000000000e+00,2.306526154279708862e-01
3.765187740325927734e+00,0.000000000000000000e+00,2.283746957778930664e+00,0.000000000000000000e+00,0.000000000000000000e+00,0.000000000000000000e+00,0.000000000000000000e+00
3.798362016677856445e+00,0.000000000000000000e+00,2.296732187271118164e+00,0.000000000000000000e+00,0.000000000000000000e+00,0.000000000000000000e+00,0.000000000000000000e+00
3.899308443069458008e+00,0.000000000000000000e+00,2.320044517517089844e+00,0.000000000000000000e+00,0.000000000000000000e+00,0.000000000000000000e+00,0.000000000000000000e+00
3.785019636154174805e+00,0.000000000000000000e+00,2.768853902816772461e+00,0.000000000000000000e+00,0.000000000000000000e+00,3.465526700019836426e-01,0.000000000000000000e+00
4.018874168395996094e+00,0.000000000000000000e+00,3.722179651260375977e+00,0.000000000000000000e+00,0.000000000000000000e+00,2.527359962463378906e+00,1.049923658370971680e+00
4.269722461700439453e+00,0.000000000000000000e+00,4.522819042205810547e+00,0.000000000000000000e+00,0.000000000000000000e+00,3.523522615432739258e+00,1.370094776153564453e+00
4.074872493743896484e+00,0.000000000000000000e+00,2.475611686706542969e+00,0.000000000000000000e+00,0.000000000000000000e+00,0.000000000000000000e+00,0.000000000000000000e+00
4.121774673461914062e+00,0.000000000000000000e+00,2.510656595230102539e+00,0.000000000000000000e+00,0.000000000000000000e+00,0.000000000000000000e+00,0.000000000000000000e+00
4.082967758178710938e+00,0.000000000000000000e+00,2.440648078918457031e+00,0.000000000000000000e+00,0.000000000000000000e+00,0.000000000000000000e+00,0.000000000000000000e+00
4.106609821319580078e+00,0.000000000000000000e+00,2.459728717803955078e+00,0.000000000000000000e+00,0.000000000000000000e+00,0.000000000000000000e+00,0.000000000000000000e+00
4.095786571502685547e+00,0.000000000000000000e+00,2.445844173431396484e+00,0.000000000000000000e+00,0.000000000000000000e+00,0.000000000000000000e+00,0.000000000000000000e+00
4.415522575378417969e+00,0.000000000000000000e+00,2.503306627273559570e+00,0.000000000000000000e+00,0.000000000000000000e+00,0.000000000000000000e+00,5.626855492591857910e-01
4.834341049194335938e+00,0.000000000000000000e+00,4.258001804351806641e+00,0.000000000000000000e+00,0.000000000000000000e+00,2.683741331100463867e+00,1.598134040832519531e+00
0.000000000000000000e+00,0.000000000000000000e+00,0.000000000000000000e+00,1.880322098731994629e-01,9.004983901977539062e-01,9.518894553184509277e-01,0.000000000000000000e+00
0.000000000000000000e+00,0.000000000000000000e+00,0.000000000000000000e+00,8.938126564025878906e-01,2.307253837585449219e+00,0.000000000000000000e+00,0.000000000000000000e+00
0.000000000000000000e+00,0.000000000000000000e+00,0.000000000000000000e+00,2.996969699859619141e+00,2.932316303253173828e+00,0.000000000000000000e+00,0.000000000000000000e+00
0.000000000000000000e+00,0.000000000000000000e+00,0.000000000000000000e+00,1.023660659790039062e+00,2.217040777206420898e+00,0.000000000000000000e+00,0.000000000000000000e+00
0.000000000000000000e+00,0.000000000000000000e+00,0.000000000000000000e+00,9.547383785247802734e-01,1.949558854103088379e+00,0.000000000000000000e+00,2.370809763669967651e-01
0.000000000000000000e+00,0.000000000000000000e+00,0.000000000000000000e+00,3.211811780929565430e+00,2.838428735733032227e+00,0.000000000000000000e+00,0.000000000000000000e+00
0.000000000000000000e+00,0.000000000000000000e+00,0.000000000000000000e+00,6.441963911056518555e-01,3.382504582405090332e-01,2.946017980575561523e-01,2.256815433502197266e+00
0.000000000000000000e+00,0.000000000000000000e+00,0.000000000000000000e+00,0.000000000000000000e+00,0.000000000000000000e+00,4.180003643035888672e+00,5.956813693046569824e-03
0.000000000000000000e+00,0.000000000000000000e+00,0.000000000000000000e+00,2.768981933593750000e+00,2.290902614593505859e+00,0.000000000000000000e+00,5.971906781196594238e-01
0.000000000000000000e+00,0.000000000000000000e+00,0.000000000000000000e+00,1.718608140945434570e+00,2.433556556701660156e+00,0.000000000000000000e+00,0.000000000000000000e+00
0.000000000000000000e+00,0.000000000000000000e+00,1.780346930027008057e-01,0.000000000000000000e+00,0.000000000000000000e+00,2.236753225326538086e+00,2.854331731796264648e+00
4.068101644515991211e-01,0.000000000000000000e+00,1.367789268493652344e+00,0.000000000000000000e+00,0.000000000000000000e+00,4.205358505249023438e+00,1.230002284049987793e+00
0.000000000000000000e+00,0.000000000000000000e+00,0.000000000000000000e+00,2.908301115036010742e+00,2.294662714004516602e+00,0.000000000000000000e+00,1.756382435560226440e-01
0.000000000000000000e+00,0.000000000000000000e+00,0.000000000000000000e+00,4.166853129863739014e-01,1.413650751113891602e+00,1.266342878341674805e+00,0.000000000000000000e+00
0.000000000000000000e+00,0.000000000000000000e+00,0.000000000000000000e+00,0.000000000000000000e+00,0.000000000000000000e+00,2.464213609695434570e+00,8.256088495254516602e-01
0.000000000000000000e+00,0.000000000000000000e+00,0.000000000000000000e+00,0.000000000000000000e+00,0.000000000000000000e+00,3.540518045425415039e+00,1.270495504140853882e-01
0.000000000000000000e+00,0.000000000000000000e+00,0.000000000000000000e+00,0.000000000000000000e+00,7.653236389160156250e-02,3.259606122970581055e+00,0.000000000000000000e+00
0.000000000000000000e+00,0.000000000000000000e+00,0.000000000000000000e+00,2.636631488800048828e+00,2.905037403106689453e+00,0.000000000000000000e+00,0.000000000000000000e+00
0.000000000000000000e+00,0.000000000000000000e+00,0.000000000000000000e+00,2.178581237792968750e+00,2.712193727493286133e+00,0.000000000000000000e+00,0.000000000000000000e+00
0.000000000000000000e+00,0.000000000000000000e+00,0.000000000000000000e+00,9.815928936004638672e-01,1.778592348098754883e+00,0.000000000000000000e+00,3.125481009483337402e-01
0.000000000000000000e+00,0.000000000000000000e+00,0.000000000000000000e+00,0.000000000000000000e+00,0.000000000000000000e+00,4.379643440246582031e+00,8.815577030181884766e-01
0.000000000000000000e+00,0.000000000000000000e+00,0.000000000000000000e+00,4.085605621337890625e+00,3.332583904266357422e+00,0.000000000000000000e+00,4.309634864330291748e-02
0.000000000000000000e+00,0.000000000000000000e+00,0.000000000000000000e+00,9.174826145172119141e-01,2.022464275360107422e+00,0.000000000000000000e+00,1.165075749158859253e-01
0.000000000000000000e+00,0.000000000000000000e+00,0.000000000000000000e+00,2.094652414321899414e+00,2.262891769409179688e+00,0.000000000000000000e+00,0.000000000000000000e+00
0.000000000000000000e+00,0.000000000000000000e+00,0.000000000000000000e+00,0.000000000000000000e+00,0.000000000000000000e+00,1.838586568832397461e+00,3.609277963638305664e+00
0.000000000000000000e+00,0.000000000000000000e+00,0.000000000000000000e+00,2.448517978191375732e-01,0.000000000000000000e+00,1.744420528411865234e+00,3.790758371353149414e+00
0.000000000000000000e+00,0.000000000000000000e+00,0.000000000000000000e+00,3.078369140625000000e+00,2.491423130035400391e+00,0.000000000000000000e+00,0.000000000000000000e+00
0.000000000000000000e+00,0.000000000000000000e+00,0.000000000000000000e+00,0.000000000000000000e+00,0.000000000000000000e+00,3.368526458740234375e+00,0.000000000000000000e+00
0.000000000000000000e+00,0.000000000000000000e+00,0.000000000000000000e+00,0.000000000000000000e+00,7.152545452117919922e-01,2.244430780410766602e+00,0.000000000000000000e+00
0.000000000000000000e+00,0.000000000000000000e+00,0.000000000000000000e+00,0.000000000000000000e+00,0.000000000000000000e+00,4.087585449218750000e+00,4.407557249069213867e-01
0.000000000000000000e+00,0.000000000000000000e+00,0.000000000000000000e+00,2.017265319824218750e+00,2.133526325225830078e+00,0.000000000000000000e+00,0.000000000000000000e+00
0.000000000000000000e+00,0.000000000000000000e+00,0.000000000000000000e+00,0.000000000000000000e+00,1.053626179695129395e+00,1.766968965530395508e+00,0.000000000000000000e+00
0.000000000000000000e+00,0.000000000000000000e+00,3.845820724964141846e-01,0.000000000000000000e+00,0.000000000000000000e+00,3.082145452499389648e+00,7.100068032741546631e-02
0.000000000000000000e+00,0.000000000000000000e+00,0.000000000000000000e+00,0.000000000000000000e+00,1.971378624439239502e-01,3.165061235427856445e+00,0.000000000000000000e+00
0.000000000000000000e+00,0.000000000000000000e+00,4.130237996578216553e-01,0.000000000000000000e+00,0.000000000000000000e+00,4.523025035858154297e+00,0.000000000000000000e+00
0.000000000000000000e+00,0.000000000000000000e+00,0.000000000000000000e+00,0.000000000000000000e+00,0.000000000000000000e+00,3.645214080810546875e+00,1.215034574270248413e-01
0.000000000000000000e+00,0.000000000000000000e+00,0.000000000000000000e+00,1.991745233535766602e+00,2.103609323501586914e+00,0.000000000000000000e+00,0.000000000000000000e+00
0.000000000000000000e+00,0.000000000000000000e+00,0.000000000000000000e+00,5.857220888137817383e-01,1.246986150741577148e+00,3.916645944118499756e-01,4.679772257804870605e-01
0.000000000000000000e+00,0.000000000000000000e+00,0.000000000000000000e+00,3.263616323471069336e+00,2.875486373901367188e+00,0.000000000000000000e+00,0.000000000000000000e+00
0.000000000000000000e+00,0.000000000000000000e+00,0.000000000000000000e+00,0.000000000000000000e+00,0.000000000000000000e+00,3.676468133926391602e+00,0.000000000000000000e+00
0.000000000000000000e+00,0.000000000000000000e+00,0.000000000000000000e+00,0.000000000000000000e+00,0.000000000000000000e+00,4.465276241302490234e+00,0.000000000000000000e+00
0.000000000000000000e+00,0.000000000000000000e+00,0.000000000000000000e+00,3.162839651107788086e+00,1.634380221366882324e+00,0.000000000000000000e+00,1.126623749732971191e+00
0.000000000000000000e+00,0.000000000000000000e+00,1.889392733573913574e-04,0.000000000000000000e+00,0.000000000000000000e+00,4.141362190246582031e+00,6.141907572746276855e-01
0.000000000000000000e+00,0.000000000000000000e+00,2.018176913261413574e-01,0.000000000000000000e+00,0.000000000000000000e+00,4.137840747833251953e+00,1.226386308670043945e+00
0.000000000000000000e+00,0.000000000000000000e+00,0.000000000000000000e+00,2.331121921539306641e+00,2.276753425598144531e+00,0.000000000000000000e+00,0.000000000000000000e+00
0.000000000000000000e+00,0.000000000000000000e+00,0.000000000000000000e+00,0.000000000000000000e+00,0.000000000000000000e+00,2.984974622726440430e+00,0.000000000000000000e+00
0.000000000000000000e+00,0.000000000000000000e+00,0.000000000000000000e+00,0.000000000000000000e+00,0.000000000000000000e+00,4.215056896209716797e+00,1.165049523115158081e-01
0.000000000000000000e+00,0.000000000000000000e+00,0.000000000000000000e+00,1.100506544113159180e+00,1.693980813026428223e+00,2.632907629013061523e-01,0.000000000000000000e+00
0.000000000000000000e+00,0.000000000000000000e+00,7.615997195243835449e-01,0.000000000000000000e+00,0.000000000000000000e+00,3.880245923995971680e+00,6.074500679969787598e-01
2.854085266590118408e-01,0.000000000000000000e+00,1.172602176666259766e+00,0.000000000000000000e+00,0.000000000000000000e+00,4.110748767852783203e+00,6.094838976860046387e-01
6.526762843132019043e-01,0.000000000000000000e+00,1.498436212539672852e+00,0.000000000000000000e+00,0.000000000000000000e+00,2.146325111389160156e+00,2.366876840591430664e+00
3.693355560302734375e+00,0.000000000000000000e+00,4.074892044067382812e+00,0.000000000000000000e+00,0.000000000000000000e+00,3.487461328506469727e+00,1.282277822494506836e+00
3.343523740768432617e+00,0.000000000000000000e+00,3.399324655532836914e+00,0.000000000000000000e+00,0.000000000000000000e+00,2.726415634155273438e+00,2.327583283185958862e-01
3.726830244064331055e+00,0.000000000000000000e+00,2.235756635665893555e+00,0.000000000000000000e+00,0.000000000000000000e+00,0.000000000000000000e+00,0.000000000000000000e+00
3.727774381637573242e+00,0.000000000000000000e+00,2.245325565338134766e+00,0.000000000000000000e+00,0.000000000000000000e+00,0.000000000000000000e+00,0.000000000000000000e+00
3.743425846099853516e+00,0.000000000000000000e+00,2.270467281341552734e+00,0.000000000000000000e+00,0.000000000000000000e+00,0.000000000000000000e+00,0.000000000000000000e+00
3.719468832015991211e+00,0.000000000000000000e+00,2.245829820632934570e+00,0.000000000000000000e+00,0.000000000000000000e+00,0.000000000000000000e+00,0.000000000000000000e+00
4.074078559875488281e+00,0.000000000000000000e+00,3.602472782135009766e+00,0.000000000000000000e+00,0.000000000000000000e+00,2.227436780929565430e+00,1.148520231246948242e+00
