0.000000000000000000e+00,0.000000000000000000e+00,2.412526130676269531e+00,0.000000000000000000e+00,0.000000000000000000e+00,6.083152294158935547e+00,0.000000000000000000e+00
0.000000000000000000e+00,0.000000000000000000e+00,4.113308906555175781e+00,0.000000000000000000e+00,0.000000000000000000e+00,3.678849697113037109e+00,0.000000000000000000e+00
0.000000000000000000e+00,0.000000000000000000e+00,4.567633628845214844e+00,0.000000000000000000e+00,0.000000000000000000e+00,2.953392744064331055e+00,0.000000000000000000e+00
0.000000000000000000e+00,0.000000000000000000e+00,2.724626064300537109e+00,0.000000000000000000e+00,0.000000000000000000e+00,6.529591560363769531e+00,0.000000000000000000e+00
0.000000000000000000e+00,4.131975173950195312e+00,5.152937769889831543e-01,0.000000000000000000e+00,0.000000000000000000e+00,0.000000000000000000e+00,0.000000000000000000e+00
0.000000000000000000e+00,4.055845260620117188e+00,5.901577472686767578e-01,0.000000000000000000e+00,0.000000000000000000e+00,0.000000000000000000e+00,0.000000000000000000e+00
0.000000000000000000e+00,4.449968814849853516e+00,1.297488927841186523e+00,0.000000000000000000e+00,0.000000000000000000e+00,0.000000000000000000e+00,0.000000000000000000e+00
0.000000000000000000e+00,4.351100444793701172e+00,4.008392393589019775e-01,0.000000000000000000e+00,0.000000000000000000e+00,0.000000000000000000e+00,0.000000000000000000e+00
0.000000000000000000e+00,4.650215148925781250e+00,1.281058043241500854e-01,0.000000000000000000e+00,0.000000000000000000e+00,0.000000000000000000e+00,0.000000000000000000e+00
0.000000000000000000e+00,4.305013656616210938e+00,1.447722166776657104e-01,0.000000000000000000e+00,0.000000000000000000e+00,0.000000000000000000e+00,0.000000000000000000e+00
0.000000000000000000e+00,4.377981185913085938e+00,0.000000000000000000e+00,0.000000000000000000e+00,0.000000000000000000e+00,0.000000000000000000e+00,0.000000000000000000e+00
0.000000000000000000e+00,4.529922962188720703e+00,3.219267427921295166e-01,0.000000000000000000e+00,7.998083531856536865e-02,0.000000000000000000e+00,0.000000000000000000e+00
0.000000000000000000e+00,3.920684337615966797e+00,1.521085500717163086e+00,0.000000000000000000e+00,0.000000000000000000e+00,0.000000000000000000e+00,0.000000000000000000e+00
0.000000000000000000e+00,0.000000000000000000e+00,1.382705450057983398e+00,0.000000000000000000e+00,2.880729436874389648e+00,1.434302449226379395e+00,0.000000000000000000e+00
0.000000000000000000e+00,1.588950872421264648e+00,0.000000000000000000e+00,2.540606737136840820e+00,0.000000000000000000e+00,0.000000000000000000e+00,0.000000000000000000e+00
0.000000000000000000e+00,9.167906045913696289e-01,0.000000000000000000e+00,2.277212619781494141e+00,2.462300777435302734e+00,0.000000000000000000e+00,0.000000000000000000e+00
0.000000000000000000e+00,7.873487472534179688e-01,2.525127410888671875e+00,3.821060955524444580e-01,0.000000000000000000e+00,0.000000000000000000e+00,0.000000000000000000e+00
0.000000000000000000e+00,0.000000000000000000e+00,0.000000000000000000e+00,8.936829566955566406e-01,3.304390668869018555e+00,2.898401737213134766e+00,0.000000000000000000e+00
0.000000000000000000e+00,0.000000000000000000e+00,1.555132120847702026e-01,0.000000000000000000e+00,4.455077171325683594e+00,0.000000000000000000e+00,0.000000000000000000e+00
0.000000000000000000e+00,0.000000000000000000e+00,0.000000000000000000e+00,9.701951742172241211e-01,2.427403211593627930e+00,2.568837165832519531e+00,0.000000000000000000e+00
0.000000000000000000e+00,8.583742976188659668e-01,4.301054954528808594e+00,0.000000000000000000e+00,0.000000000000000000e+00,0.000000000000000000e+00,0.000000000000000000e+00
0.000000000000000000e+00,0.000000000000000000e+00,7.254865169525146484e+00,0.000000000000000000e+00,0.000000000000000000e+00,0.000000000000000000e+00,0.000000000000000000e+00
0.000000000000000000e+00,0.000000000000000000e+00,5.707467079162597656e+00,0.000000000000000000e+00,0.000000000000000000e+00,2.498487710952758789e+00,0.000000000000000000e+00
0.000000000000000000e+00,0.000000000000000000e+00,2.980826377868652344e+00,0.000000000000000000e+00,2.198843717575073242e+00,2.387747764587402344e+00,0.000000000000000000e+00
0.000000000000000000e+00,0.000000000000000000e+00,7.580971121788024902e-01,0.000000000000000000e+00,1.718064427375793457e+00,4.089734554290771484e+00,0.000000000000000000e+00
0.000000000000000000e+00,2.436895132064819336e+00,4.411087512969970703e+00,0.000000000000000000e+00,5.364124774932861328e+00,0.000000000000000000e+00,0.000000000000000000e+00
0.000000000000000000e+00,9.609125256538391113e-01,2.082018107175827026e-01,0.000000000000000000e+00,5.155574798583984375e+00,0.000000000000000000e+00,0.000000000000000000e+00
0.000000000000000000e+00,3.635518074035644531e+00,2.827721595764160156e+00,0.000000000000000000e+00,3.464122056961059570e+00,0.000000000000000000e+00,0.000000000000000000e+00
0.000000000000000000e+00,0.000000000000000000e+00,0.000000000000000000e+00,8.584897518157958984e-01,2.797160387039184570e+00,2.194380521774291992e+00,0.000000000000000000e+00
0.000000000000000000e+00,1.003661394119262695e+00,1.939154505729675293e+00,0.000000000000000000e+00,4.481434345245361328e+00,0.000000000000000000e+00,0.000000000000000000e+00
0.000000000000000000e+00,0.000000000000000000e+00,0.000000000000000000e+00,8.031501770019531250e-01,1.894620060920715332e+00,2.860800981521606445e+00,0.000000000000000000e+00
0.000000000000000000e+00,0.000000000000000000e+00,2.456530570983886719e+00,0.000000000000000000e+00,1.103796809911727905e-01,3.310960233211517334e-01,0.000000000000000000e+00
0.000000000000000000e+00,0.000000000000000000e+00,0.000000000000000000e+00,1.530933082103729248e-01,1.961737155914306641e+00,3.021291017532348633e+00,0.000000000000000000e+00
0.000000000000000000e+00,0.000000000000000000e+00,1.750686883926391602e+00,2.170682847499847412e-01,1.185307353734970093e-01,4.269754588603973389e-01,0.000000000000000000e+00
0.000000000000000000e+00,0.000000000000000000e+00,1.021079540252685547e+00,7.092266082763671875e-01,0.000000000000000000e+00,3.161239385604858398e+00,0.000000000000000000e+00
0.000000000000000000e+00,0.000000000000000000e+00,2.289874792098999023e+00,0.000000000000000000e+00,6.032153367996215820e-01,6.213690757751464844e+00,1.671437621116638184e-01
0.000000000000000000e+00,1.248307585716247559e+00,2.443042516708374023e+00,0.000000000000000000e+00,5.278844356536865234e+00,0.000000000000000000e+00,0.000000000000000000e+00
0.000000000000000000e+00,0.000000000000000000e+00,4.023013591766357422e+00,0.000000000000000000e+00,0.000000000000000000e+00,9.657474756240844727e-01,0.000000000000000000e+00
0.000000000000000000e+00,0.000000000000000000e+00,5.357411384582519531e+00,0.000000000000000000e+00,0.000000000000000000e+00,0.000000000000000000e+00,0.000000000000000000e+00
0.000000000000000000e+00,0.000000000000000000e+00,2.319608449935913086e+00,0.000000000000000000e+00,0.000000000000000000e+00,1.872777581214904785e+00,0.000000000000000000e+00
0.000000000000000000e+00,0.000000000000000000e+00,2.436190128326416016e+00,0.000000000000000000e+00,2.780535459518432617e+00,1.262344479560852051e+00,0.000000000000000000e+00
0.000000000000000000e+00,0.000000000000000000e+00,0.000000000000000000e+00,1.968080699443817139e-01,2.182499408721923828e+00,2.862538576126098633e+00,0.000000000000000000e+00
0.000000000000000000e+00,2.371800243854522705e-01,2.125434875488281250e+00,0.000000000000000000e+00,4.050262928009033203e+00,0.000000000000000000e+00,0.000000000000000000e+00
0.000000000000000000e+00,0.000000000000000000e+00,3.860610008239746094e+00,0.000000000000000000e+00,0.000000000000000000e+00,1.921049058437347412e-01,0.000000000000000000e+00
0.000000000000000000e+00,0.000000000000000000e+00,1.913669466972351074e+00,0.000000000000000000e+00,2.686655521392822266e+00,4.862500131130218506e-01,0.000000000000000000e+00
0.000000000000000000e+00,0.000000000000000000e+00,3.978116512298583984e+00,0.000000000000000000e+00,2.778451681137084961e+00,0.000000000000000000e+00,0.000000000000000000e+00
0.000000000000000000e+00,0.000000000000000000e+00,6.135099530220031738e-01,0.000000000000000000e+00,3.131498813629150391e+00,2.261844158172607422e+00,0.000000000000000000e+00
0.000000000000000000e+00,0.000000000000000000e+00,2.905292034149169922e+00,0.000000000000000000e+00,9.152677059173583984e-01,1.835788965225219727e+00,0.000000000000000000e+00
0.000000000000000000e+00,0.000000000000000000e+00,0.000000000000000000e+00,9.383603930473327637e-02,1.153464436531066895e+00,2.858425855636596680e+00,0.000000000000000000e+00
0.000000000000000000e+00,0.000000000000000000e+00,4.649984359741210938e+00,0.000000000000000000e+00,0.000000000000000000e+00,1.409383714199066162e-01,0.000000000000000000e+00
0.000000000000000000e+00,7.031474262475967407e-03,0.000000000000000000e+00,3.365588188171386719e+00,0.000000000000000000e+00,0.000000000000000000e+00,0.000000000000000000e+00
0.000000000000000000e+00,0.000000000000000000e+00,3.298054933547973633e+00,0.000000000000000000e+00,2.608298063278198242e-01,0.000000000000000000e+00,0.000000000000000000e+00
0.000000000000000000e+00,8.193690180778503418e-01,2.240702629089355469e+00,4.076895117759704590e-02,3.388692736625671387e-01,0.000000000000000000e+00,0.000000000000000000e+00
0.000000000000000000e+00,0.000000000000000000e+00,2.370808601379394531e+00,0.000000000000000000e+00,2.000960111618041992e+00,0.000000000000000000e+00,0.000000000000000000e+00
0.000000000000000000e+00,0.000000000000000000e+00,2.307170391082763672e+00,1.322943329811096191e+00,0.000000000000000000e+00,1.505132794380187988e+00,0.000000000000000000e+00
0.000000000000000000e+00,4.091084003448486328e-01,0.000000000000000000e+00,3.410944461822509766e+00,1.369683504104614258e+00,0.000000000000000000e+00,0.000000000000000000e+00
0.000000000000000000e+00,1.733730673789978027e+00,2.937254428863525391e+00,2.749874591827392578e-01,0.000000000000000000e+00,0.000000000000000000e+00,0.000000000000000000e+00
0.000000000000000000e+00,3.861332893371582031e+00,0.000000000000000000e+00,1.601628959178924561e-01,0.000000000000000000e+00,0.000000000000000000e+00,0.000000000000000000e+00
0.000000000000000000e+00,0.000000000000000000e+00,1.871026873588562012e+00,2.637796878814697266e+00,0.000000000000000000e+00,1.637141108512878418e+00,0.000000000000000000e+00
0.000000000000000000e+00,0.000000000000000000e+00,0.000000000000000000e+00,4.263697147369384766e+00,2.466011941432952881e-01,5.281126499176025391e-01,0.000000000000000000e+00
0.000000000000000000e+00,0.000000000000000000e+00,3.297009468078613281e+00,0.000000000000000000e+00,1.740869045257568359e+00,1.995064020156860352e+00,0.000000000000000000e+00
0.000000000000000000e+00,0.000000000000000000e+00,1.552219986915588379e+00,1.913162708282470703e+00,2.120596021413803101e-01,2.437574148178100586e+00,0.000000000000000000e+00
0.000000000000000000e+00,1.276801347732543945e+00,4.057430744171142578e+00,1.373192071914672852e-01,0.000000000000000000e+00,0.000000000000000000e+00,0.000000000000000000e+00
0.000000000000000000e+00,0.000000000000000000e+00,0.000000000000000000e+00,3.340492010116577148e+00,0.000000000000000000e+00,0.000000000000000000e+00,0.000000000000000000e+00
0.000000000000000000e+00,7.293217182159423828e-01,3.490928411483764648e+00,0.000000000000000000e+00,0.000000000000000000e+00,0.000000000000000000e+00,0.000000000000000000e+00
0.000000000000000000e+00,0.000000000000000000e+00,1.773149222135543823e-01,5.908211469650268555e-01,0.000000000000000000e+00,3.200598955154418945e+00,0.000000000000000000e+00
0.000000000000000000e+00,1.422492861747741699e+00,2.498561590909957886e-01,0.000000000000000000e+00,5.037233352661132812e+00,0.000000000000000000e+00,0.000000000000000000e+00
0.000000000000000000e+00,5.747590065002441406e-01,3.661550998687744141e+00,1.003515362739562988e+00,0.000000000000000000e+00,0.000000000000000000e+00,0.000000000000000000e+00
0.000000000000000000e+00,2.292826890945434570e+00,0.000000000000000000e+00,2.262333393096923828e+00,0.000000000000000000e+00,0.000000000000000000e+00,0.000000000000000000e+00
0.000000000000000000e+00,0.000000000000000000e+00,0.000000000000000000e+00,3.504466533660888672e+00,0.000000000000000000e+00,0.000000000000000000e+00,0.000000000000000000e+00
0.000000000000000000e+00,3.933821022510528564e-01,0.000000000000000000e+00,4.100724220275878906e+00,0.000000000000000000e+00,0.000000000000000000e+00,0.000000000000000000e+00
0.000000000000000000e+00,1.726371049880981445e+00,0.000000000000000000e+00,1.291195392608642578e+00,4.770259857177734375e+00,0.000000000000000000e+00,0.000000000000000000e+00
0.000000000000000000e+00,3.037734925746917725e-01,0.000000000000000000e+00,4.221602916717529297e+00,0.000000000000000000e+00,0.000000000000000000e+00,0.000000000000000000e+00
0.000000000000000000e+00,0.000000000000000000e+00,3.858098745346069336e+00,0.000000000000000000e+00,1.442299962043762207e+00,4.413844048976898193e-01,0.000000000000000000e+00
0.000000000000000000e+00,9.956194758415222168e-01,0.000000000000000000e+00,1.717812716960906982e-01,3.843547105789184570e+00,0.000000000000000000e+00,0.000000000000000000e+00
0.000000000000000000e+00,2.657664060592651367e+00,3.334166526794433594e+00,0.000000000000000000e+00,4.105679512023925781e+00,0.000000000000000000e+00,0.000000000000000000e+00
0.000000000000000000e+00,0.000000000000000000e+00,0.000000000000000000e+00,4.259869575500488281e+00,0.000000000000000000e+00,0.000000000000000000e+00,0.000000000000000000e+00
0.000000000000000000e+00,8.468278646469116211e-01,3.506541967391967773e+00,3.991106152534484863e-01,0.000000000000000000e+00,0.000000000000000000e+00,0.000000000000000000e+00
0.000000000000000000e+00,3.236498594284057617e+00,0.000000000000000000e+00,1.038268208503723145e+00,0.000000000000000000e+00,0.000000000000000000e+00,0.000000000000000000e+00
0.000000000000000000e+00,1.171926856040954590e+00,3.887288093566894531e+00,4.399183988571166992e-01,0.000000000000000000e+00,0.000000000000000000e+00,0.000000000000000000e+00
0.000000000000000000e+00,1.904144525527954102e+00,0.000000000000000000e+00,1.980768322944641113e+00,0.000000000000000000e+00,0.000000000000000000e+00,0.000000000000000000e+00
0.000000000000000000e+00,1.085054636001586914e+00,3.962758541107177734e+00,3.856448829174041748e-01,0.000000000000000000e+00,0.000000000000000000e+00,0.000000000000000000e+00
1.231355667114257812e-01,3.278007268905639648e+00,0.000000000000000000e+00,1.027365922927856445e+00,0.000000000000000000e+00,0.000000000000000000e+00,0.000000000000000000e+00
0.000000000000000000e+00,9.587313532829284668e-01,1.360076069831848145e+00,1.711912155151367188e+00,0.000000000000000000e+00,0.000000000000000000e+00,0.000000000000000000e+00
0.000000000000000000e+00,2.600510835647583008e+00,0.000000000000000000e+00,2.910792589187622070e+00,0.000000000000000000e+00,0.000000000000000000e+00,0.000000000000000000e+00
0.000000000000000000e+00,3.620718240737915039e+00,2.326323747634887695e+00,0.000000000000000000e+00,0.000000000000000000e+00,0.000000000000000000e+00,0.000000000000000000e+00
0.000000000000000000e+00,4.208318233489990234e+00,0.000000000000000000e+00,0.000000000000000000e+00,0.000000000000000000e+00,0.000000000000000000e+00,0.000000000000000000e+00
0.000000000000000000e+00,4.413833141326904297e+00,3.396920263767242432e-01,0.000000000000000000e+00,0.000000000000000000e+00,0.000000000000000000e+00,0.000000000000000000e+00
0.000000000000000000e+00,4.345782279968261719e+00,1.720171421766281128e-01,0.000000000000000000e+00,0.000000000000000000e+00,0.000000000000000000e+00,0.000000000000000000e+00
0.000000000000000000e+00,4.458828449249267578e+00,0.000000000000000000e+00,0.000000000000000000e+00,0.000000000000000000e+00,0.000000000000000000e+00,0.000000000000000000e+00
0.000000000000000000e+00,4.326306819915771484e+00,1.311941593885421753e-01,0.000000000000000000e+00,0.000000000000000000e+00,0.000000000000000000e+00,0.000000000000000000e+00
0.000000000000000000e+00,4.605415344238281250e+00,2.299920767545700073e-01,0.000000000000000000e+00,4.058911204338073730e-01,0.000000000000000000e+00,0.000000000000000000e+00
0.000000000000000000e+00,4.630002498626708984e+00,3.632146418094635010e-01,0.000000000000000000e+00,8.746668100357055664e-01,0.000000000000000000e+00,0.000000000000000000e+00
0.000000000000000000e+00,4.498075485229492188e+00,0.000000000000000000e+00,0.000000000000000000e+00,0.000000000000000000e+00,0.000000000000000000e+00,0.000000000000000000e+00
0.000000000000000000e+00,4.244227409362792969e+00,1.704462170600891113e+00,0.000000000000000000e+00,0.000000000000000000e+00,0.000000000000000000e+00,0.000000000000000000e+00
0.000000000000000000e+00,0.000000000000000000e+00,4.964643955230712891e+00,0.000000000000000000e+00,0.000000000000000000e+00,3.108758211135864258e+00,0.000000000000000000e+00
0.000000000000000000e+00,0.000000000000000000e+00,4.496255397796630859e+00,0.000000000000000000e+00,0.000000000000000000e+00,3.487860679626464844e+00,0.000000000000000000e+00
0.000000000000000000e+00,9.689507484436035156e-01,6.038215160369873047e+00,0.000000000000000000e+00,0.000000000000000000e+00,0.000000000000000000e+00,0.000000000000000000e+00
1.796514689922332764e-01,4.732417106628417969e+00,0.000000000000000000e+00,0.000000000000000000e+00,0.000000000000000000e+00,0.000000000000000000e+00,0.000000000000000000e+00
0.000000000000000000e+00,4.470029354095458984e+00,0.000000000000000000e+00,0.000000000000000000e+00,0.000000000000000000e+00,0.000000000000000000e+00,0.000000000000000000e+00
0.000000000000000000e+00,4.946146011352539062e+00,8.295290172100067139e-02,0.000000000000000000e+00,0.000000000000000000e+00,0.000000000000000000e+00,0.000000000000000000e+00
0.000000000000000000e+00,4.512852668762207031e+00,0.000000000000000000e+00,0.000000000000000000e+00,0.000000000000000000e+00,0.000000000000000000e+00,0.000000000000000000e+00
0.000000000000000000e+00,4.344089508056640625e+00,8.112601935863494873e-04,0.000000000000000000e+00,0.000000000000000000e+00,0.000000000000000000e+00,0.000000000000000000e+00
0.000000000000000000e+00,4.301228046417236328e+00,0.000000000000000000e+00,0.000000000000000000e+00,0.000000000000000000e+00,0.000000000000000000e+00,0.000000000000000000e+00
0.000000000000000000e+00,4.307628631591796875e+00,0.000000000000000000e+00,0.000000000000000000e+00,0.000000000000000000e+00,0.000000000000000000e+00,0.000000000000000000e+00
0.000000000000000000e+00,4.653470993041992188e+00,0.000000000000000000e+00,0.000000000000000000e+00,0.000000000000000000e+00,0.000000000000000000e+00,0.000000000000000000e+00
0.000000000000000000e+00,4.271080970764160156e+00,0.000000000000000000e+00,0.000000000000000000e+00,0.000000000000000000e+00,0.000000000000000000e+00,0.000000000000000000e+00
0.000000000000000000e+00,4.190432548522949219e+00,0.000000000000000000e+00,0.000000000000000000e+00,0.000000000000000000e+00,0.000000000000000000e+00,0.000000000000000000e+00
1.297473907470703125e-01,3.602180719375610352e+00,0.000000000000000000e+00,2.270480692386627197e-01,0.000000000000000000e+00,0.000000000000000000e+00,0.000000000000000000e+00
0.000000000000000000e+00,0.000000000000000000e+00,3.742150306701660156e+00,0.000000000000000000e+00,0.000000000000000000e+00,2.436333179473876953e+00,0.000000000000000000e+00
0.000000000000000000e+00,0.000000000000000000e+00,1.990263104438781738e+00,1.723211526870727539e+00,0.000000000000000000e+00,3.055996656417846680e+00,0.000000000000000000e+00
0.000000000000000000e+00,0.000000000000000000e+00,3.051001548767089844e+00,9.982439875602722168e-02,0.000000000000000000e+00,0.000000000000000000e+00,0.000000000000000000e+00
0.000000000000000000e+00,0.000000000000000000e+00,0.000000000000000000e+00,0.000000000000000000e+00,5.314155101776123047e+00,2.100982904434204102e+00,0.000000000000000000e+00
0.000000000000000000e+00,0.000000000000000000e+00,0.000000000000000000e+00,0.000000000000000000e+00,4.774241447448730469e+00,4.636268615722656250e-01,0.000000000000000000e+00
0.000000000000000000e+00,2.750669240951538086e+00,2.778953552246093750e+00,0.000000000000000000e+00,2.441866874694824219e+00,0.000000000000000000e+00,0.000000000000000000e+00
0.000000000000000000e+00,0.000000000000000000e+00,0.000000000000000000e+00,3.143136978149414062e+00,6.284974217414855957e-01,9.609977006912231445e-01,0.000000000000000000e+00
0.000000000000000000e+00,0.000000000000000000e+00,0.000000000000000000e+00,6.044021844863891602e-01,3.353373765945434570e+00,3.692820310592651367e+00,0.000000000000000000e+00
0.000000000000000000e+00,0.000000000000000000e+00,7.693259418010711670e-02,3.980764389038085938e+00,0.000000000000000000e+00,1.409590840339660645e+00,0.000000000000000000e+00
0.000000000000000000e+00,0.000000000000000000e+00,3.302865743637084961e+00,0.000000000000000000e+00,2.293745279312133789e+00,5.713798522949218750e+00,0.000000000000000000e+00
0.000000000000000000e+00,0.000000000000000000e+00,1.542355895042419434e+00,0.000000000000000000e+00,9.412060678005218506e-02,1.867686748504638672e+00,0.000000000000000000e+00
0.000000000000000000e+00,2.376288473606109619e-01,2.823189795017242432e-01,0.000000000000000000e+00,4.456759452819824219e+00,0.000000000000000000e+00,0.000000000000000000e+00
0.000000000000000000e+00,0.000000000000000000e+00,0.000000000000000000e+00,1.492384314537048340e+00,3.804463148117065430e+00,3.331964254379272461e+00,0.000000000000000000e+00
0.000000000000000000e+00,0.000000000000000000e+00,0.000000000000000000e+00,2.916843175888061523e+00,2.666232585906982422e-01,9.389799833297729492e-01,0.000000000000000000e+00
0.000000000000000000e+00,0.000000000000000000e+00,0.000000000000000000e+00,5.449256300926208496e-02,2.700870752334594727e+00,1.814114689826965332e+00,0.000000000000000000e+00
0.000000000000000000e+00,0.000000000000000000e+00,6.663995385169982910e-01,0.000000000000000000e+00,3.361512422561645508e+00,1.542979359626770020e+00,0.000000000000000000e+00
0.000000000000000000e+00,1.415895342826843262e+00,5.026677250862121582e-01,0.000000000000000000e+00,4.518251895904541016e+00,0.000000000000000000e+00,0.000000000000000000e+00
0.000000000000000000e+00,0.000000000000000000e+00,7.194985747337341309e-01,0.000000000000000000e+00,3.180734872817993164e+00,0.000000000000000000e+00,0.000000000000000000e+00
0.000000000000000000e+00,0.000000000000000000e+00,0.000000000000000000e+00,0.000000000000000000e+00,4.427965641021728516e+00,1.537577390670776367e+00,0.000000000000000000e+00
0.000000000000000000e+00,0.000000000000000000e+00,0.000000000000000000e+00,3.961131274700164795e-01,2.435292959213256836e+00,4.189234256744384766e+00,0.000000000000000000e+00
0.000000000000000000e+00,0.000000000000000000e+00,2.846411705017089844e+00,0.000000000000000000e+00,1.614129543304443359e+00,3.332530975341796875e+00,0.000000000000000000e+00
0.000000000000000000e+00,0.000000000000000000e+00,3.479474544525146484e+00,0.000000000000000000e+00,3.459067821502685547e+00,3.638654947280883789e+00,0.000000000000000000e+00
0.000000000000000000e+00,8.484605550765991211e-01,0.000000000000000000e+00,7.152810096740722656e-01,3.476117849349975586e+00,0.000000000000000000e+00,0.000000000000000000e+00
0.000000000000000000e+00,3.699494898319244385e-01,3.921774387359619141e+00,1.656607389450073242e-01,0.000000000000000000e+00,0.000000000000000000e+00,0.000000000000000000e+00
0.000000000000000000e+00,0.000000000000000000e+00,1.475065797567367554e-01,2.394552946090698242e+00,0.000000000000000000e+00,0.000000000000000000e+00,0.000000000000000000e+00
0.000000000000000000e+00,0.000000000000000000e+00,0.000000000000000000e+00,5.998190641403198242e-01,3.358196020126342773e+00,2.959217309951782227e+00,0.000000000000000000e+00
0.000000000000000000e+00,0.000000000000000000e+00,0.000000000000000000e+00,3.612779080867767334e-01,2.084300279617309570e+00,3.432384490966796875e+00,0.000000000000000000e+00
0.000000000000000000e+00,0.000000000000000000e+00,0.000000000000000000e+00,1.221852004528045654e-01,3.734240770339965820e+00,0.000000000000000000e+00,0.000000000000000000e+00
0.000000000000000000e+00,0.000000000000000000e+00,8.041746616363525391e-01,5.921970605850219727e-01,1.432442784309387207e+00,6.133153438568115234e-01,0.000000000000000000e+00
0.000000000000000000e+00,0.000000000000000000e+00,0.000000000000000000e+00,6.540616750717163086e-01,3.201279163360595703e+00,2.589020967483520508e+00,0.000000000000000000e+00
0.000000000000000000e+00,0.000000000000000000e+00,0.000000000000000000e+00,7.832646369934082031e-01,4.171660423278808594e+00,2.846525669097900391e+00,0.000000000000000000e+00
0.000000000000000000e+00,0.000000000000000000e+00,3.733935654163360596e-01,0.000000000000000000e+00,3.606771945953369141e+00,2.760879039764404297e+00,0.000000000000000000e+00
0.000000000000000000e+00,0.000000000000000000e+00,3.146600961685180664e+00,0.000000000000000000e+00,1.493965268135070801e+00,3.292529106140136719e+00,0.000000000000000000e+00
0.000000000000000000e+00,2.514936029911041260e-01,0.000000000000000000e+00,4.034193992614746094e+00,0.000000000000000000e+00,0.000000000000000000e+00,0.000000000000000000e+00
0.000000000000000000e+00,0.000000000000000000e+00,0.000000000000000000e+00,4.573063850402832031e+00,0.000000000000000000e+00,0.000000000000000000e+00,0.000000000000000000e+00
0.000000000000000000e+00,0.000000000000000000e+00,0.000000000000000000e+00,3.298717975616455078e+00,1.302752852439880371e+00,0.000000000000000000e+00,0.000000000000000000e+00
0.000000000000000000e+00,4.229955971240997314e-01,0.000000000000000000e+00,2.986804008483886719e+00,0.000000000000000000e+00,0.000000000000000000e+00,0.000000000000000000e+00
0.000000000000000000e+00,0.000000000000000000e+00,0.000000000000000000e+00,3.171346426010131836e+00,0.000000000000000000e+00,7.103831171989440918e-01,0.000000000000000000e+00
0.000000000000000000e+00,6.635121107101440430e-01,1.582758903503417969e+00,0.000000000000000000e+00,2.112416505813598633e+00,0.000000000000000000e+00,0.000000000000000000e+00
0.000000000000000000e+00,0.000000000000000000e+00,6.833646297454833984e-01,1.329900383949279785e+00,0.000000000000000000e+00,1.680927157402038574e+00,0.000000000000000000e+00
0.000000000000000000e+00,0.000000000000000000e+00,1.762424945831298828e+00,1.277450561523437500e+00,0.000000000000000000e+00,1.898419857025146484e+00,0.000000000000000000e+00
0.000000000000000000e+00,0.000000000000000000e+00,0.000000000000000000e+00,8.569800853729248047e-01,3.999117136001586914e+00,3.670635700225830078e+00,0.000000000000000000e+00
0.000000000000000000e+00,0.000000000000000000e+00,0.000000000000000000e+00,3.196009993553161621e-02,4.410600662231445312e+00,2.251689672470092773e+00,0.000000000000000000e+00
0.000000000000000000e+00,0.000000000000000000e+00,2.318377494812011719e+00,0.000000000000000000e+00,1.237703084945678711e+00,2.427980661392211914e+00,0.000000000000000000e+00
0.000000000000000000e+00,0.000000000000000000e+00,0.000000000000000000e+00,0.000000000000000000e+00,4.643083095550537109e+00,0.000000000000000000e+00,0.000000000000000000e+00
0.000000000000000000e+00,0.000000000000000000e+00,1.705789446830749512e+00,4.253410995006561279e-01,0.000000000000000000e+00,2.673598766326904297e+00,0.000000000000000000e+00
0.000000000000000000e+00,0.000000000000000000e+00,0.000000000000000000e+00,0.000000000000000000e+00,3.391500949859619141e+00,9.419664740562438965e-02,0.000000000000000000e+00
0.000000000000000000e+00,0.000000000000000000e+00,2.042809247970581055e+00,1.100978732109069824e+00,0.000000000000000000e+00,3.334984481334686279e-01,0.000000000000000000e+00
0.000000000000000000e+00,1.057206869125366211e+00,0.000000000000000000e+00,3.553158044815063477e+00,0.000000000000000000e+00,0.000000000000000000e+00,0.000000000000000000e+00
0.000000000000000000e+00,0.000000000000000000e+00,0.000000000000000000e+00,1.072220444679260254e+00,2.413541793823242188e+00,2.636868715286254883e+00,0.000000000000000000e+00
0.000000000000000000e+00,1.437477707862854004e+00,0.000000000000000000e+00,2.400686025619506836e+00,0.000000000000000000e+00,0.000000000000000000e+00,0.000000000000000000e+00
0.000000000000000000e+00,0.000000000000000000e+00,0.000000000000000000e+00,3.807311773300170898e+00,5.023847222328186035e-01,1.427648186683654785e+00,0.000000000000000000e+00
0.000000000000000000e+00,0.000000000000000000e+00,0.000000000000000000e+00,4.365123271942138672e+00,1.794638514518737793e+00,1.293625712394714355e+00,0.000000000000000000e+00
0.000000000000000000e+00,0.000000000000000000e+00,0.000000000000000000e+00,3.182359218597412109e+00,3.392193555831909180e+00,2.124259948730468750e+00,0.000000000000000000e+00
0.000000000000000000e+00,0.000000000000000000e+00,0.000000000000000000e+00,3.128130912780761719e+00,2.737551212310791016e+00,2.621527433395385742e+00,0.000000000000000000e+00
0.000000000000000000e+00,0.000000000000000000e+00,8.129617571830749512e-01,0.000000000000000000e+00,4.298143863677978516e+00,0.000000000000000000e+00,0.000000000000000000e+00
0.000000000000000000e+00,0.000000000000000000e+00,0.000000000000000000e+00,4.970299899578094482e-01,4.143639087677001953e+00,1.868152856826782227e+00,0.000000000000000000e+00
0.000000000000000000e+00,8.818241953849792480e-02,0.000000000000000000e+00,0.000000000000000000e+00,5.940639019012451172e+00,0.000000000000000000e+00,0.000000000000000000e+00
0.000000000000000000e+00,0.000000000000000000e+00,0.000000000000000000e+00,0.000000000000000000e+00,3.960913181304931641e+00,1.641421079635620117e+00,0.000000000000000000e+00
0.000000000000000000e+00,0.000000000000000000e+00,0.000000000000000000e+00,1.660646796226501465e+00,3.785580873489379883e+00,6.063257455825805664e-01,0.000000000000000000e+00
0.000000000000000000e+00,0.000000000000000000e+00,0.000000000000000000e+00,3.265111207962036133e+00,1.292382836341857910e+00,1.250031441450119019e-01,0.000000000000000000e+00
0.000000000000000000e+00,0.000000000000000000e+00,0.000000000000000000e+00,4.172932147979736328e+00,0.000000000000000000e+00,0.000000000000000000e+00,0.000000000000000000e+00
0.000000000000000000e+00,1.164425909519195557e-01,0.000000000000000000e+00,4.398791790008544922e+00,0.000000000000000000e+00,0.000000000000000000e+00,0.000000000000000000e+00
0.000000000000000000e+00,2.817836999893188477e+00,0.000000000000000000e+00,1.240207791328430176e+00,1.849923849105834961e+00,0.000000000000000000e+00,0.000000000000000000e+00
0.000000000000000000e+00,4.046878814697265625e+00,0.000000000000000000e+00,0.000000000000000000e+00,0.000000000000000000e+00,0.000000000000000000e+00,0.000000000000000000e+00
9.579372406005859375e-02,4.572851181030273438e+00,0.000000000000000000e+00,0.000000000000000000e+00,0.000000000000000000e+00,0.000000000000000000e+00,0.000000000000000000e+00
0.000000000000000000e+00,4.457276344299316406e+00,0.000000000000000000e+00,0.000000000000000000e+00,0.000000000000000000e+00,0.000000000000000000e+00,0.000000000000000000e+00
0.000000000000000000e+00,4.456596851348876953e+00,0.000000000000000000e+00,0.000000000000000000e+00,0.000000000000000000e+00,0.000000000000000000e+00,0.000000000000000000e+00
1.509288400411605835e-01,4.173099517822265625e+00,0.000000000000000000e+00,0.000000000000000000e+00,0.000000000000000000e+00,0.000000000000000000e+00,0.000000000000000000e+00
8.696410059928894043e-02,4.327901840209960938e+00,0.000000000000000000e+00,0.000000000000000000e+00,0.000000000000000000e+00,0.000000000000000000e+00,0.000000000000000000e+00
0.000000000000000000e+00,4.566826820373535156e+00,0.000000000000000000e+00,0.000000000000000000e+00,0.000000000000000000e+00,0.000000000000000000e+00,0.000000000000000000e+00
0.000000000000000000e+00,4.450617790222167969e+00,0.000000000000000000e+00,0.000000000000000000e+00,0.000000000000000000e+00,0.000000000000000000e+00,0.000000000000000000e+00
0.000000000000000000e+00,4.399553298950195312e+00,0.000000000000000000e+00,0.000000000000000000e+00,0.000000000000000000e+00,0.000000000000000000e+00,0.000000000000000000e+00
0.000000000000000000e+00,0.000000000000000000e+00,5.349697113037109375e+00,0.000000000000000000e+00,0.000000000000000000e+00,4.031416893005371094e+00,0.000000000000000000e+00
0.000000000000000000e+00,0.000000000000000000e+00,4.183983802795410156e+00,0.000000000000000000e+00,0.000000000000000000e+00,5.703178405761718750e+00,0.000000000000000000e+00
0.000000000000000000e+00,1.755063235759735107e-01,6.074352264404296875e+00,0.000000000000000000e+00,0.000000000000000000e+00,0.000000000000000000e+00,0.000000000000000000e+00
0.000000000000000000e+00,4.705281257629394531e+00,0.000000000000000000e+00,0.000000000000000000e+00,0.000000000000000000e+00,0.000000000000000000e+00,0.000000000000000000e+00
8.923700451850891113e-02,4.536237239837646484e+00,0.000000000000000000e+00,0.000000000000000000e+00,0.000000000000000000e+00,0.000000000000000000e+00,0.000000000000000000e+00
1.510321199893951416e-01,4.388354301452636719e+00,0.000000000000000000e+00,0.000000000000000000e+00,0.000000000000000000e+00,0.000000000000000000e+00,0.000000000000000000e+00
0.000000000000000000e+00,4.756501197814941406e+00,0.000000000000000000e+00,0.000000000000000000e+00,0.000000000000000000e+00,0.000000000000000000e+00,0.000000000000000000e+00
0.000000000000000000e+00,4.928669929504394531e+00,0.000000000000000000e+00,0.000000000000000000e+00,4.590221643447875977e-01,0.000000000000000000e+00,0.000000000000000000e+00
0.000000000000000000e+00,4.343105316162109375e+00,0.000000000000000000e+00,0.000000000000000000e+00,0.000000000000000000e+00,0.000000000000000000e+00,0.000000000000000000e+00
2.592428624629974365e-01,4.564075469970703125e+00,0.000000000000000000e+00,0.000000000000000000e+00,0.000000000000000000e+00,0.000000000000000000e+00,0.000000000000000000e+00
0.000000000000000000e+00,2.455752134323120117e+00,3.829008579254150391e+00,1.543928980827331543e-01,0.000000000000000000e+00,0.000000000000000000e+00,0.000000000000000000e+00
0.000000000000000000e+00,0.000000000000000000e+00,2.190837144851684570e+00,0.000000000000000000e+00,1.800956726074218750e+00,5.243105888366699219e+00,0.000000000000000000e+00
0.000000000000000000e+00,0.000000000000000000e+00,1.472184777259826660e+00,0.000000000000000000e+00,0.000000000000000000e+00,8.819123268127441406e+00,2.674330472946166992e-01
0.000000000000000000e+00,0.000000000000000000e+00,2.423434972763061523e+00,1.365985155105590820e+00,0.000000000000000000e+00,1.935197591781616211e+00,0.000000000000000000e+00
0.000000000000000000e+00,0.000000000000000000e+00,0.000000000000000000e+00,8.160309791564941406e-01,3.075346350669860840e-03,3.196256399154663086e+00,0.000000000000000000e+00
0.000000000000000000e+00,7.814508676528930664e-01,2.332219839096069336e+00,0.000000000000000000e+00,1.098886609077453613e+00,0.000000000000000000e+00,0.000000000000000000e+00
0.000000000000000000e+00,0.000000000000000000e+00,0.000000000000000000e+00,4.440613269805908203e+00,7.231242656707763672e-01,7.277657985687255859e-01,0.000000000000000000e+00
0.000000000000000000e+00,6.625785827636718750e-01,0.000000000000000000e+00,2.865336418151855469e+00,3.569373369216918945e+00,0.000000000000000000e+00,0.000000000000000000e+00
0.000000000000000000e+00,0.000000000000000000e+00,0.000000000000000000e+00,3.660243511199951172e+00,0.000000000000000000e+00,0.000000000000000000e+00,0.000000000000000000e+00
0.000000000000000000e+00,0.000000000000000000e+00,0.000000000000000000e+00,2.773516416549682617e+00,0.000000000000000000e+00,0.000000000000000000e+00,0.000000000000000000e+00
0.000000000000000000e+00,0.000000000000000000e+00,1.170441269874572754e+00,1.929391026496887207e+00,0.000000000000000000e+00,3.057553291320800781e+00,0.000000000000000000e+00
0.000000000000000000e+00,0.000000000000000000e+00,2.451229810714721680e+00,0.000000000000000000e+00,0.000000000000000000e+00,3.448480844497680664e+00,0.000000000000000000e+00
0.000000000000000000e+00,1.724841356277465820e+00,2.845306396484375000e+00,0.000000000000000000e+00,3.106422901153564453e+00,0.000000000000000000e+00,0.000000000000000000e+00
0.000000000000000000e+00,0.000000000000000000e+00,2.092644423246383667e-01,0.000000000000000000e+00,3.075995445251464844e+00,3.782746553421020508e+00,0.000000000000000000e+00
0.000000000000000000e+00,0.000000000000000000e+00,3.900856256484985352e+00,0.000000000000000000e+00,3.369701623916625977e+00,1.921238303184509277e+00,0.000000000000000000e+00
0.000000000000000000e+00,6.286147832870483398e-01,0.000000000000000000e+00,2.352461814880371094e+00,1.194496631622314453e+00,0.000000000000000000e+00,0.000000000000000000e+00
0.000000000000000000e+00,2.486600637435913086e+00,1.820526480674743652e+00,0.000000000000000000e+00,3.139617919921875000e+00,0.000000000000000000e+00,0.000000000000000000e+00
0.000000000000000000e+00,6.467534303665161133e-01,0.000000000000000000e+00,2.685632944107055664e+00,1.986187815666198730e+00,0.000000000000000000e+00,0.000000000000000000e+00
0.000000000000000000e+00,3.199082314968109131e-01,0.000000000000000000e+00,4.256360530853271484e+00,0.000000000000000000e+00,0.000000000000000000e+00,0.000000000000000000e+00
0.000000000000000000e+00,0.000000000000000000e+00,0.000000000000000000e+00,3.078619241714477539e+00,0.000000000000000000e+00,1.131072521209716797e+00,0.000000000000000000e+00
0.000000000000000000e+00,0.000000000000000000e+00,0.000000000000000000e+00,3.493523597717285156e+00,1.601820826530456543e+00,5.607532262802124023e-01,0.000000000000000000e+00
0.000000000000000000e+00,2.484433352947235107e-01,6.662828326225280762e-01,0.000000000000000000e+00,4.241719245910644531e+00,0.000000000000000000e+00,0.000000000000000000e+00
0.000000000000000000e+00,0.000000000000000000e+00,0.000000000000000000e+00,1.349968612194061279e-01,4.646996498107910156e+00,1.333385467529296875e+00,0.000000000000000000e+00
0.000000000000000000e+00,2.380537748336791992e+00,0.000000000000000000e+00,5.198471546173095703e-01,1.299228906631469727e+00,0.000000000000000000e+00,0.000000000000000000e+00
0.000000000000000000e+00,0.000000000000000000e+00,0.000000000000000000e+00,3.308924436569213867e+00,0.000000000000000000e+00,1.019303351640701294e-01,0.000000000000000000e+00
0.000000000000000000e+00,0.000000000000000000e+00,2.127422809600830078e+00,0.000000000000000000e+00,9.284436702728271484e-01,1.896776199340820312e+00,0.000000000000000000e+00
0.000000000000000000e+00,1.805744469165802002e-01,8.069111704826354980e-01,0.000000000000000000e+00,2.826955795288085938e+00,0.000000000000000000e+00,0.000000000000000000e+00
0.000000000000000000e+00,7.523132562637329102e-01,2.664329111576080322e-01,0.000000000000000000e+00,4.772684574127197266e+00,0.000000000000000000e+00,0.000000000000000000e+00
0.000000000000000000e+00,9.989558458328247070e-01,0.000000000000000000e+00,3.142402172088623047e+00,0.000000000000000000e+00,0.000000000000000000e+00,0.000000000000000000e+00
0.000000000000000000e+00,0.000000000000000000e+00,0.000000000000000000e+00,4.792595863342285156e+00,0.000000000000000000e+00,0.000000000000000000e+00,0.000000000000000000e+00
0.000000000000000000e+00,0.000000000000000000e+00,6.973217427730560303e-02,3.380985975265502930e+00,4.570101499557495117e-01,1.446298241615295410e+00,0.000000000000000000e+00
0.000000000000000000e+00,0.000000000000000000e+00,0.000000000000000000e+00,4.253260135650634766e+00,6.922116875648498535e-01,2.120499908924102783e-01,0.000000000000000000e+00
0.000000000000000000e+00,0.000000000000000000e+00,0.000000000000000000e+00,1.401222825050354004e+00,1.686958074569702148e+00,2.092933893203735352e+00,0.000000000000000000e+00
0.000000000000000000e+00,0.000000000000000000e+00,1.740232110023498535e+00,2.847684860229492188e+00,0.000000000000000000e+00,1.668790698051452637e+00,0.000000000000000000e+00
0.000000000000000000e+00,0.000000000000000000e+00,0.000000000000000000e+00,0.000000000000000000e+00,4.646153450012207031e+00,0.000000000000000000e+00,0.000000000000000000e+00
0.000000000000000000e+00,2.982977330684661865e-01,0.000000000000000000e+00,0.000000000000000000e+00,4.357331275939941406e+00,0.000000000000000000e+00,0.000000000000000000e+00
0.000000000000000000e+00,1.702777028083801270e+00,0.000000000000000000e+00,0.000000000000000000e+00,6.268929958343505859e+00,0.000000000000000000e+00,0.000000000000000000e+00
0.000000000000000000e+00,1.796670317649841309e+00,1.366221785545349121e+00,0.000000000000000000e+00,2.287295818328857422e+00,0.000000000000000000e+00,0.000000000000000000e+00
0.000000000000000000e+00,0.000000000000000000e+00,0.000000000000000000e+00,2.392612457275390625e+00,1.710221529006958008e+00,2.563341379165649414e+00,0.000000000000000000e+00
0.000000000000000000e+00,0.000000000000000000e+00,4.900224506855010986e-01,0.000000000000000000e+00,1.734706997871398926e+00,1.074080944061279297e+00,0.000000000000000000e+00
0.000000000000000000e+00,0.000000000000000000e+00,0.000000000000000000e+00,7.263804674148559570e-01,3.498574733734130859e+00,2.111310482025146484e+00,0.000000000000000000e+00
0.000000000000000000e+00,0.000000000000000000e+00,1.117048978805541992e+00,1.599166393280029297e+00,0.000000000000000000e+00,9.477287530899047852e-01,0.000000000000000000e+00
0.000000000000000000e+00,0.000000000000000000e+00,0.000000000000000000e+00,3.449099957942962646e-01,3.361672878265380859e+00,3.638321638107299805e+00,0.000000000000000000e+00
0.000000000000000000e+00,2.476098239421844482e-01,0.000000000000000000e+00,0.000000000000000000e+00,4.073831081390380859e+00,0.000000000000000000e+00,0.000000000000000000e+00
0.000000000000000000e+00,0.000000000000000000e+00,2.737303256988525391e+00,0.000000000000000000e+00,0.000000000000000000e+00,1.292744636535644531e+00,0.000000000000000000e+00
0.000000000000000000e+00,1.193831324577331543e+00,0.000000000000000000e+00,2.173243463039398193e-01,2.515515327453613281e+00,0.000000000000000000e+00,0.000000000000000000e+00
0.000000000000000000e+00,0.000000000000000000e+00,0.000000000000000000e+00,0.000000000000000000e+00,3.883371829986572266e+00,0.000000000000000000e+00,0.000000000000000000e+00
0.000000000000000000e+00,7.878367304801940918e-01,0.000000000000000000e+00,0.000000000000000000e+00,3.767771244049072266e+00,0.000000000000000000e+00,0.000000000000000000e+00
0.000000000000000000e+00,0.000000000000000000e+00,1.634545773267745972e-01,1.888882815837860107e-01,3.159939050674438477e+00,2.747212350368499756e-01,0.000000000000000000e+00
0.000000000000000000e+00,0.000000000000000000e+00,0.000000000000000000e+00,3.265425860881805420e-01,2.896694898605346680e+00,2.362674474716186523e+00,0.000000000000000000e+00
0.000000000000000000e+00,1.612704873085021973e+00,0.000000000000000000e+00,2.944371223449707031e+00,0.000000000000000000e+00,0.000000000000000000e+00,0.000000000000000000e+00
0.000000000000000000e+00,0.000000000000000000e+00,1.530486106872558594e+00,3.533388078212738037e-01,0.000000000000000000e+00,1.151250600814819336e+00,0.000000000000000000e+00
0.000000000000000000e+00,1.638579130172729492e+00,0.000000000000000000e+00,2.271388530731201172e+00,0.000000000000000000e+00,0.000000000000000000e+00,0.000000000000000000e+00
0.000000000000000000e+00,0.000000000000000000e+00,1.221233606338500977e+00,1.914638638496398926e+00,0.000000000000000000e+00,2.956078290939331055e+00,0.000000000000000000e+00
0.000000000000000000e+00,0.000000000000000000e+00,1.983047962188720703e+00,0.000000000000000000e+00,0.000000000000000000e+00,3.876751184463500977e+00,0.000000000000000000e+00
0.000000000000000000e+00,9.650237560272216797e-01,4.772402346134185791e-01,0.000000000000000000e+00,4.098253726959228516e+00,0.000000000000000000e+00,0.000000000000000000e+00
0.000000000000000000e+00,2.203439712524414062e+00,1.297536969184875488e+00,0.000000000000000000e+00,3.722708940505981445e+00,0.000000000000000000e+00,0.000000000000000000e+00
0.000000000000000000e+00,1.087913393974304199e+00,0.000000000000000000e+00,0.000000000000000000e+00,4.220890998840332031e+00,0.000000000000000000e+00,0.000000000000000000e+00
0.000000000000000000e+00,1.756806135177612305e+00,2.261398315429687500e+00,0.000000000000000000e+00,3.778421878814697266e-01,0.000000000000000000e+00,0.000000000000000000e+00
0.000000000000000000e+00,1.409540891647338867e+00,0.000000000000000000e+00,2.609680652618408203e+00,0.000000000000000000e+00,0.000000000000000000e+00,0.000000000000000000e+00
0.000000000000000000e+00,4.599692523479461670e-01,2.917628765106201172e+00,4.678438007831573486e-01,0.000000000000000000e+00,0.000000000000000000e+00,0.000000000000000000e+00
0.000000000000000000e+00,1.709315538406372070e+00,0.000000000000000000e+00,2.357403039932250977e+00,0.000000000000000000e+00,0.000000000000000000e+00,0.000000000000000000e+00
0.000000000000000000e+00,1.875210881233215332e+00,2.219528198242187500e+00,0.000000000000000000e+00,3.036947488784790039e+00,0.000000000000000000e+00,0.000000000000000000e+00
0.000000000000000000e+00,1.465260863304138184e+00,5.856269001960754395e-01,2.121485948562622070e+00,0.000000000000000000e+00,0.000000000000000000e+00,0.000000000000000000e+00
0.000000000000000000e+00,0.000000000000000000e+00,4.439912363886833191e-02,2.325274467468261719e+00,0.000000000000000000e+00,0.000000000000000000e+00,0.000000000000000000e+00
0.000000000000000000e+00,3.573570966720581055e+00,0.000000000000000000e+00,9.222648143768310547e-01,0.000000000000000000e+00,0.000000000000000000e+00,0.000000000000000000e+00
1.318639144301414490e-02,4.164930820465087891e+00,0.000000000000000000e+00,0.000000000000000000e+00,0.000000000000000000e+00,0.000000000000000000e+00,0.000000000000000000e+00
1.509666070342063904e-02,4.310672760009765625e+00,0.000000000000000000e+00,0.000000000000000000e+00,0.000000000000000000e+00,0.000000000000000000e+00,0.000000000000000000e+00
0.000000000000000000e+00,4.171183109283447266e+00,0.000000000000000000e+00,0.000000000000000000e+00,0.000000000000000000e+00,0.000000000000000000e+00,0.000000000000000000e+00
0.000000000000000000e+00,4.206121921539306641e+00,0.000000000000000000e+00,0.000000000000000000e+00,0.000000000000000000e+00,0.000000000000000000e+00,0.000000000000000000e+00
0.000000000000000000e+00,4.200519561767578125e+00,1.370833367109298706e-01,0.000000000000000000e+00,0.000000000000000000e+00,0.000000000000000000e+00,0.000000000000000000e+00
0.000000000000000000e+00,4.633733749389648438e+00,0.000000000000000000e+00,0.000000000000000000e+00,0.000000000000000000e+00,0.000000000000000000e+00,0.000000000000000000e+00
0.000000000000000000e+00,4.303230762481689453e+00,0.000000000000000000e+00,0.000000000000000000e+00,0.000000000000000000e+00,0.000000000000000000e+00,0.000000000000000000e+00
0.000000000000000000e+00,4.526492595672607422e+00,0.000000000000000000e+00,0.000000000000000000e+00,0.000000000000000000e+00,0.000000000000000000e+00,0.000000000000000000e+00
0.000000000000000000e+00,0.000000000000000000e+00,5.283802509307861328e+00,0.000000000000000000e+00,0.000000000000000000e+00,0.000000000000000000e+00,0.000000000000000000e+00
0.000000000000000000e+00,0.000000000000000000e+00,2.720474958419799805e+00,0.000000000000000000e+00,0.000000000000000000e+00,6.482975006103515625e+00,0.000000000000000000e+00
0.000000000000000000e+00,0.000000000000000000e+00,6.216763019561767578e+00,0.000000000000000000e+00,0.000000000000000000e+00,4.121384024620056152e-02,0.000000000000000000e+00
0.000000000000000000e+00,5.095081329345703125e+00,0.000000000000000000e+00,0.000000000000000000e+00,0.000000000000000000e+00,0.000000000000000000e+00,0.000000000000000000e+00
2.655479609966278076e-01,4.501913070678710938e+00,0.000000000000000000e+00,0.000000000000000000e+00,0.000000000000000000e+00,0.000000000000000000e+00,0.000000000000000000e+00
0.000000000000000000e+00,4.987910270690917969e+00,0.000000000000000000e+00,0.000000000000000000e+00,3.092521727085113525e-01,0.000000000000000000e+00,0.000000000000000000e+00
0.000000000000000000e+00,4.920785903930664062e+00,0.000000000000000000e+00,0.000000000000000000e+00,0.000000000000000000e+00,0.000000000000000000e+00,0.000000000000000000e+00
0.000000000000000000e+00,4.846399784088134766e+00,0.000000000000000000e+00,0.000000000000000000e+00,0.000000000000000000e+00,0.000000000000000000e+00,0.000000000000000000e+00
5.475194454193115234e-01,4.543985843658447266e+00,0.000000000000000000e+00,0.000000000000000000e+00,0.000000000000000000e+00,0.000000000000000000e+00,0.000000000000000000e+00
0.000000000000000000e+00,4.144065380096435547e+00,1.341516256332397461e+00,0.000000000000000000e+00,1.415057629346847534e-01,0.000000000000000000e+00,0.000000000000000000e+00
0.000000000000000000e+00,3.423999071121215820e+00,2.886085987091064453e+00,0.000000000000000000e+00,4.660953044891357422e+00,0.000000000000000000e+00,0.000000000000000000e+00
0.000000000000000000e+00,0.000000000000000000e+00,3.455446720123291016e+00,0.000000000000000000e+00,0.000000000000000000e+00,4.182279109954833984e+00,0.000000000000000000e+00
0.000000000000000000e+00,0.000000000000000000e+00,2.934894561767578125e+00,1.640371680259704590e+00,0.000000000000000000e+00,3.300309658050537109e+00,0.000000000000000000e+00
0.000000000000000000e+00,0.000000000000000000e+00,0.000000000000000000e+00,2.271104335784912109e+00,2.630907773971557617e+00,0.000000000000000000e+00,0.000000000000000000e+00
0.000000000000000000e+00,3.231231272220611572e-01,0.000000000000000000e+00,2.957828283309936523e+00,2.118383407592773438e+00,0.000000000000000000e+00,0.000000000000000000e+00
0.000000000000000000e+00,8.386420607566833496e-01,0.000000000000000000e+00,2.829989910125732422e+00,3.211378335952758789e+00,0.000000000000000000e+00,0.000000000000000000e+00
0.000000000000000000e+00,0.000000000000000000e+00,1.220072954893112183e-01,0.000000000000000000e+00,4.182703495025634766e+00,1.354143261909484863e+00,0.000000000000000000e+00
0.000000000000000000e+00,0.000000000000000000e+00,0.000000000000000000e+00,0.000000000000000000e+00,2.318050146102905273e+00,3.742520570755004883e+00,0.000000000000000000e+00
0.000000000000000000e+00,0.000000000000000000e+00,4.840222895145416260e-01,0.000000000000000000e+00,0.000000000000000000e+00,3.453249692916870117e+00,0.000000000000000000e+00
0.000000000000000000e+00,0.000000000000000000e+00,0.000000000000000000e+00,4.429640471935272217e-01,3.321034669876098633e+00,2.157928228378295898e+00,0.000000000000000000e+00
0.000000000000000000e+00,0.000000000000000000e+00,1.304047346115112305e+00,0.000000000000000000e+00,2.044539451599121094e+00,3.304783582687377930e+00,0.000000000000000000e+00
0.000000000000000000e+00,0.000000000000000000e+00,1.369282841682434082e+00,0.000000000000000000e+00,3.136727333068847656e+00,4.283757209777832031e+00,0.000000000000000000e+00
0.000000000000000000e+00,0.000000000000000000e+00,0.000000000000000000e+00,0.000000000000000000e+00,3.889212846755981445e+00,1.577672481536865234e+00,0.000000000000000000e+00
0.000000000000000000e+00,0.000000000000000000e+00,1.866060495376586914e+00,0.000000000000000000e+00,3.545561552047729492e+00,2.860992908477783203e+00,0.000000000000000000e+00
0.000000000000000000e+00,0.000000000000000000e+00,0.000000000000000000e+00,0.000000000000000000e+00,3.095375001430511475e-02,5.628564834594726562e+00,0.000000000000000000e+00
0.000000000000000000e+00,0.000000000000000000e+00,1.530017733573913574e+00,0.000000000000000000e+00,2.028458356857299805e+00,1.839775443077087402e+00,0.000000000000000000e+00
0.000000000000000000e+00,0.000000000000000000e+00,0.000000000000000000e+00,2.139312267303466797e+00,2.442397356033325195e+00,5.841514468193054199e-01,0.000000000000000000e+00
0.000000000000000000e+00,0.000000000000000000e+00,0.000000000000000000e+00,2.593375921249389648e+00,2.226906061172485352e+00,1.493650555610656738e+00,0.000000000000000000e+00
0.000000000000000000e+00,0.000000000000000000e+00,3.531982004642486572e-01,5.216982364654541016e-01,2.610864639282226562e+00,1.910145998001098633e+00,0.000000000000000000e+00
0.000000000000000000e+00,0.000000000000000000e+00,0.000000000000000000e+00,4.728704929351806641e+00,9.298561811447143555e-01,1.175418257713317871e+00,0.000000000000000000e+00
0.000000000000000000e+00,0.000000000000000000e+00,0.000000000000000000e+00,1.226845264434814453e+00,3.109773397445678711e+00,4.327356338500976562e+00,0.000000000000000000e+00
0.000000000000000000e+00,0.000000000000000000e+00,2.110372304916381836e+00,0.000000000000000000e+00,7.601646184921264648e-01,3.026342630386352539e+00,0.000000000000000000e+00
0.000000000000000000e+00,0.000000000000000000e+00,0.000000000000000000e+00,0.000000000000000000e+00,3.950654506683349609e+00,9.943893551826477051e-02,0.000000000000000000e+00
0.000000000000000000e+00,0.000000000000000000e+00,0.000000000000000000e+00,5.216732025146484375e-01,7.283731698989868164e-01,2.572967767715454102e+00,0.000000000000000000e+00
0.000000000000000000e+00,4.953000247478485107e-01,4.709021374583244324e-02,0.000000000000000000e+00,4.843449592590332031e+00,0.000000000000000000e+00,0.000000000000000000e+00
0.000000000000000000e+00,0.000000000000000000e+00,0.000000000000000000e+00,3.444190979003906250e+00,1.643861293792724609e+00,0.000000000000000000e+00,0.000000000000000000e+00
0.000000000000000000e+00,0.000000000000000000e+00,0.000000000000000000e+00,3.483540534973144531e+00,2.886689901351928711e+00,0.000000000000000000e+00,0.000000000000000000e+00
0.000000000000000000e+00,0.000000000000000000e+00,5.104776024818420410e-01,1.454006910324096680e+00,0.000000000000000000e+00,2.416461944580078125e+00,0.000000000000000000e+00
0.000000000000000000e+00,0.000000000000000000e+00,9.282533824443817139e-02,1.344842612743377686e-01,9.452372789382934570e-01,3.064267396926879883e+00,0.000000000000000000e+00
0.000000000000000000e+00,0.000000000000000000e+00,1.166108101606369019e-01,0.000000000000000000e+00,1.513657450675964355e+00,3.297863721847534180e+00,0.000000000000000000e+00
0.000000000000000000e+00,0.000000000000000000e+00,0.000000000000000000e+00,1.041469335556030273e+00,2.759951353073120117e+00,3.270798444747924805e+00,0.000000000000000000e+00
0.000000000000000000e+00,0.000000000000000000e+00,0.000000000000000000e+00,0.000000000000000000e+00,2.455617189407348633e+00,6.333452224731445312e+00,4.386165142059326172e-01
0.000000000000000000e+00,0.000000000000000000e+00,4.980050623416900635e-01,0.000000000000000000e+00,3.619522571563720703e+00,3.904343843460083008e+00,0.000000000000000000e+00
0.000000000000000000e+00,0.000000000000000000e+00,0.000000000000000000e+00,0.000000000000000000e+00,3.565234184265136719e+00,2.531374454498291016e+00,0.000000000000000000e+00
0.000000000000000000e+00,0.000000000000000000e+00,0.000000000000000000e+00,4.966827332973480225e-01,3.129173040390014648e+00,3.830922365188598633e+00,0.000000000000000000e+00
0.000000000000000000e+00,0.000000000000000000e+00,0.000000000000000000e+00,1.841948032379150391e+00,1.970526576042175293e+00,2.351789712905883789e+00,0.000000000000000000e+00
0.000000000000000000e+00,0.000000000000000000e+00,0.000000000000000000e+00,0.000000000000000000e+00,3.769870996475219727e+00,5.540730476379394531e+00,0.000000000000000000e+00
0.000000000000000000e+00,0.000000000000000000e+00,0.000000000000000000e+00,4.337903976440429688e+00,0.000000000000000000e+00,0.000000000000000000e+00,0.000000000000000000e+00
0.000000000000000000e+00,0.000000000000000000e+00,0.000000000000000000e+00,2.021579444408416748e-01,3.813212871551513672e+00,6.010993719100952148e-01,0.000000000000000000e+00
0.000000000000000000e+00,1.844830274581909180e+00,1.300098299980163574e+00,0.000000000000000000e+00,3.155297756195068359e+00,0.000000000000000000e+00,0.000000000000000000e+00
0.000000000000000000e+00,0.000000000000000000e+00,7.251338660717010498e-02,0.000000000000000000e+00,4.123608589172363281e+00,0.000000000000000000e+00,0.000000000000000000e+00
0.000000000000000000e+00,0.000000000000000000e+00,0.000000000000000000e+00,5.592985153198242188e-01,2.583362340927124023e+00,4.561383724212646484e+00,0.000000000000000000e+00
0.000000000000000000e+00,0.000000000000000000e+00,8.375827670097351074e-01,0.000000000000000000e+00,9.724065065383911133e-01,4.891994476318359375e+00,0.000000000000000000e+00
0.000000000000000000e+00,0.000000000000000000e+00,4.020750999450683594e+00,0.000000000000000000e+00,0.000000000000000000e+00,1.877444386482238770e+00,0.000000000000000000e+00
0.000000000000000000e+00,6.462987065315246582e-01,0.000000000000000000e+00,2.506038546562194824e-02,4.492354393005371094e+00,0.000000000000000000e+00,0.000000000000000000e+00
0.000000000000000000e+00,0.000000000000000000e+00,0.000000000000000000e+00,8.543219566345214844e-01,2.464293718338012695e+00,2.665322303771972656e+00,0.000000000000000000e+00
0.000000000000000000e+00,0.000000000000000000e+00,0.000000000000000000e+00,2.067440032958984375e+00,2.233265638351440430e+00,1.985568165779113770e+00,0.000000000000000000e+00
0.000000000000000000e+00,0.000000000000000000e+00,0.000000000000000000e+00,9.914681315422058105e-02,3.284382104873657227e+00,1.813673019409179688e+00,0.000000000000000000e+00
0.000000000000000000e+00,0.000000000000000000e+00,2.125971168279647827e-01,8.539173603057861328e-01,0.000000000000000000e+00,3.531735181808471680e+00,0.000000000000000000e+00
0.000000000000000000e+00,0.000000000000000000e+00,8.030553460121154785e-01,4.461011588573455811e-01,7.785943150520324707e-01,9.548873901367187500e-01,0.000000000000000000e+00
0.000000000000000000e+00,0.000000000000000000e+00,8.670013546943664551e-01,1.665411710739135742e+00,0.000000000000000000e+00,1.751890897750854492e+00,0.000000000000000000e+00
0.000000000000000000e+00,0.000000000000000000e+00,0.000000000000000000e+00,8.250606060028076172e-01,4.122886180877685547e+00,7.695308923721313477e-01,0.000000000000000000e+00
0.000000000000000000e+00,0.000000000000000000e+00,0.000000000000000000e+00,2.606402873992919922e+00,2.484967947006225586e+00,0.000000000000000000e+00,0.000000000000000000e+00
0.000000000000000000e+00,1.205464720726013184e+00,0.000000000000000000e+00,2.402804136276245117e+00,0.000000000000000000e+00,0.000000000000000000e+00,0.000000000000000000e+00
0.000000000000000000e+00,0.000000000000000000e+00,4.015002250671386719e+00,0.000000000000000000e+00,0.000000000000000000e+00,0.000000000000000000e+00,0.000000000000000000e+00
0.000000000000000000e+00,0.000000000000000000e+00,0.000000000000000000e+00,1.667216658592224121e+00,1.602216124534606934e+00,4.806619882583618164e-01,0.000000000000000000e+00
0.000000000000000000e+00,4.818193912506103516e-01,1.231690526008605957e+00,0.000000000000000000e+00,2.943153142929077148e+00,0.000000000000000000e+00,0.000000000000000000e+00
0.000000000000000000e+00,0.000000000000000000e+00,1.284219384193420410e+00,1.883881092071533203e+00,0.000000000000000000e+00,9.942413568496704102e-01,0.000000000000000000e+00
0.000000000000000000e+00,1.555392444133758545e-01,0.000000000000000000e+00,3.766610383987426758e+00,0.000000000000000000e+00,0.000000000000000000e+00,0.000000000000000000e+00
0.000000000000000000e+00,0.000000000000000000e+00,0.000000000000000000e+00,5.016640186309814453e+00,0.000000000000000000e+00,0.000000000000000000e+00,0.000000000000000000e+00
0.000000000000000000e+00,1.589164137840270996e+00,0.000000000000000000e+00,3.405337572097778320e+00,0.000000000000000000e+00,0.000000000000000000e+00,0.000000000000000000e+00
0.000000000000000000e+00,0.000000000000000000e+00,4.351053759455680847e-02,2.692872762680053711e+00,0.000000000000000000e+00,1.041673183441162109e+00,0.000000000000000000e+00
0.000000000000000000e+00,9.423540234565734863e-01,0.000000000000000000e+00,3.922986984252929688e+00,0.000000000000000000e+00,0.000000000000000000e+00,0.000000000000000000e+00
0.000000000000000000e+00,9.169104099273681641e-01,0.000000000000000000e+00,2.177669048309326172e+00,0.000000000000000000e+00,0.000000000000000000e+00,0.000000000000000000e+00
0.000000000000000000e+00,1.729377746582031250e+00,3.539237976074218750e+00,8.379610180854797363e-01,0.000000000000000000e+00,0.000000000000000000e+00,0.000000000000000000e+00
0.000000000000000000e+00,2.171833038330078125e+00,5.373678207397460938e+00,3.863121569156646729e-01,0.000000000000000000e+00,0.000000000000000000e+00,0.000000000000000000e+00
0.000000000000000000e+00,4.307770729064941406e+00,3.410151302814483643e-01,0.000000000000000000e+00,0.000000000000000000e+00,0.000000000000000000e+00,0.000000000000000000e+00
0.000000000000000000e+00,4.324514865875244141e+00,0.000000000000000000e+00,0.000000000000000000e+00,0.000000000000000000e+00,0.000000000000000000e+00,0.000000000000000000e+00
0.000000000000000000e+00,4.394100666046142578e+00,7.653586566448211670e-02,0.000000000000000000e+00,0.000000000000000000e+00,0.000000000000000000e+00,0.000000000000000000e+00
0.000000000000000000e+00,4.424537658691406250e+00,5.204360932111740112e-03,0.000000000000000000e+00,0.000000000000000000e+00,0.000000000000000000e+00,0.000000000000000000e+00
0.000000000000000000e+00,4.457516670227050781e+00,2.374450489878654480e-02,0.000000000000000000e+00,0.000000000000000000e+00,0.000000000000000000e+00,0.000000000000000000e+00
0.000000000000000000e+00,4.299576282501220703e+00,0.000000000000000000e+00,0.000000000000000000e+00,0.000000000000000000e+00,0.000000000000000000e+00,0.000000000000000000e+00
0.000000000000000000e+00,4.569853782653808594e+00,0.000000000000000000e+00,0.000000000000000000e+00,0.000000000000000000e+00,0.000000000000000000e+00,0.000000000000000000e+00
0.000000000000000000e+00,0.000000000000000000e+00,6.226751804351806641e+00,3.826113939285278320e-01,0.000000000000000000e+00,3.028293550014495850e-01,0.000000000000000000e+00
0.000000000000000000e+00,0.000000000000000000e+00,2.883931398391723633e+00,0.000000000000000000e+00,0.000000000000000000e+00,6.469342708587646484e+00,0.000000000000000000e+00
0.000000000000000000e+00,0.000000000000000000e+00,6.450736999511718750e+00,0.000000000000000000e+00,2.129302740097045898e+00,0.000000000000000000e+00,0.000000000000000000e+00
3.370835483074188232e-01,4.766340732574462891e+00,0.000000000000000000e+00,0.000000000000000000e+00,0.000000000000000000e+00,0.000000000000000000e+00,0.000000000000000000e+00
0.000000000000000000e+00,5.228515148162841797e+00,0.000000000000000000e+00,0.000000000000000000e+00,0.000000000000000000e+00,0.000000000000000000e+00,0.000000000000000000e+00
0.000000000000000000e+00,4.998217105865478516e+00,0.000000000000000000e+00,0.000000000000000000e+00,0.000000000000000000e+00,0.000000000000000000e+00,0.000000000000000000e+00
0.000000000000000000e+00,5.075185298919677734e+00,0.000000000000000000e+00,0.000000000000000000e+00,0.000000000000000000e+00,0.000000000000000000e+00,0.000000000000000000e+00
0.000000000000000000e+00,5.029935836791992188e+00,0.000000000000000000e+00,0.000000000000000000e+00,0.000000000000000000e+00,0.000000000000000000e+00,0.000000000000000000e+00
0.000000000000000000e+00,5.026611328125000000e+00,0.000000000000000000e+00,0.000000000000000000e+00,0.000000000000000000e+00,0.000000000000000000e+00,0.000000000000000000e+00
0.000000000000000000e+00,4.979344844818115234e+00,0.000000000000000000e+00,0.000000000000000000e+00,0.000000000000000000e+00,0.000000000000000000e+00,0.000000000000000000e+00
0.000000000000000000e+00,3.552804470062255859e+00,2.061930894851684570e+00,0.000000000000000000e+00,0.000000000000000000e+00,0.000000000000000000e+00,0.000000000000000000e+00
0.000000000000000000e+00,0.000000000000000000e+00,2.188792467117309570e+00,6.297310590744018555e-01,0.000000000000000000e+00,1.199376702308654785e+00,0.000000000000000000e+00
0.000000000000000000e+00,0.000000000000000000e+00,0.000000000000000000e+00,0.000000000000000000e+00,4.069598197937011719e+00,6.957360506057739258e-01,0.000000000000000000e+00
0.000000000000000000e+00,0.000000000000000000e+00,3.616775035858154297e+00,0.000000000000000000e+00,6.044334173202514648e-01,4.825851440429687500e+00,0.000000000000000000e+00
0.000000000000000000e+00,0.000000000000000000e+00,2.982380867004394531e+00,1.964643836021423340e+00,0.000000000000000000e+00,3.701564550399780273e+00,0.000000000000000000e+00
0.000000000000000000e+00,9.857319593429565430e-01,0.000000000000000000e+00,0.000000000000000000e+00,3.857410192489624023e+00,0.000000000000000000e+00,0.000000000000000000e+00
0.000000000000000000e+00,0.000000000000000000e+00,0.000000000000000000e+00,0.000000000000000000e+00,4.995428562164306641e+00,1.773563027381896973e+00,0.000000000000000000e+00
0.000000000000000000e+00,0.000000000000000000e+00,6.305305659770965576e-02,0.000000000000000000e+00,3.158300399780273438e+00,2.914018392562866211e+00,0.000000000000000000e+00
0.000000000000000000e+00,0.000000000000000000e+00,0.000000000000000000e+00,3.606078326702117920e-01,3.621776819229125977e+00,5.533064365386962891e+00,0.000000000000000000e+00
0.000000000000000000e+00,0.000000000000000000e+00,0.000000000000000000e+00,3.012025594711303711e+00,3.008799076080322266e+00,1.985442519187927246e+00,0.000000000000000000e+00
0.000000000000000000e+00,0.000000000000000000e+00,0.000000000000000000e+00,3.781070411205291748e-01,3.763547420501708984e+00,5.433100223541259766e+00,0.000000000000000000e+00
0.000000000000000000e+00,0.000000000000000000e+00,2.546761035919189453e+00,0.000000000000000000e+00,3.395284175872802734e+00,0.000000000000000000e+00,0.000000000000000000e+00
0.000000000000000000e+00,0.000000000000000000e+00,0.000000000000000000e+00,3.582994222640991211e+00,8.508566021919250488e-01,4.761192202568054199e-01,0.000000000000000000e+00
0.000000000000000000e+00,0.000000000000000000e+00,0.000000000000000000e+00,3.020398318767547607e-01,1.980677127838134766e+00,4.351037502288818359e+00,0.000000000000000000e+00
0.000000000000000000e+00,0.000000000000000000e+00,0.000000000000000000e+00,4.906274974346160889e-01,8.208993673324584961e-01,3.798862695693969727e+00,0.000000000000000000e+00
0.000000000000000000e+00,0.000000000000000000e+00,3.755760490894317627e-01,0.000000000000000000e+00,3.304788589477539062e+00,1.502719879150390625e+00,0.000000000000000000e+00
0.000000000000000000e+00,0.000000000000000000e+00,0.000000000000000000e+00,9.481952190399169922e-01,3.753458023071289062e+00,4.990603923797607422e-01,0.000000000000000000e+00
0.000000000000000000e+00,2.486439228057861328e+00,0.000000000000000000e+00,2.063024044036865234e+00,0.000000000000000000e+00,0.000000000000000000e+00,0.000000000000000000e+00
0.000000000000000000e+00,0.000000000000000000e+00,0.000000000000000000e+00,4.834367275238037109e+00,0.000000000000000000e+00,1.559739559888839722e-01,0.000000000000000000e+00
0.000000000000000000e+00,0.000000000000000000e+00,0.000000000000000000e+00,3.450226545333862305e+00,4.258436203002929688e+00,1.413432478904724121e+00,0.000000000000000000e+00
0.000000000000000000e+00,0.000000000000000000e+00,0.000000000000000000e+00,1.110990285873413086e+00,4.834079742431640625e+00,1.697445988655090332e+00,0.000000000000000000e+00
0.000000000000000000e+00,0.000000000000000000e+00,7.715825438499450684e-01,0.000000000000000000e+00,3.791061162948608398e+00,3.732630491256713867e+00,0.000000000000000000e+00
0.000000000000000000e+00,0.000000000000000000e+00,1.884620785713195801e+00,0.000000000000000000e+00,3.781708955764770508e+00,2.919250726699829102e+00,0.000000000000000000e+00
0.000000000000000000e+00,0.000000000000000000e+00,0.000000000000000000e+00,5.219492912292480469e-01,4.355086326599121094e+00,1.779953837394714355e+00,0.000000000000000000e+00
0.000000000000000000e+00,0.000000000000000000e+00,3.094269514083862305e+00,0.000000000000000000e+00,2.340490102767944336e+00,1.315928399562835693e-01,0.000000000000000000e+00
0.000000000000000000e+00,0.000000000000000000e+00,9.833187460899353027e-01,0.000000000000000000e+00,1.821088433265686035e+00,2.185240745544433594e+00,0.000000000000000000e+00
0.000000000000000000e+00,0.000000000000000000e+00,1.436720728874206543e+00,0.000000000000000000e+00,2.802197694778442383e+00,3.990826606750488281e+00,0.000000000000000000e+00
0.000000000000000000e+00,1.184448301792144775e-01,0.000000000000000000e+00,5.558590888977050781e-01,2.979387998580932617e+00,9.667527675628662109e-02,0.000000000000000000e+00
0.000000000000000000e+00,3.441758155822753906e+00,0.000000000000000000e+00,6.923263072967529297e-01,0.000000000000000000e+00,0.000000000000000000e+00,0.000000000000000000e+00
0.000000000000000000e+00,0.000000000000000000e+00,1.150617122650146484e+00,3.567647933959960938e+00,0.000000000000000000e+00,1.072343349456787109e+00,0.000000000000000000e+00
0.000000000000000000e+00,0.000000000000000000e+00,0.000000000000000000e+00,3.237409353256225586e+00,2.271541357040405273e+00,2.624005079269409180e+00,0.000000000000000000e+00
0.000000000000000000e+00,0.000000000000000000e+00,0.000000000000000000e+00,3.246113061904907227e+00,1.768982768058776855e+00,9.058090448379516602e-01,0.000000000000000000e+00
0.000000000000000000e+00,0.000000000000000000e+00,2.563721656799316406e+00,0.000000000000000000e+00,3.350378513336181641e+00,5.315447807312011719e+00,0.000000000000000000e+00
0.000000000000000000e+00,0.000000000000000000e+00,0.000000000000000000e+00,4.691755473613739014e-01,4.176908016204833984e+00,1.329366087913513184e+00,0.000000000000000000e+00
0.000000000000000000e+00,1.146656036376953125e+00,0.000000000000000000e+00,2.473317623138427734e+00,1.179136991500854492e+00,0.000000000000000000e+00,0.000000000000000000e+00
0.000000000000000000e+00,0.000000000000000000e+00,5.954688787460327148e-01,2.904898822307586670e-01,1.443633675575256348e+00,1.475384950637817383e+00,0.000000000000000000e+00
0.000000000000000000e+00,0.000000000000000000e+00,0.000000000000000000e+00,1.789053380489349365e-01,2.325836896896362305e+00,3.667595624923706055e+00,0.000000000000000000e+00
0.000000000000000000e+00,5.053038522601127625e-02,0.000000000000000000e+00,3.202824294567108154e-01,2.631351232528686523e+00,0.000000000000000000e+00,0.000000000000000000e+00
0.000000000000000000e+00,0.000000000000000000e+00,1.952605962753295898e+00,1.934670925140380859e+00,0.000000000000000000e+00,2.814741373062133789e+00,0.000000000000000000e+00
0.000000000000000000e+00,1.117823362350463867e+00,0.000000000000000000e+00,2.228143215179443359e+00,2.395121097564697266e+00,0.000000000000000000e+00,0.000000000000000000e+00
0.000000000000000000e+00,0.000000000000000000e+00,0.000000000000000000e+00,4.416190147399902344e+00,0.000000000000000000e+00,7.288051843643188477e-01,0.000000000000000000e+00
0.000000000000000000e+00,0.000000000000000000e+00,0.000000000000000000e+00,4.433279991149902344e+00,1.413903713226318359e+00,1.416590064764022827e-01,0.000000000000000000e+00
0.000000000000000000e+00,0.000000000000000000e+00,0.000000000000000000e+00,9.467513561248779297e-01,1.555984735488891602e+00,1.090525865554809570e+00,0.000000000000000000e+00
0.000000000000000000e+00,0.000000000000000000e+00,2.545363426208496094e+00,0.000000000000000000e+00,1.227440595626831055e+00,4.687022686004638672e+00,0.000000000000000000e+00
0.000000000000000000e+00,0.000000000000000000e+00,3.456532716751098633e+00,0.000000000000000000e+00,2.853677034378051758e+00,2.897392272949218750e+00,0.000000000000000000e+00
0.000000000000000000e+00,0.000000000000000000e+00,0.000000000000000000e+00,1.993254899978637695e+00,2.246820181608200073e-01,0.000000000000000000e+00,0.000000000000000000e+00
0.000000000000000000e+00,5.603601336479187012e-01,2.784663915634155273e+00,0.000000000000000000e+00,0.000000000000000000e+00,0.000000000000000000e+00,0.000000000000000000e+00
0.000000000000000000e+00,0.000000000000000000e+00,0.000000000000000000e+00,3.496097326278686523e+00,0.000000000000000000e+00,0.000000000000000000e+00,0.000000000000000000e+00
0.000000000000000000e+00,6.109067797660827637e-01,2.575718879699707031e+00,0.000000000000000000e+00,9.840522706508636475e-02,0.000000000000000000e+00,0.000000000000000000e+00
0.000000000000000000e+00,0.000000000000000000e+00,1.184242486953735352e+00,1.751623272895812988e+00,0.000000000000000000e+00,1.525553345680236816e+00,0.000000000000000000e+00
0.000000000000000000e+00,0.000000000000000000e+00,0.000000000000000000e+00,2.336527824401855469e+00,1.305158019065856934e+00,0.000000000000000000e+00,0.000000000000000000e+00
0.000000000000000000e+00,0.000000000000000000e+00,0.000000000000000000e+00,2.921251535415649414e+00,1.689304947853088379e+00,8.008837699890136719e-01,0.000000000000000000e+00
0.000000000000000000e+00,0.000000000000000000e+00,0.000000000000000000e+00,2.770546913146972656e+00,2.765271663665771484e+00,1.427240073680877686e-01,0.000000000000000000e+00
0.000000000000000000e+00,0.000000000000000000e+00,0.000000000000000000e+00,8.016681671142578125e-01,2.956496000289916992e+00,2.451205015182495117e+00,0.000000000000000000e+00
0.000000000000000000e+00,0.000000000000000000e+00,4.731062948703765869e-01,0.000000000000000000e+00,3.710802555084228516e+00,3.761025190353393555e+00,0.000000000000000000e+00
0.000000000000000000e+00,0.000000000000000000e+00,2.312592506408691406e+00,0.000000000000000000e+00,3.974310398101806641e+00,2.525196552276611328e+00,0.000000000000000000e+00
0.000000000000000000e+00,1.567795634269714355e+00,0.000000000000000000e+00,0.000000000000000000e+00,5.318141937255859375e+00,0.000000000000000000e+00,0.000000000000000000e+00
0.000000000000000000e+00,3.194824755191802979e-01,3.973393738269805908e-01,7.750933170318603516e-01,0.000000000000000000e+00,0.000000000000000000e+00,0.000000000000000000e+00
0.000000000000000000e+00,2.679289817810058594e+00,0.000000000000000000e+00,2.115929126739501953e+00,0.000000000000000000e+00,0.000000000000000000e+00,0.000000000000000000e+00
0.000000000000000000e+00,0.000000000000000000e+00,0.000000000000000000e+00,4.043169975280761719e+00,0.000000000000000000e+00,0.000000000000000000e+00,0.000000000000000000e+00
0.000000000000000000e+00,0.000000000000000000e+00,0.000000000000000000e+00,4.770246028900146484e+00,0.000000000000000000e+00,0.000000000000000000e+00,0.000000000000000000e+00
0.000000000000000000e+00,1.152409672737121582e+00,4.017500400543212891e+00,6.432930231094360352e-01,0.000000000000000000e+00,0.000000000000000000e+00,0.000000000000000000e+00
1.896809339523315430e-01,3.349956274032592773e+00,0.000000000000000000e+00,2.582950890064239502e-01,0.000000000000000000e+00,0.000000000000000000e+00,0.000000000000000000e+00
0.000000000000000000e+00,2.728795766830444336e+00,1.148530840873718262e+00,6.857957839965820312e-01,0.000000000000000000e+00,0.000000000000000000e+00,0.000000000000000000e+00
0.000000000000000000e+00,3.861804485321044922e+00,0.000000000000000000e+00,1.187941551208496094e+00,0.000000000000000000e+00,0.000000000000000000e+00,0.000000000000000000e+00
0.000000000000000000e+00,4.435069561004638672e+00,0.000000000000000000e+00,0.000000000000000000e+00,0.000000000000000000e+00,0.000000000000000000e+00,0.000000000000000000e+00
0.000000000000000000e+00,4.180153369903564453e+00,3.046516701579093933e-02,0.000000000000000000e+00,0.000000000000000000e+00,0.000000000000000000e+00,0.000000000000000000e+00
0.000000000000000000e+00,4.438871383666992188e+00,0.000000000000000000e+00,0.000000000000000000e+00,0.000000000000000000e+00,0.000000000000000000e+00,0.000000000000000000e+00
0.000000000000000000e+00,4.556707382202148438e+00,0.000000000000000000e+00,0.000000000000000000e+00,0.000000000000000000e+00,0.000000000000000000e+00,0.000000000000000000e+00
0.000000000000000000e+00,4.785648822784423828e+00,0.000000000000000000e+00,0.000000000000000000e+00,1.028519272804260254e+00,0.000000000000000000e+00,0.000000000000000000e+00
0.000000000000000000e+00,4.165336608886718750e+00,0.000000000000000000e+00,0.000000000000000000e+00,0.000000000000000000e+00,0.000000000000000000e+00,0.000000000000000000e+00
0.000000000000000000e+00,4.153604507446289062e+00,0.000000000000000000e+00,0.000000000000000000e+00,0.000000000000000000e+00,0.000000000000000000e+00,0.000000000000000000e+00
0.000000000000000000e+00,4.217451095581054688e+00,0.000000000000000000e+00,0.000000000000000000e+00,0.000000000000000000e+00,0.000000000000000000e+00,0.000000000000000000e+00
0.000000000000000000e+00,4.582227230072021484e+00,0.000000000000000000e+00,0.000000000000000000e+00,0.000000000000000000e+00,0.000000000000000000e+00,0.000000000000000000e+00
0.000000000000000000e+00,0.000000000000000000e+00,4.254034042358398438e+00,0.000000000000000000e+00,0.000000000000000000e+00,3.236159563064575195e+00,0.000000000000000000e+00
