0.000000000000000000e+00,4.106627464294433594e+00,0.000000000000000000e+00,6.329748630523681641e+00,0.000000000000000000e+00,1.644024252891540527e+00,0.000000000000000000e+00
1.243545711040496826e-01,4.184645652770996094e+00,0.000000000000000000e+00,7.019751071929931641e+00,0.000000000000000000e+00,1.775438308715820312e+00,0.000000000000000000e+00
7.311631441116333008e-01,3.086014986038208008e+00,0.000000000000000000e+00,5.582364559173583984e+00,0.000000000000000000e+00,1.268095254898071289e+00,0.000000000000000000e+00
0.000000000000000000e+00,3.959785938262939453e+00,0.000000000000000000e+00,3.676318228244781494e-01,0.000000000000000000e+00,0.000000000000000000e+00,0.000000000000000000e+00
0.000000000000000000e+00,4.328904628753662109e+00,1.871276646852493286e-01,0.000000000000000000e+00,0.000000000000000000e+00,0.000000000000000000e+00,0.000000000000000000e+00
1.041010320186614990e-01,4.201523303985595703e+00,2.563274204730987549e-01,0.000000000000000000e+00,0.000000000000000000e+00,0.000000000000000000e+00,0.000000000000000000e+00
0.000000000000000000e+00,4.128252029418945312e+00,0.000000000000000000e+00,1.148504391312599182e-01,0.000000000000000000e+00,0.000000000000000000e+00,0.000000000000000000e+00
0.000000000000000000e+00,4.077599048614501953e+00,0.000000000000000000e+00,0.000000000000000000e+00,0.000000000000000000e+00,0.000000000000000000e+00,0.000000000000000000e+00
0.000000000000000000e+00,4.390134334564208984e+00,4.687786102294921875e-03,0.000000000000000000e+00,0.000000000000000000e+00,0.000000000000000000e+00,0.000000000000000000e+00
0.000000000000000000e+00,4.374124526977539062e+00,0.000000000000000000e+00,0.000000000000000000e+00,0.000000000000000000e+00,0.000000000000000000e+00,0.000000000000000000e+00
0.000000000000000000e+00,4.378067016601562500e+00,0.000000000000000000e+00,9.535259604454040527e-01,0.000000000000000000e+00,0.000000000000000000e+00,0.000000000000000000e+00
0.000000000000000000e+00,3.113515615463256836e+00,0.000000000000000000e+00,0.000000000000000000e+00,0.000000000000000000e+00,0.000000000000000000e+00,0.000000000000000000e+00
0.000000000000000000e+00,1.365152835845947266e+00,2.196855068206787109e+00,0.000000000000000000e+00,0.000000000000000000e+00,0.000000000000000000e+00,0.000000000000000000e+00
0.000000000000000000e+00,0.000000000000000000e+00,3.589728772640228271e-01,0.000000000000000000e+00,0.000000000000000000e+00,0.000000000000000000e+00,3.407731771469116211e+00
0.000000000000000000e+00,1.752688646316528320e+00,2.167663574218750000e+00,0.000000000000000000e+00,0.000000000000000000e+00,0.000000000000000000e+00,0.000000000000000000e+00
4.645503461360931396e-01,1.946060419082641602e+00,1.115610599517822266e+00,4.274688065052032471e-01,0.000000000000000000e+00,0.000000000000000000e+00,0.000000000000000000e+00
0.000000000000000000e+00,0.000000000000000000e+00,1.199757814407348633e+00,0.000000000000000000e+00,0.000000000000000000e+00,0.000000000000000000e+00,2.642029285430908203e+00
2.331500947475433350e-01,1.924415349960327148e+00,1.730623483657836914e+00,0.000000000000000000e+00,0.000000000000000000e+00,0.000000000000000000e+00,0.000000000000000000e+00
6.079217791557312012e-02,2.428221225738525391e+00,2.766513824462890625e-02,2.488717138767242432e-01,0.000000000000000000e+00,0.000000000000000000e+00,0.000000000000000000e+00
0.000000000000000000e+00,2.366121530532836914e+00,1.332715272903442383e+00,0.000000000000000000e+00,0.000000000000000000e+00,0.000000000000000000e+00,0.000000000000000000e+00
0.000000000000000000e+00,3.490891218185424805e+00,0.000000000000000000e+00,0.000000000000000000e+00,0.000000000000000000e+00,0.000000000000000000e+00,0.000000000000000000e+00
8.402022123336791992e-01,2.962083578109741211e+00,0.000000000000000000e+00,4.002203941345214844e+00,0.000000000000000000e+00,7.497232556343078613e-01,0.000000000000000000e+00
1.629597425460815430e+00,2.159431934356689453e+00,6.520462036132812500e-01,2.924995899200439453e+00,0.000000000000000000e+00,1.297978609800338745e-01,0.000000000000000000e+00
0.000000000000000000e+00,0.000000000000000000e+00,1.259426176548004150e-01,0.000000000000000000e+00,0.000000000000000000e+00,0.000000000000000000e+00,3.276179313659667969e+00
0.000000000000000000e+00,0.000000000000000000e+00,2.536329746246337891e+00,0.000000000000000000e+00,0.000000000000000000e+00,0.000000000000000000e+00,1.601749420166015625e+00
0.000000000000000000e+00,0.000000000000000000e+00,3.174646377563476562e+00,0.000000000000000000e+00,0.000000000000000000e+00,0.000000000000000000e+00,7.970698475837707520e-01
0.000000000000000000e+00,1.100442171096801758e+00,3.348998427391052246e-01,0.000000000000000000e+00,0.000000000000000000e+00,0.000000000000000000e+00,4.301609396934509277e-01
1.704971790313720703e+00,1.006974697113037109e+00,1.704069256782531738e+00,1.140275835990905762e+00,0.000000000000000000e+00,0.000000000000000000e+00,0.000000000000000000e+00
1.907797455787658691e+00,0.000000000000000000e+00,2.691175043582916260e-01,2.883344650268554688e+00,0.000000000000000000e+00,2.443170547485351562e+00,4.366945624351501465e-01
2.758940696716308594e+00,6.092903017997741699e-02,1.784312367439270020e+00,2.044976711273193359e+00,0.000000000000000000e+00,3.264669179916381836e-01,0.000000000000000000e+00
5.921061038970947266e-01,2.003392457962036133e+00,0.000000000000000000e+00,1.663900732994079590e+00,0.000000000000000000e+00,1.046992391347885132e-01,0.000000000000000000e+00
2.495439052581787109e+00,1.279165506362915039e+00,1.898365378379821777e+00,1.634455561637878418e+00,0.000000000000000000e+00,0.000000000000000000e+00,0.000000000000000000e+00
5.618521571159362793e-01,1.022749245166778564e-01,1.136786341667175293e+00,8.571431785821914673e-02,0.000000000000000000e+00,9.313182532787322998e-02,2.525763511657714844e-01
3.880515694618225098e-01,0.000000000000000000e+00,0.000000000000000000e+00,1.629296779632568359e+00,0.000000000000000000e+00,3.325114250183105469e+00,1.845149040222167969e+00
0.000000000000000000e+00,0.000000000000000000e+00,0.000000000000000000e+00,0.000000000000000000e+00,0.000000000000000000e+00,1.361568570137023926e+00,3.122956991195678711e+00
6.219964027404785156e-01,0.000000000000000000e+00,3.006490707397460938e+00,0.000000000000000000e+00,0.000000000000000000e+00,0.000000000000000000e+00,1.365233182907104492e+00
1.069827914237976074e+00,0.000000000000000000e+00,2.853572368621826172e+00,0.000000000000000000e+00,0.000000000000000000e+00,0.000000000000000000e+00,1.303882598876953125e+00
8.324089050292968750e-01,0.000000000000000000e+00,2.534816741943359375e+00,0.000000000000000000e+00,0.000000000000000000e+00,0.000000000000000000e+00,3.779659867286682129e-01
0.000000000000000000e+00,0.000000000000000000e+00,0.000000000000000000e+00,0.000000000000000000e+00,0.000000000000000000e+00,0.000000000000000000e+00,3.540652751922607422e+00
0.000000000000000000e+00,0.000000000000000000e+00,2.541621685028076172e+00,0.000000000000000000e+00,0.000000000000000000e+00,0.000000000000000000e+00,1.402150869369506836e+00
2.533532083034515381e-01,3.059881210327148438e+00,0.000000000000000000e+00,2.255101919174194336e+00,0.000000000000000000e+00,0.000000000000000000e+00,0.000000000000000000e+00
8.643575906753540039e-01,2.344561100006103516e+00,4.324627220630645752e-01,1.319332718849182129e+00,0.000000000000000000e+00,0.000000000000000000e+00,0.000000000000000000e+00
0.000000000000000000e+00,0.000000000000000000e+00,0.000000000000000000e+00,0.000000000000000000e+00,0.000000000000000000e+00,1.863040447235107422e+00,3.345191001892089844e+00
1.422694444656372070e+00,0.000000000000000000e+00,1.501312851905822754e+00,1.487622141838073730e+00,0.000000000000000000e+00,9.356645345687866211e-01,5.644619464874267578e-01
0.000000000000000000e+00,0.000000000000000000e+00,0.000000000000000000e+00,0.000000000000000000e+00,0.000000000000000000e+00,7.684091925621032715e-01,4.001262187957763672e+00
0.000000000000000000e+00,4.303337335586547852e-01,7.827938795089721680e-01,0.000000000000000000e+00,0.000000000000000000e+00,0.000000000000000000e+00,1.220092535018920898e+00
0.000000000000000000e+00,0.000000000000000000e+00,5.057947635650634766e-01,0.000000000000000000e+00,0.000000000000000000e+00,1.907227486371994019e-01,1.715342998504638672e+00
0.000000000000000000e+00,0.000000000000000000e+00,1.091736316680908203e+00,0.000000000000000000e+00,0.000000000000000000e+00,2.988485693931579590e-01,8.460478186607360840e-01
2.278399705886840820e+00,0.000000000000000000e+00,2.988198757171630859e+00,0.000000000000000000e+00,0.000000000000000000e+00,0.000000000000000000e+00,0.000000000000000000e+00
5.981076955795288086e-01,3.395067155361175537e-01,0.000000000000000000e+00,1.824297308921813965e+00,0.000000000000000000e+00,1.162739396095275879e+00,0.000000000000000000e+00
2.301411926746368408e-01,2.591981649398803711e+00,3.622391819953918457e-01,0.000000000000000000e+00,0.000000000000000000e+00,0.000000000000000000e+00,0.000000000000000000e+00
2.181595802307128906e+00,1.630128383636474609e+00,1.197359442710876465e+00,2.513458251953125000e+00,0.000000000000000000e+00,5.519792437553405762e-03,0.000000000000000000e+00
6.041467189788818359e-01,0.000000000000000000e+00,0.000000000000000000e+00,1.416960477828979492e+00,0.000000000000000000e+00,3.534499645233154297e+00,2.709190607070922852e+00
1.293623566627502441e+00,0.000000000000000000e+00,2.674227237701416016e+00,2.627874910831451416e-01,0.000000000000000000e+00,0.000000000000000000e+00,0.000000000000000000e+00
0.000000000000000000e+00,0.000000000000000000e+00,0.000000000000000000e+00,0.000000000000000000e+00,0.000000000000000000e+00,4.238682985305786133e-01,3.010876178741455078e+00
4.666947424411773682e-01,0.000000000000000000e+00,3.014477729797363281e+00,0.000000000000000000e+00,0.000000000000000000e+00,0.000000000000000000e+00,2.085383534431457520e-01
0.000000000000000000e+00,0.000000000000000000e+00,0.000000000000000000e+00,1.657911658287048340e+00,0.000000000000000000e+00,2.981823682785034180e+00,2.584187507629394531e+00
1.376384258270263672e+00,0.000000000000000000e+00,3.683055341243743896e-01,2.381090879440307617e+00,0.000000000000000000e+00,1.476730227470397949e+00,0.000000000000000000e+00
1.702701926231384277e+00,0.000000000000000000e+00,8.929256796836853027e-01,1.506760120391845703e+00,0.000000000000000000e+00,1.302350163459777832e+00,1.549963355064392090e-01
2.120504856109619141e+00,2.083168268203735352e+00,3.427345752716064453e-01,3.655305862426757812e+00,0.000000000000000000e+00,5.134225487709045410e-01,0.000000000000000000e+00
2.062075138092041016e+00,2.263060092926025391e+00,0.000000000000000000e+00,4.767252445220947266e+00,0.000000000000000000e+00,9.564188122749328613e-01,0.000000000000000000e+00
1.374638676643371582e+00,0.000000000000000000e+00,1.845112740993499756e-01,1.559238195419311523e+00,0.000000000000000000e+00,3.514140844345092773e+00,2.232648849487304688e+00
6.600770950317382812e-01,0.000000000000000000e+00,1.881155073642730713e-01,7.905463576316833496e-01,0.000000000000000000e+00,2.668440103530883789e+00,2.162464618682861328e+00
1.161271452903747559e+00,0.000000000000000000e+00,6.412528753280639648e-01,7.641072869300842285e-01,0.000000000000000000e+00,2.897087335586547852e+00,2.426967144012451172e+00
0.000000000000000000e+00,0.000000000000000000e+00,0.000000000000000000e+00,2.232954263687133789e+00,0.000000000000000000e+00,5.413852691650390625e+00,3.589447498321533203e+00
0.000000000000000000e+00,0.000000000000000000e+00,0.000000000000000000e+00,0.000000000000000000e+00,0.000000000000000000e+00,7.090207934379577637e-01,2.667225360870361328e+00
0.000000000000000000e+00,0.000000000000000000e+00,3.757043123245239258e+00,0.000000000000000000e+00,0.000000000000000000e+00,0.000000000000000000e+00,8.770292401313781738e-01
0.000000000000000000e+00,0.000000000000000000e+00,0.000000000000000000e+00,2.567745745182037354e-03,0.000000000000000000e+00,2.019312858581542969e+00,2.307078838348388672e+00
2.309732198715209961e+00,0.000000000000000000e+00,2.693062782287597656e+00,6.564966589212417603e-02,0.000000000000000000e+00,0.000000000000000000e+00,0.000000000000000000e+00
0.000000000000000000e+00,2.978452444076538086e+00,0.000000000000000000e+00,2.542466223239898682e-01,0.000000000000000000e+00,0.000000000000000000e+00,0.000000000000000000e+00
0.000000000000000000e+00,4.082030296325683594e+00,0.000000000000000000e+00,7.602182775735855103e-02,0.000000000000000000e+00,0.000000000000000000e+00,0.000000000000000000e+00
0.000000000000000000e+00,3.833925724029541016e+00,0.000000000000000000e+00,1.251298487186431885e-01,0.000000000000000000e+00,0.000000000000000000e+00,0.000000000000000000e+00
0.000000000000000000e+00,4.804032325744628906e+00,9.764629602432250977e-02,0.000000000000000000e+00,0.000000000000000000e+00,0.000000000000000000e+00,0.000000000000000000e+00
0.000000000000000000e+00,3.832548618316650391e+00,0.000000000000000000e+00,0.000000000000000000e+00,0.000000000000000000e+00,0.000000000000000000e+00,0.000000000000000000e+00
0.000000000000000000e+00,4.007969379425048828e+00,0.000000000000000000e+00,3.888627588748931885e-01,0.000000000000000000e+00,0.000000000000000000e+00,0.000000000000000000e+00
0.000000000000000000e+00,3.974178075790405273e+00,0.000000000000000000e+00,3.396174013614654541e-01,0.000000000000000000e+00,0.000000000000000000e+00,0.000000000000000000e+00
3.403906345367431641e+00,9.326610565185546875e-01,5.381498336791992188e-01,6.020980358123779297e+00,0.000000000000000000e+00,1.461163401603698730e+00,0.000000000000000000e+00
2.033055543899536133e+00,1.963393688201904297e+00,0.000000000000000000e+00,5.851546764373779297e+00,0.000000000000000000e+00,1.348731756210327148e+00,0.000000000000000000e+00
2.869884669780731201e-01,4.237565040588378906e+00,0.000000000000000000e+00,6.374589443206787109e+00,0.000000000000000000e+00,1.020292162895202637e+00,0.000000000000000000e+00
8.193355798721313477e-01,3.387520074844360352e+00,0.000000000000000000e+00,6.077404975891113281e+00,0.000000000000000000e+00,1.137178063392639160e+00,0.000000000000000000e+00
3.287734746932983398e+00,7.702400684356689453e-01,8.492290973663330078e-01,5.225052356719970703e+00,0.000000000000000000e+00,1.200837731361389160e+00,0.000000000000000000e+00
9.913294315338134766e-01,3.286020278930664062e+00,1.133979856967926025e-01,2.003837347030639648e+00,0.000000000000000000e+00,0.000000000000000000e+00,0.000000000000000000e+00
0.000000000000000000e+00,4.022534847259521484e+00,0.000000000000000000e+00,0.000000000000000000e+00,0.000000000000000000e+00,0.000000000000000000e+00,0.000000000000000000e+00
0.000000000000000000e+00,4.329253673553466797e+00,2.252551168203353882e-01,0.000000000000000000e+00,0.000000000000000000e+00,0.000000000000000000e+00,0.000000000000000000e+00
0.000000000000000000e+00,4.501416683197021484e+00,2.457290887832641602e-02,0.000000000000000000e+00,0.000000000000000000e+00,0.000000000000000000e+00,0.000000000000000000e+00
0.000000000000000000e+00,4.002995491027832031e+00,0.000000000000000000e+00,0.000000000000000000e+00,0.000000000000000000e+00,0.000000000000000000e+00,0.000000000000000000e+00
0.000000000000000000e+00,4.114444255828857422e+00,0.000000000000000000e+00,0.000000000000000000e+00,0.000000000000000000e+00,0.000000000000000000e+00,0.000000000000000000e+00
0.000000000000000000e+00,4.123538970947265625e+00,0.000000000000000000e+00,0.000000000000000000e+00,0.000000000000000000e+00,0.000000000000000000e+00,0.000000000000000000e+00
0.000000000000000000e+00,5.221630096435546875e+00,0.000000000000000000e+00,0.000000000000000000e+00,0.000000000000000000e+00,0.000000000000000000e+00,0.000000000000000000e+00
0.000000000000000000e+00,4.256415843963623047e+00,0.000000000000000000e+00,0.000000000000000000e+00,0.000000000000000000e+00,0.000000000000000000e+00,0.000000000000000000e+00
0.000000000000000000e+00,3.425758838653564453e+00,4.119527339935302734e-02,0.000000000000000000e+00,0.000000000000000000e+00,0.000000000000000000e+00,0.000000000000000000e+00
0.000000000000000000e+00,3.141875505447387695e+00,6.064509153366088867e-01,0.000000000000000000e+00,0.000000000000000000e+00,0.000000000000000000e+00,0.000000000000000000e+00
0.000000000000000000e+00,0.000000000000000000e+00,0.000000000000000000e+00,0.000000000000000000e+00,0.000000000000000000e+00,4.047234356403350830e-01,3.608443975448608398e+00
0.000000000000000000e+00,0.000000000000000000e+00,3.973618030548095703e+00,0.000000000000000000e+00,0.000000000000000000e+00,0.000000000000000000e+00,4.182778000831604004e-01
0.000000000000000000e+00,0.000000000000000000e+00,0.000000000000000000e+00,0.000000000000000000e+00,0.000000000000000000e+00,0.000000000000000000e+00,3.561378955841064453e+00
4.119288027286529541e-01,7.160429954528808594e-01,2.737186193466186523e+00,0.000000000000000000e+00,0.000000000000000000e+00,0.000000000000000000e+00,0.000000000000000000e+00
0.000000000000000000e+00,0.000000000000000000e+00,1.346369743347167969e+00,0.000000000000000000e+00,0.000000000000000000e+00,0.000000000000000000e+00,1.530201911926269531e+00
6.413583755493164062e-01,0.000000000000000000e+00,3.358380794525146484e-01,3.702811300754547119e-01,0.000000000000000000e+00,2.302267551422119141e+00,1.932056427001953125e+00
1.274366378784179688e+00,7.719507813453674316e-02,9.603397846221923828e-01,7.008849978446960449e-01,0.000000000000000000e+00,5.742001533508300781e-01,0.000000000000000000e+00
1.495448827743530273e+00,3.510385513305664062e+00,6.597235798835754395e-01,2.536780595779418945e+00,0.000000000000000000e+00,0.000000000000000000e+00,0.000000000000000000e+00
2.237285852432250977e+00,1.261063516139984131e-01,8.207848072052001953e-01,3.051484107971191406e+00,0.000000000000000000e+00,1.033125638961791992e+00,0.000000000000000000e+00
0.000000000000000000e+00,0.000000000000000000e+00,0.000000000000000000e+00,9.619850516319274902e-01,0.000000000000000000e+00,3.569623947143554688e+00,2.712477207183837891e+00
9.482362270355224609e-01,0.000000000000000000e+00,4.525282979011535645e-02,1.055965423583984375e+00,0.000000000000000000e+00,3.187844753265380859e+00,2.293388605117797852e+00
1.413312792778015137e+00,9.939762949943542480e-02,3.435863971710205078e+00,0.000000000000000000e+00,0.000000000000000000e+00,0.000000000000000000e+00,0.000000000000000000e+00
2.141880989074707031e+00,1.988502144813537598e+00,1.655984163284301758e+00,1.473681211471557617e+00,0.000000000000000000e+00,0.000000000000000000e+00,0.000000000000000000e+00
2.970695495605468750e-03,0.000000000000000000e+00,0.000000000000000000e+00,1.400694251060485840e+00,0.000000000000000000e+00,4.290176868438720703e+00,3.360439538955688477e+00
2.097955226898193359e+00,0.000000000000000000e+00,1.381457686424255371e+00,6.329473853111267090e-01,0.000000000000000000e+00,1.716393947601318359e+00,8.911060690879821777e-01
2.217277288436889648e+00,2.069881677627563477e+00,7.255578041076660156e-01,3.342783212661743164e+00,0.000000000000000000e+00,2.517313361167907715e-01,0.000000000000000000e+00
2.381129980087280273e+00,7.660074234008789062e-01,5.295436382293701172e-01,3.862661838531494141e+00,0.000000000000000000e+00,1.053861379623413086e+00,0.000000000000000000e+00
1.984225988388061523e+00,5.796656012535095215e-02,4.887635111808776855e-01,2.936697483062744141e+00,0.000000000000000000e+00,1.175098896026611328e+00,0.000000000000000000e+00
1.898713588714599609e+00,0.000000000000000000e+00,4.799810349941253662e-01,3.430553436279296875e+00,0.000000000000000000e+00,2.054620504379272461e+00,0.000000000000000000e+00
9.906573295593261719e-01,0.000000000000000000e+00,2.097471714019775391e+00,0.000000000000000000e+00,0.000000000000000000e+00,1.317288756370544434e+00,2.413043975830078125e+00
0.000000000000000000e+00,0.000000000000000000e+00,0.000000000000000000e+00,0.000000000000000000e+00,0.000000000000000000e+00,0.000000000000000000e+00,3.170916795730590820e+00
1.401836574077606201e-01,0.000000000000000000e+00,4.139883518218994141e+00,0.000000000000000000e+00,0.000000000000000000e+00,0.000000000000000000e+00,6.187487840652465820e-01
0.000000000000000000e+00,0.000000000000000000e+00,0.000000000000000000e+00,0.000000000000000000e+00,0.000000000000000000e+00,9.930671453475952148e-01,4.574648857116699219e+00
3.579068660736083984e+00,0.000000000000000000e+00,2.634043455123901367e+00,1.870235204696655273e+00,0.000000000000000000e+00,5.379491448402404785e-01,0.000000000000000000e+00
5.998085737228393555e-01,0.000000000000000000e+00,0.000000000000000000e+00,2.148592948913574219e+00,0.000000000000000000e+00,4.680603027343750000e+00,3.025332212448120117e+00
3.254547119140625000e+00,1.430423378944396973e+00,8.088724613189697266e-01,4.698372364044189453e+00,0.000000000000000000e+00,8.686304688453674316e-01,0.000000000000000000e+00
2.024594068527221680e+00,0.000000000000000000e+00,2.827062129974365234e+00,0.000000000000000000e+00,0.000000000000000000e+00,2.985079884529113770e-01,1.047685861587524414e+00
0.000000000000000000e+00,0.000000000000000000e+00,0.000000000000000000e+00,0.000000000000000000e+00,0.000000000000000000e+00,1.539576053619384766e+00,3.013306140899658203e+00
4.111781418323516846e-01,0.000000000000000000e+00,0.000000000000000000e+00,1.804399847984313965e+00,0.000000000000000000e+00,3.217535972595214844e+00,2.852536201477050781e+00
3.665105402469635010e-01,0.000000000000000000e+00,4.344199180603027344e+00,0.000000000000000000e+00,0.000000000000000000e+00,0.000000000000000000e+00,1.095481038093566895e+00
0.000000000000000000e+00,0.000000000000000000e+00,6.781163215637207031e-01,0.000000000000000000e+00,0.000000000000000000e+00,1.832651495933532715e+00,3.123869895935058594e+00
0.000000000000000000e+00,0.000000000000000000e+00,0.000000000000000000e+00,0.000000000000000000e+00,0.000000000000000000e+00,1.673421144485473633e+00,2.365848064422607422e+00
1.185572266578674316e+00,0.000000000000000000e+00,0.000000000000000000e+00,2.500296115875244141e+00,0.000000000000000000e+00,5.462947845458984375e+00,3.614295482635498047e+00
3.683014631271362305e+00,1.517179489135742188e+00,1.348310828208923340e+00,4.767225742340087891e+00,0.000000000000000000e+00,6.102110743522644043e-01,0.000000000000000000e+00
2.109190225601196289e+00,0.000000000000000000e+00,0.000000000000000000e+00,3.561587333679199219e+00,0.000000000000000000e+00,2.196199178695678711e+00,0.000000000000000000e+00
3.026988267898559570e+00,0.000000000000000000e+00,3.833867549896240234e+00,0.000000000000000000e+00,0.000000000000000000e+00,0.000000000000000000e+00,2.200872302055358887e-01
2.646045386791229248e-01,0.000000000000000000e+00,0.000000000000000000e+00,1.664822936058044434e+00,0.000000000000000000e+00,4.058814048767089844e+00,3.599283218383789062e+00
0.000000000000000000e+00,0.000000000000000000e+00,0.000000000000000000e+00,0.000000000000000000e+00,0.000000000000000000e+00,0.000000000000000000e+00,4.379854202270507812e+00
0.000000000000000000e+00,0.000000000000000000e+00,0.000000000000000000e+00,0.000000000000000000e+00,0.000000000000000000e+00,4.979042410850524902e-01,3.647537231445312500e+00
0.000000000000000000e+00,0.000000000000000000e+00,0.000000000000000000e+00,0.000000000000000000e+00,0.000000000000000000e+00,7.833912372589111328e-01,3.974106788635253906e+00
2.494074344635009766e+00,0.000000000000000000e+00,4.137560844421386719e+00,0.000000000000000000e+00,0.000000000000000000e+00,0.000000000000000000e+00,6.289290785789489746e-01
0.000000000000000000e+00,0.000000000000000000e+00,3.167357146739959717e-01,0.000000000000000000e+00,0.000000000000000000e+00,2.210368633270263672e+00,2.910091876983642578e+00
0.000000000000000000e+00,3.187657892704010010e-01,0.000000000000000000e+00,5.536220669746398926e-01,0.000000000000000000e+00,1.255754351615905762e+00,9.014970660209655762e-01
2.377867698669433594e+00,7.132458686828613281e-01,1.636435151100158691e+00,1.787718415260314941e+00,0.000000000000000000e+00,3.852580487728118896e-02,0.000000000000000000e+00
0.000000000000000000e+00,0.000000000000000000e+00,0.000000000000000000e+00,2.172503948211669922e+00,0.000000000000000000e+00,3.974999427795410156e+00,2.905698299407958984e+00
9.099540710449218750e-01,0.000000000000000000e+00,4.009303569793701172e+00,0.000000000000000000e+00,0.000000000000000000e+00,0.000000000000000000e+00,1.453056573867797852e+00
0.000000000000000000e+00,0.000000000000000000e+00,0.000000000000000000e+00,0.000000000000000000e+00,0.000000000000000000e+00,2.425893843173980713e-01,4.663637161254882812e+00
7.969394922256469727e-01,0.000000000000000000e+00,0.000000000000000000e+00,2.558953285217285156e+00,0.000000000000000000e+00,4.867422580718994141e+00,3.861689567565917969e+00
0.000000000000000000e+00,0.000000000000000000e+00,1.622627735137939453e+00,0.000000000000000000e+00,0.000000000000000000e+00,4.064965248107910156e-01,1.788253784179687500e+00
0.000000000000000000e+00,0.000000000000000000e+00,0.000000000000000000e+00,0.000000000000000000e+00,0.000000000000000000e+00,1.444369316101074219e+00,3.676042318344116211e+00
0.000000000000000000e+00,0.000000000000000000e+00,3.610575914382934570e+00,0.000000000000000000e+00,0.000000000000000000e+00,0.000000000000000000e+00,1.278887987136840820e+00
0.000000000000000000e+00,0.000000000000000000e+00,0.000000000000000000e+00,0.000000000000000000e+00,0.000000000000000000e+00,2.768871188163757324e-02,3.428980350494384766e+00
4.087763130664825439e-01,3.618057012557983398e+00,9.025062918663024902e-01,0.000000000000000000e+00,0.000000000000000000e+00,0.000000000000000000e+00,0.000000000000000000e+00
0.000000000000000000e+00,4.140837669372558594e+00,0.000000000000000000e+00,0.000000000000000000e+00,0.000000000000000000e+00,0.000000000000000000e+00,0.000000000000000000e+00
0.000000000000000000e+00,4.088336467742919922e+00,0.000000000000000000e+00,7.572118192911148071e-02,0.000000000000000000e+00,0.000000000000000000e+00,0.000000000000000000e+00
0.000000000000000000e+00,4.139964580535888672e+00,0.000000000000000000e+00,0.000000000000000000e+00,0.000000000000000000e+00,0.000000000000000000e+00,0.000000000000000000e+00
0.000000000000000000e+00,4.032045841217041016e+00,0.000000000000000000e+00,5.708543211221694946e-02,0.000000000000000000e+00,0.000000000000000000e+00,0.000000000000000000e+00
0.000000000000000000e+00,3.989983320236206055e+00,0.000000000000000000e+00,3.023306280374526978e-02,0.000000000000000000e+00,0.000000000000000000e+00,0.000000000000000000e+00
0.000000000000000000e+00,3.954095840454101562e+00,0.000000000000000000e+00,0.000000000000000000e+00,0.000000000000000000e+00,0.000000000000000000e+00,0.000000000000000000e+00
0.000000000000000000e+00,4.018917083740234375e+00,0.000000000000000000e+00,4.085697233676910400e-03,0.000000000000000000e+00,0.000000000000000000e+00,0.000000000000000000e+00
1.799053907394409180e+00,3.041640996932983398e+00,0.000000000000000000e+00,4.638869285583496094e+00,0.000000000000000000e+00,5.903413891792297363e-01,0.000000000000000000e+00
2.778069972991943359e+00,8.637821674346923828e-01,3.623056113719940186e-01,5.771593093872070312e+00,0.000000000000000000e+00,1.563768148422241211e+00,0.000000000000000000e+00
0.000000000000000000e+00,4.236580371856689453e+00,0.000000000000000000e+00,6.068603992462158203e+00,0.000000000000000000e+00,8.315173983573913574e-01,0.000000000000000000e+00
1.832849681377410889e-01,4.522359848022460938e+00,0.000000000000000000e+00,6.831858634948730469e+00,0.000000000000000000e+00,1.334467291831970215e+00,0.000000000000000000e+00
8.656148910522460938e-01,2.481770753860473633e+00,0.000000000000000000e+00,5.527696132659912109e+00,0.000000000000000000e+00,1.395535945892333984e+00,0.000000000000000000e+00
9.500585794448852539e-01,2.267468929290771484e+00,0.000000000000000000e+00,3.132652759552001953e+00,0.000000000000000000e+00,3.951353430747985840e-01,0.000000000000000000e+00
8.450509309768676758e-01,3.432189464569091797e+00,9.603811502456665039e-01,1.355380117893218994e-01,0.000000000000000000e+00,0.000000000000000000e+00,0.000000000000000000e+00
0.000000000000000000e+00,4.153018951416015625e+00,0.000000000000000000e+00,2.354647219181060791e-01,0.000000000000000000e+00,0.000000000000000000e+00,0.000000000000000000e+00
0.000000000000000000e+00,4.180588245391845703e+00,0.000000000000000000e+00,0.000000000000000000e+00,0.000000000000000000e+00,0.000000000000000000e+00,0.000000000000000000e+00
0.000000000000000000e+00,4.009708404541015625e+00,0.000000000000000000e+00,4.228202253580093384e-02,0.000000000000000000e+00,0.000000000000000000e+00,0.000000000000000000e+00
0.000000000000000000e+00,4.128488063812255859e+00,0.000000000000000000e+00,0.000000000000000000e+00,0.000000000000000000e+00,0.000000000000000000e+00,0.000000000000000000e+00
0.000000000000000000e+00,4.572757244110107422e+00,1.397317051887512207e-01,0.000000000000000000e+00,0.000000000000000000e+00,0.000000000000000000e+00,0.000000000000000000e+00
0.000000000000000000e+00,4.219486713409423828e+00,2.095981240272521973e-01,0.000000000000000000e+00,0.000000000000000000e+00,0.000000000000000000e+00,0.000000000000000000e+00
0.000000000000000000e+00,9.363328218460083008e-01,1.401969313621520996e+00,0.000000000000000000e+00,0.000000000000000000e+00,0.000000000000000000e+00,1.391159057617187500e+00
0.000000000000000000e+00,0.000000000000000000e+00,3.099082946777343750e+00,0.000000000000000000e+00,0.000000000000000000e+00,0.000000000000000000e+00,1.501253604888916016e+00
7.160023450851440430e-01,0.000000000000000000e+00,0.000000000000000000e+00,1.645533680915832520e+00,0.000000000000000000e+00,3.315031528472900391e+00,2.694835186004638672e+00
7.483185529708862305e-01,0.000000000000000000e+00,1.334860801696777344e+00,0.000000000000000000e+00,0.000000000000000000e+00,1.359720706939697266e+00,1.873744010925292969e+00
0.000000000000000000e+00,0.000000000000000000e+00,0.000000000000000000e+00,0.000000000000000000e+00,0.000000000000000000e+00,0.000000000000000000e+00,3.838585853576660156e+00
0.000000000000000000e+00,0.000000000000000000e+00,2.113901853561401367e+00,0.000000000000000000e+00,0.000000000000000000e+00,0.000000000000000000e+00,1.830656528472900391e+00
0.000000000000000000e+00,0.000000000000000000e+00,0.000000000000000000e+00,0.000000000000000000e+00,0.000000000000000000e+00,0.000000000000000000e+00,4.425257205963134766e+00
0.000000000000000000e+00,0.000000000000000000e+00,6.983399391174316406e-01,0.000000000000000000e+00,0.000000000000000000e+00,5.356088280677795410e-02,1.729314804077148438e+00
3.756947815418243408e-01,1.673354864120483398e+00,1.947151184082031250e+00,0.000000000000000000e+00,0.000000000000000000e+00,0.000000000000000000e+00,0.000000000000000000e+00
0.000000000000000000e+00,2.480497360229492188e+00,0.000000000000000000e+00,0.000000000000000000e+00,0.000000000000000000e+00,0.000000000000000000e+00,7.995509505271911621e-01
1.417705416679382324e+00,3.106209516525268555e+00,0.000000000000000000e+00,3.308990478515625000e+00,0.000000000000000000e+00,1.228270977735519409e-01,0.000000000000000000e+00
0.000000000000000000e+00,0.000000000000000000e+00,0.000000000000000000e+00,0.000000000000000000e+00,0.000000000000000000e+00,2.145521402359008789e+00,3.838089942932128906e+00
0.000000000000000000e+00,0.000000000000000000e+00,1.259575009346008301e+00,0.000000000000000000e+00,0.000000000000000000e+00,4.321938753128051758e-02,3.116075992584228516e+00
1.066910862922668457e+00,0.000000000000000000e+00,1.183755278587341309e+00,0.000000000000000000e+00,0.000000000000000000e+00,2.650221586227416992e+00,2.908217430114746094e+00
0.000000000000000000e+00,0.000000000000000000e+00,0.000000000000000000e+00,1.334256768226623535e+00,0.000000000000000000e+00,2.839989900588989258e+00,2.838437557220458984e+00
5.569980144500732422e-01,3.818299472332000732e-01,3.061068773269653320e+00,0.000000000000000000e+00,0.000000000000000000e+00,0.000000000000000000e+00,0.000000000000000000e+00
0.000000000000000000e+00,0.000000000000000000e+00,0.000000000000000000e+00,0.000000000000000000e+00,0.000000000000000000e+00,6.981883049011230469e-01,3.972641468048095703e+00
6.074765324592590332e-01,0.000000000000000000e+00,0.000000000000000000e+00,2.019674777984619141e+00,0.000000000000000000e+00,3.795213937759399414e+00,2.234537363052368164e+00
6.787292957305908203e-01,0.000000000000000000e+00,3.474793910980224609e+00,0.000000000000000000e+00,0.000000000000000000e+00,0.000000000000000000e+00,2.794413566589355469e-01
2.712171792984008789e+00,1.392047762870788574e+00,5.687527656555175781e-01,4.277168750762939453e+00,0.000000000000000000e+00,8.673136830329895020e-01,0.000000000000000000e+00
1.361575722694396973e-02,0.000000000000000000e+00,0.000000000000000000e+00,1.134099483489990234e+00,0.000000000000000000e+00,2.960752010345458984e+00,2.196606874465942383e+00
0.000000000000000000e+00,0.000000000000000000e+00,3.416059970855712891e+00,0.000000000000000000e+00,0.000000000000000000e+00,0.000000000000000000e+00,3.451082110404968262e-01
0.000000000000000000e+00,0.000000000000000000e+00,0.000000000000000000e+00,0.000000000000000000e+00,0.000000000000000000e+00,0.000000000000000000e+00,3.228886127471923828e+00
0.000000000000000000e+00,0.000000000000000000e+00,3.400114059448242188e+00,0.000000000000000000e+00,0.000000000000000000e+00,0.000000000000000000e+00,1.401527881622314453e+00
0.000000000000000000e+00,0.000000000000000000e+00,3.948277950286865234e+00,0.000000000000000000e+00,0.000000000000000000e+00,0.000000000000000000e+00,9.502946734428405762e-01
9.321964979171752930e-01,0.000000000000000000e+00,0.000000000000000000e+00,2.075124740600585938e+00,0.000000000000000000e+00,3.952072381973266602e+00,2.854119777679443359e+00
1.106567263603210449e+00,0.000000000000000000e+00,1.909222304821014404e-01,3.144455909729003906e+00,0.000000000000000000e+00,3.120563030242919922e+00,9.797028899192810059e-01
2.934167385101318359e+00,0.000000000000000000e+00,1.586736798286437988e+00,2.894455432891845703e+00,0.000000000000000000e+00,1.443135499954223633e+00,0.000000000000000000e+00
0.000000000000000000e+00,7.996819019317626953e-01,0.000000000000000000e+00,8.869270086288452148e-01,0.000000000000000000e+00,5.894373655319213867e-01,3.204894065856933594e-02
0.000000000000000000e+00,0.000000000000000000e+00,0.000000000000000000e+00,8.247240185737609863e-01,0.000000000000000000e+00,2.104288101196289062e+00,2.284111022949218750e+00
1.017600893974304199e+00,0.000000000000000000e+00,4.568727493286132812e+00,0.000000000000000000e+00,0.000000000000000000e+00,0.000000000000000000e+00,5.109406113624572754e-01
0.000000000000000000e+00,0.000000000000000000e+00,0.000000000000000000e+00,0.000000000000000000e+00,0.000000000000000000e+00,0.000000000000000000e+00,4.527782440185546875e+00
0.000000000000000000e+00,0.000000000000000000e+00,0.000000000000000000e+00,0.000000000000000000e+00,0.000000000000000000e+00,3.926863968372344971e-01,4.783685207366943359e+00
1.493889689445495605e-01,0.000000000000000000e+00,3.726644039154052734e+00,0.000000000000000000e+00,0.000000000000000000e+00,0.000000000000000000e+00,1.861260652542114258e+00
1.137905001640319824e+00,7.192606925964355469e-01,2.698823451995849609e+00,0.000000000000000000e+00,0.000000000000000000e+00,0.000000000000000000e+00,0.000000000000000000e+00
7.081376314163208008e-01,0.000000000000000000e+00,0.000000000000000000e+00,1.874851584434509277e+00,0.000000000000000000e+00,3.657425403594970703e+00,2.203123092651367188e+00
6.803863048553466797e-01,0.000000000000000000e+00,0.000000000000000000e+00,1.616977810859680176e+00,0.000000000000000000e+00,2.427457332611083984e+00,1.343452215194702148e+00
2.024678707122802734e+00,5.527297258377075195e-01,6.317535638809204102e-01,3.503688335418701172e+00,0.000000000000000000e+00,1.083943128585815430e+00,0.000000000000000000e+00
1.510921239852905273e+00,2.995783388614654541e-01,1.872241795063018799e-01,3.205642700195312500e+00,0.000000000000000000e+00,1.314296364784240723e+00,0.000000000000000000e+00
0.000000000000000000e+00,0.000000000000000000e+00,3.298171520233154297e+00,0.000000000000000000e+00,0.000000000000000000e+00,0.000000000000000000e+00,5.374888181686401367e-01
0.000000000000000000e+00,0.000000000000000000e+00,0.000000000000000000e+00,0.000000000000000000e+00,0.000000000000000000e+00,2.113889932632446289e+00,2.957435369491577148e+00
2.372969090938568115e-01,0.000000000000000000e+00,0.000000000000000000e+00,1.747487068176269531e+00,0.000000000000000000e+00,3.908064842224121094e+00,2.650527954101562500e+00
7.871497869491577148e-01,0.000000000000000000e+00,0.000000000000000000e+00,1.907129406929016113e+00,0.000000000000000000e+00,4.526803493499755859e+00,3.236391544342041016e+00
4.398635327816009521e-01,0.000000000000000000e+00,0.000000000000000000e+00,2.209897041320800781e+00,0.000000000000000000e+00,3.673543453216552734e+00,2.071031093597412109e+00
3.448061943054199219e+00,0.000000000000000000e+00,1.335206389427185059e+00,4.436815738677978516e+00,0.000000000000000000e+00,1.681171655654907227e+00,0.000000000000000000e+00
2.915814638137817383e+00,0.000000000000000000e+00,1.821975827217102051e+00,2.338209867477416992e+00,0.000000000000000000e+00,1.378521084785461426e+00,0.000000000000000000e+00
1.742747426033020020e-01,0.000000000000000000e+00,0.000000000000000000e+00,1.738483548164367676e+00,0.000000000000000000e+00,2.263550996780395508e+00,1.173409461975097656e+00
2.052967846393585205e-01,2.305637121200561523e+00,6.029603481292724609e-01,0.000000000000000000e+00,0.000000000000000000e+00,0.000000000000000000e+00,0.000000000000000000e+00
2.263183116912841797e+00,7.077905535697937012e-02,1.621700763702392578e+00,1.794014811515808105e+00,0.000000000000000000e+00,5.834728479385375977e-01,0.000000000000000000e+00
5.728549957275390625e-01,0.000000000000000000e+00,0.000000000000000000e+00,2.075608491897583008e+00,0.000000000000000000e+00,3.930460453033447266e+00,3.371446847915649414e+00
1.230774879455566406e+00,0.000000000000000000e+00,3.333040952682495117e+00,0.000000000000000000e+00,0.000000000000000000e+00,3.060611188411712646e-01,2.095222711563110352e+00
0.000000000000000000e+00,0.000000000000000000e+00,5.858734846115112305e-01,0.000000000000000000e+00,0.000000000000000000e+00,4.097403883934020996e-01,4.047494411468505859e+00
2.639649629592895508e+00,0.000000000000000000e+00,4.064239501953125000e+00,0.000000000000000000e+00,0.000000000000000000e+00,0.000000000000000000e+00,4.478244781494140625e-01
6.976426839828491211e-01,0.000000000000000000e+00,0.000000000000000000e+00,2.190962791442871094e+00,0.000000000000000000e+00,3.610260486602783203e+00,2.552479982376098633e+00
0.000000000000000000e+00,0.000000000000000000e+00,9.303334951400756836e-01,0.000000000000000000e+00,0.000000000000000000e+00,0.000000000000000000e+00,2.355587005615234375e+00
0.000000000000000000e+00,0.000000000000000000e+00,3.449954032897949219e+00,0.000000000000000000e+00,0.000000000000000000e+00,0.000000000000000000e+00,6.693634390830993652e-01
0.000000000000000000e+00,0.000000000000000000e+00,6.187537908554077148e-01,0.000000000000000000e+00,0.000000000000000000e+00,0.000000000000000000e+00,2.834756851196289062e+00
0.000000000000000000e+00,4.077678680419921875e+00,6.294815540313720703e-01,0.000000000000000000e+00,0.000000000000000000e+00,0.000000000000000000e+00,0.000000000000000000e+00
0.000000000000000000e+00,4.044655323028564453e+00,0.000000000000000000e+00,0.000000000000000000e+00,0.000000000000000000e+00,0.000000000000000000e+00,0.000000000000000000e+00
0.000000000000000000e+00,4.056859970092773438e+00,0.000000000000000000e+00,4.054085165262222290e-02,0.000000000000000000e+00,0.000000000000000000e+00,0.000000000000000000e+00
0.000000000000000000e+00,3.958636283874511719e+00,0.000000000000000000e+00,0.000000000000000000e+00,0.000000000000000000e+00,0.000000000000000000e+00,0.000000000000000000e+00
0.000000000000000000e+00,3.904993772506713867e+00,0.000000000000000000e+00,1.227563992142677307e-01,0.000000000000000000e+00,0.000000000000000000e+00,0.000000000000000000e+00
0.000000000000000000e+00,4.119505405426025391e+00,0.000000000000000000e+00,9.842816740274429321e-02,0.000000000000000000e+00,0.000000000000000000e+00,0.000000000000000000e+00
0.000000000000000000e+00,4.151396751403808594e+00,0.000000000000000000e+00,0.000000000000000000e+00,0.000000000000000000e+00,0.000000000000000000e+00,0.000000000000000000e+00
0.000000000000000000e+00,5.806566238403320312e+00,1.628831326961517334e-01,0.000000000000000000e+00,0.000000000000000000e+00,0.000000000000000000e+00,0.000000000000000000e+00
3.098637104034423828e+00,1.061421871185302734e+00,5.208759307861328125e-01,5.421896934509277344e+00,0.000000000000000000e+00,1.260667204856872559e+00,0.000000000000000000e+00
1.354330182075500488e+00,1.725949406623840332e+00,0.000000000000000000e+00,5.594611644744873047e+00,0.000000000000000000e+00,1.426061749458312988e+00,0.000000000000000000e+00
3.393454551696777344e+00,8.432593345642089844e-01,1.500406622886657715e+00,4.295365810394287109e+00,0.000000000000000000e+00,5.455412268638610840e-01,0.000000000000000000e+00
4.305988550186157227e-03,4.201338291168212891e+00,3.994902968406677246e-02,5.694364905357360840e-01,0.000000000000000000e+00,0.000000000000000000e+00,0.000000000000000000e+00
0.000000000000000000e+00,4.905121326446533203e+00,1.800032109022140503e-01,0.000000000000000000e+00,0.000000000000000000e+00,0.000000000000000000e+00,0.000000000000000000e+00
0.000000000000000000e+00,4.809440612792968750e+00,0.000000000000000000e+00,0.000000000000000000e+00,0.000000000000000000e+00,0.000000000000000000e+00,0.000000000000000000e+00
0.000000000000000000e+00,4.301725864410400391e+00,0.000000000000000000e+00,0.000000000000000000e+00,0.000000000000000000e+00,0.000000000000000000e+00,0.000000000000000000e+00
0.000000000000000000e+00,4.117152214050292969e+00,0.000000000000000000e+00,0.000000000000000000e+00,0.000000000000000000e+00,0.000000000000000000e+00,0.000000000000000000e+00
0.000000000000000000e+00,4.868031978607177734e+00,2.076054215431213379e-01,0.000000000000000000e+00,0.000000000000000000e+00,0.000000000000000000e+00,0.000000000000000000e+00
0.000000000000000000e+00,4.480425357818603516e+00,8.812049031257629395e-02,0.000000000000000000e+00,0.000000000000000000e+00,0.000000000000000000e+00,0.000000000000000000e+00
0.000000000000000000e+00,4.396408081054687500e+00,0.000000000000000000e+00,0.000000000000000000e+00,0.000000000000000000e+00,0.000000000000000000e+00,0.000000000000000000e+00
0.000000000000000000e+00,4.127303123474121094e+00,0.000000000000000000e+00,0.000000000000000000e+00,0.000000000000000000e+00,0.000000000000000000e+00,0.000000000000000000e+00
0.000000000000000000e+00,4.477904319763183594e+00,5.160109400749206543e-01,0.000000000000000000e+00,0.000000000000000000e+00,0.000000000000000000e+00,0.000000000000000000e+00
0.000000000000000000e+00,0.000000000000000000e+00,0.000000000000000000e+00,0.000000000000000000e+00,0.000000000000000000e+00,0.000000000000000000e+00,4.844006538391113281e+00
3.362450003623962402e-02,0.000000000000000000e+00,3.706351280212402344e+00,0.000000000000000000e+00,0.000000000000000000e+00,0.000000000000000000e+00,2.224044203758239746e-01
0.000000000000000000e+00,0.000000000000000000e+00,0.000000000000000000e+00,0.000000000000000000e+00,0.000000000000000000e+00,0.000000000000000000e+00,4.408470153808593750e+00
0.000000000000000000e+00,0.000000000000000000e+00,2.724397897720336914e+00,0.000000000000000000e+00,0.000000000000000000e+00,0.000000000000000000e+00,1.587807416915893555e+00
0.000000000000000000e+00,0.000000000000000000e+00,0.000000000000000000e+00,0.000000000000000000e+00,0.000000000000000000e+00,4.658180475234985352e-01,4.039821624755859375e+00
6.504207849502563477e-01,4.256884753704071045e-01,2.738278388977050781e+00,0.000000000000000000e+00,0.000000000000000000e+00,0.000000000000000000e+00,3.769099712371826172e-03
0.000000000000000000e+00,0.000000000000000000e+00,0.000000000000000000e+00,0.000000000000000000e+00,0.000000000000000000e+00,2.090936422348022461e+00,3.825401067733764648e+00
1.690450310707092285e+00,1.989824533462524414e+00,1.365688443183898926e+00,1.284808278083801270e+00,0.000000000000000000e+00,0.000000000000000000e+00,0.000000000000000000e+00
1.243207156658172607e-01,1.904164910316467285e+00,0.000000000000000000e+00,1.255306601524353027e+00,0.000000000000000000e+00,1.338181346654891968e-01,0.000000000000000000e+00
1.811085462570190430e+00,2.839002370834350586e+00,4.948762059211730957e-02,3.798093795776367188e+00,0.000000000000000000e+00,3.648204207420349121e-01,0.000000000000000000e+00
0.000000000000000000e+00,0.000000000000000000e+00,0.000000000000000000e+00,0.000000000000000000e+00,0.000000000000000000e+00,1.731322050094604492e+00,3.252901554107666016e+00
0.000000000000000000e+00,0.000000000000000000e+00,3.857267379760742188e+00,0.000000000000000000e+00,0.000000000000000000e+00,0.000000000000000000e+00,5.163189768791198730e-01
0.000000000000000000e+00,0.000000000000000000e+00,9.318038821220397949e-02,0.000000000000000000e+00,0.000000000000000000e+00,9.738287925720214844e-01,3.513942003250122070e+00
0.000000000000000000e+00,0.000000000000000000e+00,0.000000000000000000e+00,0.000000000000000000e+00,0.000000000000000000e+00,1.655978322029113770e+00,2.991611719131469727e+00
0.000000000000000000e+00,0.000000000000000000e+00,0.000000000000000000e+00,0.000000000000000000e+00,0.000000000000000000e+00,2.103322029113769531e+00,3.235834360122680664e+00
9.428879022598266602e-01,2.100728452205657959e-01,2.528646230697631836e+00,0.000000000000000000e+00,0.000000000000000000e+00,0.000000000000000000e+00,0.000000000000000000e+00
1.533185958862304688e+00,0.000000000000000000e+00,1.281661391258239746e+00,9.424523711204528809e-01,0.000000000000000000e+00,8.493278622627258301e-01,2.026094794273376465e-01
2.781592369079589844e+00,1.343714892864227295e-01,1.266952753067016602e+00,2.865865230560302734e+00,0.000000000000000000e+00,7.473587989807128906e-01,0.000000000000000000e+00
2.600401401519775391e+00,1.857370734214782715e+00,2.259656786918640137e-01,4.570961475372314453e+00,0.000000000000000000e+00,9.372925162315368652e-01,0.000000000000000000e+00
3.051990985870361328e+00,1.954583525657653809e+00,1.761318087577819824e+00,2.805085420608520508e+00,0.000000000000000000e+00,0.000000000000000000e+00,0.000000000000000000e+00
0.000000000000000000e+00,0.000000000000000000e+00,0.000000000000000000e+00,0.000000000000000000e+00,0.000000000000000000e+00,2.201057434082031250e+00,2.294023513793945312e+00
1.007856249809265137e+00,0.000000000000000000e+00,0.000000000000000000e+00,1.306117892265319824e+00,0.000000000000000000e+00,4.026942729949951172e+00,2.845541000366210938e+00
1.797249019145965576e-01,0.000000000000000000e+00,2.884468138217926025e-01,3.122773468494415283e-01,0.000000000000000000e+00,2.039122343063354492e+00,2.107015371322631836e+00
2.141921043395996094e+00,0.000000000000000000e+00,1.852194905281066895e+00,9.779382348060607910e-01,0.000000000000000000e+00,1.680170178413391113e+00,1.269423484802246094e+00
6.563678979873657227e-01,0.000000000000000000e+00,0.000000000000000000e+00,2.050895690917968750e+00,0.000000000000000000e+00,4.660940647125244141e+00,2.946533679962158203e+00
1.699805498123168945e+00,0.000000000000000000e+00,1.040084600448608398e+00,8.291850686073303223e-01,0.000000000000000000e+00,1.936984896659851074e+00,1.216495990753173828e+00
2.306144237518310547e+00,6.742078065872192383e-01,1.142129659652709961e+00,2.462377071380615234e+00,0.000000000000000000e+00,3.822131156921386719e-01,0.000000000000000000e+00
1.803493976593017578e+00,1.614752292633056641e+00,0.000000000000000000e+00,4.393355369567871094e+00,0.000000000000000000e+00,1.219463706016540527e+00,0.000000000000000000e+00
1.543869137763977051e+00,0.000000000000000000e+00,4.473529338836669922e+00,0.000000000000000000e+00,0.000000000000000000e+00,0.000000000000000000e+00,6.258339285850524902e-01
0.000000000000000000e+00,0.000000000000000000e+00,0.000000000000000000e+00,1.276138782501220703e+00,0.000000000000000000e+00,3.214915752410888672e+00,3.032624244689941406e+00
3.559185862541198730e-01,0.000000000000000000e+00,0.000000000000000000e+00,2.150905132293701172e+00,0.000000000000000000e+00,4.730201244354248047e+00,2.733717441558837891e+00
0.000000000000000000e+00,0.000000000000000000e+00,1.024826407432556152e+00,0.000000000000000000e+00,0.000000000000000000e+00,1.324684023857116699e+00,2.504346370697021484e+00
2.687492370605468750e+00,0.000000000000000000e+00,2.828254222869873047e+00,4.520457088947296143e-01,0.000000000000000000e+00,0.000000000000000000e+00,0.000000000000000000e+00
3.001600742340087891e+00,0.000000000000000000e+00,7.253204584121704102e-01,4.066261291503906250e+00,0.000000000000000000e+00,1.826382637023925781e+00,0.000000000000000000e+00
5.386612415313720703e+00,0.000000000000000000e+00,2.453063964843750000e+00,4.744561672210693359e+00,0.000000000000000000e+00,2.053529977798461914e+00,0.000000000000000000e+00
6.907285451889038086e-01,0.000000000000000000e+00,0.000000000000000000e+00,3.777086019515991211e+00,0.000000000000000000e+00,4.260049819946289062e+00,1.783231973648071289e+00
4.338042259216308594e+00,1.467477560043334961e+00,1.351391315460205078e+00,5.284792423248291016e+00,0.000000000000000000e+00,6.430357098579406738e-01,0.000000000000000000e+00
2.897872924804687500e+00,1.049028515815734863e+00,5.769529938697814941e-01,4.215980052947998047e+00,0.000000000000000000e+00,8.767246603965759277e-01,0.000000000000000000e+00
3.974351882934570312e+00,1.264444589614868164e+00,1.306380987167358398e+00,4.702575206756591797e+00,0.000000000000000000e+00,5.756288170814514160e-01,0.000000000000000000e+00
3.417287111282348633e+00,2.857746779918670654e-01,8.485057353973388672e-01,4.663576602935791016e+00,0.000000000000000000e+00,1.220496892929077148e+00,0.000000000000000000e+00
1.590820789337158203e+00,0.000000000000000000e+00,0.000000000000000000e+00,3.635606765747070312e+00,0.000000000000000000e+00,2.101889610290527344e+00,0.000000000000000000e+00
4.114740848541259766e+00,0.000000000000000000e+00,1.757206320762634277e+00,3.881744861602783203e+00,0.000000000000000000e+00,8.463500142097473145e-01,0.000000000000000000e+00
2.523695945739746094e+00,0.000000000000000000e+00,1.479824304580688477e+00,1.845162272453308105e+00,0.000000000000000000e+00,1.645007252693176270e+00,1.857206225395202637e-01
1.169182062149047852e+00,0.000000000000000000e+00,0.000000000000000000e+00,3.078442096710205078e+00,0.000000000000000000e+00,5.472877979278564453e+00,3.243977069854736328e+00
4.008585929870605469e+00,0.000000000000000000e+00,2.203404664993286133e+00,2.779842376708984375e+00,0.000000000000000000e+00,1.633056044578552246e+00,0.000000000000000000e+00
1.072207212448120117e+00,0.000000000000000000e+00,0.000000000000000000e+00,2.136316299438476562e+00,0.000000000000000000e+00,4.116407394409179688e+00,2.646261215209960938e+00
4.135649204254150391e+00,0.000000000000000000e+00,3.008229255676269531e+00,1.662150740623474121e+00,0.000000000000000000e+00,1.429627895355224609e+00,0.000000000000000000e+00
8.555136919021606445e-01,0.000000000000000000e+00,0.000000000000000000e+00,2.720371007919311523e+00,0.000000000000000000e+00,3.907565832138061523e+00,2.105288505554199219e+00
2.934019327163696289e+00,6.596211194992065430e-01,1.905688047409057617e+00,2.172088384628295898e+00,0.000000000000000000e+00,3.829345107078552246e-03,0.000000000000000000e+00
0.000000000000000000e+00,0.000000000000000000e+00,0.000000000000000000e+00,0.000000000000000000e+00,0.000000000000000000e+00,2.529778003692626953e+00,3.461473703384399414e+00
1.272397041320800781e+00,0.000000000000000000e+00,1.969908177852630615e-01,1.982625007629394531e+00,0.000000000000000000e+00,4.062731742858886719e+00,2.627947330474853516e+00
0.000000000000000000e+00,0.000000000000000000e+00,0.000000000000000000e+00,0.000000000000000000e+00,0.000000000000000000e+00,2.172485351562500000e+00,4.115749835968017578e+00
2.301765203475952148e+00,0.000000000000000000e+00,4.806812763214111328e+00,0.000000000000000000e+00,0.000000000000000000e+00,0.000000000000000000e+00,1.360090970993041992e+00
3.869009017944335938e-01,0.000000000000000000e+00,0.000000000000000000e+00,2.205174922943115234e+00,0.000000000000000000e+00,5.240581035614013672e+00,4.389227867126464844e+00
4.209251403808593750e+00,0.000000000000000000e+00,4.348090648651123047e+00,0.000000000000000000e+00,0.000000000000000000e+00,7.281406521797180176e-01,7.926193475723266602e-01
1.023452877998352051e+00,0.000000000000000000e+00,0.000000000000000000e+00,2.103961944580078125e+00,0.000000000000000000e+00,5.170949935913085938e+00,3.750760078430175781e+00
1.166754603385925293e+00,0.000000000000000000e+00,2.273252725601196289e+00,0.000000000000000000e+00,0.000000000000000000e+00,9.212048053741455078e-01,1.965133428573608398e+00
0.000000000000000000e+00,7.776684761047363281e-01,1.030621051788330078e+00,0.000000000000000000e+00,0.000000000000000000e+00,0.000000000000000000e+00,2.336375474929809570e+00
0.000000000000000000e+00,3.782056808471679688e+00,0.000000000000000000e+00,1.371869146823883057e-01,0.000000000000000000e+00,0.000000000000000000e+00,0.000000000000000000e+00
0.000000000000000000e+00,4.341935157775878906e+00,0.000000000000000000e+00,0.000000000000000000e+00,0.000000000000000000e+00,0.000000000000000000e+00,0.000000000000000000e+00
0.000000000000000000e+00,4.225578308105468750e+00,0.000000000000000000e+00,0.000000000000000000e+00,0.000000000000000000e+00,0.000000000000000000e+00,0.000000000000000000e+00
0.000000000000000000e+00,3.970144033432006836e+00,0.000000000000000000e+00,0.000000000000000000e+00,0.000000000000000000e+00,0.000000000000000000e+00,0.000000000000000000e+00
0.000000000000000000e+00,4.097965240478515625e+00,0.000000000000000000e+00,1.835934072732925415e-02,0.000000000000000000e+00,0.000000000000000000e+00,0.000000000000000000e+00
0.000000000000000000e+00,3.869674444198608398e+00,0.000000000000000000e+00,6.578840315341949463e-03,0.000000000000000000e+00,0.000000000000000000e+00,0.000000000000000000e+00
0.000000000000000000e+00,3.937848329544067383e+00,0.000000000000000000e+00,0.000000000000000000e+00,0.000000000000000000e+00,0.000000000000000000e+00,0.000000000000000000e+00
0.000000000000000000e+00,4.040354251861572266e+00,0.000000000000000000e+00,0.000000000000000000e+00,0.000000000000000000e+00,0.000000000000000000e+00,0.000000000000000000e+00
2.417800426483154297e+00,7.022073268890380859e-01,5.072758197784423828e-01,4.273620128631591797e+00,0.000000000000000000e+00,1.143671751022338867e+00,0.000000000000000000e+00
1.324375629425048828e+00,1.706941604614257812e+00,0.000000000000000000e+00,5.689229488372802734e+00,0.000000000000000000e+00,1.696292877197265625e+00,0.000000000000000000e+00
0.000000000000000000e+00,2.946781396865844727e+00,0.000000000000000000e+00,5.802542209625244141e+00,0.000000000000000000e+00,1.748600602149963379e+00,0.000000000000000000e+00
2.751914978027343750e+00,8.760458230972290039e-01,1.129318356513977051e+00,3.824555873870849609e+00,0.000000000000000000e+00,7.762034535408020020e-01,0.000000000000000000e+00
2.741678655147552490e-01,3.909552335739135742e+00,1.376369595527648926e+00,0.000000000000000000e+00,0.000000000000000000e+00,0.000000000000000000e+00,0.000000000000000000e+00
0.000000000000000000e+00,3.948476076126098633e+00,0.000000000000000000e+00,3.426479399204254150e-01,0.000000000000000000e+00,0.000000000000000000e+00,0.000000000000000000e+00
0.000000000000000000e+00,4.821306228637695312e+00,0.000000000000000000e+00,0.000000000000000000e+00,0.000000000000000000e+00,0.000000000000000000e+00,0.000000000000000000e+00
0.000000000000000000e+00,3.989754676818847656e+00,0.000000000000000000e+00,4.064814001321792603e-02,0.000000000000000000e+00,0.000000000000000000e+00,0.000000000000000000e+00
0.000000000000000000e+00,4.538761138916015625e+00,0.000000000000000000e+00,0.000000000000000000e+00,0.000000000000000000e+00,0.000000000000000000e+00,0.000000000000000000e+00
0.000000000000000000e+00,4.312155723571777344e+00,0.000000000000000000e+00,0.000000000000000000e+00,0.000000000000000000e+00,0.000000000000000000e+00,0.000000000000000000e+00
0.000000000000000000e+00,4.045887947082519531e+00,0.000000000000000000e+00,0.000000000000000000e+00,0.000000000000000000e+00,0.000000000000000000e+00,0.000000000000000000e+00
0.000000000000000000e+00,4.396860122680664062e+00,0.000000000000000000e+00,1.468666553497314453e+00,0.000000000000000000e+00,0.000000000000000000e+00,0.000000000000000000e+00
0.000000000000000000e+00,3.750673532485961914e+00,0.000000000000000000e+00,4.690996706485748291e-01,0.000000000000000000e+00,0.000000000000000000e+00,0.000000000000000000e+00
5.797645449638366699e-02,3.681622028350830078e+00,1.481360197067260742e-01,7.118987441062927246e-01,0.000000000000000000e+00,0.000000000000000000e+00,0.000000000000000000e+00
0.000000000000000000e+00,0.000000000000000000e+00,4.706580042839050293e-01,0.000000000000000000e+00,0.000000000000000000e+00,0.000000000000000000e+00,3.238984584808349609e+00
4.773415625095367432e-01,0.000000000000000000e+00,0.000000000000000000e+00,2.224703788757324219e+00,0.000000000000000000e+00,2.695136070251464844e+00,1.010924816131591797e+00
0.000000000000000000e+00,0.000000000000000000e+00,7.266707420349121094e-01,0.000000000000000000e+00,0.000000000000000000e+00,1.132047772407531738e+00,2.400886535644531250e+00
0.000000000000000000e+00,0.000000000000000000e+00,0.000000000000000000e+00,1.376989960670471191e+00,0.000000000000000000e+00,4.276266574859619141e+00,3.037826061248779297e+00
0.000000000000000000e+00,2.165396213531494141e-01,0.000000000000000000e+00,0.000000000000000000e+00,0.000000000000000000e+00,1.095356643199920654e-01,3.982548713684082031e+00
2.857257366180419922e+00,0.000000000000000000e+00,1.867908954620361328e+00,1.383471131324768066e+00,0.000000000000000000e+00,1.537270665168762207e+00,4.320595264434814453e-01
8.509575128555297852e-01,0.000000000000000000e+00,0.000000000000000000e+00,1.741902828216552734e+00,0.000000000000000000e+00,4.033079624176025391e+00,2.666384220123291016e+00
1.877364039421081543e+00,2.591416835784912109e+00,2.028989791870117188e+00,6.397134661674499512e-01,0.000000000000000000e+00,0.000000000000000000e+00,0.000000000000000000e+00
0.000000000000000000e+00,0.000000000000000000e+00,0.000000000000000000e+00,6.923702359199523926e-01,0.000000000000000000e+00,3.079556226730346680e+00,2.627693176269531250e+00
1.427583098411560059e+00,0.000000000000000000e+00,8.022484779357910156e-01,1.196169376373291016e+00,0.000000000000000000e+00,2.202126264572143555e+00,1.379419803619384766e+00
0.000000000000000000e+00,0.000000000000000000e+00,3.720189571380615234e+00,0.000000000000000000e+00,0.000000000000000000e+00,0.000000000000000000e+00,1.496475696563720703e+00
0.000000000000000000e+00,0.000000000000000000e+00,0.000000000000000000e+00,0.000000000000000000e+00,0.000000000000000000e+00,8.907390236854553223e-01,4.309132099151611328e+00
2.572770833969116211e+00,0.000000000000000000e+00,1.804884433746337891e+00,1.480428814888000488e+00,0.000000000000000000e+00,2.180174112319946289e+00,1.332576751708984375e+00
7.229576110839843750e-01,0.000000000000000000e+00,0.000000000000000000e+00,6.869974732398986816e-01,0.000000000000000000e+00,3.163703918457031250e+00,2.509280204772949219e+00
2.350032031536102295e-01,0.000000000000000000e+00,0.000000000000000000e+00,1.482276797294616699e+00,0.000000000000000000e+00,3.170780658721923828e+00,2.021171808242797852e+00
2.089983701705932617e+00,1.186154246330261230e+00,1.533673763275146484e+00,1.510652422904968262e+00,0.000000000000000000e+00,0.000000000000000000e+00,0.000000000000000000e+00
7.959308624267578125e-01,1.882650852203369141e-01,0.000000000000000000e+00,1.925260543823242188e+00,0.000000000000000000e+00,1.271832346916198730e+00,0.000000000000000000e+00
1.963873028755187988e+00,2.173680067062377930e+00,9.335814714431762695e-01,2.368893623352050781e+00,0.000000000000000000e+00,0.000000000000000000e+00,0.000000000000000000e+00
0.000000000000000000e+00,0.000000000000000000e+00,0.000000000000000000e+00,0.000000000000000000e+00,0.000000000000000000e+00,2.554479598999023438e+00,2.763300657272338867e+00
3.004760503768920898e+00,7.568752765655517578e-01,3.158111333847045898e+00,9.098224043846130371e-01,0.000000000000000000e+00,0.000000000000000000e+00,0.000000000000000000e+00
0.000000000000000000e+00,0.000000000000000000e+00,0.000000000000000000e+00,0.000000000000000000e+00,0.000000000000000000e+00,1.502617716789245605e+00,3.970697402954101562e+00
1.954844117164611816e+00,0.000000000000000000e+00,1.753767967224121094e+00,3.539262115955352783e-01,0.000000000000000000e+00,1.184134364128112793e+00,8.123374581336975098e-01
1.974714696407318115e-01,0.000000000000000000e+00,0.000000000000000000e+00,3.830193579196929932e-01,0.000000000000000000e+00,2.970438957214355469e+00,2.511601686477661133e+00
2.505592346191406250e+00,0.000000000000000000e+00,1.505202889442443848e+00,2.136482000350952148e+00,0.000000000000000000e+00,1.870870351791381836e+00,4.787880480289459229e-01
1.651135087013244629e+00,0.000000000000000000e+00,1.047043800354003906e-01,2.027660369873046875e+00,0.000000000000000000e+00,2.865694761276245117e+00,1.081376075744628906e+00
2.589578628540039062e+00,3.116851806640625000e+00,6.383141279220581055e-01,3.969020128250122070e+00,0.000000000000000000e+00,0.000000000000000000e+00,0.000000000000000000e+00
0.000000000000000000e+00,0.000000000000000000e+00,0.000000000000000000e+00,4.965763390064239502e-01,0.000000000000000000e+00,2.622749328613281250e+00,2.209933757781982422e+00
3.285797595977783203e+00,1.703080534934997559e-02,3.092590093612670898e+00,7.678987383842468262e-01,0.000000000000000000e+00,0.000000000000000000e+00,0.000000000000000000e+00
0.000000000000000000e+00,0.000000000000000000e+00,0.000000000000000000e+00,7.862432599067687988e-01,0.000000000000000000e+00,3.642043590545654297e+00,3.043025970458984375e+00
0.000000000000000000e+00,0.000000000000000000e+00,0.000000000000000000e+00,3.173061907291412354e-01,0.000000000000000000e+00,3.326261997222900391e+00,3.268776416778564453e+00
2.518845081329345703e+00,0.000000000000000000e+00,3.521000623703002930e+00,0.000000000000000000e+00,0.000000000000000000e+00,0.000000000000000000e+00,0.000000000000000000e+00
5.149213075637817383e-01,0.000000000000000000e+00,0.000000000000000000e+00,1.713971495628356934e+00,0.000000000000000000e+00,4.872157573699951172e+00,3.401232242584228516e+00
3.274855136871337891e+00,0.000000000000000000e+00,1.502070426940917969e+00,2.562474250793457031e+00,0.000000000000000000e+00,2.289630174636840820e+00,3.001493811607360840e-01
1.139504909515380859e+00,0.000000000000000000e+00,0.000000000000000000e+00,2.498332500457763672e+00,0.000000000000000000e+00,2.837682247161865234e+00,6.928279995918273926e-01
3.671737670898437500e+00,2.065270662307739258e+00,1.330812573432922363e+00,4.699337482452392578e+00,0.000000000000000000e+00,3.135946393013000488e-01,0.000000000000000000e+00
3.453907012939453125e+00,1.617889046669006348e+00,1.556326389312744141e+00,3.774329185485839844e+00,0.000000000000000000e+00,1.242812126874923706e-01,0.000000000000000000e+00
4.259388744831085205e-01,0.000000000000000000e+00,0.000000000000000000e+00,1.647620320320129395e+00,0.000000000000000000e+00,2.295159101486206055e+00,1.133238554000854492e+00
0.000000000000000000e+00,0.000000000000000000e+00,2.676632642745971680e+00,0.000000000000000000e+00,0.000000000000000000e+00,0.000000000000000000e+00,4.555772542953491211e-01
0.000000000000000000e+00,0.000000000000000000e+00,0.000000000000000000e+00,0.000000000000000000e+00,0.000000000000000000e+00,7.293024659156799316e-01,3.662438392639160156e+00
3.467290401458740234e+00,0.000000000000000000e+00,2.425893783569335938e+00,2.055501222610473633e+00,0.000000000000000000e+00,1.341937422752380371e+00,5.566936731338500977e-02
2.223725795745849609e+00,0.000000000000000000e+00,2.141938447952270508e+00,0.000000000000000000e+00,0.000000000000000000e+00,2.283985137939453125e+00,2.425722599029541016e+00
8.744238615036010742e-01,0.000000000000000000e+00,0.000000000000000000e+00,1.635519385337829590e+00,0.000000000000000000e+00,3.711236715316772461e+00,2.445450067520141602e+00
2.732367217540740967e-01,0.000000000000000000e+00,0.000000000000000000e+00,1.542065501213073730e+00,0.000000000000000000e+00,4.598951339721679688e+00,3.337795019149780273e+00
1.462459921836853027e+00,0.000000000000000000e+00,0.000000000000000000e+00,3.051616907119750977e+00,0.000000000000000000e+00,3.706934928894042969e+00,1.138951301574707031e+00
3.113637447357177734e+00,7.309485673904418945e-01,2.218882560729980469e+00,2.058458805084228516e+00,0.000000000000000000e+00,0.000000000000000000e+00,0.000000000000000000e+00
2.939961850643157959e-02,0.000000000000000000e+00,0.000000000000000000e+00,5.360687375068664551e-01,0.000000000000000000e+00,3.206240892410278320e+00,3.307101249694824219e+00
1.329277157783508301e+00,0.000000000000000000e+00,4.187483787536621094e+00,0.000000000000000000e+00,0.000000000000000000e+00,0.000000000000000000e+00,7.064350843429565430e-01
0.000000000000000000e+00,0.000000000000000000e+00,0.000000000000000000e+00,0.000000000000000000e+00,0.000000000000000000e+00,5.216540098190307617e-01,5.217488765716552734e+00
0.000000000000000000e+00,0.000000000000000000e+00,0.000000000000000000e+00,0.000000000000000000e+00,0.000000000000000000e+00,2.687778472900390625e+00,3.352818012237548828e+00
0.000000000000000000e+00,0.000000000000000000e+00,0.000000000000000000e+00,0.000000000000000000e+00,0.000000000000000000e+00,1.775123357772827148e+00,3.106476068496704102e+00
0.000000000000000000e+00,0.000000000000000000e+00,0.000000000000000000e+00,0.000000000000000000e+00,0.000000000000000000e+00,1.152547597885131836e+00,3.371248245239257812e+00
9.858509302139282227e-01,0.000000000000000000e+00,4.467972755432128906e+00,0.000000000000000000e+00,0.000000000000000000e+00,0.000000000000000000e+00,1.183320999145507812e+00
0.000000000000000000e+00,5.682661533355712891e-01,0.000000000000000000e+00,0.000000000000000000e+00,0.000000000000000000e+00,0.000000000000000000e+00,3.500625610351562500e+00
0.000000000000000000e+00,4.260621547698974609e+00,0.000000000000000000e+00,0.000000000000000000e+00,0.000000000000000000e+00,0.000000000000000000e+00,0.000000000000000000e+00
0.000000000000000000e+00,4.481856346130371094e+00,1.902413368225097656e-02,0.000000000000000000e+00,0.000000000000000000e+00,0.000000000000000000e+00,0.000000000000000000e+00
0.000000000000000000e+00,4.615702152252197266e+00,1.915904134511947632e-01,0.000000000000000000e+00,0.000000000000000000e+00,0.000000000000000000e+00,0.000000000000000000e+00
0.000000000000000000e+00,4.431281566619873047e+00,0.000000000000000000e+00,0.000000000000000000e+00,0.000000000000000000e+00,0.000000000000000000e+00,0.000000000000000000e+00
0.000000000000000000e+00,4.460157394409179688e+00,1.902523636817932129e-02,0.000000000000000000e+00,0.000000000000000000e+00,0.000000000000000000e+00,0.000000000000000000e+00
2.369725406169891357e-01,3.693444967269897461e+00,0.000000000000000000e+00,2.289184570312500000e+00,0.000000000000000000e+00,0.000000000000000000e+00,0.000000000000000000e+00
