2.950417757034301758e+00,4.254482388496398926e-01,2.532212436199188232e-01,2.614517688751220703e+00,2.625626325607299805e+00,-3.987411260604858398e+00,5.319438129663467407e-02,2.225084781646728516e+00,-8.550950884819030762e-01,2.831492662429809570e+00,-2.380593061447143555e+00,3.462111055850982666e-01,1.201237440109252930e+00,-4.413816332817077637e-01,3.177692741155624390e-02,-1.923784315586090088e-01,1.488116264343261719e+00,9.918695688247680664e-01,-1.326649665832519531e+00,2.463228225708007812e+00,-1.207819223403930664e+00,-1.500359773635864258e-01,-1.823754549026489258e+00,1.418258190155029297e+00,-1.257793545722961426e+00,4.319103240966796875e+00,-2.269245237112045288e-01,-1.797788381576538086e+00,-4.146567583084106445e-01,1.311165690422058105e+00,-8.547857403755187988e-02,-3.449593782424926758e-01,-1.662081718444824219e+00,-1.144537091255187988e+00,1.864600479602813721e-01,9.950889348983764648e-01,7.200847864151000977e-01,-1.198293924331665039e+00,-1.215127944946289062e+00,-1.412038683891296387e+00,-6.604850292205810547e-01,-1.686525106430053711e+00,1.253587126731872559e+00,-1.531129717826843262e+00,-2.102663278579711914e+00,1.159826159477233887e+00,-1.092162132263183594e+00,-2.887081384658813477e+00,-2.832349538803100586e+00,8.150918483734130859e-01,1.479517698287963867e+00,9.624528288841247559e-01,-4.934757709503173828e+00,1.512516617774963379e+00,-2.109298706054687500e+00,-1.620944738388061523e+00,6.996889710426330566e-01
3.023486614227294922e+00,8.979652523994445801e-01,4.432344734668731689e-01,3.347068548202514648e+00,3.068399190902709961e+00,-4.402620315551757812e+00,4.293431341648101807e-02,2.120478868484497070e+00,-3.890773952007293701e-01,3.496518850326538086e+00,-2.659630298614501953e+00,3.469302952289581299e-01,1.563594102859497070e+00,-6.363281011581420898e-01,-2.075120359659194946e-01,-2.323893159627914429e-01,1.530860185623168945e+00,1.125901222229003906e+00,-1.579923748970031738e+00,2.885327339172363281e+00,-1.711888909339904785e+00,-8.235326409339904785e-01,-1.998810052871704102e+00,1.428956508636474609e+00,-1.524553894996643066e+00,4.679278850555419922e+00,6.237681955099105835e-02,-1.880960345268249512e+00,-7.147802710533142090e-01,1.620357155799865723e+00,-2.172360271215438843e-01,-1.014119908213615417e-01,-1.556412339210510254e+00,-1.163850665092468262e+00,1.071054562926292419e-01,1.353891015052795410e+00,1.269926548004150391e+00,-1.690783381462097168e+00,-1.557861328125000000e+00,-1.504299998283386230e+00,-1.011495232582092285e+00,-1.774752259254455566e+00,1.995781779289245605e+00,-2.244235277175903320e+00,-2.581259489059448242e+00,9.632790088653564453e-01,-1.349484682083129883e+00,-3.225916385650634766e+00,-3.051164865493774414e+00,5.948300957679748535e-01,1.752007603645324707e+00,6.932450532913208008e-01,-5.466723442077636719e+00,1.892790436744689941e+00,-2.516121625900268555e+00,-1.935899496078491211e+00,1.028165459632873535e+00
2.978724241256713867e+00,4.024790525436401367e-01,-5.920297466218471527e-03,2.562015533447265625e+00,2.650010585784912109e+00,-4.427280426025390625e+00,-2.989717014133930206e-02,2.221285581588745117e+00,-7.414305210113525391e-01,2.770897626876831055e+00,-2.522263288497924805e+00,3.685342371463775635e-01,1.197689414024353027e+00,-1.413490474224090576e-01,2.328759133815765381e-01,-2.658786177635192871e-01,1.707373619079589844e+00,1.188421249389648438e+00,-1.020859956741333008e+00,2.894557952880859375e+00,-1.040973067283630371e+00,2.189878821372985840e-01,-1.755800366401672363e+00,1.789437055587768555e+00,-1.313702225685119629e+00,4.604522228240966797e+00,3.117222711443901062e-02,-1.799840688705444336e+00,-3.797416985034942627e-01,1.997992157936096191e+00,1.411083936691284180e-01,-1.957206279039382935e-01,-1.670119762420654297e+00,-1.109717488288879395e+00,3.927724063396453857e-01,7.062518000602722168e-01,5.919249653816223145e-01,-1.318274140357971191e+00,-1.322171688079833984e+00,-1.638510346412658691e+00,-7.465058565139770508e-01,-1.736420750617980957e+00,1.325292587280273438e+00,-1.845615625381469727e+00,-2.395438194274902344e+00,1.196989774703979492e+00,-9.793846607208251953e-01,-2.984195709228515625e+00,-2.966769456863403320e+00,7.815855741500854492e-01,1.485857367515563965e+00,8.878554105758666992e-01,-5.319778919219970703e+00,1.406165719032287598e+00,-2.502214431762695312e+00,-1.852965593338012695e+00,8.971111774444580078e-01
2.902436733245849609e+00,4.865726530551910400e-01,1.441495865583419800e-01,2.777626037597656250e+00,2.925474405288696289e+00,-3.982749223709106445e+00,-7.735667750239372253e-03,2.293771028518676758e+00,-3.523219525814056396e-01,3.118749141693115234e+00,-2.477265596389770508e+00,2.261131554841995239e-01,1.296408176422119141e+00,-3.673540651798248291e-01,-3.813199698925018311e-01,-4.400883018970489502e-01,1.234012842178344727e+00,1.272838115692138672e+00,-1.309263467788696289e+00,2.705875635147094727e+00,-1.470715522766113281e+00,-3.282106816768646240e-01,-1.777521848678588867e+00,1.690824151039123535e+00,-1.278605461120605469e+00,4.297842979431152344e+00,-1.665382534265518188e-01,-1.836879730224609375e+00,-4.921474754810333252e-01,1.783311843872070312e+00,1.630849540233612061e-01,-1.760403960943222046e-01,-1.600853323936462402e+00,-9.859079122543334961e-01,2.236462831497192383e-01,1.040618181228637695e+00,9.169258475303649902e-01,-1.498978137969970703e+00,-1.555803656578063965e+00,-1.568002343177795410e+00,-7.171998620033264160e-01,-1.877203464508056641e+00,1.935508847236633301e+00,-2.175914049148559570e+00,-2.114187955856323242e+00,9.625354409217834473e-01,-1.236260294914245605e+00,-2.891834020614624023e+00,-2.895879030227661133e+00,4.937776625156402588e-01,1.525021076202392578e+00,6.228765249252319336e-01,-5.091128349304199219e+00,1.678362011909484863e+00,-2.693398237228393555e+00,-1.946794390678405762e+00,1.107097148895263672e+00
3.386381149291992188e+00,1.025819301605224609e+00,8.193357586860656738e-01,3.931332826614379883e+00,3.982279062271118164e+00,-4.038430213928222656e+00,-1.379910707473754883e-01,2.205913782119750977e+00,3.951218128204345703e-01,4.467946529388427734e+00,-2.909855365753173828e+00,6.272386759519577026e-02,1.989719271659851074e+00,-4.339240789413452148e-01,-8.134280443191528320e-01,-4.616208970546722412e-01,1.607436180114746094e+00,1.873305439949035645e+00,-2.041343212127685547e+00,3.160757064819335938e+00,-1.939964056015014648e+00,-1.765858650207519531e+00,-2.048663377761840820e+00,2.058337926864624023e+00,-1.500266909599304199e+00,5.001422882080078125e+00,5.651867389678955078e-01,-2.263054609298706055e+00,-1.351884603500366211e+00,1.974816799163818359e+00,-1.947486102581024170e-01,-9.147489070892333984e-02,-1.707674980163574219e+00,-8.884186744689941406e-01,-6.952556222677230835e-02,1.863720774650573730e+00,1.420230865478515625e+00,-1.794266939163208008e+00,-1.862480640411376953e+00,-1.604849457740783691e+00,-1.113359570503234863e+00,-1.867187142372131348e+00,2.966323852539062500e+00,-3.234305143356323242e+00,-2.748390913009643555e+00,1.194495916366577148e+00,-1.722605347633361816e+00,-3.589798212051391602e+00,-3.272082805633544922e+00,2.127335965633392334e-01,2.596008777618408203e+00,3.616613447666168213e-01,-6.351379394531250000e+00,2.918304443359375000e+00,-2.997810125350952148e+00,-2.409871101379394531e+00,1.803020358085632324e+00
3.431641578674316406e+00,4.348501265048980713e-01,3.356577157974243164e-01,2.843724489212036133e+00,2.928155422210693359e+00,-3.761862039566040039e+00,2.006305456161499023e-01,2.341473102569580078e+00,-4.271910190582275391e-01,3.534690141677856445e+00,-2.402446031570434570e+00,-1.362499296665191650e-01,1.376658916473388672e+00,-3.937002718448638916e-01,-2.899375259876251221e-01,-6.938373446464538574e-01,1.425835132598876953e+00,1.454501748085021973e+00,-1.177923083305358887e+00,2.812118530273437500e+00,-1.228370070457458496e+00,-5.930974483489990234e-01,-1.876818656921386719e+00,1.924939632415771484e+00,-1.303070068359375000e+00,4.209267616271972656e+00,-1.036793664097785950e-01,-2.074299812316894531e+00,-7.225208878517150879e-01,1.404494047164916992e+00,-1.339688897132873535e-02,-2.705493569374084473e-01,-1.640026807785034180e+00,-9.452491998672485352e-01,7.547795772552490234e-03,1.360005617141723633e+00,5.856856107711791992e-01,-1.310825347900390625e+00,-1.264810800552368164e+00,-1.435378670692443848e+00,-5.041829347610473633e-01,-1.791988015174865723e+00,1.451277256011962891e+00,-2.051152229309082031e+00,-2.364746332168579102e+00,1.602765321731567383e+00,-1.315369129180908203e+00,-3.064302206039428711e+00,-3.021204710006713867e+00,4.731225669384002686e-01,1.654041051864624023e+00,9.304895997047424316e-01,-5.225930690765380859e+00,2.009504079818725586e+00,-2.468186616897583008e+00,-1.736758470535278320e+00,1.407796859741210938e+00
4.331206798553466797e+00,2.943549454212188721e-01,-3.370708525180816650e-01,2.392553567886352539e+00,2.506994485855102539e+00,-4.265556335449218750e+00,4.670440852642059326e-01,2.650776147842407227e+00,-6.882224678993225098e-01,3.113669395446777344e+00,-1.899006724357604980e+00,-1.668140888214111328e-01,1.286423444747924805e+00,7.795735448598861694e-02,6.568099856376647949e-01,-8.144068121910095215e-01,1.865542650222778320e+00,1.532706022262573242e+00,-4.642634093761444092e-01,3.089268207550048828e+00,-7.646316885948181152e-01,2.092161625623703003e-01,-1.842212080955505371e+00,1.916808366775512695e+00,-9.757748246192932129e-01,3.840415239334106445e+00,-1.162241473793983459e-01,-2.179411411285400391e+00,-4.166821539402008057e-01,8.926324844360351562e-01,-2.874633073806762695e-01,-7.442033290863037109e-01,-1.551046133041381836e+00,-1.255935668945312500e+00,-5.009805038571357727e-02,1.103069186210632324e+00,-3.690526783466339111e-01,-1.266244292259216309e+00,-1.665313243865966797e-01,-1.233568310737609863e+00,-1.058418080210685730e-01,-1.486585021018981934e+00,-1.608416885137557983e-01,-1.098946571350097656e+00,-2.376598358154296875e+00,2.617957115173339844e+00,-1.278064966201782227e+00,-2.944743394851684570e+00,-3.028599023818969727e+00,1.035437583923339844e+00,1.650611042976379395e+00,1.558730363845825195e+00,-5.178515911102294922e+00,1.687194347381591797e+00,-2.206332683563232422e+00,-1.225234270095825195e+00,1.232932686805725098e+00
3.107284784317016602e+00,2.746252119541168213e-01,2.386846989393234253e-01,2.552800655364990234e+00,2.622801065444946289e+00,-3.900503396987915039e+00,8.807129412889480591e-02,2.333456277847290039e+00,-9.006468057632446289e-01,2.864777565002441406e+00,-2.299691438674926758e+00,1.400904357433319092e-01,1.197384715080261230e+00,-3.526652455329895020e-01,3.711828589439392090e-02,-3.892149925231933594e-01,1.571470737457275391e+00,1.138586878776550293e+00,-1.239091992378234863e+00,2.540065765380859375e+00,-9.715313911437988281e-01,-5.904104560613632202e-02,-1.918537139892578125e+00,1.653361082077026367e+00,-1.174537897109985352e+00,4.329182624816894531e+00,-2.145594507455825806e-01,-1.906509518623352051e+00,-4.284435510635375977e-01,1.325292706489562988e+00,-1.029962673783302307e-03,-3.367895781993865967e-01,-1.727922081947326660e+00,-1.031259417533874512e+00,1.814085841178894043e-01,9.873900413513183594e-01,4.785943627357482910e-01,-1.073739647865295410e+00,-1.127720355987548828e+00,-1.439363837242126465e+00,-5.394619703292846680e-01,-1.758102655410766602e+00,1.117879748344421387e+00,-1.492588996887207031e+00,-2.073757886886596680e+00,1.513415217399597168e+00,-1.093741536140441895e+00,-2.825962543487548828e+00,-2.908321142196655273e+00,7.422850131988525391e-01,1.511595964431762695e+00,1.055705070495605469e+00,-5.024764060974121094e+00,1.629369258880615234e+00,-2.110499382019042969e+00,-1.540029525756835938e+00,9.601802229881286621e-01
2.825656652450561523e+00,1.245021820068359375e+00,7.393805980682373047e-01,3.884190320968627930e+00,3.509783267974853516e+00,-4.582900524139404297e+00,-2.614809274673461914e-01,2.179467916488647461e+00,-3.534667938947677612e-02,3.898778915405273438e+00,-3.047031402587890625e+00,6.120867729187011719e-01,1.914801359176635742e+00,-8.281581401824951172e-01,-5.980424284934997559e-01,-5.079975351691246033e-02,1.448562860488891602e+00,1.273372888565063477e+00,-2.196321010589599609e+00,2.989953756332397461e+00,-2.139441967010498047e+00,-1.323278784751892090e+00,-2.024531841278076172e+00,1.385319948196411133e+00,-1.623761296272277832e+00,5.215519905090332031e+00,2.067129015922546387e-01,-1.865401387214660645e+00,-8.138144612312316895e-01,2.055474281311035156e+00,-3.215223550796508789e-01,1.970952302217483521e-01,-1.663067460060119629e+00,-9.270601272583007812e-01,2.554044499993324280e-02,1.561111450195312500e+00,1.773036479949951172e+00,-1.934405684471130371e+00,-1.967976570129394531e+00,-1.581137776374816895e+00,-1.326545119285583496e+00,-1.933183789253234863e+00,3.069115638732910156e+00,-2.874313116073608398e+00,-2.637120246887207031e+00,5.431045293807983398e-01,-1.494045495986938477e+00,-3.372761011123657227e+00,-2.999753475189208984e+00,5.917672514915466309e-01,2.299886703491210938e+00,2.087863385677337646e-01,-6.101381301879882812e+00,2.232895374298095703e+00,-2.774746894836425781e+00,-2.375041961669921875e+00,1.114918112754821777e+00
2.961240291595458984e+00,2.504311203956604004e-01,7.146390527486801147e-02,2.394140720367431641e+00,2.563708782196044922e+00,-3.923105716705322266e+00,4.466116428375244141e-02,2.274809598922729492e+00,-8.259484171867370605e-01,2.637511491775512695e+00,-2.259962320327758789e+00,3.883545100688934326e-01,1.154096364974975586e+00,-2.783488035202026367e-01,2.875030785799026489e-02,-1.810521483421325684e-01,1.395262956619262695e+00,1.013617515563964844e+00,-1.226263284683227539e+00,2.359991788864135742e+00,-1.165439009666442871e+00,5.350824445486068726e-02,-1.711776971817016602e+00,1.424698472023010254e+00,-1.105153799057006836e+00,4.122961997985839844e+00,-2.989307045936584473e-01,-1.747484326362609863e+00,-3.299328088760375977e-01,1.263478398323059082e+00,-7.101726531982421875e-02,-4.848174452781677246e-01,-1.684499144554138184e+00,-1.134369373321533203e+00,2.223702669143676758e-01,8.810716271400451660e-01,5.595878362655639648e-01,-1.198061347007751465e+00,-1.140759587287902832e+00,-1.428868651390075684e+00,-5.456862449645996094e-01,-1.692748427391052246e+00,1.151237368583679199e+00,-1.413563132286071777e+00,-1.893933057785034180e+00,1.263579010963439941e+00,-1.087929844856262207e+00,-2.730199337005615234e+00,-2.758580446243286133e+00,7.671283483505249023e-01,1.364014387130737305e+00,1.005350708961486816e+00,-4.746461391448974609e+00,1.390737295150756836e+00,-2.182934284210205078e+00,-1.520235300064086914e+00,6.236594319343566895e-01
2.822540283203125000e+00,2.548498511314392090e-01,1.145927011966705322e-01,2.399466753005981445e+00,2.559487819671630859e+00,-4.026351451873779297e+00,-9.491650760173797607e-02,2.252825975418090820e+00,-7.962935566902160645e-01,2.617213964462280273e+00,-2.395488262176513672e+00,4.631984233856201172e-01,1.172750949859619141e+00,-3.585928976535797119e-01,-3.591201035305857658e-03,-8.804626017808914185e-02,1.384880304336547852e+00,8.602262735366821289e-01,-1.363113403320312500e+00,2.376613140106201172e+00,-1.349557518959045410e+00,2.920227497816085815e-02,-1.764883399009704590e+00,1.354384422302246094e+00,-1.065096735954284668e+00,4.280858039855957031e+00,-3.631149232387542725e-01,-1.723591685295104980e+00,-2.957814633846282959e-01,1.309987902641296387e+00,-5.568123608827590942e-02,-3.275039792060852051e-01,-1.711688756942749023e+00,-1.096905589103698730e+00,2.441667616367340088e-01,9.510578513145446777e-01,7.628684639930725098e-01,-1.233599424362182617e+00,-1.365080118179321289e+00,-1.516787409782409668e+00,-6.357082724571228027e-01,-1.780479907989501953e+00,1.415715813636779785e+00,-1.469655156135559082e+00,-1.922204494476318359e+00,1.039485931396484375e+00,-1.058817267417907715e+00,-2.763833999633789062e+00,-2.816802978515625000e+00,8.329747915267944336e-01,1.374336242675781250e+00,9.061639904975891113e-01,-4.719742298126220703e+00,1.280700325965881348e+00,-2.308005094528198242e+00,-1.667075514793395996e+00,4.428850412368774414e-01
2.699889898300170898e+00,4.616509377956390381e-01,4.995621442794799805e-01,2.837568521499633789e+00,3.051930427551269531e+00,-3.833516120910644531e+00,-3.829258680343627930e-01,1.961465835571289062e+00,-2.169040739536285400e-01,3.261370420455932617e+00,-2.421199798583984375e+00,3.988264501094818115e-01,1.561045169830322266e+00,-4.417390227317810059e-01,-7.757804989814758301e-01,-2.508350610733032227e-01,1.033157110214233398e+00,1.432114243507385254e+00,-1.880048155784606934e+00,2.462026596069335938e+00,-1.578961610794067383e+00,-7.903321385383605957e-01,-1.725703835487365723e+00,1.818865060806274414e+00,-1.260110020637512207e+00,4.173075675964355469e+00,-4.357186853885650635e-01,-2.061119079589843750e+00,-3.280352354049682617e-01,1.715819954872131348e+00,-3.584194928407669067e-03,-1.100449189543724060e-01,-1.618020415306091309e+00,-8.966194987297058105e-01,1.140648350119590759e-01,1.166939377784729004e+00,1.126599073410034180e+00,-1.529120802879333496e+00,-1.595320701599121094e+00,-1.803881525993347168e+00,-8.232185840606689453e-01,-1.967229008674621582e+00,2.493078947067260742e+00,-2.151094675064086914e+00,-1.961723327636718750e+00,9.802151322364807129e-01,-1.230781078338623047e+00,-2.482400417327880859e+00,-2.373144865036010742e+00,2.356699407100677490e-01,1.376193523406982422e+00,5.412187576293945312e-01,-4.928230285644531250e+00,1.904107451438903809e+00,-2.687830448150634766e+00,-1.516224861145019531e+00,1.263448238372802734e+00
2.142835378646850586e+00,8.682115077972412109e-01,4.299234449863433838e-01,3.156915426254272461e+00,3.049269676208496094e+00,-4.474216938018798828e+00,-7.604317665100097656e-01,1.681586265563964844e+00,-3.925894200801849365e-02,3.208173036575317383e+00,-2.566283941268920898e+00,8.470315933227539062e-01,1.683746933937072754e+00,-5.429503917694091797e-01,-7.935675382614135742e-01,2.876787781715393066e-01,1.147794246673583984e+00,1.003725409507751465e+00,-2.274372339248657227e+00,2.582841157913208008e+00,-2.186199665069580078e+00,-9.407154321670532227e-01,-1.772045850753784180e+00,1.361196041107177734e+00,-1.306588768959045410e+00,4.671418666839599609e+00,-3.872810602188110352e-01,-1.889462351799011230e+00,-2.317951470613479614e-01,1.964992284774780273e+00,-1.513639390468597412e-01,2.349415272474288940e-01,-1.473040342330932617e+00,-7.979574799537658691e-01,1.693585813045501709e-01,1.154436707496643066e+00,1.763522386550903320e+00,-2.040560245513916016e+00,-1.993505597114562988e+00,-1.979101896286010742e+00,-1.410142660140991211e+00,-2.000769376754760742e+00,3.337632656097412109e+00,-2.563743114471435547e+00,-2.013195037841796875e+00,2.455193996429443359e-01,-1.118383407592773438e+00,-2.592428445816040039e+00,-2.305995702743530273e+00,4.178831875324249268e-01,1.434116005897521973e+00,1.515733152627944946e-01,-5.130869388580322266e+00,1.576835632324218750e+00,-3.035752058029174805e+00,-1.722344279289245605e+00,6.857498884201049805e-01
1.248703837394714355e+00,-3.007726371288299561e-01,2.513604402542114258e+00,1.539960861206054688e+00,-1.621448874473571777e+00,-2.443745434284210205e-01,1.074239253997802734e+00,-1.208968639373779297e+00,-1.206585168838500977e+00,1.466819763183593750e+00,-1.546755313873291016e+00,1.312920212745666504e+00,3.008075356483459473e-01,1.829075574874877930e+00,-1.722188353538513184e+00,-1.038894891738891602e+00,1.207431316375732422e+00,1.661104410886764526e-01,-4.199927449226379395e-01,2.362505435943603516e+00,-7.788181304931640625e-01,1.733475208282470703e+00,-2.006109714508056641e+00,-2.031975984573364258e+00,-4.790522158145904541e-01,2.209610864520072937e-02,-4.150837063789367676e-01,-1.032261736690998077e-02,-3.925455212593078613e-01,7.887045741081237793e-01,2.642001628875732422e+00,1.996363639831542969e+00,-1.150119304656982422e+00,-2.455971390008926392e-01,-2.791629552841186523e+00,-3.445497751235961914e+00,-1.204993426799774170e-01,-2.843405961990356445e+00,6.573420166969299316e-01,-3.340395689010620117e+00,1.752234622836112976e-02,3.880399167537689209e-01,2.257821321487426758e+00,8.985046744346618652e-01,3.653968334197998047e+00,3.335153341293334961e+00,-3.548300743103027344e+00,-2.110474824905395508e+00,-2.939893484115600586e+00,1.218438982963562012e+00,2.801441848278045654e-01,-1.710233092308044434e+00,-2.450318098068237305e+00,1.992085099220275879e+00,-1.591738939285278320e+00,-6.128447055816650391e-01,1.506085395812988281e+00
-3.510035574436187744e-01,-1.374359130859375000e+00,3.323932886123657227e+00,-5.624872446060180664e-01,-1.215297281742095947e-01,2.548022031784057617e+00,2.743810176849365234e+00,-1.952121019363403320e+00,-3.810480535030364990e-01,-1.126312375068664551e+00,-6.890555024147033691e-01,1.049423456192016602e+00,-5.761920809745788574e-01,6.259837746620178223e-01,-1.387680649757385254e+00,-5.792245268821716309e-01,-1.637753248214721680e-01,-2.190423011779785156e+00,2.829484939575195312e-01,5.859972238540649414e-01,-3.523219227790832520e-01,1.818924307823181152e+00,-1.092371225357055664e+00,-3.985225677490234375e+00,1.223536252975463867e+00,-1.719569444656372070e+00,1.079106450080871582e+00,4.463388323783874512e-01,-8.018108010292053223e-01,2.325842529535293579e-01,2.829748392105102539e+00,1.323491334915161133e+00,-2.501101791858673096e-01,-4.652347564697265625e-01,-1.940025448799133301e+00,-3.040816307067871094e+00,-2.934193909168243408e-01,-2.479788064956665039e+00,1.051365435123443604e-01,1.088771224021911621e+00,1.240450367331504822e-01,9.230475425720214844e-01,-1.405427455902099609e+00,6.970893740653991699e-01,2.729518651962280273e+00,7.247868180274963379e-01,-2.795928955078125000e+00,-1.517575383186340332e+00,-1.905424118041992188e+00,6.515397876501083374e-02,-1.714491486549377441e+00,-3.642849028110504150e-01,6.222282350063323975e-02,-5.566424131393432617e-01,-5.796958208084106445e-01,-1.831578612327575684e+00,9.527643322944641113e-01
1.176707267761230469e+00,-1.024065852165222168e+00,2.745031833648681641e+00,-2.450381278991699219e+00,-9.956130385398864746e-01,2.432019233703613281e+00,2.139005661010742188e+00,-2.328284740447998047e+00,2.297894477844238281e+00,-1.962397098541259766e+00,-1.854832768440246582e-01,8.974502682685852051e-01,-1.579369306564331055e+00,2.521631002426147461e+00,-5.616899728775024414e-01,-1.554327130317687988e+00,8.859656751155853271e-02,-2.717503309249877930e+00,3.379901170730590820e+00,-8.514773100614547729e-02,-4.301421642303466797e-01,1.437932252883911133e+00,-2.503787279129028320e+00,-3.096373081207275391e+00,2.749044895172119141e+00,-1.997546553611755371e+00,2.030017375946044922e+00,-5.865629315376281738e-01,-1.377390623092651367e+00,1.613830804824829102e+00,1.005764842033386230e+00,2.590455114841461182e-02,4.245121031999588013e-02,1.894719839096069336e+00,-2.641515731811523438e+00,-1.380611538887023926e+00,-1.936608672142028809e+00,-2.079933643341064453e+00,1.546519279479980469e+00,1.194217562675476074e+00,3.930646926164627075e-02,1.718614220619201660e+00,-2.822276592254638672e+00,-1.060941696166992188e+00,1.928627490997314453e+00,2.619277477264404297e+00,-2.208863973617553711e+00,-3.282658159732818604e-01,-9.682277441024780273e-01,1.293862104415893555e+00,-2.682594537734985352e+00,1.156867146492004395e+00,8.024480342864990234e-01,3.714763522148132324e-01,4.145631790161132812e-01,-1.455512404441833496e+00,6.108646392822265625e-01
9.553679823875427246e-02,-2.454204797744750977e+00,3.529391527175903320e+00,-3.517997741699218750e+00,2.692863941192626953e-01,3.045213222503662109e+00,2.081965208053588867e+00,-2.119996786117553711e+00,2.570144414901733398e+00,-3.140558719635009766e+00,-2.092617988586425781e+00,2.715238809585571289e+00,-1.236863017082214355e+00,-2.496743798255920410e-01,-6.325634121894836426e-01,1.051223516464233398e+00,-2.091564893722534180e+00,-2.518229722976684570e+00,-1.241292595863342285e+00,-7.748608589172363281e-01,-7.966147661209106445e-01,9.780634641647338867e-01,-2.164119482040405273e+00,-1.601053237915039062e+00,4.589040756225585938e+00,-2.071937322616577148e+00,3.060743331909179688e+00,1.168125867843627930e+00,-6.711742281913757324e-01,1.429051876068115234e+00,2.488078832626342773e+00,-2.539007067680358887e-01,-2.417057037353515625e+00,1.956177711486816406e+00,-4.103238582611083984e+00,-3.222411870956420898e+00,-2.923498153686523438e+00,-2.772586107254028320e+00,-9.498332142829895020e-01,1.255811601877212524e-01,1.009937286376953125e+00,1.974126935005187988e+00,-2.636425733566284180e+00,-1.659561395645141602e+00,2.522116661071777344e+00,2.821001768112182617e+00,-5.697984099388122559e-01,-1.303562760353088379e+00,-1.692496180534362793e+00,9.558961987495422363e-01,-2.206764936447143555e+00,1.534231185913085938e+00,1.163315296173095703e+00,1.413444519042968750e+00,4.862342774868011475e-02,-9.259285330772399902e-01,-3.909876197576522827e-02
2.618062198162078857e-01,-2.220192909240722656e+00,4.079020977020263672e+00,-2.729414701461791992e+00,-4.866429865360260010e-01,4.284950733184814453e+00,3.422868967056274414e+00,-4.940897941589355469e+00,1.410821676254272461e+00,-4.720456123352050781e+00,-7.995852828025817871e-01,2.991245031356811523e+00,-1.692707538604736328e+00,4.416305124759674072e-01,-8.716226220130920410e-01,3.627253472805023193e-01,-7.051410079002380371e-01,-3.742251873016357422e+00,-7.411869168281555176e-01,8.449391126632690430e-01,3.493677377700805664e-01,1.240090250968933105e+00,-2.483050107955932617e+00,-4.332332134246826172e+00,3.776642084121704102e+00,-3.363023757934570312e+00,2.973918676376342773e+00,6.365140080451965332e-01,-3.660126924514770508e-01,1.463157415390014648e+00,3.714882373809814453e+00,1.344432950019836426e+00,-2.130864381790161133e+00,3.752543926239013672e-01,-4.464047431945800781e+00,-4.576047897338867188e+00,-2.483595371246337891e+00,-3.724513292312622070e+00,-1.497679799795150757e-01,-6.353011727333068848e-01,6.947098970413208008e-01,2.856747627258300781e+00,-2.621044635772705078e+00,7.454808950424194336e-01,2.811024904251098633e+00,2.681957483291625977e+00,-2.167156934738159180e+00,-5.526698231697082520e-01,-3.208566427230834961e+00,1.385173320770263672e+00,-2.443734645843505859e+00,7.288795113563537598e-01,1.068661570549011230e+00,2.628134727478027344e+00,1.292257547378540039e+00,-1.168441057205200195e+00,1.671886563301086426e+00
-1.751111388206481934e+00,-1.245867967605590820e+00,2.516108989715576172e+00,-2.119207084178924561e-01,1.995502114295959473e+00,2.669935941696166992e+00,3.910560905933380127e-01,2.439715266227722168e-01,3.131959915161132812e+00,3.202026486396789551e-01,-1.769228339195251465e+00,2.103470563888549805e+00,4.415911436080932617e-01,1.441805362701416016e-01,-1.886079192161560059e+00,8.604777455329895020e-01,-4.219773769378662109e+00,2.349415719509124756e-01,-2.287457227706909180e+00,-1.289499402046203613e+00,-1.287676334381103516e+00,-2.292071133852005005e-01,-7.309142947196960449e-01,-1.382083892822265625e+00,3.236974954605102539e+00,-5.599820017814636230e-01,2.716776132583618164e+00,2.134361743927001953e+00,-7.213956713676452637e-01,-3.598379492759704590e-01,1.280309677124023438e+00,9.732091426849365234e-01,-2.040726184844970703e+00,2.154641151428222656e+00,-2.448665857315063477e+00,-1.752219080924987793e+00,2.335157394409179688e-01,-1.641716599464416504e+00,-1.014917731285095215e+00,1.278851628303527832e+00,1.325502395629882812e+00,-1.719368815422058105e+00,-1.296260595321655273e+00,-1.324954986572265625e+00,3.039954185485839844e+00,4.041674435138702393e-01,-8.008645772933959961e-01,-1.271323561668395996e+00,-9.584124088287353516e-01,-1.514433383941650391e+00,5.329722166061401367e-02,-2.947353422641754150e-01,1.015806317329406738e+00,-9.076628684997558594e-01,-2.063084125518798828e+00,-5.923498868942260742e-01,1.912711620330810547e+00
-1.740621328353881836e+00,-1.232077836990356445e+00,2.414935588836669922e+00,-4.617914855480194092e-01,2.062985897064208984e+00,2.306501388549804688e+00,5.834456682205200195e-01,6.390210986137390137e-01,2.461152791976928711e+00,6.376530528068542480e-01,-1.648402333259582520e+00,1.980890512466430664e+00,1.050877928733825684e+00,-1.650186777114868164e-01,-2.039530754089355469e+00,7.413262128829956055e-01,-3.853269100189208984e+00,3.676078021526336670e-01,-1.537734389305114746e+00,-1.185689687728881836e+00,-1.123711585998535156e+00,-6.906335353851318359e-01,-3.436178267002105713e-01,-1.007379889488220215e+00,2.459029912948608398e+00,4.797933697700500488e-01,1.912508964538574219e+00,1.325129747390747070e+00,-5.120221972465515137e-01,7.396376132965087891e-02,5.336868762969970703e-01,4.647583067417144775e-01,-1.678624868392944336e+00,1.601222157478332520e+00,-1.392786860466003418e+00,-9.879419207572937012e-01,-8.393435180187225342e-02,-1.822139024734497070e+00,-1.824028491973876953e+00,1.424343347549438477e+00,9.032480120658874512e-01,-1.775051116943359375e+00,-1.050977706909179688e+00,-1.205247998237609863e+00,2.409168243408203125e+00,4.054954051971435547e-01,-8.080832362174987793e-01,-6.777564883232116699e-01,-3.502570390701293945e-01,-1.428906917572021484e+00,3.091731369495391846e-01,-5.483429431915283203e-01,2.453816533088684082e-01,-5.775411725044250488e-01,-1.722094178199768066e+00,-3.999216556549072266e-01,1.585994720458984375e+00
-6.650924682617187500e-01,-1.426997900009155273e+00,2.502240419387817383e+00,-1.559951663017272949e+00,1.915771007537841797e+00,1.362318158149719238e+00,1.833363771438598633e+00,1.545864343643188477e+00,2.875901222229003906e+00,1.297826886177062988e+00,-1.146923303604125977e+00,2.197274208068847656e+00,1.220587491989135742e+00,-5.305854231119155884e-02,-1.253341197967529297e+00,-4.922609329223632812e-01,-4.616010189056396484e+00,1.077618002891540527e+00,-6.102663278579711914e-01,-1.868288040161132812e+00,-1.122682213783264160e+00,-5.767656564712524414e-01,-3.440150320529937744e-01,-7.018961906433105469e-01,2.305907011032104492e+00,4.865838587284088135e-01,2.674563884735107422e+00,1.366050481796264648e+00,-1.413399100303649902e+00,-5.279691219329833984e-01,-6.422864198684692383e-01,-6.405193805694580078e-01,-1.792484521865844727e+00,2.071457624435424805e+00,-1.357830286026000977e+00,-1.149877548217773438e+00,-1.537736654281616211e+00,-1.935656070709228516e+00,-2.491564035415649414e+00,2.518741846084594727e+00,1.783460259437561035e+00,-2.437461614608764648e+00,-2.766520977020263672e+00,-2.577087163925170898e+00,1.921015977859497070e+00,1.179116010665893555e+00,-1.116771340370178223e+00,-1.940256595611572266e+00,-7.044224143028259277e-01,-4.182482957839965820e-01,4.858040213584899902e-01,3.504075407981872559e-01,3.842870891094207764e-01,-1.616916894912719727e+00,-2.015500068664550781e+00,-9.735463261604309082e-01,5.530484318733215332e-01
9.606312215328216553e-02,-2.148493051528930664e+00,2.146983623504638672e+00,-1.769285440444946289e+00,1.325107455253601074e+00,7.645673751831054688e-01,2.374865531921386719e+00,3.102963447570800781e+00,2.829451084136962891e+00,5.440153479576110840e-01,-2.508628845214843750e+00,2.339073896408081055e+00,5.683937668800354004e-01,-6.268530488014221191e-01,-5.559604763984680176e-01,-5.125550031661987305e-01,-5.270516872406005859e+00,6.910332441329956055e-01,-5.985764265060424805e-01,-2.022498130798339844e+00,-9.831300377845764160e-01,4.726678729057312012e-01,4.734801948070526123e-01,5.124337077140808105e-01,1.236153125762939453e+00,1.954828023910522461e+00,1.661496400833129883e+00,1.315940260887145996e+00,-6.857147216796875000e-01,5.606747865676879883e-01,-1.144054412841796875e+00,-1.560955762863159180e+00,-2.993786334991455078e+00,1.923394560813903809e+00,-2.909645557403564453e+00,-9.358324408531188965e-01,-2.167250633239746094e+00,-1.870671868324279785e+00,-3.507506132125854492e+00,1.707027673721313477e+00,1.762557268142700195e+00,-1.547719120979309082e+00,-2.501034259796142578e+00,-4.141195297241210938e+00,9.648161530494689941e-01,1.486765027046203613e+00,-1.286993145942687988e+00,-2.446400165557861328e+00,-1.522561311721801758e+00,-2.758153527975082397e-02,-2.131023555994033813e-01,8.283284902572631836e-01,-4.523120522499084473e-01,-8.585625290870666504e-01,-2.623151779174804688e+00,-1.523391366004943848e+00,-1.729965209960937500e-01
8.927742838859558105e-01,-1.496418952941894531e+00,1.766511559486389160e+00,-1.405766010284423828e+00,1.376826047897338867e+00,1.949146836996078491e-01,2.752796173095703125e+00,3.321015357971191406e+00,2.381537914276123047e+00,1.130151152610778809e+00,-1.799280405044555664e+00,1.826943278312683105e+00,8.799422979354858398e-01,-2.978773415088653564e-01,-6.581619381904602051e-01,-1.401027441024780273e+00,-4.602355957031250000e+00,8.531634807586669922e-01,-9.941860288381576538e-02,-1.317436099052429199e+00,-8.375403285026550293e-01,2.331885248422622681e-01,5.933527946472167969e-01,5.283250808715820312e-01,7.296769022941589355e-01,1.951452612876892090e+00,1.513016104698181152e+00,6.345579624176025391e-01,-7.498720884323120117e-01,2.261552363634109497e-01,-1.502468705177307129e+00,-1.378608345985412598e+00,-3.265330791473388672e+00,1.299439311027526855e+00,-2.238109350204467773e+00,-8.127706646919250488e-01,-2.465318202972412109e+00,-1.962761163711547852e+00,-3.207030773162841797e+00,1.448442816734313965e+00,1.897425055503845215e+00,-1.832553029060363770e+00,-2.650151252746582031e+00,-3.426438331604003906e+00,3.370556831359863281e-01,2.023311853408813477e+00,-1.529897928237915039e+00,-2.461379766464233398e+00,-1.784558892250061035e+00,3.982824459671974182e-02,2.124332040548324585e-01,1.003116011619567871e+00,-1.145470738410949707e+00,-8.204860091209411621e-01,-2.457352876663208008e+00,-1.251755118370056152e+00,-5.773510932922363281e-01
-1.434195488691329956e-01,-8.038409352302551270e-01,4.984099268913269043e-01,1.296763181686401367e+00,2.354203939437866211e+00,-1.273234248161315918e+00,-2.617939710617065430e-01,4.053903102874755859e+00,2.312370300292968750e+00,1.947178006172180176e+00,-1.598381519317626953e+00,2.108700513839721680e+00,1.744989871978759766e+00,-4.083926677703857422e-01,-2.061394691467285156e+00,-6.629338264465332031e-01,-4.617460727691650391e+00,1.652251243591308594e+00,-2.331230163574218750e+00,-1.155155897140502930e+00,-1.528261065483093262e+00,-1.425995230674743652e+00,5.414046049118041992e-01,1.126580536365509033e-01,-5.947276949882507324e-01,3.911175489425659180e+00,3.839092850685119629e-01,5.881273746490478516e-01,-1.364522218704223633e+00,8.319038748741149902e-01,-1.798393726348876953e+00,-1.426985412836074829e-01,-3.022142410278320312e+00,1.678937196731567383e+00,-1.453238010406494141e+00,8.488633632659912109e-01,1.075531244277954102e+00,-1.084278702735900879e+00,-3.296160936355590820e+00,9.879062175750732422e-01,9.079679250717163086e-01,-2.632637262344360352e+00,1.633102774620056152e+00,-3.247066974639892578e+00,-1.804749369621276855e-01,2.517598867416381836e-01,-9.008616209030151367e-01,-1.811210036277770996e+00,-1.192435860633850098e+00,-1.860240817070007324e+00,1.897002458572387695e+00,-7.540254592895507812e-01,-1.725324034690856934e+00,3.224723041057586670e-01,-3.835048437118530273e+00,-1.886140584945678711e+00,1.448628544807434082e+00
-2.335813790559768677e-01,-1.284102678298950195e+00,1.041452288627624512e+00,5.593733787536621094e-01,2.122109889984130859e+00,-5.865080952644348145e-01,4.193895459175109863e-01,4.035339355468750000e+00,2.260341882705688477e+00,1.287871956825256348e+00,-1.663351297378540039e+00,2.335674524307250977e+00,1.388497352600097656e+00,-6.138227581977844238e-01,-1.956309199333190918e+00,-1.030603766441345215e+00,-5.067329883575439453e+00,1.587092161178588867e+00,-1.894840836524963379e+00,-1.700014591217041016e+00,-9.217096567153930664e-01,-1.105021834373474121e+00,7.212817668914794922e-01,2.403077334165573120e-01,-2.313522845506668091e-01,3.696367263793945312e+00,7.483710050582885742e-01,5.818594098091125488e-01,-1.461901903152465820e+00,7.475382089614868164e-01,-1.597073078155517578e+00,-4.288829565048217773e-01,-3.473492622375488281e+00,1.646592259407043457e+00,-1.591612219810485840e+00,4.226618707180023193e-01,1.377021223306655884e-01,-9.546525478363037109e-01,-3.675460338592529297e+00,1.263815045356750488e+00,1.292652606964111328e+00,-2.714819908142089844e+00,3.642194271087646484e-01,-3.138547897338867188e+00,3.628894388675689697e-01,5.544327497482299805e-01,-1.131205916404724121e+00,-2.123350143432617188e+00,-1.505058050155639648e+00,-1.598682165145874023e+00,1.859397768974304199e+00,-6.022214293479919434e-01,-1.462041139602661133e+00,1.029441133141517639e-02,-3.530681371688842773e+00,-1.608047723770141602e+00,1.295670866966247559e+00
-4.197581857442855835e-02,-1.037664413452148438e+00,6.725271344184875488e-01,5.659114122390747070e-01,2.111263513565063477e+00,-4.110350012779235840e-01,6.689530611038208008e-01,3.536837339401245117e+00,2.262896299362182617e+00,1.289002776145935059e+00,-1.547502994537353516e+00,1.745491504669189453e+00,1.277136325836181641e+00,-3.067780435085296631e-01,-2.068148374557495117e+00,-1.237532496452331543e+00,-4.482528686523437500e+00,1.783822774887084961e+00,-1.582191705703735352e+00,-1.566512346267700195e+00,-1.005471706390380859e+00,-1.456815719604492188e+00,6.927183866500854492e-01,5.396036505699157715e-01,9.605737775564193726e-02,2.865282058715820312e+00,8.476154804229736328e-01,4.777978062629699707e-01,-1.868332266807556152e+00,5.585118532180786133e-01,-1.211095690727233887e+00,-6.807950139045715332e-01,-3.115988731384277344e+00,1.668569684028625488e+00,-1.580971121788024902e+00,5.019777417182922363e-01,-1.081025898456573486e-01,-9.265973567962646484e-01,-3.061328172683715820e+00,1.340378522872924805e+00,1.163174629211425781e+00,-2.618920803070068359e+00,2.810258269309997559e-01,-3.091494560241699219e+00,3.699366748332977295e-01,6.563251018524169922e-01,-7.597899436950683594e-01,-2.181619167327880859e+00,-1.092780470848083496e+00,-1.333326578140258789e+00,1.864710688591003418e+00,-6.299549341201782227e-01,-1.385341286659240723e+00,3.488486707210540771e-01,-3.260061264038085938e+00,-1.535919070243835449e+00,1.156039714813232422e+00
-2.499340102076530457e-02,-1.198072075843811035e+00,8.493860363960266113e-01,2.827180922031402588e-01,2.225326299667358398e+00,-2.618683278560638428e-01,7.365627288818359375e-01,3.796077966690063477e+00,2.610680341720581055e+00,1.379495978355407715e+00,-1.656705856323242188e+00,1.860129117965698242e+00,1.300107836723327637e+00,-4.373297989368438721e-01,-2.053721904754638672e+00,-1.264504551887512207e+00,-4.572628974914550781e+00,1.900520682334899902e+00,-1.405964255332946777e+00,-1.787123560905456543e+00,-1.157607436180114746e+00,-1.421975851058959961e+00,4.795769453048706055e-01,6.950055956840515137e-01,3.761827647686004639e-01,2.648746490478515625e+00,8.243507146835327148e-01,4.864581227302551270e-01,-1.668322920799255371e+00,4.324758052825927734e-01,-1.227125763893127441e+00,-6.310857534408569336e-01,-3.234180688858032227e+00,1.838090062141418457e+00,-1.729124188423156738e+00,3.621991276741027832e-01,-4.679726362228393555e-01,-9.459409713745117188e-01,-2.985460281372070312e+00,1.358916878700256348e+00,1.502199172973632812e+00,-2.858256340026855469e+00,-1.358607709407806396e-01,-3.031133890151977539e+00,6.379109025001525879e-01,8.924564123153686523e-01,-8.042415380477905273e-01,-2.032931327819824219e+00,-1.183615446090698242e+00,-1.278967857360839844e+00,1.641633033752441406e+00,-5.197225213050842285e-01,-1.114776968955993652e+00,7.740406692028045654e-02,-3.297373533248901367e+00,-1.275531888008117676e+00,1.006187319755554199e+00
-2.075244635343551636e-01,-1.359585165977478027e+00,1.270437359809875488e+00,-7.752228975296020508e-01,2.284879922866821289e+00,2.753162384033203125e-01,9.486353397369384766e-01,3.752792119979858398e+00,3.069186210632324219e+00,1.464796662330627441e+00,-1.576603651046752930e+00,2.173331260681152344e+00,1.105031967163085938e+00,-3.967128694057464600e-01,-1.667770266532897949e+00,-7.900824546813964844e-01,-4.702329158782958984e+00,1.661741971969604492e+00,-1.048140645027160645e+00,-1.487088084220886230e+00,-1.141597986221313477e+00,-6.554093360900878906e-01,5.768110230565071106e-02,4.658524394035339355e-01,1.182537317276000977e+00,2.159368515014648438e+00,1.023909330368041992e+00,6.438661217689514160e-01,-1.011623620986938477e+00,-9.196702390909194946e-02,-1.071123480796813965e+00,-4.538154304027557373e-01,-3.364577293395996094e+00,1.774565815925598145e+00,-1.688425779342651367e+00,-2.484852075576782227e-01,-1.084938526153564453e+00,-1.629874348640441895e+00,-2.749218225479125977e+00,1.571948289871215820e+00,1.847924947738647461e+00,-3.116194248199462891e+00,-1.326553106307983398e+00,-2.315466403961181641e+00,1.124484419822692871e+00,1.258213400840759277e+00,-1.081045389175415039e+00,-1.551254749298095703e+00,-1.135484337806701660e+00,-1.326446771621704102e+00,6.956827640533447266e-01,-5.054085701704025269e-02,-6.575592756271362305e-01,-9.842899441719055176e-01,-3.392578363418579102e+00,-7.696797251701354980e-01,5.869893431663513184e-01
-8.255774378776550293e-01,-2.535249710083007812e+00,1.500417470932006836e+00,-2.371575593948364258e+00,4.041990339756011963e-01,-9.203899502754211426e-01,-2.002267353236675262e-02,-1.249998092651367188e+00,3.032413005828857422e+00,-4.441009521484375000e+00,-7.822965383529663086e-01,-1.992539405822753906e+00,-2.589895963668823242e+00,7.264952659606933594e-01,-1.932996034622192383e+00,-4.229617595672607422e+00,3.746721744537353516e+00,3.662627935409545898e-02,4.689971446990966797e+00,-1.395529866218566895e+00,3.383764922618865967e-01,1.465314812958240509e-02,-4.632049560546875000e+00,-4.646022796630859375e+00,2.738236427307128906e+00,-2.868449211120605469e+00,4.912832736968994141e+00,-3.309914588928222656e+00,-5.043274402618408203e+00,-2.082087099552154541e-01,1.205871939659118652e+00,-2.758421182632446289e+00,2.343516349792480469e+00,2.369060754776000977e+00,1.469039320945739746e-01,3.251723945140838623e-01,6.262106299400329590e-01,-1.262472033500671387e+00,3.434766292572021484e+00,2.960571765899658203e+00,-1.653236269950866699e+00,7.190060019493103027e-01,-1.952970176935195923e-01,-8.519087433815002441e-01,3.855636119842529297e+00,9.808505177497863770e-01,-2.816994190216064453e+00,7.816172391176223755e-02,1.086083650588989258e+00,-9.279960989952087402e-01,-5.193528175354003906e+00,6.701555252075195312e-01,-2.164710998535156250e+00,-7.610183358192443848e-01,-2.691278934478759766e+00,-2.675613880157470703e+00,2.802836894989013672e+00
1.577262043952941895e+00,-2.364058971405029297e+00,2.251116037368774414e-01,-3.887461662292480469e+00,2.556183934211730957e-01,-3.107506036758422852e-01,6.052523851394653320e-01,1.748520851135253906e+00,2.354870319366455078e+00,1.378609798848628998e-02,-9.895592927932739258e-01,1.125611141324043274e-01,-1.925099194049835205e-01,-1.441529870033264160e+00,-6.317321062088012695e-01,-2.170062065124511719e+00,3.063164651393890381e-01,3.473770618438720703e+00,4.584571361541748047e+00,-8.584114313125610352e-01,-1.257336497306823730e+00,-1.008271574974060059e+00,-3.144948720932006836e+00,5.132561922073364258e-01,3.312645196914672852e+00,-2.291762590408325195e+00,3.041965961456298828e+00,-3.831452846527099609e+00,-4.022442340850830078e+00,5.737159252166748047e-01,5.693128108978271484e-01,-3.887655019760131836e+00,-5.865753889083862305e-01,3.226451158523559570e+00,-1.279631257057189941e+00,2.131025791168212891e+00,-2.711719036102294922e+00,-6.735096573829650879e-01,1.916199803352355957e+00,9.671845436096191406e-01,1.652071833610534668e+00,8.141411542892456055e-01,-1.617763876914978027e+00,-1.550619482994079590e+00,1.525478005409240723e+00,2.272089719772338867e+00,-1.272118806838989258e+00,1.602854728698730469e-01,1.266780853271484375e+00,2.088318586349487305e+00,-2.696859359741210938e+00,1.463098883628845215e+00,-1.605314612388610840e+00,2.502093553543090820e+00,-3.113051056861877441e-01,-1.693760991096496582e+00,-1.840360164642333984e-01
1.568507313728332520e+00,-2.443106651306152344e+00,-1.417556256055831909e-01,-2.684688568115234375e+00,6.535167098045349121e-01,-9.642642736434936523e-01,4.795228838920593262e-01,5.157594680786132812e-01,2.343409776687622070e+00,-7.948786616325378418e-01,-8.274908661842346191e-01,-1.163076400756835938e+00,-4.192392155528068542e-02,-1.803035855293273926e+00,-5.933222174644470215e-01,-2.832264661788940430e+00,2.395287513732910156e+00,2.841731786727905273e+00,4.814893722534179688e+00,-4.435783028602600098e-01,-9.342216253280639648e-01,-1.108392953872680664e+00,-2.888087272644042969e+00,-2.598134055733680725e-02,3.136553287506103516e+00,-2.204555034637451172e+00,2.743201255798339844e+00,-4.968841075897216797e+00,-4.342593193054199219e+00,4.894049167633056641e-01,6.775408983230590820e-01,-3.409829616546630859e+00,6.097449660301208496e-01,1.793297886848449707e+00,-3.602644801139831543e-01,3.252084016799926758e+00,-1.697273731231689453e+00,-1.003514289855957031e+00,1.577600598335266113e+00,1.551681041717529297e+00,6.428571939468383789e-01,9.140210151672363281e-01,-3.694912791252136230e-01,-6.359007358551025391e-01,1.837189197540283203e+00,1.847915291786193848e+00,-2.399114370346069336e+00,-2.976443171501159668e-01,1.065413594245910645e+00,1.247090101242065430e+00,-2.860743761062622070e+00,1.176328659057617188e+00,-2.679767131805419922e+00,2.461607694625854492e+00,6.937934458255767822e-02,-2.092370033264160156e+00,7.057830691337585449e-02
2.704453706741333008e+00,-2.002257585525512695e+00,-1.494676172733306885e-01,-3.594999074935913086e+00,3.884304165840148926e-01,-6.658481955528259277e-01,1.771007627248764038e-01,1.828171730041503906e+00,1.648167252540588379e+00,5.534315705299377441e-01,-1.110184192657470703e+00,3.816134929656982422e-01,-1.182361692190170288e-01,-9.762986302375793457e-01,1.465409249067306519e-01,-1.777547240257263184e+00,5.843591094017028809e-01,2.666789531707763672e+00,2.931241512298583984e+00,-5.540206432342529297e-01,-7.272067666053771973e-01,-7.292704582214355469e-01,-2.139953851699829102e+00,1.390083551406860352e+00,2.608792543411254883e+00,-1.240196466445922852e+00,2.576381683349609375e+00,-3.681358814239501953e+00,-2.905333280563354492e+00,5.757620334625244141e-01,4.321764409542083740e-01,-3.730443954467773438e+00,-6.313620209693908691e-01,2.780014991760253906e+00,-1.426641941070556641e+00,2.245577573776245117e+00,-3.203042030334472656e+00,-7.742465138435363770e-01,9.908239841461181641e-01,2.726574242115020752e-01,1.558258414268493652e+00,1.227839469909667969e+00,-1.321039199829101562e+00,-1.267820000648498535e+00,1.157698556780815125e-01,2.344030618667602539e+00,-1.128071784973144531e+00,-4.899978637695312500e-01,6.470425128936767578e-01,2.712318181991577148e+00,-1.904332160949707031e+00,1.780698895454406738e+00,-2.091718912124633789e+00,2.481722831726074219e+00,-5.001764297485351562e-01,-2.034913063049316406e+00,-8.601850271224975586e-01
2.294142484664916992e+00,-2.096683740615844727e+00,-8.051063120365142822e-02,-3.293552160263061523e+00,4.809426665306091309e-01,-8.205773830413818359e-01,4.305444657802581787e-01,1.738943576812744141e+00,1.739036679267883301e+00,5.797969698905944824e-01,-9.685710668563842773e-01,-4.383333772420883179e-02,8.270101249217987061e-02,-1.260217428207397461e+00,-2.187843769788742065e-01,-2.015722990036010742e+00,8.142973184585571289e-01,3.208875417709350586e+00,3.660714387893676758e+00,-7.465937137603759766e-01,-1.096012353897094727e+00,-1.195880532264709473e+00,-2.348796367645263672e+00,1.160781621932983398e+00,2.605013608932495117e+00,-1.650611519813537598e+00,2.410316467285156250e+00,-4.141766548156738281e+00,-3.580591440200805664e+00,5.063427090644836426e-01,5.047899484634399414e-01,-3.759677886962890625e+00,-4.612720906734466553e-01,2.665461778640747070e+00,-1.163485050201416016e+00,2.880721569061279297e+00,-2.821069002151489258e+00,-6.227821707725524902e-01,1.184559702873229980e+00,8.820517063140869141e-01,1.643406510353088379e+00,1.005926728248596191e+00,-1.316941499710083008e+00,-1.105579137802124023e+00,7.561962604522705078e-01,2.140874862670898438e+00,-1.502045631408691406e+00,-3.897904157638549805e-01,8.447421789169311523e-01,2.433027267456054688e+00,-2.038496494293212891e+00,1.602439999580383301e+00,-1.994716167449951172e+00,2.697073936462402344e+00,-2.615355253219604492e-01,-1.889468789100646973e+00,-5.830458402633666992e-01
2.602916955947875977e+00,-1.916875958442687988e+00,-2.017470598220825195e-01,-3.213873624801635742e+00,4.032073318958282471e-01,-9.936621785163879395e-01,2.397968173027038574e-01,1.569224596023559570e+00,1.491241097450256348e+00,1.545583605766296387e-01,-9.432638287544250488e-01,1.964574679732322693e-03,-1.562398076057434082e-01,-1.212265491485595703e+00,4.677239358425140381e-01,-1.726291656494140625e+00,1.017603874206542969e+00,2.487231731414794922e+00,3.778697252273559570e+00,-5.564062595367431641e-01,-8.501911759376525879e-01,-9.538688063621520996e-01,-2.414942502975463867e+00,1.024182677268981934e+00,2.548672676086425781e+00,-1.203780055046081543e+00,2.299982309341430664e+00,-3.961702823638916016e+00,-2.866726398468017578e+00,7.596065402030944824e-01,4.283880889415740967e-01,-3.380913257598876953e+00,-4.430472254753112793e-01,2.591677427291870117e+00,-1.187494397163391113e+00,2.725074052810668945e+00,-2.937114953994750977e+00,-4.995260536670684814e-01,1.272703766822814941e+00,7.558260560035705566e-01,1.106046319007873535e+00,1.387310028076171875e+00,-1.310336470603942871e+00,-9.774893522262573242e-01,3.255699276924133301e-01,2.267187118530273438e+00,-1.383843302726745605e+00,-5.896792560815811157e-02,6.681146025657653809e-01,2.793781280517578125e+00,-2.133896350860595703e+00,1.767925262451171875e+00,-2.152585983276367188e+00,2.852682828903198242e+00,1.744505017995834351e-01,-1.992863297462463379e+00,-7.959244251251220703e-01
3.084028720855712891e+00,-1.845145106315612793e+00,-7.728075385093688965e-01,-2.936409235000610352e+00,2.734319269657135010e-01,-1.112787008285522461e+00,3.719935417175292969e-01,1.575327992439270020e+00,1.927358269691467285e+00,1.032941937446594238e+00,-5.888664349913597107e-02,-4.620046019554138184e-01,-2.917555570602416992e-01,-6.969046592712402344e-01,3.107182085514068604e-01,-2.607992649078369141e+00,8.252925276756286621e-01,2.905583381652832031e+00,4.450595855712890625e+00,-4.441646337509155273e-01,-1.198334336280822754e+00,-1.065748691558837891e+00,-2.268730640411376953e+00,8.518388271331787109e-01,2.315023183822631836e+00,-2.051221609115600586e+00,2.537160873413085938e+00,-4.356781482696533203e+00,-2.839721202850341797e+00,3.794725835323333740e-01,5.446635484695434570e-01,-3.471701622009277344e+00,-6.392834782600402832e-01,2.518210887908935547e+00,-5.859073400497436523e-01,2.654206514358520508e+00,-2.649179697036743164e+00,-1.006762608885765076e-01,2.539294958114624023e+00,9.113666415214538574e-01,1.331656336784362793e+00,9.887059926986694336e-01,-2.173025369644165039e+00,-7.554191946983337402e-01,5.641757845878601074e-01,2.794789314270019531e+00,-1.724900126457214355e+00,5.514053702354431152e-01,9.164205193519592285e-01,2.608311653137207031e+00,-2.103040695190429688e+00,2.146030902862548828e+00,-1.757651209831237793e+00,2.518950462341308594e+00,-9.432958438992500305e-03,-2.325285196304321289e+00,-4.752148687839508057e-01
2.760995626449584961e+00,-1.610143899917602539e+00,-5.017802119255065918e-01,-2.824500083923339844e+00,-2.597705423831939697e-01,-9.081256389617919922e-01,8.350657224655151367e-01,4.403848350048065186e-01,1.992295980453491211e+00,3.212799429893493652e-01,-2.266785204410552979e-01,-1.172694921493530273e+00,-6.279163956642150879e-01,-1.602854013442993164e+00,2.470527887344360352e-01,-2.520979881286621094e+00,2.156322240829467773e+00,2.836592912673950195e+00,5.646200180053710938e+00,-1.049198657274246216e-01,-1.199140071868896484e+00,-1.445103645324707031e+00,-3.244107961654663086e+00,-1.259293779730796814e-02,2.629652500152587891e+00,-2.435348272323608398e+00,2.789526462554931641e+00,-5.158911705017089844e+00,-3.527298212051391602e+00,6.621415019035339355e-01,6.165133714675903320e-01,-2.640382051467895508e+00,-7.090076804161071777e-01,2.437928438186645508e+00,-8.440331220626831055e-01,3.297853469848632812e+00,-3.148651361465454102e+00,-5.011840164661407471e-02,2.274122238159179688e+00,1.188212633132934570e+00,6.839736104011535645e-01,1.514328718185424805e+00,-1.807700037956237793e+00,-2.493937313556671143e-01,1.105891346931457520e+00,1.985801935195922852e+00,-2.158236742019653320e+00,2.132147997617721558e-01,8.327671289443969727e-01,3.867709875106811523e+00,-3.116392374038696289e+00,1.731997489929199219e+00,-2.559199810028076172e+00,3.156752347946166992e+00,1.262351512908935547e+00,-2.778692245483398438e+00,-6.078907847404479980e-01
2.307492256164550781e+00,-1.723283886909484863e+00,1.439503073692321777e+00,-1.534378409385681152e+00,-1.180713653564453125e+00,9.164298772811889648e-01,2.645474433898925781e+00,-2.881800413131713867e+00,9.762056469917297363e-01,-2.186017990112304688e+00,-1.063328981399536133e+00,-2.709923386573791504e-01,-3.588298261165618896e-01,-1.348065614700317383e+00,3.771497607231140137e-01,-1.247582554817199707e+00,5.117101192474365234e+00,-8.145168423652648926e-02,5.544902801513671875e+00,2.495299100875854492e+00,-1.131610631942749023e+00,1.900954246520996094e+00,-3.874495506286621094e+00,-2.701337814331054688e+00,2.879469156265258789e+00,-1.677005767822265625e+00,2.068058729171752930e+00,-3.973961353302001953e+00,-7.553365230560302734e-01,1.574132680892944336e+00,2.271598815917968750e+00,6.195834875106811523e-01,-1.018673896789550781e+00,2.459399700164794922e-01,-2.913145303726196289e+00,-3.129205703735351562e-01,-3.748759031295776367e+00,-1.575652718544006348e+00,2.292033433914184570e+00,-1.089828372001647949e+00,-2.099141597747802734e+00,4.634716033935546875e+00,-1.117781639099121094e+00,1.995919466018676758e+00,1.544836640357971191e+00,3.837858676910400391e+00,-4.109084606170654297e+00,-1.363281726837158203e+00,-3.076782524585723877e-01,4.396114349365234375e+00,-4.689275264739990234e+00,1.099780082702636719e+00,-3.878180265426635742e+00,3.760979652404785156e+00,2.891815185546875000e+00,-2.981836557388305664e+00,-7.506382465362548828e-01
2.686490774154663086e+00,-5.317294597625732422e-01,5.097887516021728516e-01,-8.397738337516784668e-01,-3.802338540554046631e-01,-4.423294663429260254e-01,1.052071452140808105e+00,-9.268088340759277344e-01,-7.958669066429138184e-01,-5.439178943634033203e-01,-8.924400210380554199e-01,1.338819622993469238e+00,7.801225781440734863e-01,-9.191449880599975586e-01,1.844525098800659180e+00,3.536139428615570068e-01,1.046205043792724609e+00,1.166551262140274048e-01,4.690140485763549805e-01,2.453237771987915039e+00,5.002180933952331543e-01,1.709087252616882324e+00,-2.520003616809844971e-01,5.259271264076232910e-01,1.251809120178222656e+00,5.878971219062805176e-01,9.489845037460327148e-01,-1.243454456329345703e+00,1.090752124786376953e+00,1.400177240371704102e+00,5.546531081199645996e-02,3.260139226913452148e-01,-1.636606693267822266e+00,-1.081817507743835449e+00,-1.648812174797058105e+00,-6.835684776306152344e-01,-2.831866979598999023e+00,-1.047118663787841797e+00,3.705014884471893311e-01,-2.048591852188110352e+00,-2.433106899261474609e-01,2.024697065353393555e+00,-1.888540983200073242e+00,1.423481225967407227e+00,-1.160072684288024902e+00,3.099602937698364258e+00,-2.168670654296875000e+00,-3.146710395812988281e-01,-2.691642522811889648e+00,3.023600578308105469e+00,-1.502028852701187134e-01,1.538291811943054199e+00,-2.029938697814941406e+00,1.605286002159118652e+00,1.052031874656677246e+00,-1.208053588867187500e+00,1.911914050579071045e-01
2.132921934127807617e+00,-6.841686367988586426e-01,1.208951473236083984e+00,-1.426282644271850586e+00,-4.874222576618194580e-01,8.836235404014587402e-01,1.195775747299194336e+00,-1.417911887168884277e+00,6.993318349123001099e-02,-9.331394433975219727e-01,-1.382214903831481934e+00,1.405125141143798828e+00,8.168154954910278320e-01,-1.371049880981445312e+00,1.356938362121582031e+00,9.551382064819335938e-01,4.641163945198059082e-01,-1.130988597869873047e-01,-1.671289652585983276e-01,2.154107093811035156e+00,2.164270281791687012e-01,7.741279602050781250e-01,2.543397247791290283e-01,6.123062595725059509e-02,1.869292140007019043e+00,2.226920723915100098e-01,1.554416179656982422e+00,-7.699362039566040039e-01,4.528274536132812500e-01,1.049375176429748535e+00,1.214150190353393555e-01,1.932653039693832397e-01,-2.095315456390380859e+00,-8.810316920280456543e-01,-2.440843343734741211e+00,-5.220111608505249023e-01,-2.865629434585571289e+00,-1.196361064910888672e+00,-3.842691779136657715e-01,-1.918898105621337891e+00,-4.004342257976531982e-01,2.263459205627441406e+00,-2.514946460723876953e+00,1.212949156761169434e+00,-3.630934655666351318e-01,3.353133678436279297e+00,-1.918163776397705078e+00,-2.869811356067657471e-01,-2.534503459930419922e+00,2.935200691223144531e+00,-9.057434648275375366e-02,1.786989688873291016e+00,-1.572999835014343262e+00,2.264094829559326172e+00,1.414960503578186035e+00,-7.932103276252746582e-01,2.704845368862152100e-01
1.441744327545166016e+00,-9.471921324729919434e-01,2.275801181793212891e+00,-1.273102402687072754e+00,2.189916744828224182e-02,3.169520854949951172e+00,1.311575889587402344e+00,-3.053947925567626953e+00,3.789935708045959473e-01,-5.263087153434753418e-01,1.322362869977951050e-01,1.452509999275207520e+00,9.089151620864868164e-01,9.520545005798339844e-01,-1.148470640182495117e+00,-7.154103517532348633e-01,-1.070006608963012695e+00,-2.245620965957641602e+00,-1.779231071472167969e+00,2.435684204101562500e+00,3.048324286937713623e-01,1.656166434288024902e+00,-1.191004831343889236e-02,-3.417311191558837891e+00,2.459241390228271484e+00,-2.424766540527343750e+00,3.385576486587524414e+00,1.025041103363037109e+00,-5.300784707069396973e-01,1.843850314617156982e-01,2.506847143173217773e+00,1.195239067077636719e+00,-1.190923929214477539e+00,-1.308530449867248535e+00,-2.036189556121826172e+00,-3.025713920593261719e+00,-1.481080412864685059e+00,-3.090759754180908203e+00,-9.887586832046508789e-01,-1.715910315513610840e+00,8.540955781936645508e-01,2.231882810592651367e+00,-2.678897380828857422e+00,1.006909847259521484e+00,1.243998885154724121e+00,2.765377759933471680e+00,-2.402648925781250000e+00,-1.571335792541503906e+00,-3.599140882492065430e+00,1.430251359939575195e+00,-1.140904903411865234e+00,4.805521667003631592e-01,1.935331225395202637e-01,4.077330529689788818e-01,-7.170583605766296387e-01,-1.736150264739990234e+00,2.059750318527221680e+00
-3.999996483325958252e-01,-3.142729282379150391e+00,3.340193748474121094e+00,-2.231643915176391602e+00,1.263676166534423828e+00,3.420258998870849609e+00,2.276741981506347656e+00,-2.689286947250366211e+00,2.308541059494018555e+00,-2.644589900970458984e+00,-1.881291389465332031e+00,2.508032798767089844e+00,2.343838512897491455e-01,-1.756401062011718750e-01,-6.064243912696838379e-01,1.176279664039611816e+00,-2.323656797409057617e+00,-2.631527662277221680e+00,-2.550394058227539062e+00,7.070161104202270508e-01,-5.412235260009765625e-01,1.221497416496276855e+00,-7.050032019615173340e-01,-1.259311318397521973e+00,2.934692382812500000e+00,-1.327482461929321289e+00,2.894601583480834961e+00,1.347103834152221680e+00,-6.600835323333740234e-01,7.873100638389587402e-01,2.260664939880371094e+00,-1.078925207257270813e-01,-1.709467530250549316e+00,1.600643277168273926e+00,-3.029867649078369141e+00,-2.949949264526367188e+00,-2.461368560791015625e+00,-3.028074264526367188e+00,-1.588368415832519531e+00,4.912571981549263000e-02,1.081614613533020020e+00,1.677077531814575195e+00,-2.549854040145874023e+00,-9.545825719833374023e-01,2.748271226882934570e+00,2.685688972473144531e+00,-1.456215262413024902e+00,-1.350845098495483398e+00,-2.192377805709838867e+00,7.812666296958923340e-01,-1.785660028457641602e+00,1.075732350349426270e+00,1.220515131950378418e+00,1.011316061019897461e+00,-3.909159451723098755e-02,-1.064301729202270508e+00,9.703067541122436523e-01
-4.409380257129669189e-01,-2.312728404998779297e+00,3.784096956253051758e+00,-1.075810551643371582e+00,-2.742681801319122314e-01,3.485933065414428711e+00,1.524741172790527344e+00,-2.650362730026245117e+00,1.221821904182434082e+00,-3.145624876022338867e+00,-5.211324095726013184e-01,-8.005478978157043457e-01,-1.330276250839233398e+00,5.681402087211608887e-01,-3.392204761505126953e+00,-2.085888624191284180e+00,1.897451877593994141e+00,-2.052640438079833984e+00,1.596461892127990723e+00,3.183923661708831787e-02,-2.970191538333892822e-01,-3.996485471725463867e-01,-2.424430847167968750e+00,-5.691225051879882812e+00,3.906436681747436523e+00,-5.571033477783203125e+00,4.593131542205810547e+00,-9.876896739006042480e-01,-2.862237930297851562e+00,-1.436827480792999268e-01,3.711395025253295898e+00,-4.604242742061614990e-02,1.594782233238220215e+00,1.138409733772277832e+00,-2.114622831344604492e+00,-1.037303447723388672e+00,1.478058844804763794e-01,-2.383586645126342773e+00,2.165055751800537109e+00,1.671713232994079590e+00,4.570590555667877197e-01,1.909838199615478516e+00,-1.357183098793029785e+00,6.364994645118713379e-01,4.168422222137451172e+00,9.326897859573364258e-01,-3.449946641921997070e+00,-7.537422776222229004e-01,-2.857925891876220703e-01,5.082741752266883850e-02,-3.833202838897705078e+00,8.781836032867431641e-01,3.202565610408782959e-01,1.136140525341033936e-01,-2.117352094501256943e-03,-2.708256483078002930e+00,2.663443565368652344e+00
