0.000000000000000000e+00,2.245190382003784180e+00,0.000000000000000000e+00,0.000000000000000000e+00,0.000000000000000000e+00,0.000000000000000000e+00,0.000000000000000000e+00,0.000000000000000000e+00
5.532186627388000488e-01,0.000000000000000000e+00,0.000000000000000000e+00,0.000000000000000000e+00,2.452949047088623047e+00,1.924777030944824219e+00,0.000000000000000000e+00,1.544445514678955078e+00
0.000000000000000000e+00,2.937680006027221680e+00,0.000000000000000000e+00,0.000000000000000000e+00,0.000000000000000000e+00,0.000000000000000000e+00,0.000000000000000000e+00,0.000000000000000000e+00
0.000000000000000000e+00,2.997545957565307617e+00,0.000000000000000000e+00,0.000000000000000000e+00,0.000000000000000000e+00,0.000000000000000000e+00,0.000000000000000000e+00,0.000000000000000000e+00
0.000000000000000000e+00,2.803906440734863281e+00,0.000000000000000000e+00,0.000000000000000000e+00,0.000000000000000000e+00,0.000000000000000000e+00,0.000000000000000000e+00,0.000000000000000000e+00
0.000000000000000000e+00,2.723710298538208008e+00,0.000000000000000000e+00,0.000000000000000000e+00,0.000000000000000000e+00,0.000000000000000000e+00,0.000000000000000000e+00,0.000000000000000000e+00
0.000000000000000000e+00,2.775925397872924805e+00,0.000000000000000000e+00,0.000000000000000000e+00,0.000000000000000000e+00,0.000000000000000000e+00,0.000000000000000000e+00,0.000000000000000000e+00
0.000000000000000000e+00,2.829198122024536133e+00,0.000000000000000000e+00,0.000000000000000000e+00,0.000000000000000000e+00,0.000000000000000000e+00,0.000000000000000000e+00,0.000000000000000000e+00
0.000000000000000000e+00,2.755329370498657227e+00,0.000000000000000000e+00,0.000000000000000000e+00,0.000000000000000000e+00,0.000000000000000000e+00,0.000000000000000000e+00,0.000000000000000000e+00
0.000000000000000000e+00,2.354256391525268555e+00,0.000000000000000000e+00,0.000000000000000000e+00,0.000000000000000000e+00,0.000000000000000000e+00,0.000000000000000000e+00,0.000000000000000000e+00
0.000000000000000000e+00,3.228982985019683838e-01,0.000000000000000000e+00,0.000000000000000000e+00,0.000000000000000000e+00,0.000000000000000000e+00,0.000000000000000000e+00,0.000000000000000000e+00
0.000000000000000000e+00,4.685744047164916992e-01,0.000000000000000000e+00,0.000000000000000000e+00,0.000000000000000000e+00,0.000000000000000000e+00,0.000000000000000000e+00,0.000000000000000000e+00
0.000000000000000000e+00,8.358508348464965820e-01,0.000000000000000000e+00,0.000000000000000000e+00,0.000000000000000000e+00,0.000000000000000000e+00,0.000000000000000000e+00,0.000000000000000000e+00
0.000000000000000000e+00,1.247449755668640137e+00,0.000000000000000000e+00,0.000000000000000000e+00,0.000000000000000000e+00,0.000000000000000000e+00,0.000000000000000000e+00,0.000000000000000000e+00
0.000000000000000000e+00,2.623050510883331299e-01,0.000000000000000000e+00,0.000000000000000000e+00,0.000000000000000000e+00,0.000000000000000000e+00,0.000000000000000000e+00,0.000000000000000000e+00
0.000000000000000000e+00,3.468768298625946045e-01,0.000000000000000000e+00,0.000000000000000000e+00,0.000000000000000000e+00,0.000000000000000000e+00,0.000000000000000000e+00,0.000000000000000000e+00
0.000000000000000000e+00,1.235989451408386230e+00,0.000000000000000000e+00,0.000000000000000000e+00,0.000000000000000000e+00,0.000000000000000000e+00,0.000000000000000000e+00,0.000000000000000000e+00
0.000000000000000000e+00,2.268942892551422119e-01,0.000000000000000000e+00,0.000000000000000000e+00,0.000000000000000000e+00,0.000000000000000000e+00,0.000000000000000000e+00,0.000000000000000000e+00
0.000000000000000000e+00,1.346039295196533203e+00,0.000000000000000000e+00,0.000000000000000000e+00,0.000000000000000000e+00,0.000000000000000000e+00,0.000000000000000000e+00,0.000000000000000000e+00
0.000000000000000000e+00,3.735593557357788086e-01,0.000000000000000000e+00,0.000000000000000000e+00,0.000000000000000000e+00,0.000000000000000000e+00,0.000000000000000000e+00,0.000000000000000000e+00
0.000000000000000000e+00,5.502669215202331543e-01,0.000000000000000000e+00,0.000000000000000000e+00,0.000000000000000000e+00,0.000000000000000000e+00,0.000000000000000000e+00,0.000000000000000000e+00
0.000000000000000000e+00,9.939985871315002441e-01,0.000000000000000000e+00,0.000000000000000000e+00,0.000000000000000000e+00,0.000000000000000000e+00,0.000000000000000000e+00,0.000000000000000000e+00
3.895907104015350342e-02,0.000000000000000000e+00,0.000000000000000000e+00,0.000000000000000000e+00,0.000000000000000000e+00,0.000000000000000000e+00,0.000000000000000000e+00,5.317278206348419189e-03
1.000063419342041016e-01,0.000000000000000000e+00,0.000000000000000000e+00,0.000000000000000000e+00,2.837071567773818970e-02,0.000000000000000000e+00,0.000000000000000000e+00,1.813659220933914185e-01
0.000000000000000000e+00,1.334162354469299316e+00,0.000000000000000000e+00,0.000000000000000000e+00,0.000000000000000000e+00,0.000000000000000000e+00,0.000000000000000000e+00,0.000000000000000000e+00
0.000000000000000000e+00,1.500122785568237305e+00,0.000000000000000000e+00,0.000000000000000000e+00,0.000000000000000000e+00,0.000000000000000000e+00,0.000000000000000000e+00,0.000000000000000000e+00
0.000000000000000000e+00,1.115953803062438965e+00,0.000000000000000000e+00,0.000000000000000000e+00,0.000000000000000000e+00,0.000000000000000000e+00,0.000000000000000000e+00,0.000000000000000000e+00
0.000000000000000000e+00,1.448439955711364746e+00,0.000000000000000000e+00,0.000000000000000000e+00,0.000000000000000000e+00,0.000000000000000000e+00,0.000000000000000000e+00,0.000000000000000000e+00
0.000000000000000000e+00,1.666063666343688965e+00,0.000000000000000000e+00,0.000000000000000000e+00,0.000000000000000000e+00,0.000000000000000000e+00,0.000000000000000000e+00,0.000000000000000000e+00
0.000000000000000000e+00,1.593632102012634277e+00,0.000000000000000000e+00,0.000000000000000000e+00,0.000000000000000000e+00,0.000000000000000000e+00,0.000000000000000000e+00,0.000000000000000000e+00
0.000000000000000000e+00,1.881890296936035156e-01,0.000000000000000000e+00,0.000000000000000000e+00,0.000000000000000000e+00,0.000000000000000000e+00,0.000000000000000000e+00,0.000000000000000000e+00
0.000000000000000000e+00,8.177660703659057617e-01,0.000000000000000000e+00,0.000000000000000000e+00,0.000000000000000000e+00,0.000000000000000000e+00,0.000000000000000000e+00,0.000000000000000000e+00
0.000000000000000000e+00,2.063111066818237305e-01,0.000000000000000000e+00,0.000000000000000000e+00,0.000000000000000000e+00,0.000000000000000000e+00,0.000000000000000000e+00,0.000000000000000000e+00
0.000000000000000000e+00,4.935203790664672852e-01,0.000000000000000000e+00,0.000000000000000000e+00,0.000000000000000000e+00,0.000000000000000000e+00,0.000000000000000000e+00,0.000000000000000000e+00
0.000000000000000000e+00,0.000000000000000000e+00,0.000000000000000000e+00,0.000000000000000000e+00,0.000000000000000000e+00,0.000000000000000000e+00,0.000000000000000000e+00,0.000000000000000000e+00
0.000000000000000000e+00,3.093709349632263184e-01,0.000000000000000000e+00,0.000000000000000000e+00,0.000000000000000000e+00,0.000000000000000000e+00,0.000000000000000000e+00,0.000000000000000000e+00
0.000000000000000000e+00,1.677922844886779785e+00,0.000000000000000000e+00,0.000000000000000000e+00,0.000000000000000000e+00,0.000000000000000000e+00,0.000000000000000000e+00,0.000000000000000000e+00
0.000000000000000000e+00,1.377517580986022949e-01,0.000000000000000000e+00,0.000000000000000000e+00,0.000000000000000000e+00,0.000000000000000000e+00,0.000000000000000000e+00,0.000000000000000000e+00
1.889416575431823730e-02,6.633546352386474609e-01,0.000000000000000000e+00,0.000000000000000000e+00,0.000000000000000000e+00,0.000000000000000000e+00,0.000000000000000000e+00,0.000000000000000000e+00
4.003285765647888184e-01,0.000000000000000000e+00,0.000000000000000000e+00,0.000000000000000000e+00,6.147910356521606445e-01,5.588762760162353516e-01,0.000000000000000000e+00,7.468779683113098145e-01
0.000000000000000000e+00,8.988465070724487305e-01,0.000000000000000000e+00,0.000000000000000000e+00,0.000000000000000000e+00,0.000000000000000000e+00,0.000000000000000000e+00,0.000000000000000000e+00
0.000000000000000000e+00,1.150801897048950195e+00,0.000000000000000000e+00,0.000000000000000000e+00,0.000000000000000000e+00,0.000000000000000000e+00,0.000000000000000000e+00,0.000000000000000000e+00
0.000000000000000000e+00,4.241372346878051758e-01,0.000000000000000000e+00,0.000000000000000000e+00,0.000000000000000000e+00,0.000000000000000000e+00,0.000000000000000000e+00,0.000000000000000000e+00
0.000000000000000000e+00,0.000000000000000000e+00,0.000000000000000000e+00,0.000000000000000000e+00,0.000000000000000000e+00,0.000000000000000000e+00,0.000000000000000000e+00,0.000000000000000000e+00
6.086046695709228516e-01,0.000000000000000000e+00,0.000000000000000000e+00,0.000000000000000000e+00,1.189519286155700684e+00,3.842521309852600098e-01,0.000000000000000000e+00,8.995214104652404785e-01
4.271037876605987549e-02,1.683466732501983643e-01,0.000000000000000000e+00,0.000000000000000000e+00,0.000000000000000000e+00,0.000000000000000000e+00,0.000000000000000000e+00,0.000000000000000000e+00
0.000000000000000000e+00,9.599819183349609375e-01,0.000000000000000000e+00,0.000000000000000000e+00,0.000000000000000000e+00,0.000000000000000000e+00,0.000000000000000000e+00,0.000000000000000000e+00
0.000000000000000000e+00,2.459535300731658936e-01,0.000000000000000000e+00,0.000000000000000000e+00,0.000000000000000000e+00,0.000000000000000000e+00,0.000000000000000000e+00,0.000000000000000000e+00
0.000000000000000000e+00,9.748926162719726562e-01,0.000000000000000000e+00,0.000000000000000000e+00,0.000000000000000000e+00,0.000000000000000000e+00,0.000000000000000000e+00,0.000000000000000000e+00
5.783372521400451660e-01,0.000000000000000000e+00,0.000000000000000000e+00,0.000000000000000000e+00,9.770455360412597656e-01,4.590348601341247559e-01,0.000000000000000000e+00,6.477081179618835449e-01
0.000000000000000000e+00,1.596307754516601562e-01,0.000000000000000000e+00,0.000000000000000000e+00,0.000000000000000000e+00,0.000000000000000000e+00,0.000000000000000000e+00,0.000000000000000000e+00
0.000000000000000000e+00,8.383471518754959106e-02,0.000000000000000000e+00,0.000000000000000000e+00,0.000000000000000000e+00,0.000000000000000000e+00,0.000000000000000000e+00,0.000000000000000000e+00
0.000000000000000000e+00,3.464707434177398682e-01,0.000000000000000000e+00,0.000000000000000000e+00,0.000000000000000000e+00,0.000000000000000000e+00,0.000000000000000000e+00,0.000000000000000000e+00
0.000000000000000000e+00,1.721878349781036377e-01,0.000000000000000000e+00,0.000000000000000000e+00,0.000000000000000000e+00,0.000000000000000000e+00,0.000000000000000000e+00,0.000000000000000000e+00
0.000000000000000000e+00,1.446055054664611816e+00,0.000000000000000000e+00,0.000000000000000000e+00,0.000000000000000000e+00,0.000000000000000000e+00,0.000000000000000000e+00,0.000000000000000000e+00
3.347007036209106445e-01,5.573791265487670898e-01,0.000000000000000000e+00,0.000000000000000000e+00,5.398756861686706543e-01,4.656544923782348633e-01,0.000000000000000000e+00,1.435479372739791870e-01
0.000000000000000000e+00,5.645865797996520996e-01,0.000000000000000000e+00,0.000000000000000000e+00,0.000000000000000000e+00,0.000000000000000000e+00,0.000000000000000000e+00,0.000000000000000000e+00
0.000000000000000000e+00,1.334176421165466309e+00,0.000000000000000000e+00,0.000000000000000000e+00,0.000000000000000000e+00,0.000000000000000000e+00,0.000000000000000000e+00,0.000000000000000000e+00
0.000000000000000000e+00,1.379521131515502930e+00,0.000000000000000000e+00,0.000000000000000000e+00,0.000000000000000000e+00,0.000000000000000000e+00,0.000000000000000000e+00,0.000000000000000000e+00
0.000000000000000000e+00,7.051558494567871094e-01,0.000000000000000000e+00,0.000000000000000000e+00,0.000000000000000000e+00,0.000000000000000000e+00,0.000000000000000000e+00,0.000000000000000000e+00
0.000000000000000000e+00,5.953443646430969238e-01,0.000000000000000000e+00,0.000000000000000000e+00,0.000000000000000000e+00,0.000000000000000000e+00,0.000000000000000000e+00,0.000000000000000000e+00
0.000000000000000000e+00,4.066219329833984375e-01,0.000000000000000000e+00,0.000000000000000000e+00,0.000000000000000000e+00,0.000000000000000000e+00,0.000000000000000000e+00,0.000000000000000000e+00
0.000000000000000000e+00,7.232514619827270508e-01,0.000000000000000000e+00,0.000000000000000000e+00,0.000000000000000000e+00,0.000000000000000000e+00,0.000000000000000000e+00,0.000000000000000000e+00
6.338349580764770508e-01,0.000000000000000000e+00,0.000000000000000000e+00,0.000000000000000000e+00,1.905016064643859863e+00,1.382848978042602539e+00,0.000000000000000000e+00,1.455199956893920898e+00
0.000000000000000000e+00,1.592979311943054199e+00,0.000000000000000000e+00,0.000000000000000000e+00,0.000000000000000000e+00,0.000000000000000000e+00,0.000000000000000000e+00,0.000000000000000000e+00
0.000000000000000000e+00,2.542115449905395508e-01,0.000000000000000000e+00,0.000000000000000000e+00,0.000000000000000000e+00,0.000000000000000000e+00,0.000000000000000000e+00,0.000000000000000000e+00
0.000000000000000000e+00,1.463287830352783203e+00,0.000000000000000000e+00,0.000000000000000000e+00,0.000000000000000000e+00,0.000000000000000000e+00,0.000000000000000000e+00,0.000000000000000000e+00
0.000000000000000000e+00,3.893235027790069580e-01,0.000000000000000000e+00,0.000000000000000000e+00,0.000000000000000000e+00,0.000000000000000000e+00,0.000000000000000000e+00,0.000000000000000000e+00
0.000000000000000000e+00,2.079722166061401367e+00,0.000000000000000000e+00,0.000000000000000000e+00,0.000000000000000000e+00,0.000000000000000000e+00,0.000000000000000000e+00,0.000000000000000000e+00
0.000000000000000000e+00,1.388563275337219238e+00,0.000000000000000000e+00,0.000000000000000000e+00,0.000000000000000000e+00,0.000000000000000000e+00,0.000000000000000000e+00,0.000000000000000000e+00
0.000000000000000000e+00,2.612376928329467773e+00,0.000000000000000000e+00,0.000000000000000000e+00,0.000000000000000000e+00,0.000000000000000000e+00,0.000000000000000000e+00,0.000000000000000000e+00
0.000000000000000000e+00,7.585068941116333008e-01,0.000000000000000000e+00,0.000000000000000000e+00,0.000000000000000000e+00,0.000000000000000000e+00,0.000000000000000000e+00,0.000000000000000000e+00
7.173503041267395020e-01,0.000000000000000000e+00,0.000000000000000000e+00,0.000000000000000000e+00,3.237829685211181641e+00,2.499660968780517578e+00,0.000000000000000000e+00,2.200757980346679688e+00
0.000000000000000000e+00,3.745402336120605469e+00,0.000000000000000000e+00,0.000000000000000000e+00,4.904152750968933105e-01,1.085539340972900391e+00,0.000000000000000000e+00,0.000000000000000000e+00
0.000000000000000000e+00,1.276345491409301758e+00,0.000000000000000000e+00,0.000000000000000000e+00,0.000000000000000000e+00,0.000000000000000000e+00,0.000000000000000000e+00,0.000000000000000000e+00
0.000000000000000000e+00,2.191599845886230469e+00,0.000000000000000000e+00,0.000000000000000000e+00,0.000000000000000000e+00,0.000000000000000000e+00,0.000000000000000000e+00,0.000000000000000000e+00
0.000000000000000000e+00,1.998040318489074707e+00,0.000000000000000000e+00,0.000000000000000000e+00,0.000000000000000000e+00,0.000000000000000000e+00,0.000000000000000000e+00,0.000000000000000000e+00
0.000000000000000000e+00,2.168946504592895508e+00,0.000000000000000000e+00,0.000000000000000000e+00,0.000000000000000000e+00,0.000000000000000000e+00,0.000000000000000000e+00,0.000000000000000000e+00
0.000000000000000000e+00,2.785218477249145508e+00,0.000000000000000000e+00,0.000000000000000000e+00,0.000000000000000000e+00,0.000000000000000000e+00,0.000000000000000000e+00,0.000000000000000000e+00
0.000000000000000000e+00,2.814803361892700195e+00,0.000000000000000000e+00,0.000000000000000000e+00,0.000000000000000000e+00,0.000000000000000000e+00,0.000000000000000000e+00,0.000000000000000000e+00
0.000000000000000000e+00,2.897628545761108398e+00,0.000000000000000000e+00,0.000000000000000000e+00,0.000000000000000000e+00,0.000000000000000000e+00,0.000000000000000000e+00,0.000000000000000000e+00
0.000000000000000000e+00,2.836965322494506836e+00,0.000000000000000000e+00,0.000000000000000000e+00,0.000000000000000000e+00,0.000000000000000000e+00,0.000000000000000000e+00,0.000000000000000000e+00
0.000000000000000000e+00,1.388689398765563965e+00,0.000000000000000000e+00,0.000000000000000000e+00,0.000000000000000000e+00,0.000000000000000000e+00,0.000000000000000000e+00,0.000000000000000000e+00
1.508983671665191650e-01,2.578616380691528320e+00,0.000000000000000000e+00,0.000000000000000000e+00,0.000000000000000000e+00,0.000000000000000000e+00,0.000000000000000000e+00,0.000000000000000000e+00
6.779603958129882812e-01,0.000000000000000000e+00,0.000000000000000000e+00,0.000000000000000000e+00,2.360960721969604492e+00,1.540764093399047852e+00,0.000000000000000000e+00,2.001053810119628906e+00
0.000000000000000000e+00,2.692284822463989258e+00,0.000000000000000000e+00,0.000000000000000000e+00,0.000000000000000000e+00,5.534679293632507324e-01,0.000000000000000000e+00,0.000000000000000000e+00
0.000000000000000000e+00,3.138988256454467773e+00,0.000000000000000000e+00,0.000000000000000000e+00,0.000000000000000000e+00,1.435028314590454102e-01,0.000000000000000000e+00,0.000000000000000000e+00
0.000000000000000000e+00,3.325051307678222656e+00,0.000000000000000000e+00,0.000000000000000000e+00,0.000000000000000000e+00,8.836662769317626953e-02,0.000000000000000000e+00,0.000000000000000000e+00
0.000000000000000000e+00,3.271358728408813477e+00,0.000000000000000000e+00,0.000000000000000000e+00,0.000000000000000000e+00,1.376997232437133789e-01,0.000000000000000000e+00,0.000000000000000000e+00
0.000000000000000000e+00,3.366801023483276367e+00,0.000000000000000000e+00,0.000000000000000000e+00,0.000000000000000000e+00,4.219299554824829102e-02,0.000000000000000000e+00,0.000000000000000000e+00
0.000000000000000000e+00,3.374950170516967773e+00,0.000000000000000000e+00,0.000000000000000000e+00,0.000000000000000000e+00,0.000000000000000000e+00,0.000000000000000000e+00,0.000000000000000000e+00
0.000000000000000000e+00,3.141281843185424805e+00,0.000000000000000000e+00,0.000000000000000000e+00,0.000000000000000000e+00,0.000000000000000000e+00,0.000000000000000000e+00,0.000000000000000000e+00
0.000000000000000000e+00,1.541997075080871582e+00,0.000000000000000000e+00,0.000000000000000000e+00,0.000000000000000000e+00,0.000000000000000000e+00,0.000000000000000000e+00,0.000000000000000000e+00
0.000000000000000000e+00,0.000000000000000000e+00,0.000000000000000000e+00,0.000000000000000000e+00,0.000000000000000000e+00,0.000000000000000000e+00,0.000000000000000000e+00,0.000000000000000000e+00
0.000000000000000000e+00,2.737697362899780273e-01,0.000000000000000000e+00,0.000000000000000000e+00,0.000000000000000000e+00,0.000000000000000000e+00,0.000000000000000000e+00,0.000000000000000000e+00
0.000000000000000000e+00,0.000000000000000000e+00,0.000000000000000000e+00,0.000000000000000000e+00,0.000000000000000000e+00,0.000000000000000000e+00,0.000000000000000000e+00,0.000000000000000000e+00
0.000000000000000000e+00,1.866078376770019531e-01,0.000000000000000000e+00,0.000000000000000000e+00,0.000000000000000000e+00,0.000000000000000000e+00,0.000000000000000000e+00,0.000000000000000000e+00
0.000000000000000000e+00,9.302786737680435181e-02,0.000000000000000000e+00,0.000000000000000000e+00,0.000000000000000000e+00,0.000000000000000000e+00,0.000000000000000000e+00,0.000000000000000000e+00
6.110701560974121094e-01,0.000000000000000000e+00,0.000000000000000000e+00,0.000000000000000000e+00,9.331014156341552734e-01,2.751005291938781738e-01,0.000000000000000000e+00,5.565674304962158203e-01
5.874012708663940430e-01,0.000000000000000000e+00,0.000000000000000000e+00,0.000000000000000000e+00,1.287345051765441895e+00,3.796392679214477539e-01,0.000000000000000000e+00,6.366507411003112793e-01
5.438627004623413086e-01,0.000000000000000000e+00,0.000000000000000000e+00,0.000000000000000000e+00,1.754684329032897949e+00,1.168879032135009766e+00,0.000000000000000000e+00,1.254275560379028320e+00
0.000000000000000000e+00,1.318229079246520996e+00,0.000000000000000000e+00,0.000000000000000000e+00,0.000000000000000000e+00,0.000000000000000000e+00,0.000000000000000000e+00,0.000000000000000000e+00
7.107369303703308105e-01,0.000000000000000000e+00,0.000000000000000000e+00,0.000000000000000000e+00,1.837242007255554199e+00,1.164571046829223633e+00,0.000000000000000000e+00,1.509203433990478516e+00
8.928654193878173828e-01,0.000000000000000000e+00,0.000000000000000000e+00,0.000000000000000000e+00,1.993995070457458496e+00,1.048596858978271484e+00,0.000000000000000000e+00,1.328859090805053711e+00
8.779010772705078125e-01,0.000000000000000000e+00,0.000000000000000000e+00,0.000000000000000000e+00,2.071553707122802734e+00,9.839858412742614746e-01,0.000000000000000000e+00,1.267129063606262207e+00
7.153954505920410156e-01,0.000000000000000000e+00,0.000000000000000000e+00,0.000000000000000000e+00,1.993343472480773926e+00,1.399202585220336914e+00,0.000000000000000000e+00,1.761867284774780273e+00
8.039289712905883789e-01,0.000000000000000000e+00,0.000000000000000000e+00,0.000000000000000000e+00,2.266572713851928711e+00,1.495940685272216797e+00,0.000000000000000000e+00,1.882868409156799316e+00
7.859897613525390625e-01,0.000000000000000000e+00,0.000000000000000000e+00,0.000000000000000000e+00,2.278203725814819336e+00,1.597263097763061523e+00,0.000000000000000000e+00,1.694082498550415039e+00
7.608880996704101562e-01,0.000000000000000000e+00,0.000000000000000000e+00,0.000000000000000000e+00,2.060257911682128906e+00,1.260656833648681641e+00,0.000000000000000000e+00,1.582601666450500488e+00
5.042152404785156250e-01,0.000000000000000000e+00,0.000000000000000000e+00,0.000000000000000000e+00,6.313697099685668945e-01,1.124307811260223389e-01,0.000000000000000000e+00,4.190700650215148926e-01
5.655154585838317871e-01,0.000000000000000000e+00,0.000000000000000000e+00,0.000000000000000000e+00,1.234867215156555176e+00,6.902329325675964355e-01,0.000000000000000000e+00,8.675308227539062500e-01
5.224127769470214844e-01,0.000000000000000000e+00,0.000000000000000000e+00,0.000000000000000000e+00,1.395154595375061035e+00,7.707249522209167480e-01,0.000000000000000000e+00,1.064441561698913574e+00
0.000000000000000000e+00,7.976396083831787109e-01,0.000000000000000000e+00,0.000000000000000000e+00,0.000000000000000000e+00,1.455897688865661621e-01,0.000000000000000000e+00,0.000000000000000000e+00
5.695761442184448242e-01,0.000000000000000000e+00,0.000000000000000000e+00,0.000000000000000000e+00,1.645581603050231934e+00,1.192471027374267578e+00,0.000000000000000000e+00,1.599314928054809570e+00
8.983966112136840820e-01,0.000000000000000000e+00,0.000000000000000000e+00,0.000000000000000000e+00,3.002993345260620117e+00,1.962337255477905273e+00,0.000000000000000000e+00,2.405781984329223633e+00
6.006657481193542480e-01,0.000000000000000000e+00,0.000000000000000000e+00,0.000000000000000000e+00,1.769894719123840332e+00,1.156700372695922852e+00,0.000000000000000000e+00,1.504091501235961914e+00
5.859262347221374512e-01,0.000000000000000000e+00,0.000000000000000000e+00,0.000000000000000000e+00,1.972743868827819824e+00,1.298636436462402344e+00,0.000000000000000000e+00,1.589514851570129395e+00
5.932589769363403320e-01,0.000000000000000000e+00,0.000000000000000000e+00,0.000000000000000000e+00,1.670811653137207031e+00,1.085085153579711914e+00,0.000000000000000000e+00,1.382578730583190918e+00
7.632118463516235352e-01,0.000000000000000000e+00,0.000000000000000000e+00,0.000000000000000000e+00,1.828462004661560059e+00,1.073929309844970703e+00,0.000000000000000000e+00,1.384386181831359863e+00
4.818907678127288818e-01,0.000000000000000000e+00,0.000000000000000000e+00,0.000000000000000000e+00,9.927116632461547852e-01,1.095815896987915039e-01,0.000000000000000000e+00,4.427772760391235352e-01
4.309960305690765381e-01,0.000000000000000000e+00,0.000000000000000000e+00,0.000000000000000000e+00,1.281342864036560059e+00,7.749051451683044434e-01,0.000000000000000000e+00,9.046946763992309570e-01
5.220470428466796875e-01,0.000000000000000000e+00,0.000000000000000000e+00,0.000000000000000000e+00,1.135444283485412598e+00,5.729511380195617676e-01,0.000000000000000000e+00,7.943784594535827637e-01
0.000000000000000000e+00,1.074957922101020813e-01,0.000000000000000000e+00,0.000000000000000000e+00,0.000000000000000000e+00,0.000000000000000000e+00,0.000000000000000000e+00,0.000000000000000000e+00
0.000000000000000000e+00,1.398528456687927246e+00,0.000000000000000000e+00,0.000000000000000000e+00,0.000000000000000000e+00,0.000000000000000000e+00,0.000000000000000000e+00,0.000000000000000000e+00
0.000000000000000000e+00,4.239317178726196289e-01,0.000000000000000000e+00,0.000000000000000000e+00,2.551756799221038818e-01,2.170530259609222412e-01,0.000000000000000000e+00,2.746964693069458008e-01
6.577816009521484375e-01,0.000000000000000000e+00,0.000000000000000000e+00,0.000000000000000000e+00,1.311087012290954590e+00,6.943256258964538574e-01,0.000000000000000000e+00,9.263394474983215332e-01
6.100229024887084961e-01,0.000000000000000000e+00,0.000000000000000000e+00,0.000000000000000000e+00,1.307288765907287598e+00,6.272483468055725098e-01,0.000000000000000000e+00,8.718703985214233398e-01
7.585825920104980469e-01,0.000000000000000000e+00,0.000000000000000000e+00,0.000000000000000000e+00,1.610813975334167480e+00,8.201891183853149414e-01,0.000000000000000000e+00,1.096430540084838867e+00
4.815025031566619873e-01,0.000000000000000000e+00,0.000000000000000000e+00,0.000000000000000000e+00,1.131484389305114746e+00,2.707928419113159180e-01,0.000000000000000000e+00,5.566735863685607910e-01
0.000000000000000000e+00,0.000000000000000000e+00,0.000000000000000000e+00,0.000000000000000000e+00,0.000000000000000000e+00,0.000000000000000000e+00,0.000000000000000000e+00,0.000000000000000000e+00
0.000000000000000000e+00,4.987284541130065918e-03,0.000000000000000000e+00,0.000000000000000000e+00,0.000000000000000000e+00,0.000000000000000000e+00,0.000000000000000000e+00,0.000000000000000000e+00
0.000000000000000000e+00,1.721700727939605713e-01,0.000000000000000000e+00,0.000000000000000000e+00,0.000000000000000000e+00,0.000000000000000000e+00,0.000000000000000000e+00,0.000000000000000000e+00
0.000000000000000000e+00,7.633978873491287231e-02,0.000000000000000000e+00,0.000000000000000000e+00,0.000000000000000000e+00,0.000000000000000000e+00,0.000000000000000000e+00,0.000000000000000000e+00
0.000000000000000000e+00,7.577949762344360352e-01,0.000000000000000000e+00,0.000000000000000000e+00,0.000000000000000000e+00,0.000000000000000000e+00,0.000000000000000000e+00,0.000000000000000000e+00
0.000000000000000000e+00,2.395632982254028320e+00,0.000000000000000000e+00,0.000000000000000000e+00,0.000000000000000000e+00,0.000000000000000000e+00,0.000000000000000000e+00,0.000000000000000000e+00
2.949471473693847656e-01,0.000000000000000000e+00,0.000000000000000000e+00,0.000000000000000000e+00,6.631919145584106445e-01,4.491369128227233887e-01,0.000000000000000000e+00,7.724747061729431152e-01
0.000000000000000000e+00,0.000000000000000000e+00,0.000000000000000000e+00,0.000000000000000000e+00,5.694887787103652954e-02,0.000000000000000000e+00,0.000000000000000000e+00,3.400098532438278198e-02
0.000000000000000000e+00,3.128893673419952393e-02,0.000000000000000000e+00,0.000000000000000000e+00,0.000000000000000000e+00,0.000000000000000000e+00,0.000000000000000000e+00,0.000000000000000000e+00
0.000000000000000000e+00,5.128490924835205078e-02,0.000000000000000000e+00,0.000000000000000000e+00,0.000000000000000000e+00,0.000000000000000000e+00,0.000000000000000000e+00,0.000000000000000000e+00
0.000000000000000000e+00,1.183483600616455078e-01,0.000000000000000000e+00,0.000000000000000000e+00,0.000000000000000000e+00,0.000000000000000000e+00,0.000000000000000000e+00,0.000000000000000000e+00
0.000000000000000000e+00,7.966439723968505859e-01,0.000000000000000000e+00,0.000000000000000000e+00,0.000000000000000000e+00,0.000000000000000000e+00,0.000000000000000000e+00,0.000000000000000000e+00
0.000000000000000000e+00,1.451481729745864868e-01,0.000000000000000000e+00,0.000000000000000000e+00,0.000000000000000000e+00,0.000000000000000000e+00,0.000000000000000000e+00,0.000000000000000000e+00
0.000000000000000000e+00,0.000000000000000000e+00,0.000000000000000000e+00,0.000000000000000000e+00,0.000000000000000000e+00,0.000000000000000000e+00,0.000000000000000000e+00,0.000000000000000000e+00
0.000000000000000000e+00,0.000000000000000000e+00,0.000000000000000000e+00,0.000000000000000000e+00,0.000000000000000000e+00,0.000000000000000000e+00,0.000000000000000000e+00,0.000000000000000000e+00
0.000000000000000000e+00,1.047844290733337402e+00,0.000000000000000000e+00,0.000000000000000000e+00,0.000000000000000000e+00,0.000000000000000000e+00,0.000000000000000000e+00,0.000000000000000000e+00
0.000000000000000000e+00,1.219046592712402344e+00,0.000000000000000000e+00,0.000000000000000000e+00,0.000000000000000000e+00,0.000000000000000000e+00,0.000000000000000000e+00,0.000000000000000000e+00
0.000000000000000000e+00,2.462928771972656250e+00,0.000000000000000000e+00,0.000000000000000000e+00,0.000000000000000000e+00,0.000000000000000000e+00,0.000000000000000000e+00,0.000000000000000000e+00
0.000000000000000000e+00,3.121834516525268555e+00,0.000000000000000000e+00,0.000000000000000000e+00,0.000000000000000000e+00,0.000000000000000000e+00,0.000000000000000000e+00,0.000000000000000000e+00
0.000000000000000000e+00,3.455316781997680664e+00,0.000000000000000000e+00,0.000000000000000000e+00,0.000000000000000000e+00,0.000000000000000000e+00,0.000000000000000000e+00,0.000000000000000000e+00
0.000000000000000000e+00,3.296523571014404297e+00,0.000000000000000000e+00,0.000000000000000000e+00,0.000000000000000000e+00,0.000000000000000000e+00,0.000000000000000000e+00,0.000000000000000000e+00
0.000000000000000000e+00,3.338897705078125000e+00,0.000000000000000000e+00,0.000000000000000000e+00,0.000000000000000000e+00,0.000000000000000000e+00,0.000000000000000000e+00,0.000000000000000000e+00
0.000000000000000000e+00,3.325976610183715820e+00,0.000000000000000000e+00,0.000000000000000000e+00,0.000000000000000000e+00,0.000000000000000000e+00,0.000000000000000000e+00,0.000000000000000000e+00
1.129807829856872559e+00,0.000000000000000000e+00,0.000000000000000000e+00,0.000000000000000000e+00,4.519485473632812500e+00,2.802100419998168945e+00,0.000000000000000000e+00,2.441807985305786133e+00
1.156091928482055664e+00,0.000000000000000000e+00,0.000000000000000000e+00,0.000000000000000000e+00,4.875608921051025391e+00,2.241844177246093750e+00,0.000000000000000000e+00,2.846542358398437500e+00
0.000000000000000000e+00,3.050656080245971680e+00,0.000000000000000000e+00,0.000000000000000000e+00,0.000000000000000000e+00,0.000000000000000000e+00,0.000000000000000000e+00,0.000000000000000000e+00
0.000000000000000000e+00,3.046439409255981445e+00,0.000000000000000000e+00,0.000000000000000000e+00,0.000000000000000000e+00,0.000000000000000000e+00,0.000000000000000000e+00,0.000000000000000000e+00
0.000000000000000000e+00,2.768694639205932617e+00,0.000000000000000000e+00,0.000000000000000000e+00,0.000000000000000000e+00,0.000000000000000000e+00,0.000000000000000000e+00,0.000000000000000000e+00
0.000000000000000000e+00,2.923906564712524414e+00,0.000000000000000000e+00,0.000000000000000000e+00,0.000000000000000000e+00,0.000000000000000000e+00,0.000000000000000000e+00,0.000000000000000000e+00
0.000000000000000000e+00,2.824117422103881836e+00,0.000000000000000000e+00,0.000000000000000000e+00,0.000000000000000000e+00,0.000000000000000000e+00,0.000000000000000000e+00,0.000000000000000000e+00
0.000000000000000000e+00,2.852887868881225586e+00,0.000000000000000000e+00,0.000000000000000000e+00,0.000000000000000000e+00,0.000000000000000000e+00,0.000000000000000000e+00,0.000000000000000000e+00
0.000000000000000000e+00,2.985746145248413086e+00,0.000000000000000000e+00,0.000000000000000000e+00,0.000000000000000000e+00,0.000000000000000000e+00,0.000000000000000000e+00,0.000000000000000000e+00
0.000000000000000000e+00,2.343232870101928711e+00,0.000000000000000000e+00,0.000000000000000000e+00,0.000000000000000000e+00,0.000000000000000000e+00,0.000000000000000000e+00,0.000000000000000000e+00
0.000000000000000000e+00,5.851324796676635742e-01,0.000000000000000000e+00,0.000000000000000000e+00,0.000000000000000000e+00,0.000000000000000000e+00,0.000000000000000000e+00,0.000000000000000000e+00
0.000000000000000000e+00,0.000000000000000000e+00,0.000000000000000000e+00,0.000000000000000000e+00,0.000000000000000000e+00,0.000000000000000000e+00,0.000000000000000000e+00,0.000000000000000000e+00
0.000000000000000000e+00,0.000000000000000000e+00,0.000000000000000000e+00,0.000000000000000000e+00,0.000000000000000000e+00,0.000000000000000000e+00,0.000000000000000000e+00,0.000000000000000000e+00
0.000000000000000000e+00,0.000000000000000000e+00,0.000000000000000000e+00,0.000000000000000000e+00,0.000000000000000000e+00,0.000000000000000000e+00,0.000000000000000000e+00,0.000000000000000000e+00
0.000000000000000000e+00,0.000000000000000000e+00,0.000000000000000000e+00,0.000000000000000000e+00,0.000000000000000000e+00,0.000000000000000000e+00,0.000000000000000000e+00,0.000000000000000000e+00
0.000000000000000000e+00,0.000000000000000000e+00,0.000000000000000000e+00,0.000000000000000000e+00,0.000000000000000000e+00,0.000000000000000000e+00,0.000000000000000000e+00,0.000000000000000000e+00
0.000000000000000000e+00,2.617333233356475830e-01,0.000000000000000000e+00,0.000000000000000000e+00,0.000000000000000000e+00,0.000000000000000000e+00,0.000000000000000000e+00,0.000000000000000000e+00
1.386728882789611816e-02,0.000000000000000000e+00,0.000000000000000000e+00,0.000000000000000000e+00,2.123697400093078613e-01,0.000000000000000000e+00,0.000000000000000000e+00,2.122565656900405884e-01
0.000000000000000000e+00,1.850654006004333496e+00,0.000000000000000000e+00,0.000000000000000000e+00,0.000000000000000000e+00,0.000000000000000000e+00,0.000000000000000000e+00,0.000000000000000000e+00
0.000000000000000000e+00,1.588882327079772949e+00,0.000000000000000000e+00,0.000000000000000000e+00,0.000000000000000000e+00,0.000000000000000000e+00,0.000000000000000000e+00,0.000000000000000000e+00
0.000000000000000000e+00,1.758449912071228027e+00,0.000000000000000000e+00,0.000000000000000000e+00,0.000000000000000000e+00,0.000000000000000000e+00,0.000000000000000000e+00,0.000000000000000000e+00
0.000000000000000000e+00,1.092602968215942383e+00,0.000000000000000000e+00,0.000000000000000000e+00,0.000000000000000000e+00,0.000000000000000000e+00,0.000000000000000000e+00,0.000000000000000000e+00
0.000000000000000000e+00,8.546945452690124512e-01,0.000000000000000000e+00,0.000000000000000000e+00,0.000000000000000000e+00,0.000000000000000000e+00,0.000000000000000000e+00,0.000000000000000000e+00
0.000000000000000000e+00,8.194643855094909668e-01,0.000000000000000000e+00,0.000000000000000000e+00,0.000000000000000000e+00,0.000000000000000000e+00,0.000000000000000000e+00,0.000000000000000000e+00
0.000000000000000000e+00,9.594324827194213867e-01,0.000000000000000000e+00,0.000000000000000000e+00,0.000000000000000000e+00,0.000000000000000000e+00,0.000000000000000000e+00,0.000000000000000000e+00
0.000000000000000000e+00,7.384482026100158691e-02,0.000000000000000000e+00,0.000000000000000000e+00,0.000000000000000000e+00,0.000000000000000000e+00,0.000000000000000000e+00,0.000000000000000000e+00
1.331731677055358887e-01,0.000000000000000000e+00,0.000000000000000000e+00,0.000000000000000000e+00,8.779192715883255005e-02,0.000000000000000000e+00,0.000000000000000000e+00,1.124140173196792603e-01
0.000000000000000000e+00,6.983013451099395752e-02,0.000000000000000000e+00,0.000000000000000000e+00,0.000000000000000000e+00,0.000000000000000000e+00,0.000000000000000000e+00,0.000000000000000000e+00
0.000000000000000000e+00,2.889935374259948730e-01,0.000000000000000000e+00,0.000000000000000000e+00,0.000000000000000000e+00,0.000000000000000000e+00,0.000000000000000000e+00,0.000000000000000000e+00
0.000000000000000000e+00,1.545003294944763184e+00,0.000000000000000000e+00,0.000000000000000000e+00,0.000000000000000000e+00,0.000000000000000000e+00,0.000000000000000000e+00,0.000000000000000000e+00
0.000000000000000000e+00,2.328422307968139648e+00,0.000000000000000000e+00,0.000000000000000000e+00,0.000000000000000000e+00,0.000000000000000000e+00,0.000000000000000000e+00,0.000000000000000000e+00
0.000000000000000000e+00,2.475128173828125000e-01,0.000000000000000000e+00,0.000000000000000000e+00,0.000000000000000000e+00,0.000000000000000000e+00,0.000000000000000000e+00,0.000000000000000000e+00
0.000000000000000000e+00,0.000000000000000000e+00,0.000000000000000000e+00,0.000000000000000000e+00,0.000000000000000000e+00,0.000000000000000000e+00,0.000000000000000000e+00,0.000000000000000000e+00
0.000000000000000000e+00,3.325307369232177734e-01,0.000000000000000000e+00,0.000000000000000000e+00,0.000000000000000000e+00,0.000000000000000000e+00,0.000000000000000000e+00,0.000000000000000000e+00
0.000000000000000000e+00,6.524462699890136719e-01,0.000000000000000000e+00,0.000000000000000000e+00,0.000000000000000000e+00,0.000000000000000000e+00,0.000000000000000000e+00,0.000000000000000000e+00
0.000000000000000000e+00,2.021515965461730957e-01,0.000000000000000000e+00,0.000000000000000000e+00,0.000000000000000000e+00,0.000000000000000000e+00,0.000000000000000000e+00,0.000000000000000000e+00
0.000000000000000000e+00,6.416754722595214844e-01,0.000000000000000000e+00,0.000000000000000000e+00,0.000000000000000000e+00,0.000000000000000000e+00,0.000000000000000000e+00,0.000000000000000000e+00
0.000000000000000000e+00,3.593518435955047607e-01,0.000000000000000000e+00,0.000000000000000000e+00,0.000000000000000000e+00,0.000000000000000000e+00,0.000000000000000000e+00,0.000000000000000000e+00
0.000000000000000000e+00,0.000000000000000000e+00,0.000000000000000000e+00,0.000000000000000000e+00,0.000000000000000000e+00,0.000000000000000000e+00,0.000000000000000000e+00,0.000000000000000000e+00
0.000000000000000000e+00,5.870934128761291504e-01,0.000000000000000000e+00,0.000000000000000000e+00,0.000000000000000000e+00,0.000000000000000000e+00,0.000000000000000000e+00,0.000000000000000000e+00
0.000000000000000000e+00,2.312292814254760742e+00,0.000000000000000000e+00,0.000000000000000000e+00,0.000000000000000000e+00,0.000000000000000000e+00,0.000000000000000000e+00,0.000000000000000000e+00
0.000000000000000000e+00,2.718946695327758789e+00,0.000000000000000000e+00,0.000000000000000000e+00,0.000000000000000000e+00,7.316488027572631836e-02,0.000000000000000000e+00,0.000000000000000000e+00
0.000000000000000000e+00,1.043781876564025879e+00,0.000000000000000000e+00,0.000000000000000000e+00,0.000000000000000000e+00,0.000000000000000000e+00,0.000000000000000000e+00,0.000000000000000000e+00
1.736827343702316284e-01,0.000000000000000000e+00,0.000000000000000000e+00,0.000000000000000000e+00,3.912091851234436035e-01,0.000000000000000000e+00,0.000000000000000000e+00,2.167092412710189819e-01
0.000000000000000000e+00,1.245184466242790222e-01,0.000000000000000000e+00,0.000000000000000000e+00,0.000000000000000000e+00,0.000000000000000000e+00,0.000000000000000000e+00,0.000000000000000000e+00
0.000000000000000000e+00,0.000000000000000000e+00,0.000000000000000000e+00,0.000000000000000000e+00,0.000000000000000000e+00,0.000000000000000000e+00,0.000000000000000000e+00,0.000000000000000000e+00
0.000000000000000000e+00,0.000000000000000000e+00,0.000000000000000000e+00,0.000000000000000000e+00,0.000000000000000000e+00,0.000000000000000000e+00,0.000000000000000000e+00,0.000000000000000000e+00
0.000000000000000000e+00,0.000000000000000000e+00,0.000000000000000000e+00,0.000000000000000000e+00,0.000000000000000000e+00,0.000000000000000000e+00,0.000000000000000000e+00,0.000000000000000000e+00
0.000000000000000000e+00,0.000000000000000000e+00,0.000000000000000000e+00,0.000000000000000000e+00,0.000000000000000000e+00,0.000000000000000000e+00,0.000000000000000000e+00,0.000000000000000000e+00
0.000000000000000000e+00,0.000000000000000000e+00,0.000000000000000000e+00,0.000000000000000000e+00,0.000000000000000000e+00,0.000000000000000000e+00,0.000000000000000000e+00,0.000000000000000000e+00
0.000000000000000000e+00,0.000000000000000000e+00,0.000000000000000000e+00,0.000000000000000000e+00,0.000000000000000000e+00,0.000000000000000000e+00,0.000000000000000000e+00,0.000000000000000000e+00
1.628024876117706299e-02,5.792223215103149414e-01,0.000000000000000000e+00,0.000000000000000000e+00,0.000000000000000000e+00,0.000000000000000000e+00,0.000000000000000000e+00,0.000000000000000000e+00
0.000000000000000000e+00,1.901449561119079590e+00,0.000000000000000000e+00,0.000000000000000000e+00,0.000000000000000000e+00,0.000000000000000000e+00,0.000000000000000000e+00,0.000000000000000000e+00
2.366299629211425781e-01,0.000000000000000000e+00,0.000000000000000000e+00,0.000000000000000000e+00,4.086766242980957031e-01,1.514979600906372070e-01,0.000000000000000000e+00,7.224969863891601562e-01
2.928098738193511963e-01,0.000000000000000000e+00,5.654650926589965820e-02,0.000000000000000000e+00,4.215624928474426270e-01,0.000000000000000000e+00,0.000000000000000000e+00,4.223894476890563965e-01
0.000000000000000000e+00,1.803943365812301636e-01,0.000000000000000000e+00,0.000000000000000000e+00,0.000000000000000000e+00,0.000000000000000000e+00,0.000000000000000000e+00,0.000000000000000000e+00
0.000000000000000000e+00,5.569288730621337891e-01,0.000000000000000000e+00,0.000000000000000000e+00,0.000000000000000000e+00,0.000000000000000000e+00,0.000000000000000000e+00,0.000000000000000000e+00
0.000000000000000000e+00,6.096535325050354004e-01,0.000000000000000000e+00,0.000000000000000000e+00,0.000000000000000000e+00,0.000000000000000000e+00,0.000000000000000000e+00,0.000000000000000000e+00
0.000000000000000000e+00,7.120202183723449707e-01,0.000000000000000000e+00,0.000000000000000000e+00,0.000000000000000000e+00,0.000000000000000000e+00,0.000000000000000000e+00,0.000000000000000000e+00
0.000000000000000000e+00,7.836124300956726074e-01,0.000000000000000000e+00,0.000000000000000000e+00,0.000000000000000000e+00,0.000000000000000000e+00,0.000000000000000000e+00,0.000000000000000000e+00
0.000000000000000000e+00,1.164013743400573730e+00,0.000000000000000000e+00,0.000000000000000000e+00,0.000000000000000000e+00,0.000000000000000000e+00,0.000000000000000000e+00,0.000000000000000000e+00
0.000000000000000000e+00,9.343379735946655273e-01,0.000000000000000000e+00,0.000000000000000000e+00,0.000000000000000000e+00,0.000000000000000000e+00,0.000000000000000000e+00,0.000000000000000000e+00
0.000000000000000000e+00,1.191244244575500488e+00,0.000000000000000000e+00,0.000000000000000000e+00,0.000000000000000000e+00,0.000000000000000000e+00,0.000000000000000000e+00,0.000000000000000000e+00
0.000000000000000000e+00,1.289295315742492676e+00,0.000000000000000000e+00,0.000000000000000000e+00,0.000000000000000000e+00,0.000000000000000000e+00,0.000000000000000000e+00,0.000000000000000000e+00
0.000000000000000000e+00,2.735946416854858398e+00,0.000000000000000000e+00,0.000000000000000000e+00,0.000000000000000000e+00,0.000000000000000000e+00,0.000000000000000000e+00,0.000000000000000000e+00
0.000000000000000000e+00,2.807687997817993164e+00,0.000000000000000000e+00,0.000000000000000000e+00,0.000000000000000000e+00,0.000000000000000000e+00,0.000000000000000000e+00,0.000000000000000000e+00
0.000000000000000000e+00,2.890249490737915039e+00,0.000000000000000000e+00,0.000000000000000000e+00,0.000000000000000000e+00,0.000000000000000000e+00,0.000000000000000000e+00,0.000000000000000000e+00
0.000000000000000000e+00,2.879697322845458984e+00,0.000000000000000000e+00,0.000000000000000000e+00,0.000000000000000000e+00,0.000000000000000000e+00,0.000000000000000000e+00,0.000000000000000000e+00
0.000000000000000000e+00,2.980213880538940430e+00,0.000000000000000000e+00,0.000000000000000000e+00,0.000000000000000000e+00,0.000000000000000000e+00,0.000000000000000000e+00,0.000000000000000000e+00
0.000000000000000000e+00,3.062863588333129883e+00,0.000000000000000000e+00,0.000000000000000000e+00,0.000000000000000000e+00,0.000000000000000000e+00,0.000000000000000000e+00,0.000000000000000000e+00
0.000000000000000000e+00,3.031945466995239258e+00,0.000000000000000000e+00,0.000000000000000000e+00,0.000000000000000000e+00,0.000000000000000000e+00,0.000000000000000000e+00,0.000000000000000000e+00
2.282914817333221436e-01,0.000000000000000000e+00,0.000000000000000000e+00,0.000000000000000000e+00,1.048114657402038574e+00,9.607077240943908691e-01,0.000000000000000000e+00,7.925282120704650879e-01
6.193662881851196289e-01,0.000000000000000000e+00,0.000000000000000000e+00,0.000000000000000000e+00,2.509293079376220703e+00,1.411673307418823242e+00,0.000000000000000000e+00,1.523442387580871582e+00
0.000000000000000000e+00,3.172593355178833008e+00,0.000000000000000000e+00,0.000000000000000000e+00,0.000000000000000000e+00,6.019163131713867188e-02,0.000000000000000000e+00,0.000000000000000000e+00
0.000000000000000000e+00,2.983335733413696289e+00,0.000000000000000000e+00,0.000000000000000000e+00,0.000000000000000000e+00,0.000000000000000000e+00,0.000000000000000000e+00,0.000000000000000000e+00
0.000000000000000000e+00,2.970725774765014648e+00,0.000000000000000000e+00,0.000000000000000000e+00,0.000000000000000000e+00,0.000000000000000000e+00,0.000000000000000000e+00,0.000000000000000000e+00
0.000000000000000000e+00,3.154365777969360352e+00,0.000000000000000000e+00,0.000000000000000000e+00,0.000000000000000000e+00,0.000000000000000000e+00,0.000000000000000000e+00,0.000000000000000000e+00
0.000000000000000000e+00,3.187852859497070312e+00,0.000000000000000000e+00,0.000000000000000000e+00,0.000000000000000000e+00,0.000000000000000000e+00,0.000000000000000000e+00,0.000000000000000000e+00
0.000000000000000000e+00,3.078328371047973633e+00,0.000000000000000000e+00,0.000000000000000000e+00,0.000000000000000000e+00,0.000000000000000000e+00,0.000000000000000000e+00,0.000000000000000000e+00
0.000000000000000000e+00,2.227751731872558594e+00,0.000000000000000000e+00,0.000000000000000000e+00,0.000000000000000000e+00,0.000000000000000000e+00,0.000000000000000000e+00,0.000000000000000000e+00
0.000000000000000000e+00,1.709699511528015137e+00,0.000000000000000000e+00,0.000000000000000000e+00,0.000000000000000000e+00,0.000000000000000000e+00,0.000000000000000000e+00,0.000000000000000000e+00
0.000000000000000000e+00,7.563662528991699219e-02,0.000000000000000000e+00,0.000000000000000000e+00,0.000000000000000000e+00,0.000000000000000000e+00,0.000000000000000000e+00,0.000000000000000000e+00
0.000000000000000000e+00,0.000000000000000000e+00,0.000000000000000000e+00,0.000000000000000000e+00,0.000000000000000000e+00,0.000000000000000000e+00,0.000000000000000000e+00,0.000000000000000000e+00
0.000000000000000000e+00,0.000000000000000000e+00,0.000000000000000000e+00,0.000000000000000000e+00,0.000000000000000000e+00,0.000000000000000000e+00,0.000000000000000000e+00,0.000000000000000000e+00
0.000000000000000000e+00,0.000000000000000000e+00,0.000000000000000000e+00,0.000000000000000000e+00,0.000000000000000000e+00,0.000000000000000000e+00,0.000000000000000000e+00,0.000000000000000000e+00
0.000000000000000000e+00,7.161955535411834717e-02,0.000000000000000000e+00,0.000000000000000000e+00,0.000000000000000000e+00,0.000000000000000000e+00,0.000000000000000000e+00,0.000000000000000000e+00
0.000000000000000000e+00,0.000000000000000000e+00,0.000000000000000000e+00,0.000000000000000000e+00,0.000000000000000000e+00,0.000000000000000000e+00,0.000000000000000000e+00,0.000000000000000000e+00
0.000000000000000000e+00,0.000000000000000000e+00,0.000000000000000000e+00,0.000000000000000000e+00,0.000000000000000000e+00,0.000000000000000000e+00,0.000000000000000000e+00,0.000000000000000000e+00
0.000000000000000000e+00,1.315468668937683105e+00,0.000000000000000000e+00,0.000000000000000000e+00,0.000000000000000000e+00,0.000000000000000000e+00,0.000000000000000000e+00,0.000000000000000000e+00
0.000000000000000000e+00,1.071100711822509766e+00,0.000000000000000000e+00,0.000000000000000000e+00,0.000000000000000000e+00,0.000000000000000000e+00,0.000000000000000000e+00,0.000000000000000000e+00
1.018409132957458496e-01,0.000000000000000000e+00,8.289739489555358887e-02,0.000000000000000000e+00,7.923529148101806641e-01,0.000000000000000000e+00,0.000000000000000000e+00,4.333366751670837402e-01
0.000000000000000000e+00,2.109721899032592773e-01,0.000000000000000000e+00,0.000000000000000000e+00,0.000000000000000000e+00,0.000000000000000000e+00,0.000000000000000000e+00,0.000000000000000000e+00
0.000000000000000000e+00,2.433460652828216553e-01,0.000000000000000000e+00,0.000000000000000000e+00,0.000000000000000000e+00,0.000000000000000000e+00,0.000000000000000000e+00,0.000000000000000000e+00
0.000000000000000000e+00,1.495245695114135742e-01,0.000000000000000000e+00,0.000000000000000000e+00,0.000000000000000000e+00,0.000000000000000000e+00,0.000000000000000000e+00,0.000000000000000000e+00
0.000000000000000000e+00,2.576266229152679443e-01,0.000000000000000000e+00,0.000000000000000000e+00,0.000000000000000000e+00,0.000000000000000000e+00,0.000000000000000000e+00,0.000000000000000000e+00
0.000000000000000000e+00,0.000000000000000000e+00,0.000000000000000000e+00,0.000000000000000000e+00,0.000000000000000000e+00,0.000000000000000000e+00,0.000000000000000000e+00,0.000000000000000000e+00
0.000000000000000000e+00,7.966499030590057373e-02,0.000000000000000000e+00,0.000000000000000000e+00,0.000000000000000000e+00,0.000000000000000000e+00,0.000000000000000000e+00,0.000000000000000000e+00
0.000000000000000000e+00,8.141039013862609863e-01,0.000000000000000000e+00,0.000000000000000000e+00,0.000000000000000000e+00,0.000000000000000000e+00,0.000000000000000000e+00,0.000000000000000000e+00
0.000000000000000000e+00,5.169840455055236816e-01,0.000000000000000000e+00,0.000000000000000000e+00,0.000000000000000000e+00,0.000000000000000000e+00,0.000000000000000000e+00,0.000000000000000000e+00
0.000000000000000000e+00,1.762832522392272949e+00,0.000000000000000000e+00,0.000000000000000000e+00,0.000000000000000000e+00,0.000000000000000000e+00,0.000000000000000000e+00,0.000000000000000000e+00
0.000000000000000000e+00,2.201695203781127930e+00,0.000000000000000000e+00,0.000000000000000000e+00,0.000000000000000000e+00,0.000000000000000000e+00,0.000000000000000000e+00,0.000000000000000000e+00
0.000000000000000000e+00,1.843747735023498535e+00,0.000000000000000000e+00,0.000000000000000000e+00,0.000000000000000000e+00,0.000000000000000000e+00,0.000000000000000000e+00,0.000000000000000000e+00
0.000000000000000000e+00,0.000000000000000000e+00,0.000000000000000000e+00,0.000000000000000000e+00,0.000000000000000000e+00,0.000000000000000000e+00,0.000000000000000000e+00,0.000000000000000000e+00
0.000000000000000000e+00,1.533891856670379639e-01,0.000000000000000000e+00,0.000000000000000000e+00,0.000000000000000000e+00,0.000000000000000000e+00,0.000000000000000000e+00,0.000000000000000000e+00
0.000000000000000000e+00,0.000000000000000000e+00,0.000000000000000000e+00,0.000000000000000000e+00,0.000000000000000000e+00,0.000000000000000000e+00,0.000000000000000000e+00,0.000000000000000000e+00
0.000000000000000000e+00,0.000000000000000000e+00,0.000000000000000000e+00,0.000000000000000000e+00,0.000000000000000000e+00,0.000000000000000000e+00,0.000000000000000000e+00,0.000000000000000000e+00
0.000000000000000000e+00,3.482262492179870605e-01,0.000000000000000000e+00,0.000000000000000000e+00,0.000000000000000000e+00,0.000000000000000000e+00,0.000000000000000000e+00,0.000000000000000000e+00
0.000000000000000000e+00,0.000000000000000000e+00,0.000000000000000000e+00,0.000000000000000000e+00,0.000000000000000000e+00,0.000000000000000000e+00,0.000000000000000000e+00,0.000000000000000000e+00
0.000000000000000000e+00,0.000000000000000000e+00,0.000000000000000000e+00,0.000000000000000000e+00,0.000000000000000000e+00,0.000000000000000000e+00,0.000000000000000000e+00,0.000000000000000000e+00
0.000000000000000000e+00,0.000000000000000000e+00,0.000000000000000000e+00,0.000000000000000000e+00,0.000000000000000000e+00,0.000000000000000000e+00,0.000000000000000000e+00,1.264259964227676392e-02
0.000000000000000000e+00,8.697008490562438965e-01,0.000000000000000000e+00,0.000000000000000000e+00,0.000000000000000000e+00,0.000000000000000000e+00,0.000000000000000000e+00,0.000000000000000000e+00
0.000000000000000000e+00,1.664418697357177734e+00,0.000000000000000000e+00,0.000000000000000000e+00,0.000000000000000000e+00,0.000000000000000000e+00,0.000000000000000000e+00,0.000000000000000000e+00
0.000000000000000000e+00,1.537719368934631348e+00,0.000000000000000000e+00,0.000000000000000000e+00,0.000000000000000000e+00,0.000000000000000000e+00,0.000000000000000000e+00,0.000000000000000000e+00
0.000000000000000000e+00,1.150334000587463379e+00,0.000000000000000000e+00,0.000000000000000000e+00,0.000000000000000000e+00,0.000000000000000000e+00,0.000000000000000000e+00,0.000000000000000000e+00
0.000000000000000000e+00,1.498415231704711914e+00,0.000000000000000000e+00,0.000000000000000000e+00,0.000000000000000000e+00,0.000000000000000000e+00,0.000000000000000000e+00,0.000000000000000000e+00
0.000000000000000000e+00,0.000000000000000000e+00,0.000000000000000000e+00,0.000000000000000000e+00,0.000000000000000000e+00,0.000000000000000000e+00,0.000000000000000000e+00,0.000000000000000000e+00
0.000000000000000000e+00,0.000000000000000000e+00,0.000000000000000000e+00,0.000000000000000000e+00,0.000000000000000000e+00,0.000000000000000000e+00,0.000000000000000000e+00,0.000000000000000000e+00
0.000000000000000000e+00,0.000000000000000000e+00,0.000000000000000000e+00,0.000000000000000000e+00,0.000000000000000000e+00,0.000000000000000000e+00,0.000000000000000000e+00,0.000000000000000000e+00
0.000000000000000000e+00,0.000000000000000000e+00,0.000000000000000000e+00,0.000000000000000000e+00,0.000000000000000000e+00,0.000000000000000000e+00,0.000000000000000000e+00,0.000000000000000000e+00
0.000000000000000000e+00,4.661098718643188477e-01,0.000000000000000000e+00,0.000000000000000000e+00,0.000000000000000000e+00,0.000000000000000000e+00,0.000000000000000000e+00,0.000000000000000000e+00
0.000000000000000000e+00,4.310053586959838867e-01,0.000000000000000000e+00,0.000000000000000000e+00,0.000000000000000000e+00,0.000000000000000000e+00,0.000000000000000000e+00,0.000000000000000000e+00
0.000000000000000000e+00,7.181823253631591797e-02,0.000000000000000000e+00,0.000000000000000000e+00,0.000000000000000000e+00,0.000000000000000000e+00,0.000000000000000000e+00,0.000000000000000000e+00
0.000000000000000000e+00,2.005396604537963867e+00,0.000000000000000000e+00,0.000000000000000000e+00,0.000000000000000000e+00,0.000000000000000000e+00,0.000000000000000000e+00,0.000000000000000000e+00
0.000000000000000000e+00,2.201918601989746094e+00,0.000000000000000000e+00,0.000000000000000000e+00,0.000000000000000000e+00,0.000000000000000000e+00,0.000000000000000000e+00,0.000000000000000000e+00
0.000000000000000000e+00,7.273736000061035156e-01,0.000000000000000000e+00,0.000000000000000000e+00,0.000000000000000000e+00,0.000000000000000000e+00,0.000000000000000000e+00,0.000000000000000000e+00
0.000000000000000000e+00,1.659200668334960938e+00,0.000000000000000000e+00,0.000000000000000000e+00,0.000000000000000000e+00,0.000000000000000000e+00,0.000000000000000000e+00,0.000000000000000000e+00
0.000000000000000000e+00,2.282040119171142578e-01,0.000000000000000000e+00,0.000000000000000000e+00,0.000000000000000000e+00,0.000000000000000000e+00,0.000000000000000000e+00,0.000000000000000000e+00
0.000000000000000000e+00,2.688153982162475586e-01,0.000000000000000000e+00,0.000000000000000000e+00,0.000000000000000000e+00,0.000000000000000000e+00,0.000000000000000000e+00,0.000000000000000000e+00
0.000000000000000000e+00,8.227622509002685547e-01,0.000000000000000000e+00,0.000000000000000000e+00,0.000000000000000000e+00,0.000000000000000000e+00,0.000000000000000000e+00,0.000000000000000000e+00
0.000000000000000000e+00,2.058948516845703125e+00,0.000000000000000000e+00,0.000000000000000000e+00,0.000000000000000000e+00,0.000000000000000000e+00,0.000000000000000000e+00,0.000000000000000000e+00
0.000000000000000000e+00,1.713498473167419434e+00,0.000000000000000000e+00,0.000000000000000000e+00,0.000000000000000000e+00,0.000000000000000000e+00,0.000000000000000000e+00,0.000000000000000000e+00
0.000000000000000000e+00,1.643366098403930664e+00,0.000000000000000000e+00,0.000000000000000000e+00,0.000000000000000000e+00,0.000000000000000000e+00,0.000000000000000000e+00,0.000000000000000000e+00
0.000000000000000000e+00,6.445962786674499512e-01,0.000000000000000000e+00,0.000000000000000000e+00,0.000000000000000000e+00,0.000000000000000000e+00,0.000000000000000000e+00,0.000000000000000000e+00
0.000000000000000000e+00,1.429064869880676270e+00,0.000000000000000000e+00,0.000000000000000000e+00,0.000000000000000000e+00,0.000000000000000000e+00,0.000000000000000000e+00,0.000000000000000000e+00
0.000000000000000000e+00,1.544405102729797363e+00,0.000000000000000000e+00,0.000000000000000000e+00,0.000000000000000000e+00,0.000000000000000000e+00,0.000000000000000000e+00,0.000000000000000000e+00
0.000000000000000000e+00,2.440324306488037109e+00,0.000000000000000000e+00,0.000000000000000000e+00,0.000000000000000000e+00,0.000000000000000000e+00,0.000000000000000000e+00,0.000000000000000000e+00
0.000000000000000000e+00,2.676304101943969727e+00,0.000000000000000000e+00,0.000000000000000000e+00,0.000000000000000000e+00,0.000000000000000000e+00,0.000000000000000000e+00,0.000000000000000000e+00
0.000000000000000000e+00,2.709712743759155273e+00,0.000000000000000000e+00,0.000000000000000000e+00,0.000000000000000000e+00,0.000000000000000000e+00,0.000000000000000000e+00,0.000000000000000000e+00
0.000000000000000000e+00,2.820900678634643555e+00,0.000000000000000000e+00,0.000000000000000000e+00,0.000000000000000000e+00,0.000000000000000000e+00,0.000000000000000000e+00,0.000000000000000000e+00
0.000000000000000000e+00,2.813181161880493164e+00,0.000000000000000000e+00,0.000000000000000000e+00,0.000000000000000000e+00,0.000000000000000000e+00,0.000000000000000000e+00,0.000000000000000000e+00
0.000000000000000000e+00,2.784047365188598633e+00,0.000000000000000000e+00,0.000000000000000000e+00,0.000000000000000000e+00,0.000000000000000000e+00,0.000000000000000000e+00,0.000000000000000000e+00
8.918308019638061523e-01,0.000000000000000000e+00,0.000000000000000000e+00,0.000000000000000000e+00,2.384563922882080078e+00,1.726517200469970703e+00,0.000000000000000000e+00,1.666437149047851562e+00
7.289328575134277344e-01,0.000000000000000000e+00,0.000000000000000000e+00,0.000000000000000000e+00,2.326124668121337891e+00,2.219934463500976562e+00,0.000000000000000000e+00,2.734911203384399414e+00
9.097363948822021484e-01,0.000000000000000000e+00,0.000000000000000000e+00,0.000000000000000000e+00,2.682487249374389648e+00,2.352161884307861328e+00,0.000000000000000000e+00,2.409737348556518555e+00
0.000000000000000000e+00,3.183170318603515625e+00,0.000000000000000000e+00,0.000000000000000000e+00,0.000000000000000000e+00,0.000000000000000000e+00,0.000000000000000000e+00,0.000000000000000000e+00
0.000000000000000000e+00,3.122844457626342773e+00,0.000000000000000000e+00,0.000000000000000000e+00,0.000000000000000000e+00,0.000000000000000000e+00,0.000000000000000000e+00,0.000000000000000000e+00
0.000000000000000000e+00,3.192031621932983398e+00,0.000000000000000000e+00,0.000000000000000000e+00,0.000000000000000000e+00,0.000000000000000000e+00,0.000000000000000000e+00,0.000000000000000000e+00
0.000000000000000000e+00,3.131320238113403320e+00,0.000000000000000000e+00,0.000000000000000000e+00,0.000000000000000000e+00,0.000000000000000000e+00,0.000000000000000000e+00,0.000000000000000000e+00
0.000000000000000000e+00,3.265666723251342773e+00,0.000000000000000000e+00,0.000000000000000000e+00,0.000000000000000000e+00,0.000000000000000000e+00,0.000000000000000000e+00,0.000000000000000000e+00
4.860456287860870361e-02,0.000000000000000000e+00,0.000000000000000000e+00,0.000000000000000000e+00,0.000000000000000000e+00,0.000000000000000000e+00,0.000000000000000000e+00,1.825938373804092407e-02
8.280421495437622070e-01,0.000000000000000000e+00,0.000000000000000000e+00,0.000000000000000000e+00,2.009203910827636719e+00,8.226493000984191895e-01,0.000000000000000000e+00,1.157992124557495117e+00
0.000000000000000000e+00,5.721627473831176758e-01,0.000000000000000000e+00,0.000000000000000000e+00,0.000000000000000000e+00,0.000000000000000000e+00,0.000000000000000000e+00,0.000000000000000000e+00
4.709742963314056396e-02,0.000000000000000000e+00,0.000000000000000000e+00,0.000000000000000000e+00,0.000000000000000000e+00,0.000000000000000000e+00,0.000000000000000000e+00,0.000000000000000000e+00
7.010738849639892578e-01,0.000000000000000000e+00,0.000000000000000000e+00,0.000000000000000000e+00,2.263750314712524414e+00,1.741444110870361328e+00,0.000000000000000000e+00,1.642400860786437988e+00
4.773536622524261475e-01,0.000000000000000000e+00,0.000000000000000000e+00,0.000000000000000000e+00,1.489641308784484863e+00,4.992623925209045410e-01,0.000000000000000000e+00,6.828048229217529297e-01
7.790151834487915039e-01,0.000000000000000000e+00,0.000000000000000000e+00,0.000000000000000000e+00,2.317464828491210938e+00,1.779209613800048828e+00,0.000000000000000000e+00,2.110115766525268555e+00
4.591613411903381348e-01,0.000000000000000000e+00,0.000000000000000000e+00,0.000000000000000000e+00,1.201201558113098145e+00,9.034984707832336426e-01,0.000000000000000000e+00,9.917032122611999512e-01
5.559529066085815430e-01,8.395921438932418823e-02,0.000000000000000000e+00,0.000000000000000000e+00,1.283376574516296387e+00,9.894203543663024902e-01,0.000000000000000000e+00,7.920514345169067383e-01
5.232853889465332031e-01,0.000000000000000000e+00,0.000000000000000000e+00,0.000000000000000000e+00,1.892170786857604980e+00,1.115097761154174805e+00,0.000000000000000000e+00,1.091355681419372559e+00
1.043988466262817383e+00,0.000000000000000000e+00,0.000000000000000000e+00,0.000000000000000000e+00,2.964935779571533203e+00,1.201252937316894531e+00,0.000000000000000000e+00,1.597029447555541992e+00
8.878895044326782227e-01,0.000000000000000000e+00,0.000000000000000000e+00,0.000000000000000000e+00,1.842872738838195801e+00,1.087700605392456055e+00,0.000000000000000000e+00,1.544656991958618164e+00
9.647583961486816406e-01,0.000000000000000000e+00,0.000000000000000000e+00,0.000000000000000000e+00,2.126425981521606445e+00,1.187092304229736328e+00,0.000000000000000000e+00,1.657062411308288574e+00
0.000000000000000000e+00,1.751494854688644409e-01,0.000000000000000000e+00,0.000000000000000000e+00,0.000000000000000000e+00,0.000000000000000000e+00,0.000000000000000000e+00,0.000000000000000000e+00
9.140697717666625977e-01,0.000000000000000000e+00,0.000000000000000000e+00,0.000000000000000000e+00,2.091899394989013672e+00,1.279314756393432617e+00,0.000000000000000000e+00,1.599229097366333008e+00
6.334170103073120117e-01,0.000000000000000000e+00,0.000000000000000000e+00,0.000000000000000000e+00,1.545767903327941895e+00,1.012271881103515625e+00,0.000000000000000000e+00,1.168606877326965332e+00
6.953506469726562500e-01,0.000000000000000000e+00,0.000000000000000000e+00,0.000000000000000000e+00,1.294130206108093262e+00,6.701043248176574707e-01,0.000000000000000000e+00,1.191413164138793945e+00
3.081306219100952148e-01,0.000000000000000000e+00,0.000000000000000000e+00,0.000000000000000000e+00,7.964338064193725586e-01,6.778870224952697754e-01,0.000000000000000000e+00,6.929993033409118652e-01
5.465996265411376953e-01,0.000000000000000000e+00,0.000000000000000000e+00,0.000000000000000000e+00,1.050190329551696777e+00,7.100542187690734863e-01,0.000000000000000000e+00,8.618058562278747559e-01
6.306447982788085938e-01,0.000000000000000000e+00,0.000000000000000000e+00,0.000000000000000000e+00,2.039661407470703125e+00,1.617965698242187500e+00,0.000000000000000000e+00,1.498174428939819336e+00
7.998858690261840820e-01,0.000000000000000000e+00,0.000000000000000000e+00,0.000000000000000000e+00,2.472871780395507812e+00,1.786088943481445312e+00,0.000000000000000000e+00,1.793374896049499512e+00
5.618419051170349121e-01,0.000000000000000000e+00,0.000000000000000000e+00,0.000000000000000000e+00,1.339569449424743652e+00,6.087232232093811035e-01,0.000000000000000000e+00,8.197348713874816895e-01
7.534027099609375000e-01,0.000000000000000000e+00,0.000000000000000000e+00,0.000000000000000000e+00,2.173300266265869141e+00,1.567097902297973633e+00,0.000000000000000000e+00,1.649504542350769043e+00
6.373153924942016602e-01,0.000000000000000000e+00,0.000000000000000000e+00,0.000000000000000000e+00,1.974179148674011230e+00,1.491167068481445312e+00,0.000000000000000000e+00,1.404217720031738281e+00
2.633904516696929932e-01,0.000000000000000000e+00,0.000000000000000000e+00,0.000000000000000000e+00,2.301067113876342773e-01,0.000000000000000000e+00,0.000000000000000000e+00,1.036237925291061401e-01
4.392768144607543945e-01,0.000000000000000000e+00,0.000000000000000000e+00,0.000000000000000000e+00,1.037106394767761230e+00,7.682992815971374512e-01,0.000000000000000000e+00,8.586723804473876953e-01
6.027622222900390625e-01,0.000000000000000000e+00,0.000000000000000000e+00,0.000000000000000000e+00,1.541266918182373047e+00,1.143431425094604492e+00,0.000000000000000000e+00,1.135419130325317383e+00
4.455775320529937744e-01,0.000000000000000000e+00,0.000000000000000000e+00,0.000000000000000000e+00,1.081887483596801758e+00,1.020340204238891602e+00,0.000000000000000000e+00,9.606590867042541504e-01
5.187329053878784180e-01,0.000000000000000000e+00,0.000000000000000000e+00,0.000000000000000000e+00,1.384883522987365723e+00,1.105316638946533203e+00,0.000000000000000000e+00,1.226285934448242188e+00
5.687474012374877930e-01,0.000000000000000000e+00,0.000000000000000000e+00,0.000000000000000000e+00,1.621812462806701660e+00,1.121451377868652344e+00,0.000000000000000000e+00,1.112147569656372070e+00
6.334873437881469727e-01,0.000000000000000000e+00,0.000000000000000000e+00,0.000000000000000000e+00,1.374820113182067871e+00,1.054524421691894531e+00,0.000000000000000000e+00,1.287428736686706543e+00
4.908318817615509033e-01,0.000000000000000000e+00,0.000000000000000000e+00,0.000000000000000000e+00,9.243669509887695312e-01,6.483665108680725098e-01,0.000000000000000000e+00,9.025242924690246582e-01
5.105063915252685547e-01,0.000000000000000000e+00,0.000000000000000000e+00,0.000000000000000000e+00,9.492595195770263672e-01,7.766087651252746582e-01,0.000000000000000000e+00,1.050869822502136230e+00
6.959651708602905273e-01,0.000000000000000000e+00,0.000000000000000000e+00,0.000000000000000000e+00,2.124308824539184570e+00,1.786027431488037109e+00,0.000000000000000000e+00,1.785855650901794434e+00
6.547756195068359375e-01,0.000000000000000000e+00,0.000000000000000000e+00,0.000000000000000000e+00,1.639372467994689941e+00,7.158578634262084961e-01,0.000000000000000000e+00,9.915278553962707520e-01
7.087377905845642090e-01,0.000000000000000000e+00,0.000000000000000000e+00,0.000000000000000000e+00,1.641195654869079590e+00,1.012136220932006836e+00,0.000000000000000000e+00,1.229539036750793457e+00
5.173908472061157227e-01,0.000000000000000000e+00,0.000000000000000000e+00,0.000000000000000000e+00,1.346754193305969238e+00,7.190900444984436035e-01,0.000000000000000000e+00,9.141728281974792480e-01
4.684852361679077148e-01,0.000000000000000000e+00,0.000000000000000000e+00,0.000000000000000000e+00,1.085366129875183105e+00,1.030752897262573242e+00,0.000000000000000000e+00,1.048926949501037598e+00
0.000000000000000000e+00,4.309094250202178955e-01,0.000000000000000000e+00,0.000000000000000000e+00,0.000000000000000000e+00,0.000000000000000000e+00,0.000000000000000000e+00,0.000000000000000000e+00
5.905700922012329102e-01,0.000000000000000000e+00,0.000000000000000000e+00,0.000000000000000000e+00,2.016304492950439453e+00,1.543162822723388672e+00,0.000000000000000000e+00,1.366513252258300781e+00
0.000000000000000000e+00,1.457035303115844727e+00,0.000000000000000000e+00,0.000000000000000000e+00,0.000000000000000000e+00,0.000000000000000000e+00,0.000000000000000000e+00,0.000000000000000000e+00
5.489581227302551270e-01,0.000000000000000000e+00,0.000000000000000000e+00,0.000000000000000000e+00,1.320074915885925293e+00,7.169722914695739746e-01,0.000000000000000000e+00,8.082508444786071777e-01
2.812415361404418945e-02,4.706548899412155151e-02,0.000000000000000000e+00,0.000000000000000000e+00,0.000000000000000000e+00,5.826270580291748047e-02,0.000000000000000000e+00,7.914096117019653320e-03
4.397095143795013428e-01,0.000000000000000000e+00,0.000000000000000000e+00,0.000000000000000000e+00,1.077514290809631348e+00,4.529941082000732422e-01,0.000000000000000000e+00,8.028959631919860840e-01
3.604018986225128174e-01,0.000000000000000000e+00,0.000000000000000000e+00,0.000000000000000000e+00,5.085137486457824707e-01,0.000000000000000000e+00,0.000000000000000000e+00,2.729434967041015625e-01
0.000000000000000000e+00,0.000000000000000000e+00,0.000000000000000000e+00,0.000000000000000000e+00,0.000000000000000000e+00,0.000000000000000000e+00,0.000000000000000000e+00,0.000000000000000000e+00
0.000000000000000000e+00,0.000000000000000000e+00,0.000000000000000000e+00,0.000000000000000000e+00,0.000000000000000000e+00,0.000000000000000000e+00,0.000000000000000000e+00,0.000000000000000000e+00
0.000000000000000000e+00,0.000000000000000000e+00,0.000000000000000000e+00,0.000000000000000000e+00,0.000000000000000000e+00,0.000000000000000000e+00,0.000000000000000000e+00,0.000000000000000000e+00
0.000000000000000000e+00,3.177596330642700195e-01,0.000000000000000000e+00,0.000000000000000000e+00,0.000000000000000000e+00,0.000000000000000000e+00,0.000000000000000000e+00,0.000000000000000000e+00
0.000000000000000000e+00,1.073495447635650635e-01,0.000000000000000000e+00,0.000000000000000000e+00,0.000000000000000000e+00,0.000000000000000000e+00,0.000000000000000000e+00,0.000000000000000000e+00
0.000000000000000000e+00,1.149225592613220215e+00,0.000000000000000000e+00,0.000000000000000000e+00,0.000000000000000000e+00,0.000000000000000000e+00,0.000000000000000000e+00,0.000000000000000000e+00
0.000000000000000000e+00,1.739838957786560059e+00,0.000000000000000000e+00,0.000000000000000000e+00,0.000000000000000000e+00,0.000000000000000000e+00,0.000000000000000000e+00,0.000000000000000000e+00
0.000000000000000000e+00,2.830457925796508789e+00,0.000000000000000000e+00,0.000000000000000000e+00,0.000000000000000000e+00,0.000000000000000000e+00,0.000000000000000000e+00,0.000000000000000000e+00
0.000000000000000000e+00,2.861352920532226562e+00,0.000000000000000000e+00,0.000000000000000000e+00,0.000000000000000000e+00,0.000000000000000000e+00,0.000000000000000000e+00,0.000000000000000000e+00
0.000000000000000000e+00,2.669924974441528320e+00,0.000000000000000000e+00,0.000000000000000000e+00,0.000000000000000000e+00,0.000000000000000000e+00,0.000000000000000000e+00,0.000000000000000000e+00
0.000000000000000000e+00,2.826404809951782227e+00,0.000000000000000000e+00,0.000000000000000000e+00,0.000000000000000000e+00,0.000000000000000000e+00,0.000000000000000000e+00,0.000000000000000000e+00
0.000000000000000000e+00,2.994828701019287109e+00,0.000000000000000000e+00,0.000000000000000000e+00,0.000000000000000000e+00,0.000000000000000000e+00,0.000000000000000000e+00,0.000000000000000000e+00
