2.936780691146850586e+00,0.000000000000000000e+00,0.000000000000000000e+00,0.000000000000000000e+00,0.000000000000000000e+00,0.000000000000000000e+00,0.000000000000000000e+00,1.882091879844665527e+00
2.704060077667236328e+00,0.000000000000000000e+00,0.000000000000000000e+00,0.000000000000000000e+00,0.000000000000000000e+00,0.000000000000000000e+00,0.000000000000000000e+00,1.472574830055236816e+00
2.466724395751953125e+00,0.000000000000000000e+00,0.000000000000000000e+00,0.000000000000000000e+00,0.000000000000000000e+00,0.000000000000000000e+00,0.000000000000000000e+00,1.601727366447448730e+00
1.237886428833007812e+00,0.000000000000000000e+00,0.000000000000000000e+00,0.000000000000000000e+00,3.868396282196044922e+00,7.927982807159423828e-01,0.000000000000000000e+00,0.000000000000000000e+00
8.097537159919738770e-01,0.000000000000000000e+00,0.000000000000000000e+00,0.000000000000000000e+00,3.807120800018310547e+00,7.646239995956420898e-01,0.000000000000000000e+00,0.000000000000000000e+00
6.459640860557556152e-01,0.000000000000000000e+00,0.000000000000000000e+00,0.000000000000000000e+00,3.854448795318603516e+00,7.479516267776489258e-01,0.000000000000000000e+00,0.000000000000000000e+00
5.422469973564147949e-01,0.000000000000000000e+00,0.000000000000000000e+00,0.000000000000000000e+00,3.810564756393432617e+00,5.674194097518920898e-01,0.000000000000000000e+00,0.000000000000000000e+00
1.413907527923583984e+00,0.000000000000000000e+00,0.000000000000000000e+00,0.000000000000000000e+00,3.689105987548828125e+00,3.500720560550689697e-01,0.000000000000000000e+00,0.000000000000000000e+00
8.965682387351989746e-01,0.000000000000000000e+00,0.000000000000000000e+00,0.000000000000000000e+00,4.217865467071533203e+00,5.837073922157287598e-01,0.000000000000000000e+00,0.000000000000000000e+00
2.055455684661865234e+00,0.000000000000000000e+00,0.000000000000000000e+00,0.000000000000000000e+00,3.140033721923828125e+00,0.000000000000000000e+00,0.000000000000000000e+00,0.000000000000000000e+00
2.670668840408325195e+00,0.000000000000000000e+00,0.000000000000000000e+00,0.000000000000000000e+00,1.648280262947082520e+00,0.000000000000000000e+00,0.000000000000000000e+00,0.000000000000000000e+00
2.266375422477722168e-01,0.000000000000000000e+00,0.000000000000000000e+00,0.000000000000000000e+00,3.096507787704467773e+00,7.852975130081176758e-01,0.000000000000000000e+00,0.000000000000000000e+00
0.000000000000000000e+00,1.722295582294464111e-02,0.000000000000000000e+00,0.000000000000000000e+00,3.068401098251342773e+00,8.711203336715698242e-01,0.000000000000000000e+00,0.000000000000000000e+00
0.000000000000000000e+00,0.000000000000000000e+00,0.000000000000000000e+00,4.771344065666198730e-01,1.439313054084777832e+00,6.727135777473449707e-01,0.000000000000000000e+00,0.000000000000000000e+00
0.000000000000000000e+00,9.235674142837524414e-02,0.000000000000000000e+00,2.848322987556457520e-01,1.770151972770690918e+00,6.185914278030395508e-01,0.000000000000000000e+00,0.000000000000000000e+00
0.000000000000000000e+00,0.000000000000000000e+00,0.000000000000000000e+00,1.683373451232910156e-01,2.113477706909179688e+00,5.966477990150451660e-01,0.000000000000000000e+00,0.000000000000000000e+00
0.000000000000000000e+00,0.000000000000000000e+00,0.000000000000000000e+00,9.312250614166259766e-01,4.001335501670837402e-01,1.185869693756103516e+00,0.000000000000000000e+00,0.000000000000000000e+00
0.000000000000000000e+00,6.918992102146148682e-02,0.000000000000000000e+00,1.524168848991394043e-01,2.215209007263183594e+00,7.251331210136413574e-01,0.000000000000000000e+00,0.000000000000000000e+00
0.000000000000000000e+00,0.000000000000000000e+00,0.000000000000000000e+00,1.367023289203643799e-01,2.032669305801391602e+00,3.183131814002990723e-01,4.708376526832580566e-02,0.000000000000000000e+00
0.000000000000000000e+00,0.000000000000000000e+00,0.000000000000000000e+00,0.000000000000000000e+00,3.045473098754882812e+00,8.506928086280822754e-01,0.000000000000000000e+00,0.000000000000000000e+00
0.000000000000000000e+00,0.000000000000000000e+00,0.000000000000000000e+00,0.000000000000000000e+00,5.828243494033813477e-01,0.000000000000000000e+00,0.000000000000000000e+00,1.401079416275024414e+00
5.771980881690979004e-01,0.000000000000000000e+00,0.000000000000000000e+00,0.000000000000000000e+00,3.169903159141540527e-01,0.000000000000000000e+00,0.000000000000000000e+00,1.046344399452209473e+00
0.000000000000000000e+00,0.000000000000000000e+00,0.000000000000000000e+00,1.866560578346252441e-01,1.581234931945800781e+00,4.779285192489624023e-02,1.013099551200866699e-01,5.514895915985107422e-01
0.000000000000000000e+00,0.000000000000000000e+00,0.000000000000000000e+00,1.163219571113586426e+00,2.600211501121520996e-01,1.522659659385681152e+00,0.000000000000000000e+00,0.000000000000000000e+00
0.000000000000000000e+00,0.000000000000000000e+00,0.000000000000000000e+00,1.126679062843322754e+00,2.364280968904495239e-01,1.453175783157348633e+00,0.000000000000000000e+00,0.000000000000000000e+00
0.000000000000000000e+00,0.000000000000000000e+00,0.000000000000000000e+00,8.906195163726806641e-01,4.864094853401184082e-01,1.248570442199707031e+00,0.000000000000000000e+00,0.000000000000000000e+00
0.000000000000000000e+00,0.000000000000000000e+00,0.000000000000000000e+00,6.937872171401977539e-01,1.074644923210144043e+00,1.176412820816040039e+00,0.000000000000000000e+00,0.000000000000000000e+00
0.000000000000000000e+00,0.000000000000000000e+00,0.000000000000000000e+00,5.203929543495178223e-01,5.676811337471008301e-01,2.327756881713867188e-01,0.000000000000000000e+00,1.163762688636779785e+00
0.000000000000000000e+00,0.000000000000000000e+00,0.000000000000000000e+00,1.244909882545471191e+00,0.000000000000000000e+00,2.728224098682403564e-01,0.000000000000000000e+00,2.090727329254150391e+00
1.291669458150863647e-01,0.000000000000000000e+00,0.000000000000000000e+00,3.709805011749267578e-01,0.000000000000000000e+00,0.000000000000000000e+00,0.000000000000000000e+00,2.336900472640991211e+00
0.000000000000000000e+00,0.000000000000000000e+00,0.000000000000000000e+00,5.931216478347778320e-02,2.212920933961868286e-01,0.000000000000000000e+00,0.000000000000000000e+00,1.951386094093322754e+00
0.000000000000000000e+00,0.000000000000000000e+00,0.000000000000000000e+00,4.363832175731658936e-01,9.756286442279815674e-02,0.000000000000000000e+00,0.000000000000000000e+00,2.210636615753173828e+00
0.000000000000000000e+00,0.000000000000000000e+00,0.000000000000000000e+00,1.158376455307006836e+00,0.000000000000000000e+00,1.012060403823852539e+00,0.000000000000000000e+00,7.230353355407714844e-01
0.000000000000000000e+00,0.000000000000000000e+00,0.000000000000000000e+00,1.263471603393554688e+00,0.000000000000000000e+00,1.071391820907592773e+00,0.000000000000000000e+00,7.458918094635009766e-01
0.000000000000000000e+00,0.000000000000000000e+00,0.000000000000000000e+00,1.337005853652954102e+00,0.000000000000000000e+00,1.255310058593750000e+00,0.000000000000000000e+00,2.510631680488586426e-01
0.000000000000000000e+00,0.000000000000000000e+00,0.000000000000000000e+00,1.398661375045776367e+00,3.677843511104583740e-02,1.824646234512329102e+00,0.000000000000000000e+00,0.000000000000000000e+00
0.000000000000000000e+00,0.000000000000000000e+00,0.000000000000000000e+00,1.100608706474304199e+00,4.159297049045562744e-02,1.143641471862792969e+00,0.000000000000000000e+00,8.661717176437377930e-03
0.000000000000000000e+00,0.000000000000000000e+00,0.000000000000000000e+00,8.916232585906982422e-01,7.198472619056701660e-01,1.395798921585083008e+00,0.000000000000000000e+00,0.000000000000000000e+00
0.000000000000000000e+00,0.000000000000000000e+00,0.000000000000000000e+00,1.501032829284667969e+00,3.551246225833892822e-02,1.801949024200439453e+00,0.000000000000000000e+00,0.000000000000000000e+00
0.000000000000000000e+00,0.000000000000000000e+00,0.000000000000000000e+00,9.205124378204345703e-01,6.941561102867126465e-01,1.519930481910705566e+00,0.000000000000000000e+00,0.000000000000000000e+00
1.386236071586608887e+00,0.000000000000000000e+00,0.000000000000000000e+00,0.000000000000000000e+00,7.009955644607543945e-01,0.000000000000000000e+00,0.000000000000000000e+00,0.000000000000000000e+00
0.000000000000000000e+00,0.000000000000000000e+00,0.000000000000000000e+00,9.824916720390319824e-02,1.774194717407226562e+00,4.283039569854736328e-01,0.000000000000000000e+00,0.000000000000000000e+00
0.000000000000000000e+00,0.000000000000000000e+00,0.000000000000000000e+00,1.535189867019653320e+00,0.000000000000000000e+00,1.481530785560607910e+00,0.000000000000000000e+00,4.080033302307128906e-01
0.000000000000000000e+00,0.000000000000000000e+00,0.000000000000000000e+00,1.147137165069580078e+00,1.065608978271484375e+00,1.534505367279052734e+00,0.000000000000000000e+00,0.000000000000000000e+00
0.000000000000000000e+00,0.000000000000000000e+00,0.000000000000000000e+00,1.541710734367370605e+00,0.000000000000000000e+00,2.014538049697875977e+00,0.000000000000000000e+00,0.000000000000000000e+00
0.000000000000000000e+00,0.000000000000000000e+00,0.000000000000000000e+00,5.032047033309936523e-01,1.367024540901184082e+00,9.293103814125061035e-01,0.000000000000000000e+00,0.000000000000000000e+00
0.000000000000000000e+00,8.977526426315307617e-02,0.000000000000000000e+00,7.884107232093811035e-01,7.585359215736389160e-01,1.247300624847412109e+00,0.000000000000000000e+00,0.000000000000000000e+00
0.000000000000000000e+00,0.000000000000000000e+00,0.000000000000000000e+00,6.243962645530700684e-01,4.971054792404174805e-01,2.142891585826873779e-01,0.000000000000000000e+00,1.353773713111877441e+00
0.000000000000000000e+00,0.000000000000000000e+00,0.000000000000000000e+00,9.262317419052124023e-01,0.000000000000000000e+00,2.683487832546234131e-01,0.000000000000000000e+00,1.669573068618774414e+00
0.000000000000000000e+00,0.000000000000000000e+00,0.000000000000000000e+00,9.675240516662597656e-01,0.000000000000000000e+00,4.199819564819335938e-01,0.000000000000000000e+00,1.465036511421203613e+00
0.000000000000000000e+00,0.000000000000000000e+00,0.000000000000000000e+00,0.000000000000000000e+00,2.370252132415771484e+00,3.581228852272033691e-01,2.179580926895141602e-02,0.000000000000000000e+00
0.000000000000000000e+00,0.000000000000000000e+00,0.000000000000000000e+00,2.049896419048309326e-01,5.996569991111755371e-01,0.000000000000000000e+00,7.390186190605163574e-02,1.618075489997863770e+00
0.000000000000000000e+00,0.000000000000000000e+00,0.000000000000000000e+00,1.331973791122436523e+00,0.000000000000000000e+00,7.470447421073913574e-01,0.000000000000000000e+00,1.394435286521911621e+00
0.000000000000000000e+00,0.000000000000000000e+00,0.000000000000000000e+00,1.070986747741699219e+00,3.165825605392456055e-01,1.598216056823730469e+00,0.000000000000000000e+00,0.000000000000000000e+00
0.000000000000000000e+00,0.000000000000000000e+00,0.000000000000000000e+00,1.594252586364746094e+00,0.000000000000000000e+00,2.083490848541259766e+00,0.000000000000000000e+00,0.000000000000000000e+00
0.000000000000000000e+00,0.000000000000000000e+00,0.000000000000000000e+00,7.791715860366821289e-01,9.691361188888549805e-01,1.200536251068115234e+00,0.000000000000000000e+00,0.000000000000000000e+00
0.000000000000000000e+00,0.000000000000000000e+00,0.000000000000000000e+00,1.672911763191223145e+00,3.062643110752105713e-02,2.169224500656127930e+00,0.000000000000000000e+00,0.000000000000000000e+00
0.000000000000000000e+00,0.000000000000000000e+00,0.000000000000000000e+00,9.313538074493408203e-01,0.000000000000000000e+00,8.213226199150085449e-01,0.000000000000000000e+00,6.780503988265991211e-01
0.000000000000000000e+00,0.000000000000000000e+00,0.000000000000000000e+00,1.412956833839416504e+00,0.000000000000000000e+00,6.640983223915100098e-01,0.000000000000000000e+00,1.645690202713012695e+00
0.000000000000000000e+00,0.000000000000000000e+00,0.000000000000000000e+00,8.284393548965454102e-01,1.589242368936538696e-01,0.000000000000000000e+00,0.000000000000000000e+00,2.172556877136230469e+00
0.000000000000000000e+00,0.000000000000000000e+00,0.000000000000000000e+00,5.682673454284667969e-01,0.000000000000000000e+00,0.000000000000000000e+00,0.000000000000000000e+00,2.752424240112304688e+00
0.000000000000000000e+00,0.000000000000000000e+00,0.000000000000000000e+00,1.359508991241455078e+00,0.000000000000000000e+00,1.267797231674194336e+00,0.000000000000000000e+00,3.071828484535217285e-01
0.000000000000000000e+00,0.000000000000000000e+00,0.000000000000000000e+00,1.179136753082275391e+00,0.000000000000000000e+00,6.441236138343811035e-01,0.000000000000000000e+00,1.365314602851867676e+00
0.000000000000000000e+00,0.000000000000000000e+00,0.000000000000000000e+00,1.700125694274902344e+00,0.000000000000000000e+00,1.895048618316650391e+00,0.000000000000000000e+00,0.000000000000000000e+00
0.000000000000000000e+00,0.000000000000000000e+00,0.000000000000000000e+00,1.477683067321777344e+00,2.421607524156570435e-01,1.669878959655761719e+00,0.000000000000000000e+00,0.000000000000000000e+00
0.000000000000000000e+00,0.000000000000000000e+00,0.000000000000000000e+00,1.564294099807739258e+00,7.961355149745941162e-02,2.025587320327758789e+00,0.000000000000000000e+00,0.000000000000000000e+00
0.000000000000000000e+00,0.000000000000000000e+00,0.000000000000000000e+00,1.243793487548828125e+00,4.253519773483276367e-01,1.438209533691406250e+00,0.000000000000000000e+00,0.000000000000000000e+00
0.000000000000000000e+00,0.000000000000000000e+00,0.000000000000000000e+00,1.470009922981262207e+00,0.000000000000000000e+00,1.285267591476440430e+00,0.000000000000000000e+00,6.049383878707885742e-01
0.000000000000000000e+00,0.000000000000000000e+00,0.000000000000000000e+00,8.877713084220886230e-01,0.000000000000000000e+00,3.026699721813201904e-01,0.000000000000000000e+00,1.425665378570556641e+00
0.000000000000000000e+00,0.000000000000000000e+00,0.000000000000000000e+00,0.000000000000000000e+00,3.045382261276245117e+00,9.239037036895751953e-01,0.000000000000000000e+00,0.000000000000000000e+00
1.361787796020507812e+00,0.000000000000000000e+00,0.000000000000000000e+00,0.000000000000000000e+00,2.698302030563354492e+00,0.000000000000000000e+00,0.000000000000000000e+00,0.000000000000000000e+00
9.510040879249572754e-01,0.000000000000000000e+00,0.000000000000000000e+00,0.000000000000000000e+00,3.325573444366455078e+00,1.275368928909301758e-01,0.000000000000000000e+00,0.000000000000000000e+00
6.308383941650390625e-01,0.000000000000000000e+00,0.000000000000000000e+00,0.000000000000000000e+00,3.791774034500122070e+00,7.791205048561096191e-01,0.000000000000000000e+00,0.000000000000000000e+00
8.152239322662353516e-01,0.000000000000000000e+00,0.000000000000000000e+00,0.000000000000000000e+00,3.390367031097412109e+00,7.193527221679687500e-01,0.000000000000000000e+00,0.000000000000000000e+00
2.690225124359130859e+00,0.000000000000000000e+00,0.000000000000000000e+00,0.000000000000000000e+00,1.362269043922424316e+00,0.000000000000000000e+00,0.000000000000000000e+00,0.000000000000000000e+00
1.825804114341735840e+00,0.000000000000000000e+00,0.000000000000000000e+00,0.000000000000000000e+00,1.217849254608154297e+00,0.000000000000000000e+00,0.000000000000000000e+00,0.000000000000000000e+00
1.800964176654815674e-01,0.000000000000000000e+00,0.000000000000000000e+00,2.947477400302886963e-01,0.000000000000000000e+00,0.000000000000000000e+00,0.000000000000000000e+00,3.196855306625366211e+00
3.429369688034057617e+00,0.000000000000000000e+00,0.000000000000000000e+00,0.000000000000000000e+00,0.000000000000000000e+00,0.000000000000000000e+00,0.000000000000000000e+00,2.682612180709838867e+00
2.494854211807250977e+00,0.000000000000000000e+00,0.000000000000000000e+00,0.000000000000000000e+00,0.000000000000000000e+00,0.000000000000000000e+00,0.000000000000000000e+00,2.801163911819458008e+00
3.048435926437377930e+00,0.000000000000000000e+00,0.000000000000000000e+00,0.000000000000000000e+00,0.000000000000000000e+00,0.000000000000000000e+00,0.000000000000000000e+00,2.697995185852050781e+00
2.851723670959472656e+00,0.000000000000000000e+00,0.000000000000000000e+00,0.000000000000000000e+00,0.000000000000000000e+00,0.000000000000000000e+00,0.000000000000000000e+00,2.903633117675781250e+00
2.221472740173339844e+00,0.000000000000000000e+00,0.000000000000000000e+00,0.000000000000000000e+00,9.913720488548278809e-01,0.000000000000000000e+00,0.000000000000000000e+00,0.000000000000000000e+00
1.043424844741821289e+00,0.000000000000000000e+00,0.000000000000000000e+00,0.000000000000000000e+00,4.006869316101074219e+00,7.485791444778442383e-01,0.000000000000000000e+00,0.000000000000000000e+00
6.037096381187438965e-01,0.000000000000000000e+00,0.000000000000000000e+00,0.000000000000000000e+00,3.790293216705322266e+00,7.720248103141784668e-01,0.000000000000000000e+00,0.000000000000000000e+00
1.004615187644958496e+00,0.000000000000000000e+00,0.000000000000000000e+00,0.000000000000000000e+00,3.930805206298828125e+00,7.357464432716369629e-01,0.000000000000000000e+00,0.000000000000000000e+00
1.470850944519042969e+00,0.000000000000000000e+00,0.000000000000000000e+00,0.000000000000000000e+00,3.597733259201049805e+00,5.470033288002014160e-01,0.000000000000000000e+00,0.000000000000000000e+00
1.124668240547180176e+00,0.000000000000000000e+00,0.000000000000000000e+00,0.000000000000000000e+00,3.813308000564575195e+00,6.904529333114624023e-01,0.000000000000000000e+00,0.000000000000000000e+00
1.176475763320922852e+00,0.000000000000000000e+00,0.000000000000000000e+00,0.000000000000000000e+00,3.711164236068725586e+00,6.069939136505126953e-01,0.000000000000000000e+00,0.000000000000000000e+00
6.992419362068176270e-01,0.000000000000000000e+00,0.000000000000000000e+00,0.000000000000000000e+00,4.112657546997070312e+00,6.445093750953674316e-01,0.000000000000000000e+00,0.000000000000000000e+00
1.563471913337707520e+00,0.000000000000000000e+00,0.000000000000000000e+00,0.000000000000000000e+00,2.643390417098999023e+00,1.315507888793945312e-01,0.000000000000000000e+00,0.000000000000000000e+00
0.000000000000000000e+00,0.000000000000000000e+00,0.000000000000000000e+00,0.000000000000000000e+00,2.630719661712646484e+00,7.950689792633056641e-01,0.000000000000000000e+00,0.000000000000000000e+00
7.004567384719848633e-01,0.000000000000000000e+00,0.000000000000000000e+00,0.000000000000000000e+00,1.803143024444580078e+00,3.263295292854309082e-01,0.000000000000000000e+00,0.000000000000000000e+00
0.000000000000000000e+00,1.869127154350280762e-02,0.000000000000000000e+00,8.138597011566162109e-01,5.584818124771118164e-01,8.866099715232849121e-01,0.000000000000000000e+00,5.342457890510559082e-01
0.000000000000000000e+00,0.000000000000000000e+00,0.000000000000000000e+00,7.917792797088623047e-01,8.973140716552734375e-01,1.333296775817871094e+00,0.000000000000000000e+00,0.000000000000000000e+00
0.000000000000000000e+00,1.968694329261779785e-01,0.000000000000000000e+00,7.519453763961791992e-01,1.069420456886291504e+00,1.325247287750244141e+00,0.000000000000000000e+00,0.000000000000000000e+00
0.000000000000000000e+00,1.162398457527160645e-01,0.000000000000000000e+00,3.297289013862609863e-01,1.825206041336059570e+00,7.268944978713989258e-01,0.000000000000000000e+00,0.000000000000000000e+00
0.000000000000000000e+00,0.000000000000000000e+00,0.000000000000000000e+00,1.275193691253662109e+00,0.000000000000000000e+00,7.296140789985656738e-01,0.000000000000000000e+00,1.352742671966552734e+00
0.000000000000000000e+00,0.000000000000000000e+00,0.000000000000000000e+00,1.344419836997985840e+00,0.000000000000000000e+00,8.369882106781005859e-01,0.000000000000000000e+00,1.249007940292358398e+00
0.000000000000000000e+00,0.000000000000000000e+00,0.000000000000000000e+00,6.883661746978759766e-01,5.224863886833190918e-01,0.000000000000000000e+00,0.000000000000000000e+00,1.910302281379699707e+00
0.000000000000000000e+00,0.000000000000000000e+00,0.000000000000000000e+00,9.110348224639892578e-01,2.116413265466690063e-01,5.711323022842407227e-02,0.000000000000000000e+00,2.081701755523681641e+00
0.000000000000000000e+00,0.000000000000000000e+00,0.000000000000000000e+00,9.148908853530883789e-01,2.651416063308715820e-01,6.378569006919860840e-01,0.000000000000000000e+00,1.068084478378295898e+00
0.000000000000000000e+00,0.000000000000000000e+00,0.000000000000000000e+00,1.487549662590026855e+00,0.000000000000000000e+00,1.155980587005615234e+00,0.000000000000000000e+00,8.969489336013793945e-01
0.000000000000000000e+00,0.000000000000000000e+00,0.000000000000000000e+00,1.500539183616638184e+00,0.000000000000000000e+00,1.967330694198608398e+00,0.000000000000000000e+00,0.000000000000000000e+00
0.000000000000000000e+00,0.000000000000000000e+00,0.000000000000000000e+00,9.468350410461425781e-01,1.893009096384048462e-01,4.615532159805297852e-01,0.000000000000000000e+00,1.416552782058715820e+00
0.000000000000000000e+00,0.000000000000000000e+00,0.000000000000000000e+00,5.230584740638732910e-01,7.938067317008972168e-01,1.438632011413574219e-01,0.000000000000000000e+00,1.424694061279296875e+00
0.000000000000000000e+00,0.000000000000000000e+00,0.000000000000000000e+00,1.530860662460327148e+00,0.000000000000000000e+00,1.696488142013549805e+00,0.000000000000000000e+00,4.789024591445922852e-03
0.000000000000000000e+00,0.000000000000000000e+00,0.000000000000000000e+00,1.226263284683227539e+00,0.000000000000000000e+00,6.046205759048461914e-01,0.000000000000000000e+00,1.496491074562072754e+00
0.000000000000000000e+00,0.000000000000000000e+00,0.000000000000000000e+00,6.189764142036437988e-01,2.549811005592346191e-01,0.000000000000000000e+00,0.000000000000000000e+00,2.232117176055908203e+00
0.000000000000000000e+00,0.000000000000000000e+00,0.000000000000000000e+00,1.142830371856689453e+00,0.000000000000000000e+00,0.000000000000000000e+00,0.000000000000000000e+00,2.528500795364379883e+00
0.000000000000000000e+00,0.000000000000000000e+00,0.000000000000000000e+00,1.093970179557800293e+00,0.000000000000000000e+00,1.417283415794372559e-01,0.000000000000000000e+00,2.104068756103515625e+00
7.025987505912780762e-01,0.000000000000000000e+00,0.000000000000000000e+00,3.345608711242675781e-01,0.000000000000000000e+00,0.000000000000000000e+00,0.000000000000000000e+00,1.433369040489196777e+00
0.000000000000000000e+00,0.000000000000000000e+00,0.000000000000000000e+00,1.312324285507202148e+00,0.000000000000000000e+00,1.262402176856994629e+00,0.000000000000000000e+00,0.000000000000000000e+00
0.000000000000000000e+00,0.000000000000000000e+00,0.000000000000000000e+00,1.416431069374084473e+00,0.000000000000000000e+00,1.896473646163940430e+00,0.000000000000000000e+00,0.000000000000000000e+00
0.000000000000000000e+00,0.000000000000000000e+00,0.000000000000000000e+00,1.263163447380065918e+00,2.381656914949417114e-01,1.780961036682128906e+00,0.000000000000000000e+00,0.000000000000000000e+00
0.000000000000000000e+00,0.000000000000000000e+00,0.000000000000000000e+00,1.757965922355651855e+00,0.000000000000000000e+00,2.326962947845458984e+00,0.000000000000000000e+00,0.000000000000000000e+00
0.000000000000000000e+00,0.000000000000000000e+00,0.000000000000000000e+00,1.217810630798339844e+00,0.000000000000000000e+00,4.280590116977691650e-01,0.000000000000000000e+00,1.787978768348693848e+00
0.000000000000000000e+00,0.000000000000000000e+00,0.000000000000000000e+00,1.468215465545654297e+00,0.000000000000000000e+00,4.279689490795135498e-01,0.000000000000000000e+00,2.125089645385742188e+00
0.000000000000000000e+00,0.000000000000000000e+00,0.000000000000000000e+00,8.210183978080749512e-01,0.000000000000000000e+00,0.000000000000000000e+00,0.000000000000000000e+00,2.499610424041748047e+00
0.000000000000000000e+00,0.000000000000000000e+00,0.000000000000000000e+00,1.124998450279235840e+00,0.000000000000000000e+00,3.577808737754821777e-01,0.000000000000000000e+00,1.783637166023254395e+00
0.000000000000000000e+00,0.000000000000000000e+00,0.000000000000000000e+00,1.081420063972473145e+00,0.000000000000000000e+00,5.656157135963439941e-01,0.000000000000000000e+00,1.368489623069763184e+00
0.000000000000000000e+00,0.000000000000000000e+00,0.000000000000000000e+00,2.128625154495239258e+00,0.000000000000000000e+00,2.776527404785156250e+00,0.000000000000000000e+00,0.000000000000000000e+00
0.000000000000000000e+00,0.000000000000000000e+00,0.000000000000000000e+00,2.071511507034301758e+00,0.000000000000000000e+00,2.700888395309448242e+00,0.000000000000000000e+00,0.000000000000000000e+00
0.000000000000000000e+00,0.000000000000000000e+00,0.000000000000000000e+00,1.784285664558410645e+00,0.000000000000000000e+00,2.033430576324462891e+00,0.000000000000000000e+00,0.000000000000000000e+00
0.000000000000000000e+00,0.000000000000000000e+00,0.000000000000000000e+00,1.765783667564392090e+00,0.000000000000000000e+00,2.271385908126831055e+00,0.000000000000000000e+00,0.000000000000000000e+00
0.000000000000000000e+00,0.000000000000000000e+00,0.000000000000000000e+00,1.789665341377258301e+00,0.000000000000000000e+00,5.239791870117187500e-01,0.000000000000000000e+00,2.392957448959350586e+00
0.000000000000000000e+00,0.000000000000000000e+00,0.000000000000000000e+00,8.834473490715026855e-01,0.000000000000000000e+00,9.626036882400512695e-02,0.000000000000000000e+00,1.906408309936523438e+00
0.000000000000000000e+00,0.000000000000000000e+00,0.000000000000000000e+00,1.461843132972717285e+00,0.000000000000000000e+00,0.000000000000000000e+00,0.000000000000000000e+00,3.034223556518554688e+00
0.000000000000000000e+00,0.000000000000000000e+00,0.000000000000000000e+00,1.284078717231750488e+00,0.000000000000000000e+00,9.216080904006958008e-01,0.000000000000000000e+00,1.029257297515869141e+00
0.000000000000000000e+00,0.000000000000000000e+00,0.000000000000000000e+00,2.291311502456665039e+00,0.000000000000000000e+00,2.954157590866088867e+00,0.000000000000000000e+00,0.000000000000000000e+00
0.000000000000000000e+00,0.000000000000000000e+00,0.000000000000000000e+00,2.057910680770874023e+00,0.000000000000000000e+00,2.672269105911254883e+00,0.000000000000000000e+00,0.000000000000000000e+00
0.000000000000000000e+00,0.000000000000000000e+00,0.000000000000000000e+00,1.928973317146301270e+00,6.700903177261352539e-04,2.494676828384399414e+00,0.000000000000000000e+00,0.000000000000000000e+00
0.000000000000000000e+00,0.000000000000000000e+00,0.000000000000000000e+00,1.937062978744506836e+00,0.000000000000000000e+00,2.528834342956542969e+00,0.000000000000000000e+00,0.000000000000000000e+00
0.000000000000000000e+00,0.000000000000000000e+00,0.000000000000000000e+00,1.626363158226013184e+00,0.000000000000000000e+00,1.531351923942565918e+00,0.000000000000000000e+00,2.491156756877899170e-01
0.000000000000000000e+00,0.000000000000000000e+00,0.000000000000000000e+00,1.732125759124755859e+00,0.000000000000000000e+00,1.467154502868652344e+00,0.000000000000000000e+00,3.955760598182678223e-01
0.000000000000000000e+00,0.000000000000000000e+00,0.000000000000000000e+00,1.346144437789916992e+00,0.000000000000000000e+00,9.615583419799804688e-01,0.000000000000000000e+00,1.045541286468505859e+00
2.217358648777008057e-01,0.000000000000000000e+00,0.000000000000000000e+00,4.607748687267303467e-01,0.000000000000000000e+00,0.000000000000000000e+00,0.000000000000000000e+00,1.950913190841674805e+00
0.000000000000000000e+00,0.000000000000000000e+00,0.000000000000000000e+00,1.773781418800354004e+00,1.115058213472366333e-01,2.283161640167236328e+00,0.000000000000000000e+00,0.000000000000000000e+00
0.000000000000000000e+00,0.000000000000000000e+00,0.000000000000000000e+00,1.926913022994995117e+00,0.000000000000000000e+00,2.475808858871459961e+00,0.000000000000000000e+00,0.000000000000000000e+00
0.000000000000000000e+00,0.000000000000000000e+00,0.000000000000000000e+00,2.068800210952758789e+00,0.000000000000000000e+00,2.690923929214477539e+00,0.000000000000000000e+00,0.000000000000000000e+00
0.000000000000000000e+00,0.000000000000000000e+00,0.000000000000000000e+00,2.694015026092529297e+00,1.310801059007644653e-01,3.446860790252685547e+00,0.000000000000000000e+00,0.000000000000000000e+00
0.000000000000000000e+00,0.000000000000000000e+00,0.000000000000000000e+00,1.892465591430664062e+00,3.773565590381622314e-02,2.443227529525756836e+00,0.000000000000000000e+00,0.000000000000000000e+00
0.000000000000000000e+00,0.000000000000000000e+00,0.000000000000000000e+00,1.645087957382202148e+00,0.000000000000000000e+00,2.139376640319824219e+00,0.000000000000000000e+00,0.000000000000000000e+00
0.000000000000000000e+00,0.000000000000000000e+00,0.000000000000000000e+00,1.272187829017639160e+00,0.000000000000000000e+00,1.458124399185180664e+00,0.000000000000000000e+00,0.000000000000000000e+00
0.000000000000000000e+00,0.000000000000000000e+00,0.000000000000000000e+00,8.912434577941894531e-01,5.417436361312866211e-01,1.155327081680297852e+00,0.000000000000000000e+00,0.000000000000000000e+00
2.980085015296936035e-01,0.000000000000000000e+00,0.000000000000000000e+00,0.000000000000000000e+00,3.311479806900024414e+00,7.665793895721435547e-01,0.000000000000000000e+00,0.000000000000000000e+00
1.034815669059753418e+00,0.000000000000000000e+00,0.000000000000000000e+00,0.000000000000000000e+00,4.062945842742919922e+00,5.048137307167053223e-01,0.000000000000000000e+00,0.000000000000000000e+00
2.461541414260864258e+00,0.000000000000000000e+00,0.000000000000000000e+00,0.000000000000000000e+00,2.230931520462036133e+00,0.000000000000000000e+00,0.000000000000000000e+00,0.000000000000000000e+00
9.097264409065246582e-01,0.000000000000000000e+00,0.000000000000000000e+00,0.000000000000000000e+00,3.773123741149902344e+00,3.665161132812500000e-01,0.000000000000000000e+00,0.000000000000000000e+00
2.568237781524658203e+00,0.000000000000000000e+00,0.000000000000000000e+00,0.000000000000000000e+00,1.840004324913024902e+00,0.000000000000000000e+00,0.000000000000000000e+00,0.000000000000000000e+00
2.845503330230712891e+00,0.000000000000000000e+00,0.000000000000000000e+00,0.000000000000000000e+00,1.619846582412719727e+00,0.000000000000000000e+00,0.000000000000000000e+00,0.000000000000000000e+00
1.744415402412414551e+00,0.000000000000000000e+00,0.000000000000000000e+00,0.000000000000000000e+00,3.196696519851684570e+00,0.000000000000000000e+00,0.000000000000000000e+00,0.000000000000000000e+00
2.734200239181518555e+00,0.000000000000000000e+00,0.000000000000000000e+00,0.000000000000000000e+00,1.887793779373168945e+00,0.000000000000000000e+00,0.000000000000000000e+00,0.000000000000000000e+00
2.656177282333374023e+00,0.000000000000000000e+00,0.000000000000000000e+00,0.000000000000000000e+00,3.512578606605529785e-01,0.000000000000000000e+00,0.000000000000000000e+00,0.000000000000000000e+00
2.519742012023925781e+00,0.000000000000000000e+00,0.000000000000000000e+00,0.000000000000000000e+00,0.000000000000000000e+00,0.000000000000000000e+00,0.000000000000000000e+00,2.755084037780761719e+00
2.843598127365112305e+00,0.000000000000000000e+00,0.000000000000000000e+00,0.000000000000000000e+00,0.000000000000000000e+00,0.000000000000000000e+00,0.000000000000000000e+00,2.205265998840332031e+00
2.744337797164916992e+00,0.000000000000000000e+00,0.000000000000000000e+00,0.000000000000000000e+00,0.000000000000000000e+00,0.000000000000000000e+00,0.000000000000000000e+00,2.555742979049682617e+00
3.229456424713134766e+00,0.000000000000000000e+00,0.000000000000000000e+00,0.000000000000000000e+00,0.000000000000000000e+00,0.000000000000000000e+00,0.000000000000000000e+00,2.390387058258056641e+00
7.291978597640991211e-02,0.000000000000000000e+00,0.000000000000000000e+00,1.972842514514923096e-01,2.238039493560791016e+00,8.162786960601806641e-01,0.000000000000000000e+00,0.000000000000000000e+00
4.805283844470977783e-01,0.000000000000000000e+00,0.000000000000000000e+00,0.000000000000000000e+00,3.008113145828247070e+00,7.238962650299072266e-01,0.000000000000000000e+00,0.000000000000000000e+00
1.658973097801208496e+00,0.000000000000000000e+00,0.000000000000000000e+00,0.000000000000000000e+00,1.990496993064880371e+00,0.000000000000000000e+00,0.000000000000000000e+00,0.000000000000000000e+00
6.506274342536926270e-01,0.000000000000000000e+00,0.000000000000000000e+00,0.000000000000000000e+00,3.480209350585937500e+00,6.109728813171386719e-01,0.000000000000000000e+00,0.000000000000000000e+00
2.794545173645019531e+00,0.000000000000000000e+00,0.000000000000000000e+00,0.000000000000000000e+00,1.648624658584594727e+00,0.000000000000000000e+00,0.000000000000000000e+00,0.000000000000000000e+00
1.988345026969909668e+00,0.000000000000000000e+00,0.000000000000000000e+00,0.000000000000000000e+00,2.453033208847045898e+00,0.000000000000000000e+00,0.000000000000000000e+00,0.000000000000000000e+00
6.952475905418395996e-01,0.000000000000000000e+00,0.000000000000000000e+00,0.000000000000000000e+00,3.656414031982421875e+00,4.431777894496917725e-01,0.000000000000000000e+00,0.000000000000000000e+00
5.542600750923156738e-01,0.000000000000000000e+00,0.000000000000000000e+00,0.000000000000000000e+00,3.003859519958496094e+00,3.814235329627990723e-01,0.000000000000000000e+00,0.000000000000000000e+00
0.000000000000000000e+00,2.300948202610015869e-01,0.000000000000000000e+00,3.838352560997009277e-01,1.798742771148681641e+00,1.015952467918395996e+00,0.000000000000000000e+00,0.000000000000000000e+00
0.000000000000000000e+00,0.000000000000000000e+00,0.000000000000000000e+00,1.522555470466613770e+00,0.000000000000000000e+00,2.064343690872192383e+00,0.000000000000000000e+00,0.000000000000000000e+00
0.000000000000000000e+00,0.000000000000000000e+00,0.000000000000000000e+00,1.208506107330322266e+00,4.451726078987121582e-01,1.735710620880126953e+00,0.000000000000000000e+00,0.000000000000000000e+00
0.000000000000000000e+00,0.000000000000000000e+00,0.000000000000000000e+00,1.165189862251281738e+00,0.000000000000000000e+00,7.215787172317504883e-01,0.000000000000000000e+00,1.213685631752014160e+00
0.000000000000000000e+00,0.000000000000000000e+00,0.000000000000000000e+00,1.401688456535339355e+00,0.000000000000000000e+00,1.922827482223510742e+00,0.000000000000000000e+00,0.000000000000000000e+00
0.000000000000000000e+00,0.000000000000000000e+00,0.000000000000000000e+00,1.119422674179077148e+00,2.483847290277481079e-01,1.555013656616210938e+00,0.000000000000000000e+00,0.000000000000000000e+00
0.000000000000000000e+00,0.000000000000000000e+00,0.000000000000000000e+00,1.329459190368652344e+00,1.436025053262710571e-01,1.696527481079101562e+00,0.000000000000000000e+00,0.000000000000000000e+00
0.000000000000000000e+00,0.000000000000000000e+00,0.000000000000000000e+00,7.041909694671630859e-01,8.788065910339355469e-01,1.065176725387573242e+00,0.000000000000000000e+00,0.000000000000000000e+00
0.000000000000000000e+00,0.000000000000000000e+00,0.000000000000000000e+00,1.719034314155578613e-01,2.019912004470825195e+00,5.452578663825988770e-01,0.000000000000000000e+00,0.000000000000000000e+00
0.000000000000000000e+00,0.000000000000000000e+00,0.000000000000000000e+00,0.000000000000000000e+00,1.762309789657592773e+00,1.683073639869689941e-01,0.000000000000000000e+00,0.000000000000000000e+00
1.891849637031555176e-01,0.000000000000000000e+00,0.000000000000000000e+00,0.000000000000000000e+00,1.078450918197631836e+00,0.000000000000000000e+00,0.000000000000000000e+00,1.575113236904144287e-01
0.000000000000000000e+00,0.000000000000000000e+00,0.000000000000000000e+00,1.765939354896545410e+00,0.000000000000000000e+00,2.325178623199462891e+00,0.000000000000000000e+00,0.000000000000000000e+00
0.000000000000000000e+00,0.000000000000000000e+00,0.000000000000000000e+00,2.062634944915771484e+00,0.000000000000000000e+00,2.686185836791992188e+00,0.000000000000000000e+00,0.000000000000000000e+00
0.000000000000000000e+00,0.000000000000000000e+00,0.000000000000000000e+00,1.499335289001464844e+00,0.000000000000000000e+00,1.379736661911010742e+00,0.000000000000000000e+00,5.343472361564636230e-01
0.000000000000000000e+00,0.000000000000000000e+00,0.000000000000000000e+00,1.574789524078369141e+00,0.000000000000000000e+00,2.075065374374389648e+00,0.000000000000000000e+00,0.000000000000000000e+00
0.000000000000000000e+00,0.000000000000000000e+00,0.000000000000000000e+00,5.712854862213134766e-01,1.282789468765258789e+00,1.113222122192382812e+00,0.000000000000000000e+00,0.000000000000000000e+00
0.000000000000000000e+00,0.000000000000000000e+00,0.000000000000000000e+00,1.952078342437744141e+00,0.000000000000000000e+00,2.548160314559936523e+00,0.000000000000000000e+00,0.000000000000000000e+00
0.000000000000000000e+00,0.000000000000000000e+00,0.000000000000000000e+00,1.795701742172241211e+00,3.359313309192657471e-02,2.201563119888305664e+00,0.000000000000000000e+00,0.000000000000000000e+00
0.000000000000000000e+00,0.000000000000000000e+00,0.000000000000000000e+00,6.392354965209960938e-01,6.988391280174255371e-01,4.877370893955230713e-01,0.000000000000000000e+00,3.345185816287994385e-01
0.000000000000000000e+00,0.000000000000000000e+00,0.000000000000000000e+00,8.882217407226562500e-01,0.000000000000000000e+00,0.000000000000000000e+00,0.000000000000000000e+00,2.931385517120361328e+00
0.000000000000000000e+00,0.000000000000000000e+00,0.000000000000000000e+00,1.116673111915588379e+00,0.000000000000000000e+00,7.806913256645202637e-01,0.000000000000000000e+00,1.046181917190551758e+00
0.000000000000000000e+00,0.000000000000000000e+00,0.000000000000000000e+00,8.600243926048278809e-01,7.172307968139648438e-01,1.168005704879760742e+00,0.000000000000000000e+00,0.000000000000000000e+00
0.000000000000000000e+00,0.000000000000000000e+00,0.000000000000000000e+00,1.337594151496887207e+00,3.209935128688812256e-02,1.660623788833618164e+00,0.000000000000000000e+00,0.000000000000000000e+00
0.000000000000000000e+00,0.000000000000000000e+00,0.000000000000000000e+00,8.713182210922241211e-01,7.775670886039733887e-01,1.172146439552307129e+00,0.000000000000000000e+00,0.000000000000000000e+00
0.000000000000000000e+00,0.000000000000000000e+00,0.000000000000000000e+00,1.485024213790893555e+00,0.000000000000000000e+00,1.958529472351074219e+00,0.000000000000000000e+00,0.000000000000000000e+00
0.000000000000000000e+00,0.000000000000000000e+00,0.000000000000000000e+00,2.028415679931640625e+00,0.000000000000000000e+00,2.186567544937133789e+00,0.000000000000000000e+00,0.000000000000000000e+00
1.127254247665405273e+00,0.000000000000000000e+00,0.000000000000000000e+00,3.204918801784515381e-01,1.049992084503173828e+00,4.133269190788269043e-01,0.000000000000000000e+00,3.028697967529296875e-01
0.000000000000000000e+00,0.000000000000000000e+00,0.000000000000000000e+00,8.732184767723083496e-01,0.000000000000000000e+00,2.735923528671264648e-01,0.000000000000000000e+00,1.587660551071166992e+00
5.015843510627746582e-01,0.000000000000000000e+00,0.000000000000000000e+00,0.000000000000000000e+00,9.925838708877563477e-01,0.000000000000000000e+00,0.000000000000000000e+00,4.513512551784515381e-01
0.000000000000000000e+00,0.000000000000000000e+00,0.000000000000000000e+00,1.321254372596740723e+00,0.000000000000000000e+00,1.758595466613769531e+00,0.000000000000000000e+00,0.000000000000000000e+00
0.000000000000000000e+00,0.000000000000000000e+00,0.000000000000000000e+00,1.562713384628295898e+00,0.000000000000000000e+00,2.064192295074462891e+00,0.000000000000000000e+00,0.000000000000000000e+00
0.000000000000000000e+00,0.000000000000000000e+00,0.000000000000000000e+00,1.581472158432006836e+00,0.000000000000000000e+00,2.070835828781127930e+00,0.000000000000000000e+00,0.000000000000000000e+00
0.000000000000000000e+00,0.000000000000000000e+00,0.000000000000000000e+00,2.292837858200073242e+00,0.000000000000000000e+00,2.970031261444091797e+00,0.000000000000000000e+00,0.000000000000000000e+00
0.000000000000000000e+00,0.000000000000000000e+00,0.000000000000000000e+00,1.949421644210815430e+00,0.000000000000000000e+00,2.547213792800903320e+00,0.000000000000000000e+00,0.000000000000000000e+00
0.000000000000000000e+00,0.000000000000000000e+00,0.000000000000000000e+00,5.950570106506347656e-01,9.919277429580688477e-01,8.366686105728149414e-01,0.000000000000000000e+00,0.000000000000000000e+00
0.000000000000000000e+00,0.000000000000000000e+00,0.000000000000000000e+00,1.677227497100830078e+00,0.000000000000000000e+00,1.264649629592895508e+00,0.000000000000000000e+00,8.302484750747680664e-01
0.000000000000000000e+00,0.000000000000000000e+00,0.000000000000000000e+00,1.102888226509094238e+00,0.000000000000000000e+00,9.818744659423828125e-02,0.000000000000000000e+00,2.214389801025390625e+00
7.861988544464111328e-01,0.000000000000000000e+00,0.000000000000000000e+00,1.417742669582366943e-01,0.000000000000000000e+00,0.000000000000000000e+00,0.000000000000000000e+00,2.060738325119018555e+00
0.000000000000000000e+00,0.000000000000000000e+00,0.000000000000000000e+00,3.064750432968139648e-01,6.462777256965637207e-01,4.036155343055725098e-02,0.000000000000000000e+00,1.153428435325622559e+00
0.000000000000000000e+00,0.000000000000000000e+00,0.000000000000000000e+00,1.128893613815307617e+00,2.983741760253906250e-01,1.446361184120178223e+00,0.000000000000000000e+00,0.000000000000000000e+00
0.000000000000000000e+00,0.000000000000000000e+00,0.000000000000000000e+00,1.582697868347167969e+00,0.000000000000000000e+00,1.930267810821533203e+00,0.000000000000000000e+00,0.000000000000000000e+00
0.000000000000000000e+00,0.000000000000000000e+00,0.000000000000000000e+00,1.791432023048400879e+00,0.000000000000000000e+00,2.155893087387084961e+00,0.000000000000000000e+00,0.000000000000000000e+00
0.000000000000000000e+00,0.000000000000000000e+00,0.000000000000000000e+00,1.735116481781005859e+00,0.000000000000000000e+00,1.731057643890380859e+00,0.000000000000000000e+00,0.000000000000000000e+00
0.000000000000000000e+00,0.000000000000000000e+00,0.000000000000000000e+00,1.534270882606506348e+00,0.000000000000000000e+00,4.455763697624206543e-01,0.000000000000000000e+00,2.179999828338623047e+00
0.000000000000000000e+00,0.000000000000000000e+00,0.000000000000000000e+00,4.412896931171417236e-01,0.000000000000000000e+00,0.000000000000000000e+00,0.000000000000000000e+00,2.481318473815917969e+00
0.000000000000000000e+00,0.000000000000000000e+00,0.000000000000000000e+00,1.206386685371398926e+00,0.000000000000000000e+00,4.391444921493530273e-01,0.000000000000000000e+00,1.753590941429138184e+00
0.000000000000000000e+00,0.000000000000000000e+00,0.000000000000000000e+00,1.229036688804626465e+00,0.000000000000000000e+00,3.019965291023254395e-01,0.000000000000000000e+00,2.019324064254760742e+00
0.000000000000000000e+00,0.000000000000000000e+00,0.000000000000000000e+00,0.000000000000000000e+00,2.752910852432250977e+00,6.363823413848876953e-01,0.000000000000000000e+00,0.000000000000000000e+00
9.753857553005218506e-02,0.000000000000000000e+00,0.000000000000000000e+00,7.217874526977539062e-01,0.000000000000000000e+00,1.799001991748809814e-01,0.000000000000000000e+00,1.249903678894042969e+00
0.000000000000000000e+00,0.000000000000000000e+00,0.000000000000000000e+00,2.212568759918212891e+00,0.000000000000000000e+00,2.774573326110839844e+00,0.000000000000000000e+00,0.000000000000000000e+00
0.000000000000000000e+00,0.000000000000000000e+00,0.000000000000000000e+00,1.741132855415344238e+00,7.491691410541534424e-02,2.247886180877685547e+00,0.000000000000000000e+00,0.000000000000000000e+00
0.000000000000000000e+00,0.000000000000000000e+00,0.000000000000000000e+00,1.763423562049865723e+00,1.087888628244400024e-01,2.270601749420166016e+00,0.000000000000000000e+00,0.000000000000000000e+00
0.000000000000000000e+00,0.000000000000000000e+00,0.000000000000000000e+00,1.430463671684265137e+00,0.000000000000000000e+00,9.756868481636047363e-01,0.000000000000000000e+00,1.048652887344360352e+00
0.000000000000000000e+00,0.000000000000000000e+00,0.000000000000000000e+00,1.838817358016967773e+00,1.872165501117706299e-02,2.378933906555175781e+00,0.000000000000000000e+00,0.000000000000000000e+00
0.000000000000000000e+00,0.000000000000000000e+00,0.000000000000000000e+00,1.334674000740051270e+00,2.266670763492584229e-02,1.725600004196166992e+00,0.000000000000000000e+00,0.000000000000000000e+00
0.000000000000000000e+00,0.000000000000000000e+00,0.000000000000000000e+00,1.160387873649597168e+00,7.704098522663116455e-02,1.130115270614624023e+00,0.000000000000000000e+00,0.000000000000000000e+00
0.000000000000000000e+00,0.000000000000000000e+00,0.000000000000000000e+00,1.116393089294433594e+00,5.432030558586120605e-01,1.472195386886596680e+00,0.000000000000000000e+00,0.000000000000000000e+00
3.214883804321289062e-01,0.000000000000000000e+00,0.000000000000000000e+00,0.000000000000000000e+00,3.215343713760375977e+00,7.406116724014282227e-01,0.000000000000000000e+00,0.000000000000000000e+00
5.779014229774475098e-01,0.000000000000000000e+00,0.000000000000000000e+00,0.000000000000000000e+00,3.728268861770629883e+00,7.529441118240356445e-01,0.000000000000000000e+00,0.000000000000000000e+00
1.113126277923583984e-01,0.000000000000000000e+00,0.000000000000000000e+00,0.000000000000000000e+00,3.875341653823852539e+00,6.088042259216308594e-01,0.000000000000000000e+00,0.000000000000000000e+00
2.268631219863891602e+00,0.000000000000000000e+00,0.000000000000000000e+00,0.000000000000000000e+00,2.638663768768310547e+00,0.000000000000000000e+00,0.000000000000000000e+00,0.000000000000000000e+00
2.054889440536499023e+00,0.000000000000000000e+00,0.000000000000000000e+00,0.000000000000000000e+00,2.552904844284057617e+00,0.000000000000000000e+00,0.000000000000000000e+00,0.000000000000000000e+00
3.047206878662109375e+00,0.000000000000000000e+00,0.000000000000000000e+00,0.000000000000000000e+00,1.628986716270446777e+00,0.000000000000000000e+00,0.000000000000000000e+00,0.000000000000000000e+00
2.675177812576293945e+00,0.000000000000000000e+00,0.000000000000000000e+00,0.000000000000000000e+00,2.059369325637817383e+00,0.000000000000000000e+00,0.000000000000000000e+00,0.000000000000000000e+00
0.000000000000000000e+00,0.000000000000000000e+00,0.000000000000000000e+00,0.000000000000000000e+00,4.159909248352050781e+00,6.447099447250366211e-01,0.000000000000000000e+00,0.000000000000000000e+00
1.043519139289855957e+00,0.000000000000000000e+00,0.000000000000000000e+00,0.000000000000000000e+00,0.000000000000000000e+00,0.000000000000000000e+00,0.000000000000000000e+00,3.422219514846801758e+00
2.921601533889770508e+00,0.000000000000000000e+00,0.000000000000000000e+00,0.000000000000000000e+00,0.000000000000000000e+00,0.000000000000000000e+00,0.000000000000000000e+00,2.588339567184448242e+00
2.024655342102050781e+00,0.000000000000000000e+00,0.000000000000000000e+00,0.000000000000000000e+00,0.000000000000000000e+00,0.000000000000000000e+00,0.000000000000000000e+00,3.178066015243530273e+00
1.715811133384704590e+00,0.000000000000000000e+00,0.000000000000000000e+00,0.000000000000000000e+00,1.779271125793457031e+00,0.000000000000000000e+00,0.000000000000000000e+00,0.000000000000000000e+00
8.787881731986999512e-01,0.000000000000000000e+00,0.000000000000000000e+00,0.000000000000000000e+00,4.203327655792236328e+00,8.194469213485717773e-01,0.000000000000000000e+00,0.000000000000000000e+00
1.021870493888854980e+00,0.000000000000000000e+00,0.000000000000000000e+00,0.000000000000000000e+00,4.208187580108642578e+00,7.730699181556701660e-01,0.000000000000000000e+00,0.000000000000000000e+00
1.109538793563842773e+00,0.000000000000000000e+00,0.000000000000000000e+00,0.000000000000000000e+00,4.249145030975341797e+00,7.487104535102844238e-01,0.000000000000000000e+00,0.000000000000000000e+00
1.852460741996765137e+00,0.000000000000000000e+00,0.000000000000000000e+00,0.000000000000000000e+00,3.249833345413208008e+00,1.165365874767303467e-01,0.000000000000000000e+00,0.000000000000000000e+00
3.786734938621520996e-01,0.000000000000000000e+00,0.000000000000000000e+00,0.000000000000000000e+00,3.701518297195434570e+00,7.286975383758544922e-01,0.000000000000000000e+00,0.000000000000000000e+00
1.127084612846374512e+00,0.000000000000000000e+00,0.000000000000000000e+00,0.000000000000000000e+00,4.332384586334228516e+00,7.932864427566528320e-01,0.000000000000000000e+00,0.000000000000000000e+00
1.009422302246093750e+00,0.000000000000000000e+00,0.000000000000000000e+00,0.000000000000000000e+00,4.250348091125488281e+00,8.057476282119750977e-01,0.000000000000000000e+00,0.000000000000000000e+00
1.571752548217773438e+00,0.000000000000000000e+00,0.000000000000000000e+00,0.000000000000000000e+00,4.012019157409667969e+00,6.945344805717468262e-01,0.000000000000000000e+00,0.000000000000000000e+00
0.000000000000000000e+00,0.000000000000000000e+00,0.000000000000000000e+00,0.000000000000000000e+00,3.010600328445434570e+00,8.307158946990966797e-01,0.000000000000000000e+00,0.000000000000000000e+00
0.000000000000000000e+00,4.278227686882019043e-03,0.000000000000000000e+00,9.945178031921386719e-01,4.261549115180969238e-01,1.578365564346313477e+00,0.000000000000000000e+00,0.000000000000000000e+00
0.000000000000000000e+00,2.354477345943450928e-02,0.000000000000000000e+00,8.437640666961669922e-01,6.689332127571105957e-01,1.399363636970520020e+00,0.000000000000000000e+00,0.000000000000000000e+00
0.000000000000000000e+00,0.000000000000000000e+00,0.000000000000000000e+00,1.484663367271423340e+00,0.000000000000000000e+00,2.047155857086181641e+00,0.000000000000000000e+00,0.000000000000000000e+00
0.000000000000000000e+00,0.000000000000000000e+00,0.000000000000000000e+00,1.706469058990478516e+00,0.000000000000000000e+00,2.249149322509765625e+00,0.000000000000000000e+00,0.000000000000000000e+00
0.000000000000000000e+00,0.000000000000000000e+00,0.000000000000000000e+00,1.551969885826110840e+00,0.000000000000000000e+00,2.035450935363769531e+00,0.000000000000000000e+00,0.000000000000000000e+00
0.000000000000000000e+00,0.000000000000000000e+00,0.000000000000000000e+00,8.002589941024780273e-01,8.019505143165588379e-01,1.348422288894653320e+00,0.000000000000000000e+00,0.000000000000000000e+00
0.000000000000000000e+00,0.000000000000000000e+00,0.000000000000000000e+00,1.674483537673950195e+00,0.000000000000000000e+00,2.224491357803344727e+00,0.000000000000000000e+00,0.000000000000000000e+00
0.000000000000000000e+00,0.000000000000000000e+00,0.000000000000000000e+00,3.010593056678771973e-01,1.912602186203002930e+00,5.128118991851806641e-01,0.000000000000000000e+00,0.000000000000000000e+00
0.000000000000000000e+00,0.000000000000000000e+00,0.000000000000000000e+00,1.649154871702194214e-01,1.522035956382751465e+00,8.138027787208557129e-02,0.000000000000000000e+00,5.547310113906860352e-01
0.000000000000000000e+00,0.000000000000000000e+00,0.000000000000000000e+00,0.000000000000000000e+00,7.810369729995727539e-01,0.000000000000000000e+00,0.000000000000000000e+00,1.341368436813354492e+00
0.000000000000000000e+00,0.000000000000000000e+00,0.000000000000000000e+00,1.139241456985473633e+00,2.653047442436218262e-03,7.932876348495483398e-01,0.000000000000000000e+00,1.084959387779235840e+00
0.000000000000000000e+00,0.000000000000000000e+00,0.000000000000000000e+00,1.361044406890869141e+00,0.000000000000000000e+00,1.870767116546630859e+00,0.000000000000000000e+00,0.000000000000000000e+00
0.000000000000000000e+00,0.000000000000000000e+00,0.000000000000000000e+00,1.758678913116455078e+00,0.000000000000000000e+00,2.299035310745239258e+00,0.000000000000000000e+00,0.000000000000000000e+00
0.000000000000000000e+00,0.000000000000000000e+00,0.000000000000000000e+00,1.602021932601928711e+00,0.000000000000000000e+00,2.105022192001342773e+00,0.000000000000000000e+00,0.000000000000000000e+00
0.000000000000000000e+00,0.000000000000000000e+00,0.000000000000000000e+00,1.468302845954895020e+00,0.000000000000000000e+00,1.942457914352416992e+00,0.000000000000000000e+00,0.000000000000000000e+00
0.000000000000000000e+00,0.000000000000000000e+00,0.000000000000000000e+00,8.895620107650756836e-01,3.006340861320495605e-01,7.444808483123779297e-01,0.000000000000000000e+00,3.658449351787567139e-01
0.000000000000000000e+00,0.000000000000000000e+00,0.000000000000000000e+00,9.704887866973876953e-01,0.000000000000000000e+00,4.965565204620361328e-01,0.000000000000000000e+00,1.337675213813781738e+00
0.000000000000000000e+00,0.000000000000000000e+00,0.000000000000000000e+00,1.382508754730224609e+00,0.000000000000000000e+00,3.534089624881744385e-01,0.000000000000000000e+00,2.137653827667236328e+00
0.000000000000000000e+00,0.000000000000000000e+00,0.000000000000000000e+00,1.194739460945129395e+00,0.000000000000000000e+00,0.000000000000000000e+00,0.000000000000000000e+00,2.514198541641235352e+00
0.000000000000000000e+00,0.000000000000000000e+00,0.000000000000000000e+00,1.005903601646423340e+00,0.000000000000000000e+00,0.000000000000000000e+00,0.000000000000000000e+00,2.598789930343627930e+00
0.000000000000000000e+00,0.000000000000000000e+00,0.000000000000000000e+00,1.225856304168701172e+00,0.000000000000000000e+00,4.165955185890197754e-01,0.000000000000000000e+00,1.834504365921020508e+00
0.000000000000000000e+00,0.000000000000000000e+00,0.000000000000000000e+00,1.519952893257141113e+00,0.000000000000000000e+00,1.152148723602294922e+00,0.000000000000000000e+00,8.310540318489074707e-01
0.000000000000000000e+00,0.000000000000000000e+00,0.000000000000000000e+00,1.453394174575805664e+00,3.986351191997528076e-02,1.892750501632690430e+00,0.000000000000000000e+00,0.000000000000000000e+00
0.000000000000000000e+00,0.000000000000000000e+00,0.000000000000000000e+00,1.336970090866088867e+00,7.580281794071197510e-02,1.660955190658569336e+00,0.000000000000000000e+00,0.000000000000000000e+00
0.000000000000000000e+00,0.000000000000000000e+00,0.000000000000000000e+00,1.521676540374755859e+00,0.000000000000000000e+00,7.070332169532775879e-01,0.000000000000000000e+00,1.718340754508972168e+00
0.000000000000000000e+00,0.000000000000000000e+00,0.000000000000000000e+00,1.417562007904052734e+00,0.000000000000000000e+00,6.663875579833984375e-01,0.000000000000000000e+00,1.647960424423217773e+00
0.000000000000000000e+00,0.000000000000000000e+00,0.000000000000000000e+00,2.569970190525054932e-01,1.724636673927307129e+00,2.397115826606750488e-01,6.238949298858642578e-02,0.000000000000000000e+00
0.000000000000000000e+00,0.000000000000000000e+00,0.000000000000000000e+00,6.358307003974914551e-01,0.000000000000000000e+00,0.000000000000000000e+00,0.000000000000000000e+00,1.815906643867492676e+00
0.000000000000000000e+00,0.000000000000000000e+00,0.000000000000000000e+00,1.629016876220703125e+00,0.000000000000000000e+00,2.156620264053344727e+00,0.000000000000000000e+00,0.000000000000000000e+00
0.000000000000000000e+00,0.000000000000000000e+00,0.000000000000000000e+00,1.571714878082275391e+00,5.176748335361480713e-02,2.039171934127807617e+00,0.000000000000000000e+00,0.000000000000000000e+00
0.000000000000000000e+00,0.000000000000000000e+00,0.000000000000000000e+00,1.464612364768981934e+00,0.000000000000000000e+00,1.080642342567443848e+00,0.000000000000000000e+00,8.286057114601135254e-01
0.000000000000000000e+00,0.000000000000000000e+00,0.000000000000000000e+00,1.630307316780090332e+00,0.000000000000000000e+00,1.414385795593261719e+00,0.000000000000000000e+00,6.467273235321044922e-01
0.000000000000000000e+00,0.000000000000000000e+00,0.000000000000000000e+00,1.042761445045471191e+00,0.000000000000000000e+00,8.153741359710693359e-01,0.000000000000000000e+00,8.983393907546997070e-01
0.000000000000000000e+00,0.000000000000000000e+00,0.000000000000000000e+00,1.666862845420837402e+00,0.000000000000000000e+00,0.000000000000000000e+00,0.000000000000000000e+00,3.136032342910766602e+00
0.000000000000000000e+00,0.000000000000000000e+00,0.000000000000000000e+00,1.614690780639648438e+00,0.000000000000000000e+00,0.000000000000000000e+00,0.000000000000000000e+00,3.453877210617065430e+00
0.000000000000000000e+00,0.000000000000000000e+00,0.000000000000000000e+00,1.432297945022583008e+00,0.000000000000000000e+00,0.000000000000000000e+00,0.000000000000000000e+00,3.295586585998535156e+00
0.000000000000000000e+00,0.000000000000000000e+00,0.000000000000000000e+00,4.714587628841400146e-01,0.000000000000000000e+00,0.000000000000000000e+00,0.000000000000000000e+00,3.210635662078857422e+00
0.000000000000000000e+00,0.000000000000000000e+00,0.000000000000000000e+00,4.653298556804656982e-01,0.000000000000000000e+00,0.000000000000000000e+00,0.000000000000000000e+00,3.024015665054321289e+00
0.000000000000000000e+00,0.000000000000000000e+00,0.000000000000000000e+00,7.765848636627197266e-01,0.000000000000000000e+00,0.000000000000000000e+00,0.000000000000000000e+00,3.093794345855712891e+00
0.000000000000000000e+00,0.000000000000000000e+00,0.000000000000000000e+00,8.370523452758789062e-01,0.000000000000000000e+00,0.000000000000000000e+00,0.000000000000000000e+00,2.980298519134521484e+00
0.000000000000000000e+00,0.000000000000000000e+00,0.000000000000000000e+00,1.153928756713867188e+00,0.000000000000000000e+00,0.000000000000000000e+00,0.000000000000000000e+00,3.001204252243041992e+00
0.000000000000000000e+00,0.000000000000000000e+00,0.000000000000000000e+00,1.160923361778259277e+00,0.000000000000000000e+00,0.000000000000000000e+00,0.000000000000000000e+00,3.521489620208740234e+00
0.000000000000000000e+00,0.000000000000000000e+00,0.000000000000000000e+00,6.380327939987182617e-01,0.000000000000000000e+00,0.000000000000000000e+00,0.000000000000000000e+00,3.234605550765991211e+00
0.000000000000000000e+00,0.000000000000000000e+00,0.000000000000000000e+00,1.868827819824218750e+00,0.000000000000000000e+00,0.000000000000000000e+00,0.000000000000000000e+00,3.629637718200683594e+00
0.000000000000000000e+00,0.000000000000000000e+00,0.000000000000000000e+00,1.717798709869384766e+00,0.000000000000000000e+00,4.892874062061309814e-01,0.000000000000000000e+00,2.448354721069335938e+00
0.000000000000000000e+00,0.000000000000000000e+00,0.000000000000000000e+00,1.703303098678588867e+00,0.000000000000000000e+00,2.541205585002899170e-01,0.000000000000000000e+00,2.739642143249511719e+00
0.000000000000000000e+00,0.000000000000000000e+00,0.000000000000000000e+00,1.925652861595153809e+00,0.000000000000000000e+00,4.923217296600341797e-01,0.000000000000000000e+00,2.662106513977050781e+00
0.000000000000000000e+00,0.000000000000000000e+00,0.000000000000000000e+00,1.604277372360229492e+00,0.000000000000000000e+00,1.599650979042053223e-01,0.000000000000000000e+00,2.767896652221679688e+00
0.000000000000000000e+00,0.000000000000000000e+00,0.000000000000000000e+00,8.724076747894287109e-01,0.000000000000000000e+00,0.000000000000000000e+00,0.000000000000000000e+00,2.121574878692626953e+00
0.000000000000000000e+00,0.000000000000000000e+00,0.000000000000000000e+00,1.712597727775573730e+00,0.000000000000000000e+00,1.341723442077636719e+00,0.000000000000000000e+00,6.097279191017150879e-01
0.000000000000000000e+00,0.000000000000000000e+00,0.000000000000000000e+00,1.449236154556274414e+00,0.000000000000000000e+00,8.055274486541748047e-01,0.000000000000000000e+00,1.451911449432373047e+00
0.000000000000000000e+00,0.000000000000000000e+00,0.000000000000000000e+00,2.324946641921997070e+00,0.000000000000000000e+00,2.893162250518798828e+00,0.000000000000000000e+00,0.000000000000000000e+00
0.000000000000000000e+00,0.000000000000000000e+00,0.000000000000000000e+00,2.395516157150268555e+00,0.000000000000000000e+00,3.099470138549804688e+00,0.000000000000000000e+00,0.000000000000000000e+00
0.000000000000000000e+00,0.000000000000000000e+00,0.000000000000000000e+00,2.592222929000854492e+00,0.000000000000000000e+00,3.319127798080444336e+00,0.000000000000000000e+00,0.000000000000000000e+00
0.000000000000000000e+00,0.000000000000000000e+00,0.000000000000000000e+00,1.621125221252441406e+00,0.000000000000000000e+00,8.489074707031250000e-01,0.000000000000000000e+00,1.643107414245605469e+00
0.000000000000000000e+00,0.000000000000000000e+00,0.000000000000000000e+00,1.704358935356140137e+00,0.000000000000000000e+00,1.199485063552856445e+00,0.000000000000000000e+00,9.957237243652343750e-01
0.000000000000000000e+00,0.000000000000000000e+00,0.000000000000000000e+00,1.796100020408630371e+00,0.000000000000000000e+00,2.100774288177490234e+00,0.000000000000000000e+00,0.000000000000000000e+00
0.000000000000000000e+00,0.000000000000000000e+00,0.000000000000000000e+00,4.645621776580810547e-01,1.704644203186035156e+00,8.110501766204833984e-01,0.000000000000000000e+00,0.000000000000000000e+00
3.547393679618835449e-01,0.000000000000000000e+00,0.000000000000000000e+00,0.000000000000000000e+00,2.943527460098266602e+00,6.964181065559387207e-01,0.000000000000000000e+00,0.000000000000000000e+00
7.906075119972229004e-01,0.000000000000000000e+00,0.000000000000000000e+00,0.000000000000000000e+00,3.561486482620239258e+00,6.612666845321655273e-01,0.000000000000000000e+00,0.000000000000000000e+00
1.181217312812805176e+00,0.000000000000000000e+00,0.000000000000000000e+00,0.000000000000000000e+00,3.287429094314575195e+00,3.166425228118896484e-01,0.000000000000000000e+00,0.000000000000000000e+00
2.329005956649780273e+00,0.000000000000000000e+00,0.000000000000000000e+00,0.000000000000000000e+00,2.057924985885620117e+00,0.000000000000000000e+00,0.000000000000000000e+00,0.000000000000000000e+00
2.729898929595947266e+00,0.000000000000000000e+00,0.000000000000000000e+00,0.000000000000000000e+00,1.668923377990722656e+00,0.000000000000000000e+00,0.000000000000000000e+00,0.000000000000000000e+00
2.480329275131225586e+00,0.000000000000000000e+00,0.000000000000000000e+00,0.000000000000000000e+00,2.245376586914062500e+00,0.000000000000000000e+00,0.000000000000000000e+00,0.000000000000000000e+00
2.390336036682128906e+00,0.000000000000000000e+00,0.000000000000000000e+00,0.000000000000000000e+00,1.939474821090698242e+00,0.000000000000000000e+00,0.000000000000000000e+00,0.000000000000000000e+00
2.491750001907348633e+00,0.000000000000000000e+00,0.000000000000000000e+00,0.000000000000000000e+00,1.968007683753967285e+00,0.000000000000000000e+00,0.000000000000000000e+00,0.000000000000000000e+00
9.862766265869140625e-01,0.000000000000000000e+00,0.000000000000000000e+00,0.000000000000000000e+00,0.000000000000000000e+00,0.000000000000000000e+00,0.000000000000000000e+00,2.738303661346435547e+00
3.144733428955078125e+00,0.000000000000000000e+00,0.000000000000000000e+00,0.000000000000000000e+00,0.000000000000000000e+00,0.000000000000000000e+00,0.000000000000000000e+00,1.754139661788940430e+00
2.853543043136596680e+00,0.000000000000000000e+00,0.000000000000000000e+00,0.000000000000000000e+00,0.000000000000000000e+00,0.000000000000000000e+00,0.000000000000000000e+00,1.736376643180847168e+00
1.959955215454101562e+00,0.000000000000000000e+00,0.000000000000000000e+00,0.000000000000000000e+00,0.000000000000000000e+00,0.000000000000000000e+00,0.000000000000000000e+00,2.845979452133178711e+00
1.018570184707641602e+00,0.000000000000000000e+00,0.000000000000000000e+00,0.000000000000000000e+00,2.123277664184570312e+00,2.702822387218475342e-01,0.000000000000000000e+00,0.000000000000000000e+00
6.188789010047912598e-01,0.000000000000000000e+00,0.000000000000000000e+00,0.000000000000000000e+00,3.726684570312500000e+00,7.549676895141601562e-01,0.000000000000000000e+00,0.000000000000000000e+00
1.153988361358642578e+00,0.000000000000000000e+00,0.000000000000000000e+00,0.000000000000000000e+00,4.071942329406738281e+00,7.399679422378540039e-01,0.000000000000000000e+00,0.000000000000000000e+00
2.305846452713012695e+00,0.000000000000000000e+00,0.000000000000000000e+00,0.000000000000000000e+00,2.813060998916625977e+00,0.000000000000000000e+00,0.000000000000000000e+00,0.000000000000000000e+00
8.130118250846862793e-01,0.000000000000000000e+00,0.000000000000000000e+00,0.000000000000000000e+00,4.064619064331054688e+00,7.680911421775817871e-01,0.000000000000000000e+00,0.000000000000000000e+00
7.027688622474670410e-01,0.000000000000000000e+00,0.000000000000000000e+00,0.000000000000000000e+00,3.934596776962280273e+00,7.689100503921508789e-01,0.000000000000000000e+00,0.000000000000000000e+00
1.967570424079895020e+00,0.000000000000000000e+00,0.000000000000000000e+00,0.000000000000000000e+00,2.890776395797729492e+00,0.000000000000000000e+00,0.000000000000000000e+00,0.000000000000000000e+00
2.662831306457519531e+00,0.000000000000000000e+00,0.000000000000000000e+00,0.000000000000000000e+00,1.733779311180114746e+00,0.000000000000000000e+00,0.000000000000000000e+00,0.000000000000000000e+00
6.109030246734619141e-01,0.000000000000000000e+00,0.000000000000000000e+00,0.000000000000000000e+00,3.232307910919189453e+00,7.215124368667602539e-01,0.000000000000000000e+00,0.000000000000000000e+00
0.000000000000000000e+00,0.000000000000000000e+00,0.000000000000000000e+00,0.000000000000000000e+00,2.599272489547729492e+00,7.796313762664794922e-01,0.000000000000000000e+00,0.000000000000000000e+00
0.000000000000000000e+00,0.000000000000000000e+00,0.000000000000000000e+00,9.170666933059692383e-01,5.198802947998046875e-01,1.297633647918701172e+00,0.000000000000000000e+00,0.000000000000000000e+00
0.000000000000000000e+00,0.000000000000000000e+00,0.000000000000000000e+00,2.411210238933563232e-01,1.876202702522277832e+00,6.494759321212768555e-01,0.000000000000000000e+00,0.000000000000000000e+00
0.000000000000000000e+00,0.000000000000000000e+00,0.000000000000000000e+00,9.966239929199218750e-01,2.156347185373306274e-01,8.332409262657165527e-01,0.000000000000000000e+00,7.027257084846496582e-01
0.000000000000000000e+00,0.000000000000000000e+00,0.000000000000000000e+00,1.393149614334106445e+00,0.000000000000000000e+00,1.007083773612976074e+00,0.000000000000000000e+00,1.023015499114990234e+00
0.000000000000000000e+00,0.000000000000000000e+00,0.000000000000000000e+00,1.701765418052673340e+00,0.000000000000000000e+00,1.213519096374511719e+00,0.000000000000000000e+00,1.086308240890502930e+00
0.000000000000000000e+00,0.000000000000000000e+00,0.000000000000000000e+00,1.549247264862060547e+00,0.000000000000000000e+00,5.674030780792236328e-01,0.000000000000000000e+00,1.988282084465026855e+00
0.000000000000000000e+00,0.000000000000000000e+00,0.000000000000000000e+00,9.390970468521118164e-01,0.000000000000000000e+00,0.000000000000000000e+00,0.000000000000000000e+00,2.478272438049316406e+00
0.000000000000000000e+00,0.000000000000000000e+00,0.000000000000000000e+00,7.288274765014648438e-01,3.574771285057067871e-01,3.077633380889892578e-01,0.000000000000000000e+00,1.386063218116760254e+00
0.000000000000000000e+00,0.000000000000000000e+00,0.000000000000000000e+00,1.083255767822265625e+00,0.000000000000000000e+00,4.353411197662353516e-01,0.000000000000000000e+00,1.622524023056030273e+00
0.000000000000000000e+00,0.000000000000000000e+00,0.000000000000000000e+00,1.047651290893554688e+00,0.000000000000000000e+00,8.354405164718627930e-01,0.000000000000000000e+00,8.830993175506591797e-01
0.000000000000000000e+00,0.000000000000000000e+00,0.000000000000000000e+00,1.389872312545776367e+00,0.000000000000000000e+00,1.615303754806518555e+00,0.000000000000000000e+00,0.000000000000000000e+00
0.000000000000000000e+00,0.000000000000000000e+00,0.000000000000000000e+00,2.009604930877685547e+00,0.000000000000000000e+00,2.618762731552124023e+00,0.000000000000000000e+00,0.000000000000000000e+00
0.000000000000000000e+00,0.000000000000000000e+00,0.000000000000000000e+00,1.629244565963745117e+00,0.000000000000000000e+00,1.860814094543457031e+00,0.000000000000000000e+00,0.000000000000000000e+00
0.000000000000000000e+00,0.000000000000000000e+00,0.000000000000000000e+00,1.292244553565979004e+00,0.000000000000000000e+00,9.114309549331665039e-01,0.000000000000000000e+00,1.058159828186035156e+00
0.000000000000000000e+00,0.000000000000000000e+00,0.000000000000000000e+00,1.267702817916870117e+00,0.000000000000000000e+00,6.581395864486694336e-01,0.000000000000000000e+00,1.456793665885925293e+00
0.000000000000000000e+00,0.000000000000000000e+00,0.000000000000000000e+00,5.279594659805297852e-01,3.930605053901672363e-01,8.258539438247680664e-02,0.000000000000000000e+00,1.406318068504333496e+00
0.000000000000000000e+00,0.000000000000000000e+00,0.000000000000000000e+00,8.308765888214111328e-01,0.000000000000000000e+00,0.000000000000000000e+00,0.000000000000000000e+00,2.324295997619628906e+00
0.000000000000000000e+00,0.000000000000000000e+00,0.000000000000000000e+00,7.568345069885253906e-01,3.567495942115783691e-01,4.301791191101074219e-01,0.000000000000000000e+00,1.258989095687866211e+00
0.000000000000000000e+00,0.000000000000000000e+00,0.000000000000000000e+00,7.776171565055847168e-01,4.760332107543945312e-01,5.097917318344116211e-01,0.000000000000000000e+00,1.128285527229309082e+00
0.000000000000000000e+00,0.000000000000000000e+00,0.000000000000000000e+00,9.575531482696533203e-01,3.396224975585937500e-01,7.940039038658142090e-01,0.000000000000000000e+00,8.675572872161865234e-01
0.000000000000000000e+00,0.000000000000000000e+00,0.000000000000000000e+00,1.520323157310485840e+00,0.000000000000000000e+00,2.015940427780151367e+00,0.000000000000000000e+00,0.000000000000000000e+00
0.000000000000000000e+00,0.000000000000000000e+00,0.000000000000000000e+00,1.501793503761291504e+00,0.000000000000000000e+00,1.904245376586914062e+00,0.000000000000000000e+00,0.000000000000000000e+00
0.000000000000000000e+00,0.000000000000000000e+00,0.000000000000000000e+00,1.665104627609252930e+00,0.000000000000000000e+00,1.359292745590209961e+00,0.000000000000000000e+00,7.886370420455932617e-01
0.000000000000000000e+00,0.000000000000000000e+00,0.000000000000000000e+00,1.306859254837036133e+00,0.000000000000000000e+00,9.425264000892639160e-01,0.000000000000000000e+00,1.023763537406921387e+00
0.000000000000000000e+00,0.000000000000000000e+00,0.000000000000000000e+00,1.304666638374328613e+00,0.000000000000000000e+00,3.711453974246978760e-01,0.000000000000000000e+00,2.001000404357910156e+00
0.000000000000000000e+00,0.000000000000000000e+00,0.000000000000000000e+00,9.131140708923339844e-01,0.000000000000000000e+00,0.000000000000000000e+00,1.952907443046569824e-02,3.093149185180664062e+00
0.000000000000000000e+00,0.000000000000000000e+00,0.000000000000000000e+00,1.199244737625122070e+00,0.000000000000000000e+00,6.747391819953918457e-02,0.000000000000000000e+00,2.368305444717407227e+00
0.000000000000000000e+00,0.000000000000000000e+00,0.000000000000000000e+00,9.406582117080688477e-01,0.000000000000000000e+00,3.870705366134643555e-01,0.000000000000000000e+00,1.483120560646057129e+00
0.000000000000000000e+00,0.000000000000000000e+00,0.000000000000000000e+00,2.005371093750000000e+00,0.000000000000000000e+00,2.364750862121582031e+00,0.000000000000000000e+00,0.000000000000000000e+00
0.000000000000000000e+00,0.000000000000000000e+00,0.000000000000000000e+00,1.579966187477111816e+00,0.000000000000000000e+00,1.126891851425170898e+00,0.000000000000000000e+00,9.344275593757629395e-01
0.000000000000000000e+00,0.000000000000000000e+00,0.000000000000000000e+00,1.248765587806701660e+00,0.000000000000000000e+00,1.157652854919433594e+00,0.000000000000000000e+00,5.756407976150512695e-01
0.000000000000000000e+00,0.000000000000000000e+00,0.000000000000000000e+00,1.559150576591491699e+00,0.000000000000000000e+00,4.455516040325164795e-01,0.000000000000000000e+00,2.212501287460327148e+00
0.000000000000000000e+00,0.000000000000000000e+00,0.000000000000000000e+00,1.600759029388427734e+00,0.000000000000000000e+00,4.437871873378753662e-01,0.000000000000000000e+00,2.276312828063964844e+00
0.000000000000000000e+00,0.000000000000000000e+00,0.000000000000000000e+00,1.182562232017517090e+00,0.000000000000000000e+00,1.612740755081176758e-02,0.000000000000000000e+00,2.481560468673706055e+00
0.000000000000000000e+00,0.000000000000000000e+00,0.000000000000000000e+00,9.308381080627441406e-01,0.000000000000000000e+00,0.000000000000000000e+00,0.000000000000000000e+00,2.377811908721923828e+00
0.000000000000000000e+00,0.000000000000000000e+00,0.000000000000000000e+00,1.176726460456848145e+00,0.000000000000000000e+00,5.491125583648681641e-02,0.000000000000000000e+00,2.362896203994750977e+00
0.000000000000000000e+00,0.000000000000000000e+00,0.000000000000000000e+00,1.062835693359375000e+00,0.000000000000000000e+00,4.551898837089538574e-01,0.000000000000000000e+00,1.541520237922668457e+00
0.000000000000000000e+00,0.000000000000000000e+00,0.000000000000000000e+00,7.901014089584350586e-01,9.612732529640197754e-01,1.250450134277343750e+00,0.000000000000000000e+00,0.000000000000000000e+00
0.000000000000000000e+00,0.000000000000000000e+00,0.000000000000000000e+00,1.298967361450195312e+00,0.000000000000000000e+00,1.187275648117065430e+00,0.000000000000000000e+00,5.904470682144165039e-01
0.000000000000000000e+00,0.000000000000000000e+00,0.000000000000000000e+00,1.433206677436828613e+00,0.000000000000000000e+00,8.668665885925292969e-01,0.000000000000000000e+00,1.328005075454711914e+00
0.000000000000000000e+00,0.000000000000000000e+00,0.000000000000000000e+00,1.915682315826416016e+00,0.000000000000000000e+00,1.722648859024047852e+00,0.000000000000000000e+00,8.592051267623901367e-02
0.000000000000000000e+00,0.000000000000000000e+00,0.000000000000000000e+00,1.687350749969482422e+00,0.000000000000000000e+00,1.613182067871093750e+00,0.000000000000000000e+00,2.069886326789855957e-01
0.000000000000000000e+00,0.000000000000000000e+00,0.000000000000000000e+00,1.654586553573608398e+00,0.000000000000000000e+00,1.389035940170288086e+00,0.000000000000000000e+00,7.253044247627258301e-01
0.000000000000000000e+00,0.000000000000000000e+00,0.000000000000000000e+00,1.217433333396911621e+00,0.000000000000000000e+00,3.643155395984649658e-01,0.000000000000000000e+00,1.896812438964843750e+00
1.469977013766765594e-02,0.000000000000000000e+00,0.000000000000000000e+00,5.173679590225219727e-01,0.000000000000000000e+00,0.000000000000000000e+00,0.000000000000000000e+00,1.841878890991210938e+00
0.000000000000000000e+00,0.000000000000000000e+00,0.000000000000000000e+00,1.606906652450561523e+00,0.000000000000000000e+00,1.233687400817871094e+00,0.000000000000000000e+00,9.296429157257080078e-01
0.000000000000000000e+00,0.000000000000000000e+00,0.000000000000000000e+00,1.860038757324218750e+00,0.000000000000000000e+00,2.433049917221069336e+00,0.000000000000000000e+00,0.000000000000000000e+00
0.000000000000000000e+00,0.000000000000000000e+00,0.000000000000000000e+00,2.537726640701293945e+00,0.000000000000000000e+00,3.276282072067260742e+00,0.000000000000000000e+00,0.000000000000000000e+00
0.000000000000000000e+00,0.000000000000000000e+00,0.000000000000000000e+00,2.033928632736206055e+00,0.000000000000000000e+00,2.668979167938232422e+00,0.000000000000000000e+00,0.000000000000000000e+00
0.000000000000000000e+00,0.000000000000000000e+00,0.000000000000000000e+00,1.998228669166564941e+00,0.000000000000000000e+00,2.514097929000854492e+00,0.000000000000000000e+00,0.000000000000000000e+00
0.000000000000000000e+00,0.000000000000000000e+00,0.000000000000000000e+00,2.021000146865844727e+00,0.000000000000000000e+00,2.436145544052124023e+00,0.000000000000000000e+00,0.000000000000000000e+00
0.000000000000000000e+00,0.000000000000000000e+00,0.000000000000000000e+00,1.635605812072753906e+00,2.514753341674804688e-01,1.914602518081665039e+00,0.000000000000000000e+00,0.000000000000000000e+00
0.000000000000000000e+00,1.678829789161682129e-01,0.000000000000000000e+00,9.639005661010742188e-01,5.040455460548400879e-01,1.562064886093139648e+00,0.000000000000000000e+00,0.000000000000000000e+00
0.000000000000000000e+00,0.000000000000000000e+00,0.000000000000000000e+00,0.000000000000000000e+00,3.341166973114013672e+00,7.755389213562011719e-01,0.000000000000000000e+00,0.000000000000000000e+00
9.293462634086608887e-01,0.000000000000000000e+00,0.000000000000000000e+00,0.000000000000000000e+00,3.783156871795654297e+00,7.201814651489257812e-01,0.000000000000000000e+00,0.000000000000000000e+00
7.375559210777282715e-01,0.000000000000000000e+00,0.000000000000000000e+00,0.000000000000000000e+00,3.675173521041870117e+00,7.310794591903686523e-01,0.000000000000000000e+00,0.000000000000000000e+00
1.124708056449890137e+00,0.000000000000000000e+00,0.000000000000000000e+00,0.000000000000000000e+00,4.204003334045410156e+00,7.658134698867797852e-01,0.000000000000000000e+00,0.000000000000000000e+00
1.045746445655822754e+00,0.000000000000000000e+00,0.000000000000000000e+00,0.000000000000000000e+00,4.025400161743164062e+00,7.331530451774597168e-01,0.000000000000000000e+00,0.000000000000000000e+00
2.424589395523071289e+00,0.000000000000000000e+00,0.000000000000000000e+00,0.000000000000000000e+00,1.140884995460510254e+00,0.000000000000000000e+00,0.000000000000000000e+00,0.000000000000000000e+00
