4.206227302551269531e+00,0.000000000000000000e+00,0.000000000000000000e+00,4.943507194519042969e+00,6.156995296478271484e+00,0.000000000000000000e+00,3.463228344917297363e-01,0.000000000000000000e+00
3.292298078536987305e+00,0.000000000000000000e+00,0.000000000000000000e+00,4.306581974029541016e+00,4.832357406616210938e+00,0.000000000000000000e+00,3.935031294822692871e-01,0.000000000000000000e+00
1.696310758590698242e+00,0.000000000000000000e+00,0.000000000000000000e+00,1.862635612487792969e+00,1.260560989379882812e+00,1.073877573013305664e+00,1.227573275566101074e+00,0.000000000000000000e+00
1.727504014968872070e+00,0.000000000000000000e+00,0.000000000000000000e+00,1.873920559883117676e+00,1.310595035552978516e+00,1.123942136764526367e+00,1.253819584846496582e+00,0.000000000000000000e+00
1.803603887557983398e+00,0.000000000000000000e+00,0.000000000000000000e+00,1.999175429344177246e+00,1.301237344741821289e+00,1.123148322105407715e+00,1.242914795875549316e+00,0.000000000000000000e+00
1.763972640037536621e+00,0.000000000000000000e+00,0.000000000000000000e+00,1.998571872711181641e+00,1.152145028114318848e+00,1.036768198013305664e+00,1.287898421287536621e+00,0.000000000000000000e+00
1.655047535896301270e+00,0.000000000000000000e+00,0.000000000000000000e+00,1.735704421997070312e+00,1.399878740310668945e+00,1.204476594924926758e+00,1.196188926696777344e+00,0.000000000000000000e+00
1.733404636383056641e+00,0.000000000000000000e+00,0.000000000000000000e+00,1.738478422164916992e+00,1.460304856300354004e+00,1.361046552658081055e+00,1.270187854766845703e+00,0.000000000000000000e+00
1.627465605735778809e+00,0.000000000000000000e+00,0.000000000000000000e+00,1.699793100357055664e+00,1.389094948768615723e+00,1.202800273895263672e+00,1.197105526924133301e+00,0.000000000000000000e+00
1.529241442680358887e+00,0.000000000000000000e+00,0.000000000000000000e+00,1.671367049217224121e+00,1.126027941703796387e+00,1.048880577087402344e+00,1.209456443786621094e+00,0.000000000000000000e+00
1.301410198211669922e+00,0.000000000000000000e+00,0.000000000000000000e+00,1.663154959678649902e+00,4.584589898586273193e-01,6.599115729331970215e-01,1.155386924743652344e+00,0.000000000000000000e+00
1.452280879020690918e+00,0.000000000000000000e+00,0.000000000000000000e+00,1.622888684272766113e+00,2.821681201457977295e-01,8.247302770614624023e-01,1.213975429534912109e+00,0.000000000000000000e+00
1.416286349296569824e+00,0.000000000000000000e+00,0.000000000000000000e+00,1.582325816154479980e+00,2.695745825767517090e-01,8.102448582649230957e-01,1.191499471664428711e+00,0.000000000000000000e+00
1.475427865982055664e+00,0.000000000000000000e+00,0.000000000000000000e+00,1.705497622489929199e+00,7.213616371154785156e-01,8.574065566062927246e-01,1.111749649047851562e+00,0.000000000000000000e+00
1.496188402175903320e+00,0.000000000000000000e+00,0.000000000000000000e+00,1.699530601501464844e+00,4.578914940357208252e-01,9.719440937042236328e-01,1.191648721694946289e+00,0.000000000000000000e+00
1.483701825141906738e+00,0.000000000000000000e+00,0.000000000000000000e+00,1.768577456474304199e+00,6.232817173004150391e-01,7.862335443496704102e-01,1.156786561012268066e+00,0.000000000000000000e+00
1.454431533813476562e+00,0.000000000000000000e+00,0.000000000000000000e+00,1.522379994392395020e+00,5.517354011535644531e-01,1.039301156997680664e+00,1.171552300453186035e+00,0.000000000000000000e+00
1.143084764480590820e+00,0.000000000000000000e+00,0.000000000000000000e+00,1.332503914833068848e+00,0.000000000000000000e+00,3.875380158424377441e-01,1.162719130516052246e+00,0.000000000000000000e+00
1.637141466140747070e+00,0.000000000000000000e+00,0.000000000000000000e+00,1.763877034187316895e+00,5.016912817955017090e-01,1.110406398773193359e+00,1.225276947021484375e+00,0.000000000000000000e+00
1.543131828308105469e+00,0.000000000000000000e+00,0.000000000000000000e+00,1.792120218276977539e+00,3.278355002403259277e-01,8.772153258323669434e-01,1.260308742523193359e+00,0.000000000000000000e+00
1.476971983909606934e+00,0.000000000000000000e+00,0.000000000000000000e+00,1.812821865081787109e+00,5.976925492286682129e-01,7.176349163055419922e-01,1.195681095123291016e+00,0.000000000000000000e+00
1.568271875381469727e+00,0.000000000000000000e+00,0.000000000000000000e+00,1.820930600166320801e+00,9.073296785354614258e-01,7.908118367195129395e-01,1.120876312255859375e+00,0.000000000000000000e+00
6.324706077575683594e-01,0.000000000000000000e+00,0.000000000000000000e+00,7.158138751983642578e-01,0.000000000000000000e+00,3.881835639476776123e-01,6.386844515800476074e-01,0.000000000000000000e+00
0.000000000000000000e+00,0.000000000000000000e+00,0.000000000000000000e+00,0.000000000000000000e+00,0.000000000000000000e+00,0.000000000000000000e+00,0.000000000000000000e+00,0.000000000000000000e+00
1.450721025466918945e+00,0.000000000000000000e+00,0.000000000000000000e+00,1.674075126647949219e+00,6.263995766639709473e-01,9.317016005516052246e-01,1.140354752540588379e+00,0.000000000000000000e+00
1.476212501525878906e+00,0.000000000000000000e+00,0.000000000000000000e+00,1.727640509605407715e+00,7.042380571365356445e-01,9.188774228096008301e-01,1.148830056190490723e+00,0.000000000000000000e+00
1.404738306999206543e+00,0.000000000000000000e+00,0.000000000000000000e+00,1.653669953346252441e+00,2.126845419406890869e-01,6.331764459609985352e-01,1.257359027862548828e+00,0.000000000000000000e+00
1.512447118759155273e+00,0.000000000000000000e+00,1.448512077331542969e-03,1.893811464309692383e+00,3.924961984157562256e-01,7.718515396118164062e-01,1.301921367645263672e+00,0.000000000000000000e+00
1.466346502304077148e+00,0.000000000000000000e+00,0.000000000000000000e+00,1.787910580635070801e+00,6.934193372726440430e-01,8.104885816574096680e-01,1.200202226638793945e+00,0.000000000000000000e+00
1.483688235282897949e+00,0.000000000000000000e+00,0.000000000000000000e+00,1.839058756828308105e+00,6.687013506889343262e-01,7.983580827713012695e-01,1.194430589675903320e+00,0.000000000000000000e+00
3.956283330917358398e-01,0.000000000000000000e+00,0.000000000000000000e+00,6.474574804306030273e-01,0.000000000000000000e+00,0.000000000000000000e+00,7.601234316825866699e-01,0.000000000000000000e+00
1.266229391098022461e+00,0.000000000000000000e+00,0.000000000000000000e+00,1.394631505012512207e+00,0.000000000000000000e+00,6.546424627304077148e-01,1.198376297950744629e+00,0.000000000000000000e+00
3.720247745513916016e-01,0.000000000000000000e+00,0.000000000000000000e+00,5.526332855224609375e-01,0.000000000000000000e+00,0.000000000000000000e+00,7.284466624259948730e-01,0.000000000000000000e+00
1.426515698432922363e+00,0.000000000000000000e+00,0.000000000000000000e+00,1.787833809852600098e+00,7.349637746810913086e-01,6.643089056015014648e-01,1.121337294578552246e+00,0.000000000000000000e+00
1.172839760780334473e+00,0.000000000000000000e+00,0.000000000000000000e+00,1.516104340553283691e+00,7.220820188522338867e-01,5.184780359268188477e-01,8.880025148391723633e-01,0.000000000000000000e+00
1.441978573799133301e+00,0.000000000000000000e+00,0.000000000000000000e+00,1.765436291694641113e+00,5.125792622566223145e-01,7.162860631942749023e-01,1.200000762939453125e+00,0.000000000000000000e+00
1.420549392700195312e+00,0.000000000000000000e+00,0.000000000000000000e+00,1.818492650985717773e+00,5.830742120742797852e-01,7.087578177452087402e-01,1.170008897781372070e+00,0.000000000000000000e+00
1.358796358108520508e+00,0.000000000000000000e+00,0.000000000000000000e+00,1.571803092956542969e+00,2.496471405029296875e-01,8.998301625251770020e-01,1.152856588363647461e+00,0.000000000000000000e+00
1.376287460327148438e+00,0.000000000000000000e+00,0.000000000000000000e+00,1.580075383186340332e+00,3.432804346084594727e-01,8.233845233917236328e-01,1.194416284561157227e+00,0.000000000000000000e+00
0.000000000000000000e+00,0.000000000000000000e+00,0.000000000000000000e+00,0.000000000000000000e+00,0.000000000000000000e+00,0.000000000000000000e+00,0.000000000000000000e+00,0.000000000000000000e+00
1.563777565956115723e+00,0.000000000000000000e+00,0.000000000000000000e+00,1.891131043434143066e+00,2.295521795749664307e-01,7.107775211334228516e-01,1.414217710494995117e+00,0.000000000000000000e+00
1.742714166641235352e+00,0.000000000000000000e+00,0.000000000000000000e+00,2.197584867477416992e+00,9.770318269729614258e-01,6.575899124145507812e-01,1.230838894844055176e+00,0.000000000000000000e+00
1.213571906089782715e+00,0.000000000000000000e+00,0.000000000000000000e+00,1.521730899810791016e+00,3.321712464094161987e-02,5.065394639968872070e-01,1.147225737571716309e+00,0.000000000000000000e+00
1.372807979583740234e+00,0.000000000000000000e+00,0.000000000000000000e+00,1.703309178352355957e+00,4.531172811985015869e-01,8.794040083885192871e-01,1.118191361427307129e+00,0.000000000000000000e+00
0.000000000000000000e+00,0.000000000000000000e+00,0.000000000000000000e+00,0.000000000000000000e+00,0.000000000000000000e+00,0.000000000000000000e+00,0.000000000000000000e+00,0.000000000000000000e+00
0.000000000000000000e+00,0.000000000000000000e+00,0.000000000000000000e+00,0.000000000000000000e+00,0.000000000000000000e+00,0.000000000000000000e+00,0.000000000000000000e+00,0.000000000000000000e+00
3.221932053565979004e-01,0.000000000000000000e+00,0.000000000000000000e+00,4.478445649147033691e-01,0.000000000000000000e+00,0.000000000000000000e+00,6.809561252593994141e-01,0.000000000000000000e+00
1.418336629867553711e+00,0.000000000000000000e+00,0.000000000000000000e+00,1.672030925750732422e+00,5.557886958122253418e-01,8.926160931587219238e-01,1.097997784614562988e+00,0.000000000000000000e+00
1.886173248291015625e+00,0.000000000000000000e+00,0.000000000000000000e+00,2.072827100753784180e+00,1.228695392608642578e+00,1.209792375564575195e+00,1.120233535766601562e+00,0.000000000000000000e+00
0.000000000000000000e+00,0.000000000000000000e+00,0.000000000000000000e+00,0.000000000000000000e+00,0.000000000000000000e+00,0.000000000000000000e+00,0.000000000000000000e+00,0.000000000000000000e+00
4.599902033805847168e-01,0.000000000000000000e+00,0.000000000000000000e+00,7.095251679420471191e-01,0.000000000000000000e+00,0.000000000000000000e+00,7.596637010574340820e-01,0.000000000000000000e+00
6.911960840225219727e-01,0.000000000000000000e+00,0.000000000000000000e+00,9.256482124328613281e-01,0.000000000000000000e+00,1.044908463954925537e-01,8.230654597282409668e-01,0.000000000000000000e+00
1.279505014419555664e+00,0.000000000000000000e+00,0.000000000000000000e+00,1.321586847305297852e+00,0.000000000000000000e+00,6.101648211479187012e-01,1.246935725212097168e+00,0.000000000000000000e+00
1.095745563507080078e+00,0.000000000000000000e+00,0.000000000000000000e+00,1.380230307579040527e+00,3.684074580669403076e-01,7.878968715667724609e-01,9.570393562316894531e-01,0.000000000000000000e+00
1.598371505737304688e+00,0.000000000000000000e+00,2.663572132587432861e-02,1.931361317634582520e+00,4.882947206497192383e-01,8.316628932952880859e-01,1.374671101570129395e+00,0.000000000000000000e+00
1.524663686752319336e+00,0.000000000000000000e+00,0.000000000000000000e+00,1.821026682853698730e+00,6.469193696975708008e-01,1.020011901855468750e+00,1.175576448440551758e+00,0.000000000000000000e+00
5.043972134590148926e-01,0.000000000000000000e+00,0.000000000000000000e+00,6.069380640983581543e-01,0.000000000000000000e+00,0.000000000000000000e+00,9.113515019416809082e-01,0.000000000000000000e+00
1.400305271148681641e+00,0.000000000000000000e+00,0.000000000000000000e+00,1.650493502616882324e+00,5.092631578445434570e-01,8.093532323837280273e-01,1.192315816879272461e+00,0.000000000000000000e+00
1.251454114913940430e+00,0.000000000000000000e+00,0.000000000000000000e+00,1.421311140060424805e+00,8.346697688102722168e-01,8.667339086532592773e-01,9.749238491058349609e-01,0.000000000000000000e+00
5.848970413208007812e-01,0.000000000000000000e+00,0.000000000000000000e+00,4.797816872596740723e-01,0.000000000000000000e+00,5.133613348007202148e-01,5.595984458923339844e-01,0.000000000000000000e+00
2.650696039199829102e-02,0.000000000000000000e+00,0.000000000000000000e+00,3.142327070236206055e-02,0.000000000000000000e+00,0.000000000000000000e+00,6.482203006744384766e-01,0.000000000000000000e+00
1.507190108299255371e+00,0.000000000000000000e+00,0.000000000000000000e+00,1.876959204673767090e+00,3.600214719772338867e-01,7.456390857696533203e-01,1.322381615638732910e+00,0.000000000000000000e+00
1.403032541275024414e+00,0.000000000000000000e+00,0.000000000000000000e+00,1.775214672088623047e+00,6.196817159652709961e-01,6.602000594139099121e-01,1.104215621948242188e+00,0.000000000000000000e+00
4.928045868873596191e-01,0.000000000000000000e+00,0.000000000000000000e+00,5.254564881324768066e-01,8.029815554618835449e-01,8.336542844772338867e-01,1.706366539001464844e-01,0.000000000000000000e+00
1.524014234542846680e+00,0.000000000000000000e+00,0.000000000000000000e+00,1.919817209243774414e+00,7.478207349777221680e-01,6.717460155487060547e-01,1.146484375000000000e+00,0.000000000000000000e+00
1.393173933029174805e+00,0.000000000000000000e+00,0.000000000000000000e+00,1.784508109092712402e+00,8.938349485397338867e-01,6.235038638114929199e-01,1.111444950103759766e+00,0.000000000000000000e+00
1.345317125320434570e+00,0.000000000000000000e+00,0.000000000000000000e+00,1.313897967338562012e+00,1.924564689397811890e-02,7.222308516502380371e-01,1.293086767196655273e+00,0.000000000000000000e+00
1.458548188209533691e+00,0.000000000000000000e+00,0.000000000000000000e+00,1.610775947570800781e+00,3.580351173877716064e-01,1.047124385833740234e+00,1.191075801849365234e+00,0.000000000000000000e+00
1.515858054161071777e+00,0.000000000000000000e+00,0.000000000000000000e+00,1.765411853790283203e+00,9.135488271713256836e-01,9.796304106712341309e-01,1.084742188453674316e+00,0.000000000000000000e+00
1.494096040725708008e+00,0.000000000000000000e+00,0.000000000000000000e+00,1.672351837158203125e+00,4.549703896045684814e-01,9.444634318351745605e-01,1.263169288635253906e+00,0.000000000000000000e+00
1.562407135963439941e+00,0.000000000000000000e+00,0.000000000000000000e+00,1.715382695198059082e+00,1.020335197448730469e+00,1.083068490028381348e+00,1.157587289810180664e+00,0.000000000000000000e+00
1.380888581275939941e+00,0.000000000000000000e+00,0.000000000000000000e+00,1.736744403839111328e+00,6.568810343742370605e-01,7.756682038307189941e-01,1.088781714439392090e+00,0.000000000000000000e+00
1.683626532554626465e+00,0.000000000000000000e+00,0.000000000000000000e+00,2.226437330245971680e+00,1.724902153015136719e+00,8.291807174682617188e-01,8.519698381423950195e-01,0.000000000000000000e+00
3.321634531021118164e+00,0.000000000000000000e+00,0.000000000000000000e+00,3.270492792129516602e+00,3.361433506011962891e+00,1.431899547576904297e+00,1.345377683639526367e+00,0.000000000000000000e+00
1.461804866790771484e+00,0.000000000000000000e+00,0.000000000000000000e+00,1.664390325546264648e+00,9.730709791183471680e-01,9.023124575614929199e-01,1.017912983894348145e+00,0.000000000000000000e+00
1.714336872100830078e+00,0.000000000000000000e+00,0.000000000000000000e+00,1.813094258308410645e+00,1.345933675765991211e+00,1.334486603736877441e+00,1.032308101654052734e+00,0.000000000000000000e+00
1.574509143829345703e+00,0.000000000000000000e+00,0.000000000000000000e+00,1.633551359176635742e+00,9.886041879653930664e-01,1.172484874725341797e+00,1.210271596908569336e+00,0.000000000000000000e+00
1.952811717987060547e+00,0.000000000000000000e+00,0.000000000000000000e+00,2.123689413070678711e+00,1.439907193183898926e+00,1.316038370132446289e+00,1.283830881118774414e+00,0.000000000000000000e+00
2.060862064361572266e+00,0.000000000000000000e+00,0.000000000000000000e+00,2.309268236160278320e+00,1.435368180274963379e+00,1.228961825370788574e+00,1.324479341506958008e+00,0.000000000000000000e+00
1.970148801803588867e+00,0.000000000000000000e+00,0.000000000000000000e+00,2.243269681930541992e+00,1.300339102745056152e+00,1.159196972846984863e+00,1.286479711532592773e+00,0.000000000000000000e+00
2.393973350524902344e+00,0.000000000000000000e+00,0.000000000000000000e+00,2.697125196456909180e+00,1.733270287513732910e+00,1.291177988052368164e+00,1.384027004241943359e+00,0.000000000000000000e+00
3.352730035781860352e+00,0.000000000000000000e+00,0.000000000000000000e+00,3.952597856521606445e+00,2.700537204742431641e+00,7.465793490409851074e-01,1.667885661125183105e+00,0.000000000000000000e+00
3.435165166854858398e+00,0.000000000000000000e+00,0.000000000000000000e+00,4.064506530761718750e+00,4.764780521392822266e+00,0.000000000000000000e+00,4.399041831493377686e-01,0.000000000000000000e+00
3.848025560379028320e+00,0.000000000000000000e+00,0.000000000000000000e+00,4.584826946258544922e+00,5.197234153747558594e+00,0.000000000000000000e+00,5.650831460952758789e-01,0.000000000000000000e+00
0.000000000000000000e+00,0.000000000000000000e+00,0.000000000000000000e+00,0.000000000000000000e+00,4.027819633483886719e+00,0.000000000000000000e+00,0.000000000000000000e+00,0.000000000000000000e+00
1.320700049400329590e+00,0.000000000000000000e+00,0.000000000000000000e+00,1.195442676544189453e+00,1.105344772338867188e+00,1.181140661239624023e+00,1.296157479286193848e+00,0.000000000000000000e+00
1.585904240608215332e+00,0.000000000000000000e+00,0.000000000000000000e+00,1.588114261627197266e+00,1.420921564102172852e+00,1.228060007095336914e+00,1.280772328376770020e+00,0.000000000000000000e+00
1.705987453460693359e+00,0.000000000000000000e+00,0.000000000000000000e+00,1.615140318870544434e+00,1.656188607215881348e+00,1.448223114013671875e+00,1.365353584289550781e+00,0.000000000000000000e+00
1.673961043357849121e+00,0.000000000000000000e+00,0.000000000000000000e+00,1.581980824470520020e+00,1.618378043174743652e+00,1.423689126968383789e+00,1.359219551086425781e+00,0.000000000000000000e+00
1.832013607025146484e+00,0.000000000000000000e+00,0.000000000000000000e+00,1.659515738487243652e+00,1.445910692214965820e+00,1.577838420867919922e+00,1.558111190795898438e+00,0.000000000000000000e+00
1.673060894012451172e+00,0.000000000000000000e+00,0.000000000000000000e+00,1.591725349426269531e+00,1.605978250503540039e+00,1.411581039428710938e+00,1.349902153015136719e+00,0.000000000000000000e+00
1.993692517280578613e+00,0.000000000000000000e+00,0.000000000000000000e+00,1.671587467193603516e+00,6.280353069305419922e-01,1.510870695114135742e+00,1.863336920738220215e+00,0.000000000000000000e+00
1.248834967613220215e+00,0.000000000000000000e+00,0.000000000000000000e+00,1.278416991233825684e+00,7.878848910331726074e-01,1.038276433944702148e+00,1.006055831909179688e+00,0.000000000000000000e+00
0.000000000000000000e+00,0.000000000000000000e+00,0.000000000000000000e+00,0.000000000000000000e+00,0.000000000000000000e+00,0.000000000000000000e+00,6.462490558624267578e-02,0.000000000000000000e+00
4.270316362380981445e-01,0.000000000000000000e+00,0.000000000000000000e+00,5.547707080841064453e-01,0.000000000000000000e+00,1.607292890548706055e-02,6.453523635864257812e-01,0.000000000000000000e+00
1.776030361652374268e-01,0.000000000000000000e+00,0.000000000000000000e+00,4.225803613662719727e-01,0.000000000000000000e+00,0.000000000000000000e+00,6.503280997276306152e-01,0.000000000000000000e+00
1.535471439361572266e+00,0.000000000000000000e+00,0.000000000000000000e+00,1.913883090019226074e+00,4.606428444385528564e-01,7.510778307914733887e-01,1.269913792610168457e+00,0.000000000000000000e+00
1.333732247352600098e+00,0.000000000000000000e+00,0.000000000000000000e+00,1.670057892799377441e+00,2.097837030887603760e-01,6.533687710762023926e-01,1.210160255432128906e+00,0.000000000000000000e+00
0.000000000000000000e+00,0.000000000000000000e+00,0.000000000000000000e+00,0.000000000000000000e+00,0.000000000000000000e+00,0.000000000000000000e+00,0.000000000000000000e+00,0.000000000000000000e+00
0.000000000000000000e+00,0.000000000000000000e+00,0.000000000000000000e+00,0.000000000000000000e+00,0.000000000000000000e+00,0.000000000000000000e+00,0.000000000000000000e+00,0.000000000000000000e+00
0.000000000000000000e+00,0.000000000000000000e+00,0.000000000000000000e+00,0.000000000000000000e+00,0.000000000000000000e+00,0.000000000000000000e+00,0.000000000000000000e+00,0.000000000000000000e+00
1.446038126945495605e+00,0.000000000000000000e+00,0.000000000000000000e+00,1.711992859840393066e+00,7.607814073562622070e-01,8.749713301658630371e-01,1.137337207794189453e+00,0.000000000000000000e+00
0.000000000000000000e+00,0.000000000000000000e+00,0.000000000000000000e+00,0.000000000000000000e+00,9.076837301254272461e-01,0.000000000000000000e+00,0.000000000000000000e+00,0.000000000000000000e+00
0.000000000000000000e+00,0.000000000000000000e+00,0.000000000000000000e+00,0.000000000000000000e+00,0.000000000000000000e+00,0.000000000000000000e+00,0.000000000000000000e+00,0.000000000000000000e+00
0.000000000000000000e+00,0.000000000000000000e+00,0.000000000000000000e+00,0.000000000000000000e+00,0.000000000000000000e+00,0.000000000000000000e+00,0.000000000000000000e+00,0.000000000000000000e+00
0.000000000000000000e+00,0.000000000000000000e+00,0.000000000000000000e+00,0.000000000000000000e+00,0.000000000000000000e+00,0.000000000000000000e+00,0.000000000000000000e+00,0.000000000000000000e+00
0.000000000000000000e+00,0.000000000000000000e+00,0.000000000000000000e+00,0.000000000000000000e+00,0.000000000000000000e+00,0.000000000000000000e+00,0.000000000000000000e+00,0.000000000000000000e+00
0.000000000000000000e+00,0.000000000000000000e+00,0.000000000000000000e+00,0.000000000000000000e+00,0.000000000000000000e+00,0.000000000000000000e+00,0.000000000000000000e+00,0.000000000000000000e+00
0.000000000000000000e+00,0.000000000000000000e+00,0.000000000000000000e+00,0.000000000000000000e+00,0.000000000000000000e+00,0.000000000000000000e+00,0.000000000000000000e+00,0.000000000000000000e+00
0.000000000000000000e+00,0.000000000000000000e+00,0.000000000000000000e+00,0.000000000000000000e+00,0.000000000000000000e+00,0.000000000000000000e+00,0.000000000000000000e+00,0.000000000000000000e+00
0.000000000000000000e+00,0.000000000000000000e+00,0.000000000000000000e+00,0.000000000000000000e+00,0.000000000000000000e+00,0.000000000000000000e+00,0.000000000000000000e+00,0.000000000000000000e+00
0.000000000000000000e+00,0.000000000000000000e+00,0.000000000000000000e+00,0.000000000000000000e+00,0.000000000000000000e+00,0.000000000000000000e+00,0.000000000000000000e+00,0.000000000000000000e+00
1.435956239700317383e+00,0.000000000000000000e+00,0.000000000000000000e+00,1.655181288719177246e+00,1.170750737190246582e+00,1.350107908248901367e+00,8.742237091064453125e-01,0.000000000000000000e+00
0.000000000000000000e+00,0.000000000000000000e+00,0.000000000000000000e+00,0.000000000000000000e+00,0.000000000000000000e+00,0.000000000000000000e+00,0.000000000000000000e+00,0.000000000000000000e+00
0.000000000000000000e+00,0.000000000000000000e+00,0.000000000000000000e+00,0.000000000000000000e+00,0.000000000000000000e+00,0.000000000000000000e+00,0.000000000000000000e+00,0.000000000000000000e+00
0.000000000000000000e+00,0.000000000000000000e+00,0.000000000000000000e+00,0.000000000000000000e+00,0.000000000000000000e+00,0.000000000000000000e+00,0.000000000000000000e+00,0.000000000000000000e+00
0.000000000000000000e+00,0.000000000000000000e+00,0.000000000000000000e+00,0.000000000000000000e+00,0.000000000000000000e+00,0.000000000000000000e+00,0.000000000000000000e+00,0.000000000000000000e+00
0.000000000000000000e+00,0.000000000000000000e+00,0.000000000000000000e+00,0.000000000000000000e+00,0.000000000000000000e+00,0.000000000000000000e+00,0.000000000000000000e+00,0.000000000000000000e+00
0.000000000000000000e+00,0.000000000000000000e+00,0.000000000000000000e+00,0.000000000000000000e+00,0.000000000000000000e+00,0.000000000000000000e+00,0.000000000000000000e+00,0.000000000000000000e+00
0.000000000000000000e+00,0.000000000000000000e+00,0.000000000000000000e+00,0.000000000000000000e+00,0.000000000000000000e+00,0.000000000000000000e+00,0.000000000000000000e+00,0.000000000000000000e+00
5.328832864761352539e-01,0.000000000000000000e+00,0.000000000000000000e+00,7.957773208618164062e-01,8.795191049575805664e-01,4.450413882732391357e-01,2.567625045776367188e-01,0.000000000000000000e+00
0.000000000000000000e+00,0.000000000000000000e+00,0.000000000000000000e+00,0.000000000000000000e+00,0.000000000000000000e+00,0.000000000000000000e+00,0.000000000000000000e+00,0.000000000000000000e+00
1.462811589241027832e+00,0.000000000000000000e+00,0.000000000000000000e+00,1.588083267211914062e+00,6.595853567123413086e-01,1.259734034538269043e+00,1.050087332725524902e+00,0.000000000000000000e+00
1.762429237365722656e+00,0.000000000000000000e+00,0.000000000000000000e+00,2.151237249374389648e+00,1.493295907974243164e+00,6.680421233177185059e-01,1.053318500518798828e+00,0.000000000000000000e+00
1.313813924789428711e+00,0.000000000000000000e+00,0.000000000000000000e+00,1.341695070266723633e+00,1.011939868330955505e-01,8.588790893554687500e-01,1.249287366867065430e+00,0.000000000000000000e+00
0.000000000000000000e+00,0.000000000000000000e+00,0.000000000000000000e+00,0.000000000000000000e+00,0.000000000000000000e+00,0.000000000000000000e+00,0.000000000000000000e+00,0.000000000000000000e+00
0.000000000000000000e+00,0.000000000000000000e+00,0.000000000000000000e+00,0.000000000000000000e+00,0.000000000000000000e+00,0.000000000000000000e+00,0.000000000000000000e+00,0.000000000000000000e+00
0.000000000000000000e+00,0.000000000000000000e+00,0.000000000000000000e+00,0.000000000000000000e+00,0.000000000000000000e+00,0.000000000000000000e+00,0.000000000000000000e+00,0.000000000000000000e+00
0.000000000000000000e+00,0.000000000000000000e+00,0.000000000000000000e+00,0.000000000000000000e+00,0.000000000000000000e+00,0.000000000000000000e+00,0.000000000000000000e+00,0.000000000000000000e+00
0.000000000000000000e+00,0.000000000000000000e+00,0.000000000000000000e+00,0.000000000000000000e+00,0.000000000000000000e+00,0.000000000000000000e+00,2.190041542053222656e-01,0.000000000000000000e+00
8.668826818466186523e-01,0.000000000000000000e+00,0.000000000000000000e+00,1.164305925369262695e+00,5.430828332901000977e-01,4.560176134109497070e-01,7.092546224594116211e-01,0.000000000000000000e+00
1.368775367736816406e+00,0.000000000000000000e+00,0.000000000000000000e+00,1.674792289733886719e+00,8.231513947248458862e-02,6.410468816757202148e-01,1.248915195465087891e+00,0.000000000000000000e+00
1.358413219451904297e+00,0.000000000000000000e+00,0.000000000000000000e+00,1.705023884773254395e+00,1.285976171493530273e-01,6.201941370964050293e-01,1.256351232528686523e+00,0.000000000000000000e+00
1.420048952102661133e+00,0.000000000000000000e+00,0.000000000000000000e+00,1.718217253684997559e+00,7.775093913078308105e-01,7.747339606285095215e-01,1.127189874649047852e+00,0.000000000000000000e+00
1.482296824455261230e+00,0.000000000000000000e+00,0.000000000000000000e+00,1.625827193260192871e+00,1.006316661834716797e+00,9.868606328964233398e-01,1.186903715133666992e+00,0.000000000000000000e+00
3.580021262168884277e-01,0.000000000000000000e+00,0.000000000000000000e+00,6.138539314270019531e-01,1.013446092605590820e+00,9.075992703437805176e-01,6.602323055267333984e-02,0.000000000000000000e+00
0.000000000000000000e+00,0.000000000000000000e+00,0.000000000000000000e+00,0.000000000000000000e+00,0.000000000000000000e+00,0.000000000000000000e+00,0.000000000000000000e+00,0.000000000000000000e+00
0.000000000000000000e+00,0.000000000000000000e+00,0.000000000000000000e+00,0.000000000000000000e+00,0.000000000000000000e+00,0.000000000000000000e+00,2.396484911441802979e-01,0.000000000000000000e+00
8.469141721725463867e-01,0.000000000000000000e+00,0.000000000000000000e+00,1.101802587509155273e+00,0.000000000000000000e+00,2.626422643661499023e-01,9.410837888717651367e-01,0.000000000000000000e+00
1.178046941757202148e+00,0.000000000000000000e+00,0.000000000000000000e+00,1.500531673431396484e+00,2.991170287132263184e-01,5.591394901275634766e-01,1.222202062606811523e+00,0.000000000000000000e+00
1.475583910942077637e+00,0.000000000000000000e+00,0.000000000000000000e+00,1.735208034515380859e+00,8.876739144325256348e-01,8.722167611122131348e-01,1.060536384582519531e+00,0.000000000000000000e+00
1.031108617782592773e+00,0.000000000000000000e+00,0.000000000000000000e+00,1.316467404365539551e+00,0.000000000000000000e+00,4.114830791950225830e-01,1.156999230384826660e+00,0.000000000000000000e+00
1.337773680686950684e+00,0.000000000000000000e+00,0.000000000000000000e+00,1.702304005622863770e+00,5.506986379623413086e-01,6.496491432189941406e-01,1.101737022399902344e+00,0.000000000000000000e+00
5.492378473281860352e-01,0.000000000000000000e+00,0.000000000000000000e+00,8.240703344345092773e-01,0.000000000000000000e+00,4.950660467147827148e-02,8.834081888198852539e-01,0.000000000000000000e+00
1.450819015502929688e+00,0.000000000000000000e+00,0.000000000000000000e+00,1.736644625663757324e+00,8.451015949249267578e-01,7.595567703247070312e-01,1.087227821350097656e+00,0.000000000000000000e+00
1.298995614051818848e+00,0.000000000000000000e+00,0.000000000000000000e+00,1.525786399841308594e+00,5.862182378768920898e-01,8.434873223304748535e-01,1.075756072998046875e+00,0.000000000000000000e+00
1.725436806678771973e+00,0.000000000000000000e+00,0.000000000000000000e+00,1.910673379898071289e+00,1.229458570480346680e+00,1.127001285552978516e+00,1.250277519226074219e+00,0.000000000000000000e+00
1.620950341224670410e+00,0.000000000000000000e+00,0.000000000000000000e+00,1.652450084686279297e+00,1.436277985572814941e+00,1.239881753921508789e+00,1.236617326736450195e+00,0.000000000000000000e+00
1.731996893882751465e+00,0.000000000000000000e+00,0.000000000000000000e+00,1.627036452293395996e+00,1.683977365493774414e+00,1.505128860473632812e+00,1.353333234786987305e+00,0.000000000000000000e+00
1.696220755577087402e+00,0.000000000000000000e+00,0.000000000000000000e+00,1.648441076278686523e+00,1.462739706039428711e+00,1.378167390823364258e+00,1.338273763656616211e+00,0.000000000000000000e+00
1.699202418327331543e+00,0.000000000000000000e+00,0.000000000000000000e+00,1.665090441703796387e+00,1.589862346649169922e+00,1.388595104217529297e+00,1.290641784667968750e+00,0.000000000000000000e+00
1.827565312385559082e+00,0.000000000000000000e+00,0.000000000000000000e+00,1.701888442039489746e+00,1.635676145553588867e+00,1.574172019958496094e+00,1.431039094924926758e+00,0.000000000000000000e+00
0.000000000000000000e+00,0.000000000000000000e+00,0.000000000000000000e+00,0.000000000000000000e+00,1.571118593215942383e+00,0.000000000000000000e+00,0.000000000000000000e+00,0.000000000000000000e+00
0.000000000000000000e+00,0.000000000000000000e+00,0.000000000000000000e+00,0.000000000000000000e+00,0.000000000000000000e+00,0.000000000000000000e+00,0.000000000000000000e+00,0.000000000000000000e+00
1.315459012985229492e+00,0.000000000000000000e+00,0.000000000000000000e+00,1.258377671241760254e+00,1.118980646133422852e+00,1.128328680992126465e+00,1.188667535781860352e+00,0.000000000000000000e+00
1.915674686431884766e+00,0.000000000000000000e+00,0.000000000000000000e+00,1.752848982810974121e+00,1.270142436027526855e+00,1.592033624649047852e+00,1.597291827201843262e+00,0.000000000000000000e+00
1.629315614700317383e+00,0.000000000000000000e+00,0.000000000000000000e+00,1.696776509284973145e+00,1.389693021774291992e+00,1.194752216339111328e+00,1.209616303443908691e+00,0.000000000000000000e+00
1.690141320228576660e+00,0.000000000000000000e+00,0.000000000000000000e+00,1.754138350486755371e+00,1.445413231849670410e+00,1.234952688217163086e+00,1.234042644500732422e+00,0.000000000000000000e+00
1.722801089286804199e+00,0.000000000000000000e+00,0.000000000000000000e+00,1.710818409919738770e+00,1.361800312995910645e+00,1.339666366577148438e+00,1.324860453605651855e+00,0.000000000000000000e+00
1.711319208145141602e+00,0.000000000000000000e+00,0.000000000000000000e+00,1.715776324272155762e+00,1.454047083854675293e+00,1.341189622879028320e+00,1.275222539901733398e+00,0.000000000000000000e+00
1.670451760292053223e+00,0.000000000000000000e+00,0.000000000000000000e+00,1.708710908889770508e+00,1.485680580139160156e+00,1.279538393020629883e+00,1.221689939498901367e+00,0.000000000000000000e+00
1.577222347259521484e+00,0.000000000000000000e+00,0.000000000000000000e+00,1.733337640762329102e+00,1.161802053451538086e+00,1.063420534133911133e+00,1.207947969436645508e+00,0.000000000000000000e+00
1.477057695388793945e+00,0.000000000000000000e+00,0.000000000000000000e+00,1.638964533805847168e+00,3.755118250846862793e-01,9.616843461990356445e-01,1.169607162475585938e+00,0.000000000000000000e+00
0.000000000000000000e+00,0.000000000000000000e+00,0.000000000000000000e+00,0.000000000000000000e+00,0.000000000000000000e+00,0.000000000000000000e+00,4.073518514633178711e-02,0.000000000000000000e+00
0.000000000000000000e+00,0.000000000000000000e+00,0.000000000000000000e+00,0.000000000000000000e+00,0.000000000000000000e+00,0.000000000000000000e+00,9.017470479011535645e-02,0.000000000000000000e+00
0.000000000000000000e+00,0.000000000000000000e+00,0.000000000000000000e+00,0.000000000000000000e+00,0.000000000000000000e+00,0.000000000000000000e+00,0.000000000000000000e+00,0.000000000000000000e+00
0.000000000000000000e+00,0.000000000000000000e+00,0.000000000000000000e+00,0.000000000000000000e+00,0.000000000000000000e+00,0.000000000000000000e+00,1.061633825302124023e-01,0.000000000000000000e+00
0.000000000000000000e+00,0.000000000000000000e+00,0.000000000000000000e+00,0.000000000000000000e+00,0.000000000000000000e+00,0.000000000000000000e+00,0.000000000000000000e+00,0.000000000000000000e+00
0.000000000000000000e+00,0.000000000000000000e+00,0.000000000000000000e+00,0.000000000000000000e+00,0.000000000000000000e+00,0.000000000000000000e+00,2.973657846450805664e-01,0.000000000000000000e+00
0.000000000000000000e+00,0.000000000000000000e+00,0.000000000000000000e+00,0.000000000000000000e+00,0.000000000000000000e+00,0.000000000000000000e+00,0.000000000000000000e+00,0.000000000000000000e+00
1.648419141769409180e+00,0.000000000000000000e+00,0.000000000000000000e+00,1.952445149421691895e+00,9.800859689712524414e-01,8.440753221511840820e-01,1.206275224685668945e+00,0.000000000000000000e+00
1.537534952163696289e+00,0.000000000000000000e+00,0.000000000000000000e+00,1.829570889472961426e+00,1.093767166137695312e+00,7.339437007904052734e-01,1.081124305725097656e+00,0.000000000000000000e+00
1.563360691070556641e+00,0.000000000000000000e+00,0.000000000000000000e+00,1.651452302932739258e+00,6.403107643127441406e-01,1.113563179969787598e+00,1.273190021514892578e+00,0.000000000000000000e+00
1.492864966392517090e+00,0.000000000000000000e+00,0.000000000000000000e+00,1.781880021095275879e+00,6.193460822105407715e-01,8.678455352783203125e-01,1.205672979354858398e+00,0.000000000000000000e+00
1.488046884536743164e+00,0.000000000000000000e+00,0.000000000000000000e+00,1.905293822288513184e+00,6.543139219284057617e-01,6.995791792869567871e-01,1.185370206832885742e+00,0.000000000000000000e+00
1.442384839057922363e+00,0.000000000000000000e+00,0.000000000000000000e+00,1.847869396209716797e+00,6.008250713348388672e-01,6.959133148193359375e-01,1.190452098846435547e+00,0.000000000000000000e+00
1.670133590698242188e+00,0.000000000000000000e+00,0.000000000000000000e+00,2.100302696228027344e+00,7.598958611488342285e-01,7.297765016555786133e-01,1.285147190093994141e+00,0.000000000000000000e+00
9.580481052398681641e-01,0.000000000000000000e+00,0.000000000000000000e+00,1.239942908287048340e+00,0.000000000000000000e+00,3.763044178485870361e-01,9.914554357528686523e-01,0.000000000000000000e+00
0.000000000000000000e+00,0.000000000000000000e+00,0.000000000000000000e+00,0.000000000000000000e+00,0.000000000000000000e+00,0.000000000000000000e+00,0.000000000000000000e+00,0.000000000000000000e+00
0.000000000000000000e+00,0.000000000000000000e+00,0.000000000000000000e+00,6.745529174804687500e-02,0.000000000000000000e+00,0.000000000000000000e+00,4.316916167736053467e-01,0.000000000000000000e+00
1.166700720787048340e+00,0.000000000000000000e+00,0.000000000000000000e+00,1.469059109687805176e+00,3.591555655002593994e-01,6.562067866325378418e-01,1.072991371154785156e+00,0.000000000000000000e+00
1.747581005096435547e+00,0.000000000000000000e+00,0.000000000000000000e+00,2.116596460342407227e+00,1.210495114326477051e+00,4.978332519531250000e-01,1.089524745941162109e+00,0.000000000000000000e+00
2.055419683456420898e+00,0.000000000000000000e+00,0.000000000000000000e+00,2.318574190139770508e+00,1.300252199172973633e+00,1.238700866699218750e+00,1.340369462966918945e+00,0.000000000000000000e+00
1.043498396873474121e+00,0.000000000000000000e+00,0.000000000000000000e+00,1.328431010246276855e+00,7.730822563171386719e-01,1.034933567047119141e+00,7.714198827743530273e-01,0.000000000000000000e+00
0.000000000000000000e+00,0.000000000000000000e+00,0.000000000000000000e+00,0.000000000000000000e+00,0.000000000000000000e+00,0.000000000000000000e+00,0.000000000000000000e+00,0.000000000000000000e+00
1.384158372879028320e+00,0.000000000000000000e+00,0.000000000000000000e+00,1.705054283142089844e+00,3.555984795093536377e-01,7.601759433746337891e-01,1.185045003890991211e+00,0.000000000000000000e+00
1.569225072860717773e+00,0.000000000000000000e+00,0.000000000000000000e+00,1.944768786430358887e+00,8.730787038803100586e-01,7.235717773437500000e-01,1.123956322669982910e+00,0.000000000000000000e+00
1.385953664779663086e+00,0.000000000000000000e+00,0.000000000000000000e+00,1.654652357101440430e+00,7.291787117719650269e-02,6.905316710472106934e-01,1.233780622482299805e+00,0.000000000000000000e+00
1.357769846916198730e+00,0.000000000000000000e+00,0.000000000000000000e+00,1.608027219772338867e+00,1.456883549690246582e-01,6.982307434082031250e-01,1.201150178909301758e+00,0.000000000000000000e+00
1.361613750457763672e+00,0.000000000000000000e+00,0.000000000000000000e+00,1.697981238365173340e+00,1.890621185302734375e-01,6.546016931533813477e-01,1.235710620880126953e+00,0.000000000000000000e+00
1.311584353446960449e+00,0.000000000000000000e+00,0.000000000000000000e+00,1.681649565696716309e+00,5.238428711891174316e-01,6.567346453666687012e-01,1.131866812705993652e+00,0.000000000000000000e+00
1.609953880310058594e+00,0.000000000000000000e+00,0.000000000000000000e+00,1.987316727638244629e+00,9.841330647468566895e-01,5.514718294143676758e-01,1.100694775581359863e+00,0.000000000000000000e+00
1.673492670059204102e+00,0.000000000000000000e+00,0.000000000000000000e+00,1.782752156257629395e+00,1.084599614143371582e+00,1.273967742919921875e+00,1.093143463134765625e+00,0.000000000000000000e+00
2.153369188308715820e+00,0.000000000000000000e+00,0.000000000000000000e+00,2.488286018371582031e+00,1.444841384887695312e+00,9.906387329101562500e-01,1.393588304519653320e+00,0.000000000000000000e+00
1.728413939476013184e+00,0.000000000000000000e+00,0.000000000000000000e+00,1.831385493278503418e+00,5.131802558898925781e-01,1.178982019424438477e+00,1.322608232498168945e+00,0.000000000000000000e+00
0.000000000000000000e+00,0.000000000000000000e+00,0.000000000000000000e+00,0.000000000000000000e+00,0.000000000000000000e+00,0.000000000000000000e+00,0.000000000000000000e+00,0.000000000000000000e+00
9.805362224578857422e-01,0.000000000000000000e+00,0.000000000000000000e+00,1.269390940666198730e+00,0.000000000000000000e+00,4.051499962806701660e-01,9.971524477005004883e-01,0.000000000000000000e+00
0.000000000000000000e+00,0.000000000000000000e+00,0.000000000000000000e+00,0.000000000000000000e+00,0.000000000000000000e+00,0.000000000000000000e+00,3.163253068923950195e-01,0.000000000000000000e+00
9.845676422119140625e-01,0.000000000000000000e+00,3.240154683589935303e-02,1.267948746681213379e+00,0.000000000000000000e+00,3.627350628376007080e-01,1.008363008499145508e+00,0.000000000000000000e+00
0.000000000000000000e+00,0.000000000000000000e+00,0.000000000000000000e+00,0.000000000000000000e+00,0.000000000000000000e+00,0.000000000000000000e+00,0.000000000000000000e+00,0.000000000000000000e+00
0.000000000000000000e+00,0.000000000000000000e+00,0.000000000000000000e+00,0.000000000000000000e+00,0.000000000000000000e+00,0.000000000000000000e+00,0.000000000000000000e+00,0.000000000000000000e+00
0.000000000000000000e+00,0.000000000000000000e+00,0.000000000000000000e+00,1.328194141387939453e-02,0.000000000000000000e+00,0.000000000000000000e+00,3.998816013336181641e-01,0.000000000000000000e+00
0.000000000000000000e+00,0.000000000000000000e+00,0.000000000000000000e+00,9.496968984603881836e-02,0.000000000000000000e+00,0.000000000000000000e+00,4.557315707206726074e-01,0.000000000000000000e+00
1.509530782699584961e+00,0.000000000000000000e+00,0.000000000000000000e+00,2.003080606460571289e+00,1.377884984016418457e+00,3.815821111202239990e-01,9.043644070625305176e-01,0.000000000000000000e+00
1.755590677261352539e+00,0.000000000000000000e+00,0.000000000000000000e+00,2.082358360290527344e+00,1.198447942733764648e+00,7.450018525123596191e-01,1.142082333564758301e+00,0.000000000000000000e+00
1.313638687133789062e+00,0.000000000000000000e+00,0.000000000000000000e+00,1.505212664604187012e+00,3.440297842025756836e-01,9.545297026634216309e-01,1.147141218185424805e+00,0.000000000000000000e+00
0.000000000000000000e+00,0.000000000000000000e+00,0.000000000000000000e+00,0.000000000000000000e+00,0.000000000000000000e+00,0.000000000000000000e+00,0.000000000000000000e+00,0.000000000000000000e+00
9.524902105331420898e-01,0.000000000000000000e+00,0.000000000000000000e+00,1.236035823822021484e+00,2.023124694824218750e-01,5.995358228683471680e-01,8.564741611480712891e-01,0.000000000000000000e+00
1.528157472610473633e+00,0.000000000000000000e+00,0.000000000000000000e+00,1.812599539756774902e+00,3.540711402893066406e-01,8.465983867645263672e-01,1.266996979713439941e+00,0.000000000000000000e+00
1.421028733253479004e+00,0.000000000000000000e+00,0.000000000000000000e+00,1.553316473960876465e+00,1.043880805373191833e-01,7.747206091880798340e-01,1.230981588363647461e+00,0.000000000000000000e+00
1.921307802200317383e+00,0.000000000000000000e+00,0.000000000000000000e+00,2.334010362625122070e+00,1.236448764801025391e+00,5.683703422546386719e-01,1.205563545227050781e+00,0.000000000000000000e+00
1.939819097518920898e+00,0.000000000000000000e+00,0.000000000000000000e+00,2.324154376983642578e+00,1.305574059486389160e+00,5.824023485183715820e-01,1.341935157775878906e+00,0.000000000000000000e+00
1.448858737945556641e+00,0.000000000000000000e+00,0.000000000000000000e+00,1.714261412620544434e+00,2.274818718433380127e-01,8.082828521728515625e-01,1.260294437408447266e+00,0.000000000000000000e+00
1.507821798324584961e+00,0.000000000000000000e+00,0.000000000000000000e+00,1.691815376281738281e+00,3.759960532188415527e-01,9.745036959648132324e-01,1.206306338310241699e+00,0.000000000000000000e+00
1.359468221664428711e+00,0.000000000000000000e+00,0.000000000000000000e+00,1.397411108016967773e+00,5.945733785629272461e-01,1.060765743255615234e+00,1.123932123184204102e+00,0.000000000000000000e+00
1.482550859451293945e+00,0.000000000000000000e+00,0.000000000000000000e+00,1.690553784370422363e+00,4.306647479534149170e-01,9.489691257476806641e-01,1.194912433624267578e+00,0.000000000000000000e+00
1.846726536750793457e+00,0.000000000000000000e+00,0.000000000000000000e+00,2.010854482650756836e+00,1.354195117950439453e+00,1.230020046234130859e+00,1.302757501602172852e+00,0.000000000000000000e+00
1.908914566040039062e+00,0.000000000000000000e+00,0.000000000000000000e+00,2.150302410125732422e+00,1.290949344635009766e+00,1.160098791122436523e+00,1.301870346069335938e+00,0.000000000000000000e+00
1.790305495262145996e+00,0.000000000000000000e+00,0.000000000000000000e+00,1.924136877059936523e+00,1.391190409660339355e+00,1.233365535736083984e+00,1.258649110794067383e+00,0.000000000000000000e+00
1.776926279067993164e+00,0.000000000000000000e+00,0.000000000000000000e+00,1.909991502761840820e+00,1.382890343666076660e+00,1.222918748855590820e+00,1.260506629943847656e+00,0.000000000000000000e+00
1.751324772834777832e+00,0.000000000000000000e+00,0.000000000000000000e+00,1.843076467514038086e+00,1.480752706527709961e+00,1.262479543685913086e+00,1.210839152336120605e+00,0.000000000000000000e+00
1.850384354591369629e+00,0.000000000000000000e+00,0.000000000000000000e+00,1.810585856437683105e+00,1.380374193191528320e+00,1.443173646926879883e+00,1.393347620964050293e+00,0.000000000000000000e+00
1.832488298416137695e+00,0.000000000000000000e+00,0.000000000000000000e+00,1.814483404159545898e+00,1.470568418502807617e+00,1.434023380279541016e+00,1.336102724075317383e+00,0.000000000000000000e+00
2.358903884887695312e+00,0.000000000000000000e+00,0.000000000000000000e+00,3.104043722152709961e+00,2.389009475708007812e+00,3.804337978363037109e-01,1.113168597221374512e+00,0.000000000000000000e+00
4.343525171279907227e-01,0.000000000000000000e+00,0.000000000000000000e+00,1.076305150985717773e+00,3.047265768051147461e+00,0.000000000000000000e+00,0.000000000000000000e+00,0.000000000000000000e+00
1.383327722549438477e+00,0.000000000000000000e+00,0.000000000000000000e+00,1.307402253150939941e+00,1.209301471710205078e+00,1.178703308105468750e+00,1.258615255355834961e+00,0.000000000000000000e+00
1.527725219726562500e+00,0.000000000000000000e+00,0.000000000000000000e+00,1.518083453178405762e+00,1.398121833801269531e+00,1.235070943832397461e+00,1.238505959510803223e+00,0.000000000000000000e+00
1.710235834121704102e+00,0.000000000000000000e+00,0.000000000000000000e+00,1.686587929725646973e+00,1.529062271118164062e+00,1.329234361648559570e+00,1.354554533958435059e+00,0.000000000000000000e+00
1.594157576560974121e+00,0.000000000000000000e+00,0.000000000000000000e+00,1.534084558486938477e+00,1.517777681350708008e+00,1.351339578628540039e+00,1.288205623626708984e+00,0.000000000000000000e+00
1.757146358489990234e+00,0.000000000000000000e+00,0.000000000000000000e+00,1.613543391227722168e+00,1.385385513305664062e+00,1.503620624542236328e+00,1.497297763824462891e+00,0.000000000000000000e+00
1.574449539184570312e+00,0.000000000000000000e+00,0.000000000000000000e+00,1.531563878059387207e+00,1.428516745567321777e+00,1.299757719039916992e+00,1.288129568099975586e+00,0.000000000000000000e+00
1.585148334503173828e+00,0.000000000000000000e+00,0.000000000000000000e+00,1.661802053451538086e+00,1.304561734199523926e+00,1.119445085525512695e+00,1.244786024093627930e+00,0.000000000000000000e+00
1.297532916069030762e+00,0.000000000000000000e+00,0.000000000000000000e+00,1.487548589706420898e+00,5.812006592750549316e-01,8.877070546150207520e-01,1.080787658691406250e+00,0.000000000000000000e+00
3.788725137710571289e-01,0.000000000000000000e+00,0.000000000000000000e+00,4.671799242496490479e-01,0.000000000000000000e+00,4.728814959526062012e-02,6.599424481391906738e-01,0.000000000000000000e+00
0.000000000000000000e+00,0.000000000000000000e+00,0.000000000000000000e+00,0.000000000000000000e+00,0.000000000000000000e+00,0.000000000000000000e+00,0.000000000000000000e+00,0.000000000000000000e+00
0.000000000000000000e+00,0.000000000000000000e+00,0.000000000000000000e+00,0.000000000000000000e+00,0.000000000000000000e+00,0.000000000000000000e+00,1.701026558876037598e-01,0.000000000000000000e+00
0.000000000000000000e+00,0.000000000000000000e+00,0.000000000000000000e+00,0.000000000000000000e+00,0.000000000000000000e+00,0.000000000000000000e+00,2.973327636718750000e-01,0.000000000000000000e+00
0.000000000000000000e+00,0.000000000000000000e+00,0.000000000000000000e+00,0.000000000000000000e+00,0.000000000000000000e+00,0.000000000000000000e+00,2.060141563415527344e-01,0.000000000000000000e+00
0.000000000000000000e+00,0.000000000000000000e+00,0.000000000000000000e+00,0.000000000000000000e+00,0.000000000000000000e+00,0.000000000000000000e+00,1.919023394584655762e-01,0.000000000000000000e+00
0.000000000000000000e+00,0.000000000000000000e+00,0.000000000000000000e+00,0.000000000000000000e+00,0.000000000000000000e+00,0.000000000000000000e+00,2.841867804527282715e-01,0.000000000000000000e+00
1.415524125099182129e+00,0.000000000000000000e+00,0.000000000000000000e+00,1.667742848396301270e+00,5.458709597587585449e-01,8.525490760803222656e-01,1.175121426582336426e+00,0.000000000000000000e+00
1.170661687850952148e+00,0.000000000000000000e+00,0.000000000000000000e+00,1.289990186691284180e+00,8.504032343626022339e-02,6.636620759963989258e-01,1.166717290878295898e+00,0.000000000000000000e+00
0.000000000000000000e+00,0.000000000000000000e+00,0.000000000000000000e+00,0.000000000000000000e+00,0.000000000000000000e+00,0.000000000000000000e+00,0.000000000000000000e+00,0.000000000000000000e+00
1.269986987113952637e+00,0.000000000000000000e+00,0.000000000000000000e+00,1.623098850250244141e+00,4.044773876667022705e-01,6.482150554656982422e-01,1.170175552368164062e+00,0.000000000000000000e+00
1.361354827880859375e+00,0.000000000000000000e+00,0.000000000000000000e+00,1.710306048393249512e+00,4.146173298358917236e-01,6.899335384368896484e-01,1.187003731727600098e+00,0.000000000000000000e+00
0.000000000000000000e+00,0.000000000000000000e+00,0.000000000000000000e+00,1.738200485706329346e-01,0.000000000000000000e+00,0.000000000000000000e+00,5.127505660057067871e-01,0.000000000000000000e+00
6.112781763076782227e-01,0.000000000000000000e+00,0.000000000000000000e+00,8.801270723342895508e-01,0.000000000000000000e+00,2.714854478836059570e-02,8.722175359725952148e-01,0.000000000000000000e+00
0.000000000000000000e+00,0.000000000000000000e+00,0.000000000000000000e+00,0.000000000000000000e+00,0.000000000000000000e+00,0.000000000000000000e+00,2.423439025878906250e-01,0.000000000000000000e+00
0.000000000000000000e+00,0.000000000000000000e+00,0.000000000000000000e+00,0.000000000000000000e+00,0.000000000000000000e+00,0.000000000000000000e+00,1.495108604431152344e-01,0.000000000000000000e+00
1.444560885429382324e+00,0.000000000000000000e+00,0.000000000000000000e+00,1.772038340568542480e+00,7.597476243972778320e-01,8.230853080749511719e-01,1.127748727798461914e+00,0.000000000000000000e+00
1.348648071289062500e+00,0.000000000000000000e+00,0.000000000000000000e+00,1.684344768524169922e+00,2.560307085514068604e-01,6.574120521545410156e-01,1.204638004302978516e+00,0.000000000000000000e+00
1.620510697364807129e+00,0.000000000000000000e+00,0.000000000000000000e+00,1.994812369346618652e+00,8.659968972206115723e-01,7.774296998977661133e-01,1.238698005676269531e+00,0.000000000000000000e+00
1.640824317932128906e+00,0.000000000000000000e+00,0.000000000000000000e+00,1.775353550910949707e+00,9.037985205650329590e-01,1.105721235275268555e+00,1.301812410354614258e+00,0.000000000000000000e+00
1.268382549285888672e+00,0.000000000000000000e+00,0.000000000000000000e+00,1.335692882537841797e+00,9.479702711105346680e-01,1.007548570632934570e+00,9.999204874038696289e-01,0.000000000000000000e+00
1.240310788154602051e+00,0.000000000000000000e+00,0.000000000000000000e+00,1.588749527931213379e+00,2.779778242111206055e-01,6.423651576042175293e-01,1.180324077606201172e+00,0.000000000000000000e+00
1.326478958129882812e+00,0.000000000000000000e+00,0.000000000000000000e+00,1.692095875740051270e+00,4.177580177783966064e-01,6.804054379463195801e-01,1.200013518333435059e+00,0.000000000000000000e+00
0.000000000000000000e+00,0.000000000000000000e+00,0.000000000000000000e+00,0.000000000000000000e+00,0.000000000000000000e+00,0.000000000000000000e+00,2.733342051506042480e-01,0.000000000000000000e+00
0.000000000000000000e+00,0.000000000000000000e+00,0.000000000000000000e+00,0.000000000000000000e+00,0.000000000000000000e+00,0.000000000000000000e+00,3.805458545684814453e-02,0.000000000000000000e+00
0.000000000000000000e+00,0.000000000000000000e+00,0.000000000000000000e+00,1.820934861898422241e-01,0.000000000000000000e+00,0.000000000000000000e+00,5.152813196182250977e-01,0.000000000000000000e+00
0.000000000000000000e+00,0.000000000000000000e+00,0.000000000000000000e+00,0.000000000000000000e+00,0.000000000000000000e+00,0.000000000000000000e+00,2.861788272857666016e-01,0.000000000000000000e+00
0.000000000000000000e+00,0.000000000000000000e+00,0.000000000000000000e+00,0.000000000000000000e+00,0.000000000000000000e+00,0.000000000000000000e+00,0.000000000000000000e+00,0.000000000000000000e+00
0.000000000000000000e+00,0.000000000000000000e+00,0.000000000000000000e+00,0.000000000000000000e+00,0.000000000000000000e+00,0.000000000000000000e+00,0.000000000000000000e+00,0.000000000000000000e+00
1.315603494644165039e+00,0.000000000000000000e+00,0.000000000000000000e+00,1.665640711784362793e+00,5.631163716316223145e-01,7.431898713111877441e-01,1.093262434005737305e+00,0.000000000000000000e+00
1.456508159637451172e+00,0.000000000000000000e+00,0.000000000000000000e+00,1.560729980468750000e+00,4.316136538982391357e-01,9.727116227149963379e-01,1.266757130622863770e+00,0.000000000000000000e+00
1.200338482856750488e+00,0.000000000000000000e+00,0.000000000000000000e+00,1.187640666961669922e+00,8.284982442855834961e-01,1.144316911697387695e+00,9.865041971206665039e-01,0.000000000000000000e+00
1.388095140457153320e+00,0.000000000000000000e+00,0.000000000000000000e+00,1.685666680335998535e+00,4.324742853641510010e-01,7.919365763664245605e-01,1.171832323074340820e+00,0.000000000000000000e+00
1.485082030296325684e+00,0.000000000000000000e+00,0.000000000000000000e+00,1.721997737884521484e+00,6.718710660934448242e-01,9.454404711723327637e-01,1.139003753662109375e+00,0.000000000000000000e+00
0.000000000000000000e+00,0.000000000000000000e+00,0.000000000000000000e+00,7.465058565139770508e-02,0.000000000000000000e+00,0.000000000000000000e+00,4.425424337387084961e-01,0.000000000000000000e+00
1.410021334886550903e-01,0.000000000000000000e+00,0.000000000000000000e+00,3.732507824897766113e-01,0.000000000000000000e+00,0.000000000000000000e+00,5.866733193397521973e-01,0.000000000000000000e+00
0.000000000000000000e+00,0.000000000000000000e+00,0.000000000000000000e+00,0.000000000000000000e+00,0.000000000000000000e+00,0.000000000000000000e+00,1.978777050971984863e-01,0.000000000000000000e+00
1.324292123317718506e-01,0.000000000000000000e+00,0.000000000000000000e+00,3.961682617664337158e-01,0.000000000000000000e+00,0.000000000000000000e+00,6.377724409103393555e-01,0.000000000000000000e+00
9.037761688232421875e-01,0.000000000000000000e+00,0.000000000000000000e+00,1.107026219367980957e+00,2.381048202514648438e-01,4.591486454010009766e-01,8.993436098098754883e-01,0.000000000000000000e+00
1.301469922065734863e+00,0.000000000000000000e+00,0.000000000000000000e+00,1.660538792610168457e+00,5.050458312034606934e-01,6.976267695426940918e-01,1.132334709167480469e+00,0.000000000000000000e+00
9.305239915847778320e-01,0.000000000000000000e+00,0.000000000000000000e+00,1.208032488822937012e+00,0.000000000000000000e+00,3.082256019115447998e-01,1.058536529541015625e+00,0.000000000000000000e+00
1.532844901084899902e+00,0.000000000000000000e+00,0.000000000000000000e+00,1.810773730278015137e+00,7.884235978126525879e-01,8.962605595588684082e-01,1.214130997657775879e+00,0.000000000000000000e+00
1.683259010314941406e+00,0.000000000000000000e+00,0.000000000000000000e+00,1.886934638023376465e+00,1.137652993202209473e+00,1.095036268234252930e+00,1.223897337913513184e+00,0.000000000000000000e+00
1.341295242309570312e+00,0.000000000000000000e+00,0.000000000000000000e+00,1.634477734565734863e+00,5.777490139007568359e-01,7.827441692352294922e-01,1.146478176116943359e+00,0.000000000000000000e+00
1.417101502418518066e+00,0.000000000000000000e+00,0.000000000000000000e+00,1.740882277488708496e+00,6.860007047653198242e-01,8.060218691825866699e-01,1.129917860031127930e+00,0.000000000000000000e+00
8.879066705703735352e-01,0.000000000000000000e+00,0.000000000000000000e+00,1.054382681846618652e+00,0.000000000000000000e+00,3.035719692707061768e-01,8.783676624298095703e-01,0.000000000000000000e+00
4.895602464675903320e-01,0.000000000000000000e+00,0.000000000000000000e+00,7.655975818634033203e-01,0.000000000000000000e+00,0.000000000000000000e+00,8.093169331550598145e-01,0.000000000000000000e+00
4.404557943344116211e-01,0.000000000000000000e+00,0.000000000000000000e+00,5.270988941192626953e-01,0.000000000000000000e+00,5.651792883872985840e-02,6.389338374137878418e-01,0.000000000000000000e+00
1.481376409530639648e+00,0.000000000000000000e+00,0.000000000000000000e+00,1.867274641990661621e+00,6.425246596336364746e-01,7.959445118904113770e-01,1.178963541984558105e+00,0.000000000000000000e+00
1.407115221023559570e+00,0.000000000000000000e+00,0.000000000000000000e+00,1.748543381690979004e+00,6.256353855133056641e-01,7.657859325408935547e-01,1.164827227592468262e+00,0.000000000000000000e+00
1.598709821701049805e+00,0.000000000000000000e+00,0.000000000000000000e+00,1.858410000801086426e+00,9.118914604187011719e-01,1.020951986312866211e+00,1.117996931076049805e+00,0.000000000000000000e+00
1.327167630195617676e+00,0.000000000000000000e+00,0.000000000000000000e+00,1.666705131530761719e+00,2.273652255535125732e-01,6.259803771972656250e-01,1.238235116004943848e+00,0.000000000000000000e+00
1.500728487968444824e+00,0.000000000000000000e+00,0.000000000000000000e+00,1.665768861770629883e+00,5.641282200813293457e-01,1.025881528854370117e+00,1.168464660644531250e+00,0.000000000000000000e+00
1.533942580223083496e+00,0.000000000000000000e+00,0.000000000000000000e+00,1.706426024436950684e+00,7.299551963806152344e-01,1.034573197364807129e+00,1.178807020187377930e+00,0.000000000000000000e+00
1.707590579986572266e+00,0.000000000000000000e+00,0.000000000000000000e+00,1.949474811553955078e+00,1.125074267387390137e+00,1.026993274688720703e+00,1.261502504348754883e+00,0.000000000000000000e+00
1.636350154876708984e+00,0.000000000000000000e+00,0.000000000000000000e+00,1.710299253463745117e+00,1.412835001945495605e+00,1.208002090454101562e+00,1.192557811737060547e+00,0.000000000000000000e+00
1.624460577964782715e+00,0.000000000000000000e+00,0.000000000000000000e+00,1.720814943313598633e+00,1.335879087448120117e+00,1.157648086547851562e+00,1.212133169174194336e+00,0.000000000000000000e+00
1.649744391441345215e+00,0.000000000000000000e+00,0.000000000000000000e+00,1.694908857345581055e+00,1.469423770904541016e+00,1.266109466552734375e+00,1.202544450759887695e+00,0.000000000000000000e+00
1.765496611595153809e+00,0.000000000000000000e+00,0.000000000000000000e+00,1.733781456947326660e+00,1.433094739913940430e+00,1.410210132598876953e+00,1.337566137313842773e+00,0.000000000000000000e+00
1.625867128372192383e+00,0.000000000000000000e+00,0.000000000000000000e+00,1.673319816589355469e+00,1.434943079948425293e+00,1.239621520042419434e+00,1.200834274291992188e+00,0.000000000000000000e+00
3.010364055633544922e+00,0.000000000000000000e+00,0.000000000000000000e+00,3.588612318038940430e+00,2.523093223571777344e+00,4.935593008995056152e-01,1.468398094177246094e+00,0.000000000000000000e+00
0.000000000000000000e+00,0.000000000000000000e+00,0.000000000000000000e+00,0.000000000000000000e+00,6.923142671585083008e-01,0.000000000000000000e+00,0.000000000000000000e+00,0.000000000000000000e+00
0.000000000000000000e+00,4.589560925960540771e-01,0.000000000000000000e+00,0.000000000000000000e+00,1.779661417007446289e+00,2.525421619415283203e+00,0.000000000000000000e+00,0.000000000000000000e+00
1.708747982978820801e+00,0.000000000000000000e+00,0.000000000000000000e+00,1.623266816139221191e+00,1.507714033126831055e+00,1.428343057632446289e+00,1.392655730247497559e+00,0.000000000000000000e+00
1.708080768585205078e+00,0.000000000000000000e+00,0.000000000000000000e+00,1.640862107276916504e+00,1.434536218643188477e+00,1.398488283157348633e+00,1.383969545364379883e+00,0.000000000000000000e+00
1.704088330268859863e+00,0.000000000000000000e+00,0.000000000000000000e+00,1.646363496780395508e+00,1.472925305366516113e+00,1.388477087020874023e+00,1.366599082946777344e+00,0.000000000000000000e+00
1.702165126800537109e+00,0.000000000000000000e+00,0.000000000000000000e+00,1.646433234214782715e+00,1.487146854400634766e+00,1.390562534332275391e+00,1.360151648521423340e+00,0.000000000000000000e+00
1.719916462898254395e+00,0.000000000000000000e+00,0.000000000000000000e+00,1.832631349563598633e+00,1.355519771575927734e+00,1.114427328109741211e+00,1.302522897720336914e+00,0.000000000000000000e+00
0.000000000000000000e+00,0.000000000000000000e+00,0.000000000000000000e+00,0.000000000000000000e+00,0.000000000000000000e+00,5.671003460884094238e-02,0.000000000000000000e+00,0.000000000000000000e+00
0.000000000000000000e+00,0.000000000000000000e+00,0.000000000000000000e+00,0.000000000000000000e+00,0.000000000000000000e+00,0.000000000000000000e+00,0.000000000000000000e+00,0.000000000000000000e+00
1.374751567840576172e+00,0.000000000000000000e+00,0.000000000000000000e+00,1.679145455360412598e+00,2.622134387493133545e-01,7.036030888557434082e-01,1.210230112075805664e+00,0.000000000000000000e+00
9.226671457290649414e-01,0.000000000000000000e+00,0.000000000000000000e+00,1.079966783523559570e+00,2.632125467061996460e-02,7.822238802909851074e-01,8.691363334655761719e-01,0.000000000000000000e+00
0.000000000000000000e+00,0.000000000000000000e+00,0.000000000000000000e+00,0.000000000000000000e+00,0.000000000000000000e+00,0.000000000000000000e+00,0.000000000000000000e+00,0.000000000000000000e+00
0.000000000000000000e+00,0.000000000000000000e+00,0.000000000000000000e+00,0.000000000000000000e+00,0.000000000000000000e+00,0.000000000000000000e+00,0.000000000000000000e+00,0.000000000000000000e+00
0.000000000000000000e+00,0.000000000000000000e+00,0.000000000000000000e+00,0.000000000000000000e+00,0.000000000000000000e+00,0.000000000000000000e+00,0.000000000000000000e+00,0.000000000000000000e+00
0.000000000000000000e+00,0.000000000000000000e+00,0.000000000000000000e+00,0.000000000000000000e+00,0.000000000000000000e+00,0.000000000000000000e+00,0.000000000000000000e+00,0.000000000000000000e+00
0.000000000000000000e+00,3.008866608142852783e-01,0.000000000000000000e+00,0.000000000000000000e+00,1.143490597605705261e-01,8.727167844772338867e-01,0.000000000000000000e+00,0.000000000000000000e+00
0.000000000000000000e+00,0.000000000000000000e+00,0.000000000000000000e+00,0.000000000000000000e+00,0.000000000000000000e+00,0.000000000000000000e+00,0.000000000000000000e+00,0.000000000000000000e+00
0.000000000000000000e+00,0.000000000000000000e+00,0.000000000000000000e+00,0.000000000000000000e+00,0.000000000000000000e+00,0.000000000000000000e+00,0.000000000000000000e+00,0.000000000000000000e+00
0.000000000000000000e+00,0.000000000000000000e+00,0.000000000000000000e+00,0.000000000000000000e+00,0.000000000000000000e+00,0.000000000000000000e+00,0.000000000000000000e+00,0.000000000000000000e+00
0.000000000000000000e+00,0.000000000000000000e+00,0.000000000000000000e+00,0.000000000000000000e+00,0.000000000000000000e+00,0.000000000000000000e+00,0.000000000000000000e+00,0.000000000000000000e+00
0.000000000000000000e+00,0.000000000000000000e+00,0.000000000000000000e+00,0.000000000000000000e+00,0.000000000000000000e+00,1.658001542091369629e-01,3.326599597930908203e-01,0.000000000000000000e+00
0.000000000000000000e+00,0.000000000000000000e+00,0.000000000000000000e+00,0.000000000000000000e+00,0.000000000000000000e+00,0.000000000000000000e+00,0.000000000000000000e+00,0.000000000000000000e+00
0.000000000000000000e+00,0.000000000000000000e+00,0.000000000000000000e+00,0.000000000000000000e+00,0.000000000000000000e+00,0.000000000000000000e+00,0.000000000000000000e+00,0.000000000000000000e+00
0.000000000000000000e+00,0.000000000000000000e+00,0.000000000000000000e+00,0.000000000000000000e+00,0.000000000000000000e+00,0.000000000000000000e+00,0.000000000000000000e+00,0.000000000000000000e+00
0.000000000000000000e+00,0.000000000000000000e+00,0.000000000000000000e+00,0.000000000000000000e+00,2.479905784130096436e-01,3.631443977355957031e-01,0.000000000000000000e+00,0.000000000000000000e+00
1.399589896202087402e+00,0.000000000000000000e+00,0.000000000000000000e+00,1.784388661384582520e+00,1.077180385589599609e+00,5.977839231491088867e-01,9.012545943260192871e-01,0.000000000000000000e+00
0.000000000000000000e+00,0.000000000000000000e+00,0.000000000000000000e+00,0.000000000000000000e+00,0.000000000000000000e+00,0.000000000000000000e+00,0.000000000000000000e+00,0.000000000000000000e+00
0.000000000000000000e+00,0.000000000000000000e+00,0.000000000000000000e+00,0.000000000000000000e+00,0.000000000000000000e+00,0.000000000000000000e+00,0.000000000000000000e+00,0.000000000000000000e+00
0.000000000000000000e+00,0.000000000000000000e+00,0.000000000000000000e+00,0.000000000000000000e+00,0.000000000000000000e+00,0.000000000000000000e+00,0.000000000000000000e+00,0.000000000000000000e+00
0.000000000000000000e+00,0.000000000000000000e+00,0.000000000000000000e+00,0.000000000000000000e+00,0.000000000000000000e+00,0.000000000000000000e+00,0.000000000000000000e+00,0.000000000000000000e+00
0.000000000000000000e+00,0.000000000000000000e+00,0.000000000000000000e+00,0.000000000000000000e+00,0.000000000000000000e+00,0.000000000000000000e+00,0.000000000000000000e+00,0.000000000000000000e+00
0.000000000000000000e+00,0.000000000000000000e+00,0.000000000000000000e+00,0.000000000000000000e+00,0.000000000000000000e+00,0.000000000000000000e+00,0.000000000000000000e+00,0.000000000000000000e+00
0.000000000000000000e+00,0.000000000000000000e+00,0.000000000000000000e+00,0.000000000000000000e+00,0.000000000000000000e+00,0.000000000000000000e+00,0.000000000000000000e+00,0.000000000000000000e+00
0.000000000000000000e+00,0.000000000000000000e+00,0.000000000000000000e+00,0.000000000000000000e+00,0.000000000000000000e+00,0.000000000000000000e+00,0.000000000000000000e+00,0.000000000000000000e+00
0.000000000000000000e+00,0.000000000000000000e+00,0.000000000000000000e+00,0.000000000000000000e+00,0.000000000000000000e+00,0.000000000000000000e+00,0.000000000000000000e+00,0.000000000000000000e+00
1.234997749328613281e+00,0.000000000000000000e+00,0.000000000000000000e+00,1.754197835922241211e+00,1.812805771827697754e+00,3.019473552703857422e-01,3.556953668594360352e-01,0.000000000000000000e+00
8.625352382659912109e-01,0.000000000000000000e+00,0.000000000000000000e+00,9.437400102615356445e-01,9.733072519302368164e-01,1.513541221618652344e+00,4.758930206298828125e-01,0.000000000000000000e+00
3.179092407226562500e-01,0.000000000000000000e+00,0.000000000000000000e+00,4.274227321147918701e-01,6.828555464744567871e-01,1.024946093559265137e+00,1.532270014286041260e-01,0.000000000000000000e+00
1.102446436882019043e+00,0.000000000000000000e+00,0.000000000000000000e+00,1.478787064552307129e+00,1.055223584175109863e+00,8.545833826065063477e-01,6.159825921058654785e-01,0.000000000000000000e+00
0.000000000000000000e+00,0.000000000000000000e+00,0.000000000000000000e+00,0.000000000000000000e+00,3.550964891910552979e-01,4.052192270755767822e-01,0.000000000000000000e+00,0.000000000000000000e+00
0.000000000000000000e+00,0.000000000000000000e+00,0.000000000000000000e+00,0.000000000000000000e+00,0.000000000000000000e+00,0.000000000000000000e+00,0.000000000000000000e+00,0.000000000000000000e+00
0.000000000000000000e+00,0.000000000000000000e+00,0.000000000000000000e+00,0.000000000000000000e+00,0.000000000000000000e+00,0.000000000000000000e+00,0.000000000000000000e+00,0.000000000000000000e+00
0.000000000000000000e+00,0.000000000000000000e+00,0.000000000000000000e+00,0.000000000000000000e+00,0.000000000000000000e+00,0.000000000000000000e+00,0.000000000000000000e+00,0.000000000000000000e+00
0.000000000000000000e+00,0.000000000000000000e+00,0.000000000000000000e+00,0.000000000000000000e+00,0.000000000000000000e+00,0.000000000000000000e+00,0.000000000000000000e+00,0.000000000000000000e+00
0.000000000000000000e+00,4.710640013217926025e-02,0.000000000000000000e+00,0.000000000000000000e+00,7.137339562177658081e-02,7.062335014343261719e-01,0.000000000000000000e+00,0.000000000000000000e+00
2.038759946823120117e+00,0.000000000000000000e+00,0.000000000000000000e+00,2.458739995956420898e+00,1.472443461418151855e+00,5.894279479980468750e-01,1.227316379547119141e+00,0.000000000000000000e+00
1.118891596794128418e+00,0.000000000000000000e+00,0.000000000000000000e+00,1.147922277450561523e+00,8.660587072372436523e-01,1.513588428497314453e+00,7.048203945159912109e-01,0.000000000000000000e+00
2.650600910186767578e+00,0.000000000000000000e+00,0.000000000000000000e+00,3.146836757659912109e+00,2.217838048934936523e+00,4.309669733047485352e-01,1.318115949630737305e+00,0.000000000000000000e+00
0.000000000000000000e+00,0.000000000000000000e+00,0.000000000000000000e+00,0.000000000000000000e+00,0.000000000000000000e+00,0.000000000000000000e+00,0.000000000000000000e+00,0.000000000000000000e+00
1.528844118118286133e+00,0.000000000000000000e+00,0.000000000000000000e+00,2.104764461517333984e+00,1.591531634330749512e+00,3.029797673225402832e-01,8.496433496475219727e-01,0.000000000000000000e+00
0.000000000000000000e+00,0.000000000000000000e+00,0.000000000000000000e+00,0.000000000000000000e+00,0.000000000000000000e+00,0.000000000000000000e+00,0.000000000000000000e+00,0.000000000000000000e+00
0.000000000000000000e+00,0.000000000000000000e+00,0.000000000000000000e+00,0.000000000000000000e+00,0.000000000000000000e+00,0.000000000000000000e+00,0.000000000000000000e+00,0.000000000000000000e+00
0.000000000000000000e+00,0.000000000000000000e+00,0.000000000000000000e+00,0.000000000000000000e+00,0.000000000000000000e+00,0.000000000000000000e+00,0.000000000000000000e+00,0.000000000000000000e+00
0.000000000000000000e+00,0.000000000000000000e+00,0.000000000000000000e+00,0.000000000000000000e+00,0.000000000000000000e+00,0.000000000000000000e+00,0.000000000000000000e+00,0.000000000000000000e+00
0.000000000000000000e+00,0.000000000000000000e+00,0.000000000000000000e+00,1.174735426902770996e-01,0.000000000000000000e+00,0.000000000000000000e+00,4.474272727966308594e-01,0.000000000000000000e+00
8.847579956054687500e-01,0.000000000000000000e+00,0.000000000000000000e+00,1.029333353042602539e+00,0.000000000000000000e+00,2.276339530944824219e-01,9.511791467666625977e-01,0.000000000000000000e+00
0.000000000000000000e+00,0.000000000000000000e+00,0.000000000000000000e+00,0.000000000000000000e+00,0.000000000000000000e+00,0.000000000000000000e+00,3.705105781555175781e-01,0.000000000000000000e+00
1.517654657363891602e+00,0.000000000000000000e+00,0.000000000000000000e+00,1.872927308082580566e+00,8.196121454238891602e-01,8.104913234710693359e-01,1.179993867874145508e+00,0.000000000000000000e+00
1.644802808761596680e+00,0.000000000000000000e+00,0.000000000000000000e+00,1.801989316940307617e+00,1.319779038429260254e+00,1.106745243072509766e+00,1.141258597373962402e+00,0.000000000000000000e+00
1.700430870056152344e+00,0.000000000000000000e+00,0.000000000000000000e+00,1.727203845977783203e+00,1.536112308502197266e+00,1.307685375213623047e+00,1.261241436004638672e+00,0.000000000000000000e+00
1.681240439414978027e+00,0.000000000000000000e+00,0.000000000000000000e+00,1.691978573799133301e+00,1.497380733489990234e+00,1.317393779754638672e+00,1.262978315353393555e+00,0.000000000000000000e+00
1.637991905212402344e+00,0.000000000000000000e+00,0.000000000000000000e+00,1.708795785903930664e+00,1.421172618865966797e+00,1.207459688186645508e+00,1.205342054367065430e+00,0.000000000000000000e+00
1.645480394363403320e+00,0.000000000000000000e+00,0.000000000000000000e+00,1.681852340698242188e+00,1.464610338211059570e+00,1.252721071243286133e+00,1.239557623863220215e+00,0.000000000000000000e+00
1.859491467475891113e+00,0.000000000000000000e+00,0.000000000000000000e+00,1.930282473564147949e+00,1.658701539039611816e+00,1.377880573272705078e+00,1.264162063598632812e+00,0.000000000000000000e+00
