1.901988506317138672e+00,0.000000000000000000e+00,0.000000000000000000e+00,1.379050612449645996e+00,0.000000000000000000e+00,0.000000000000000000e+00,1.185539603233337402e+00,9.273685216903686523e-01
0.000000000000000000e+00,0.000000000000000000e+00,3.457819461822509766e+00,4.833596944808959961e-02,0.000000000000000000e+00,0.000000000000000000e+00,0.000000000000000000e+00,2.760138511657714844e-01
0.000000000000000000e+00,0.000000000000000000e+00,3.468843460083007812e+00,3.789579868316650391e-02,0.000000000000000000e+00,0.000000000000000000e+00,0.000000000000000000e+00,3.161408007144927979e-01
0.000000000000000000e+00,0.000000000000000000e+00,3.219795227050781250e+00,2.013518810272216797e-01,0.000000000000000000e+00,0.000000000000000000e+00,0.000000000000000000e+00,4.070485532283782959e-01
0.000000000000000000e+00,0.000000000000000000e+00,2.851342439651489258e+00,0.000000000000000000e+00,0.000000000000000000e+00,0.000000000000000000e+00,0.000000000000000000e+00,1.660205274820327759e-01
0.000000000000000000e+00,0.000000000000000000e+00,2.940742015838623047e+00,3.754556179046630859e-02,0.000000000000000000e+00,0.000000000000000000e+00,0.000000000000000000e+00,2.192836701869964600e-01
0.000000000000000000e+00,0.000000000000000000e+00,3.006021976470947266e+00,8.088135719299316406e-02,0.000000000000000000e+00,0.000000000000000000e+00,0.000000000000000000e+00,2.543203830718994141e-01
0.000000000000000000e+00,0.000000000000000000e+00,2.895070314407348633e+00,0.000000000000000000e+00,0.000000000000000000e+00,0.000000000000000000e+00,0.000000000000000000e+00,1.220966205000877380e-01
0.000000000000000000e+00,0.000000000000000000e+00,2.975995540618896484e+00,1.719503998756408691e-01,0.000000000000000000e+00,0.000000000000000000e+00,0.000000000000000000e+00,2.571333050727844238e-01
0.000000000000000000e+00,0.000000000000000000e+00,2.488639354705810547e+00,4.086747765541076660e-01,0.000000000000000000e+00,0.000000000000000000e+00,0.000000000000000000e+00,4.246058464050292969e-01
0.000000000000000000e+00,0.000000000000000000e+00,2.347720146179199219e+00,4.026309251785278320e-01,0.000000000000000000e+00,0.000000000000000000e+00,0.000000000000000000e+00,4.110080897808074951e-01
1.037185668945312500e+00,2.726552724838256836e+00,0.000000000000000000e+00,0.000000000000000000e+00,0.000000000000000000e+00,0.000000000000000000e+00,0.000000000000000000e+00,0.000000000000000000e+00
9.243160486221313477e-03,3.486463427543640137e-01,0.000000000000000000e+00,7.501655817031860352e-02,0.000000000000000000e+00,0.000000000000000000e+00,7.860907912254333496e-02,0.000000000000000000e+00
6.564852595329284668e-01,3.225474119186401367e+00,0.000000000000000000e+00,0.000000000000000000e+00,0.000000000000000000e+00,0.000000000000000000e+00,0.000000000000000000e+00,0.000000000000000000e+00
1.380608081817626953e+00,2.171503067016601562e+00,0.000000000000000000e+00,0.000000000000000000e+00,0.000000000000000000e+00,0.000000000000000000e+00,0.000000000000000000e+00,0.000000000000000000e+00
0.000000000000000000e+00,1.952771425247192383e+00,0.000000000000000000e+00,0.000000000000000000e+00,0.000000000000000000e+00,0.000000000000000000e+00,0.000000000000000000e+00,0.000000000000000000e+00
1.965846776962280273e+00,2.696468830108642578e+00,0.000000000000000000e+00,0.000000000000000000e+00,0.000000000000000000e+00,0.000000000000000000e+00,0.000000000000000000e+00,0.000000000000000000e+00
0.000000000000000000e+00,2.421882390975952148e+00,0.000000000000000000e+00,0.000000000000000000e+00,0.000000000000000000e+00,0.000000000000000000e+00,0.000000000000000000e+00,0.000000000000000000e+00
0.000000000000000000e+00,0.000000000000000000e+00,2.959855079650878906e+00,0.000000000000000000e+00,0.000000000000000000e+00,0.000000000000000000e+00,0.000000000000000000e+00,4.702710360288619995e-02
0.000000000000000000e+00,0.000000000000000000e+00,2.564614772796630859e+00,0.000000000000000000e+00,0.000000000000000000e+00,0.000000000000000000e+00,0.000000000000000000e+00,0.000000000000000000e+00
0.000000000000000000e+00,9.495901465415954590e-01,4.250049963593482971e-02,0.000000000000000000e+00,0.000000000000000000e+00,0.000000000000000000e+00,0.000000000000000000e+00,0.000000000000000000e+00
2.108376264572143555e+00,1.681067347526550293e+00,0.000000000000000000e+00,0.000000000000000000e+00,0.000000000000000000e+00,0.000000000000000000e+00,1.147668361663818359e-01,0.000000000000000000e+00
6.949798762798309326e-02,1.019872128963470459e-01,9.048993885517120361e-02,2.554354369640350342e-01,0.000000000000000000e+00,0.000000000000000000e+00,2.134144604206085205e-01,0.000000000000000000e+00
1.999045848846435547e+00,2.611872673034667969e+00,0.000000000000000000e+00,0.000000000000000000e+00,0.000000000000000000e+00,0.000000000000000000e+00,0.000000000000000000e+00,0.000000000000000000e+00
2.012428522109985352e+00,2.507736206054687500e+00,0.000000000000000000e+00,0.000000000000000000e+00,0.000000000000000000e+00,0.000000000000000000e+00,0.000000000000000000e+00,0.000000000000000000e+00
5.428444147109985352e-01,1.377555012702941895e+00,0.000000000000000000e+00,0.000000000000000000e+00,0.000000000000000000e+00,0.000000000000000000e+00,0.000000000000000000e+00,0.000000000000000000e+00
1.840569972991943359e-01,2.727302789688110352e+00,0.000000000000000000e+00,0.000000000000000000e+00,0.000000000000000000e+00,0.000000000000000000e+00,0.000000000000000000e+00,0.000000000000000000e+00
1.829645395278930664e+00,2.435676336288452148e+00,0.000000000000000000e+00,0.000000000000000000e+00,0.000000000000000000e+00,0.000000000000000000e+00,0.000000000000000000e+00,0.000000000000000000e+00
6.166452914476394653e-02,3.159177899360656738e-01,0.000000000000000000e+00,1.388927400112152100e-01,0.000000000000000000e+00,0.000000000000000000e+00,1.159045100212097168e-01,0.000000000000000000e+00
2.341937541961669922e+00,2.570984840393066406e+00,0.000000000000000000e+00,0.000000000000000000e+00,0.000000000000000000e+00,0.000000000000000000e+00,0.000000000000000000e+00,0.000000000000000000e+00
1.352181911468505859e+00,7.313200235366821289e-01,0.000000000000000000e+00,6.783694028854370117e-03,0.000000000000000000e+00,0.000000000000000000e+00,4.036168754100799561e-01,0.000000000000000000e+00
0.000000000000000000e+00,8.424161672592163086e-01,0.000000000000000000e+00,0.000000000000000000e+00,0.000000000000000000e+00,0.000000000000000000e+00,0.000000000000000000e+00,0.000000000000000000e+00
0.000000000000000000e+00,1.976140737533569336e+00,0.000000000000000000e+00,0.000000000000000000e+00,0.000000000000000000e+00,0.000000000000000000e+00,0.000000000000000000e+00,0.000000000000000000e+00
0.000000000000000000e+00,0.000000000000000000e+00,2.851272583007812500e+00,0.000000000000000000e+00,0.000000000000000000e+00,0.000000000000000000e+00,0.000000000000000000e+00,1.169650070369243622e-02
1.259259462356567383e+00,2.029532670974731445e+00,0.000000000000000000e+00,0.000000000000000000e+00,0.000000000000000000e+00,0.000000000000000000e+00,0.000000000000000000e+00,0.000000000000000000e+00
1.674482822418212891e+00,2.900584697723388672e+00,0.000000000000000000e+00,0.000000000000000000e+00,0.000000000000000000e+00,0.000000000000000000e+00,0.000000000000000000e+00,0.000000000000000000e+00
0.000000000000000000e+00,9.750781059265136719e-01,0.000000000000000000e+00,0.000000000000000000e+00,0.000000000000000000e+00,0.000000000000000000e+00,0.000000000000000000e+00,0.000000000000000000e+00
2.421496391296386719e+00,2.779755353927612305e+00,0.000000000000000000e+00,0.000000000000000000e+00,0.000000000000000000e+00,0.000000000000000000e+00,0.000000000000000000e+00,0.000000000000000000e+00
0.000000000000000000e+00,2.588941335678100586e+00,0.000000000000000000e+00,0.000000000000000000e+00,0.000000000000000000e+00,0.000000000000000000e+00,0.000000000000000000e+00,0.000000000000000000e+00
0.000000000000000000e+00,1.753785729408264160e+00,0.000000000000000000e+00,0.000000000000000000e+00,0.000000000000000000e+00,0.000000000000000000e+00,0.000000000000000000e+00,0.000000000000000000e+00
0.000000000000000000e+00,2.061322629451751709e-01,2.763444662094116211e+00,0.000000000000000000e+00,0.000000000000000000e+00,0.000000000000000000e+00,0.000000000000000000e+00,0.000000000000000000e+00
0.000000000000000000e+00,0.000000000000000000e+00,3.121006488800048828e+00,0.000000000000000000e+00,0.000000000000000000e+00,0.000000000000000000e+00,0.000000000000000000e+00,0.000000000000000000e+00
1.676321029663085938e+00,2.043529033660888672e+00,0.000000000000000000e+00,0.000000000000000000e+00,0.000000000000000000e+00,0.000000000000000000e+00,0.000000000000000000e+00,0.000000000000000000e+00
9.067255258560180664e-02,3.547264039516448975e-01,0.000000000000000000e+00,1.423448026180267334e-01,0.000000000000000000e+00,0.000000000000000000e+00,1.369098722934722900e-01,0.000000000000000000e+00
2.692195653915405273e+00,1.772925496101379395e+00,0.000000000000000000e+00,0.000000000000000000e+00,0.000000000000000000e+00,0.000000000000000000e+00,1.253123283386230469e-01,0.000000000000000000e+00
7.098594307899475098e-02,1.401014208793640137e+00,0.000000000000000000e+00,0.000000000000000000e+00,0.000000000000000000e+00,0.000000000000000000e+00,0.000000000000000000e+00,0.000000000000000000e+00
1.878665208816528320e+00,1.940667152404785156e+00,0.000000000000000000e+00,0.000000000000000000e+00,0.000000000000000000e+00,0.000000000000000000e+00,0.000000000000000000e+00,0.000000000000000000e+00
1.417947411537170410e-01,3.132755041122436523e+00,0.000000000000000000e+00,0.000000000000000000e+00,0.000000000000000000e+00,0.000000000000000000e+00,0.000000000000000000e+00,0.000000000000000000e+00
1.761539876461029053e-01,2.649397373199462891e+00,0.000000000000000000e+00,0.000000000000000000e+00,0.000000000000000000e+00,0.000000000000000000e+00,0.000000000000000000e+00,0.000000000000000000e+00
0.000000000000000000e+00,0.000000000000000000e+00,2.709219932556152344e+00,0.000000000000000000e+00,0.000000000000000000e+00,0.000000000000000000e+00,0.000000000000000000e+00,0.000000000000000000e+00
0.000000000000000000e+00,8.184422254562377930e-01,1.339890956878662109e+00,0.000000000000000000e+00,0.000000000000000000e+00,0.000000000000000000e+00,0.000000000000000000e+00,0.000000000000000000e+00
3.756870329380035400e-02,1.625753164291381836e+00,0.000000000000000000e+00,0.000000000000000000e+00,0.000000000000000000e+00,0.000000000000000000e+00,0.000000000000000000e+00,0.000000000000000000e+00
2.445095300674438477e+00,2.777659416198730469e+00,0.000000000000000000e+00,0.000000000000000000e+00,0.000000000000000000e+00,0.000000000000000000e+00,0.000000000000000000e+00,0.000000000000000000e+00
1.012787580490112305e+00,2.741523027420043945e+00,0.000000000000000000e+00,0.000000000000000000e+00,0.000000000000000000e+00,0.000000000000000000e+00,0.000000000000000000e+00,0.000000000000000000e+00
8.521632850170135498e-02,1.937212944030761719e+00,0.000000000000000000e+00,0.000000000000000000e+00,0.000000000000000000e+00,0.000000000000000000e+00,0.000000000000000000e+00,0.000000000000000000e+00
1.070528149604797363e+00,1.878774523735046387e+00,0.000000000000000000e+00,0.000000000000000000e+00,0.000000000000000000e+00,0.000000000000000000e+00,0.000000000000000000e+00,0.000000000000000000e+00
0.000000000000000000e+00,7.796604633331298828e-01,0.000000000000000000e+00,0.000000000000000000e+00,0.000000000000000000e+00,0.000000000000000000e+00,0.000000000000000000e+00,0.000000000000000000e+00
0.000000000000000000e+00,0.000000000000000000e+00,3.238289833068847656e+00,2.004623413085937500e-03,0.000000000000000000e+00,0.000000000000000000e+00,0.000000000000000000e+00,2.293970733880996704e-01
0.000000000000000000e+00,0.000000000000000000e+00,2.997002124786376953e+00,3.007751703262329102e-02,0.000000000000000000e+00,0.000000000000000000e+00,0.000000000000000000e+00,2.288185805082321167e-01
0.000000000000000000e+00,0.000000000000000000e+00,2.782315254211425781e+00,0.000000000000000000e+00,0.000000000000000000e+00,0.000000000000000000e+00,0.000000000000000000e+00,7.731936872005462646e-02
0.000000000000000000e+00,0.000000000000000000e+00,2.914773941040039062e+00,0.000000000000000000e+00,0.000000000000000000e+00,0.000000000000000000e+00,0.000000000000000000e+00,8.460912853479385376e-02
0.000000000000000000e+00,0.000000000000000000e+00,2.885073661804199219e+00,4.005771875381469727e-02,0.000000000000000000e+00,0.000000000000000000e+00,0.000000000000000000e+00,1.793574839830398560e-01
0.000000000000000000e+00,0.000000000000000000e+00,2.941496372222900391e+00,0.000000000000000000e+00,0.000000000000000000e+00,0.000000000000000000e+00,0.000000000000000000e+00,1.768850088119506836e-01
0.000000000000000000e+00,0.000000000000000000e+00,2.852563381195068359e+00,0.000000000000000000e+00,0.000000000000000000e+00,0.000000000000000000e+00,0.000000000000000000e+00,4.733819514513015747e-02
0.000000000000000000e+00,0.000000000000000000e+00,2.970386028289794922e+00,4.565715789794921875e-04,0.000000000000000000e+00,0.000000000000000000e+00,0.000000000000000000e+00,1.659447252750396729e-01
0.000000000000000000e+00,0.000000000000000000e+00,2.852497100830078125e+00,0.000000000000000000e+00,0.000000000000000000e+00,0.000000000000000000e+00,0.000000000000000000e+00,1.416780203580856323e-01
8.909994363784790039e-02,0.000000000000000000e+00,2.247504711151123047e+00,1.873611092567443848e+00,0.000000000000000000e+00,0.000000000000000000e+00,6.597725749015808105e-01,1.473876833915710449e+00
1.979267358779907227e+00,0.000000000000000000e+00,8.939338326454162598e-01,2.426640987396240234e+00,0.000000000000000000e+00,0.000000000000000000e+00,1.541721343994140625e+00,1.877027153968811035e+00
2.932266235351562500e+00,0.000000000000000000e+00,5.098297074437141418e-02,2.649181365966796875e+00,0.000000000000000000e+00,0.000000000000000000e+00,2.061868667602539062e+00,1.957661509513854980e+00
2.051547765731811523e+00,0.000000000000000000e+00,0.000000000000000000e+00,1.484692811965942383e+00,0.000000000000000000e+00,0.000000000000000000e+00,1.275572896003723145e+00,1.010967969894409180e+00
0.000000000000000000e+00,0.000000000000000000e+00,3.363045930862426758e+00,0.000000000000000000e+00,0.000000000000000000e+00,0.000000000000000000e+00,0.000000000000000000e+00,1.994559764862060547e-01
0.000000000000000000e+00,0.000000000000000000e+00,3.449392080307006836e+00,1.554731130599975586e-01,0.000000000000000000e+00,0.000000000000000000e+00,0.000000000000000000e+00,3.601185083389282227e-01
0.000000000000000000e+00,0.000000000000000000e+00,2.900547027587890625e+00,0.000000000000000000e+00,0.000000000000000000e+00,0.000000000000000000e+00,0.000000000000000000e+00,1.324141621589660645e-01
0.000000000000000000e+00,0.000000000000000000e+00,2.837717771530151367e+00,0.000000000000000000e+00,0.000000000000000000e+00,0.000000000000000000e+00,0.000000000000000000e+00,1.046591326594352722e-01
0.000000000000000000e+00,0.000000000000000000e+00,2.807586193084716797e+00,0.000000000000000000e+00,0.000000000000000000e+00,0.000000000000000000e+00,0.000000000000000000e+00,7.036101073026657104e-02
0.000000000000000000e+00,0.000000000000000000e+00,2.982249736785888672e+00,3.024208545684814453e-01,0.000000000000000000e+00,0.000000000000000000e+00,0.000000000000000000e+00,3.621814250946044922e-01
1.526069879531860352e+00,0.000000000000000000e+00,0.000000000000000000e+00,1.137858629226684570e+00,0.000000000000000000e+00,0.000000000000000000e+00,9.254773855209350586e-01,7.570353746414184570e-01
2.083106279373168945e+00,3.938929140567779541e-01,0.000000000000000000e+00,2.430509328842163086e-01,0.000000000000000000e+00,0.000000000000000000e+00,6.376076340675354004e-01,2.001931667327880859e-01
2.555347442626953125e+00,0.000000000000000000e+00,0.000000000000000000e+00,9.712587594985961914e-01,0.000000000000000000e+00,0.000000000000000000e+00,1.069111108779907227e+00,7.479687929153442383e-01
2.532455921173095703e+00,0.000000000000000000e+00,0.000000000000000000e+00,1.075570821762084961e+00,0.000000000000000000e+00,0.000000000000000000e+00,1.108742237091064453e+00,8.215560913085937500e-01
1.511738300323486328e+00,2.711150944232940674e-01,0.000000000000000000e+00,3.381864130496978760e-01,0.000000000000000000e+00,0.000000000000000000e+00,5.922862291336059570e-01,2.147869318723678589e-01
1.547769308090209961e-01,2.430519104003906250e+00,0.000000000000000000e+00,0.000000000000000000e+00,0.000000000000000000e+00,0.000000000000000000e+00,0.000000000000000000e+00,0.000000000000000000e+00
0.000000000000000000e+00,1.523348569869995117e+00,1.433018893003463745e-01,0.000000000000000000e+00,0.000000000000000000e+00,0.000000000000000000e+00,0.000000000000000000e+00,0.000000000000000000e+00
0.000000000000000000e+00,0.000000000000000000e+00,2.977931976318359375e+00,0.000000000000000000e+00,0.000000000000000000e+00,0.000000000000000000e+00,0.000000000000000000e+00,3.683854639530181885e-02
1.891525030136108398e+00,6.066722869873046875e-01,0.000000000000000000e+00,9.743821620941162109e-02,0.000000000000000000e+00,0.000000000000000000e+00,4.987887144088745117e-01,8.379600197076797485e-02
9.859983325004577637e-01,0.000000000000000000e+00,6.779041141271591187e-03,1.353532791137695312e+00,0.000000000000000000e+00,0.000000000000000000e+00,9.681988358497619629e-01,7.713025808334350586e-01
2.303806781768798828e+00,1.667904973030090332e+00,0.000000000000000000e+00,0.000000000000000000e+00,0.000000000000000000e+00,0.000000000000000000e+00,1.085026264190673828e-01,0.000000000000000000e+00
1.365701258182525635e-01,2.967112958431243896e-01,0.000000000000000000e+00,2.053246200084686279e-01,0.000000000000000000e+00,0.000000000000000000e+00,1.662301123142242432e-01,0.000000000000000000e+00
2.562571287155151367e+00,2.912785053253173828e+00,0.000000000000000000e+00,0.000000000000000000e+00,0.000000000000000000e+00,0.000000000000000000e+00,0.000000000000000000e+00,0.000000000000000000e+00
0.000000000000000000e+00,8.959795236587524414e-01,1.482198536396026611e-01,0.000000000000000000e+00,0.000000000000000000e+00,0.000000000000000000e+00,0.000000000000000000e+00,0.000000000000000000e+00
0.000000000000000000e+00,1.130600452423095703e+00,8.302940726280212402e-01,0.000000000000000000e+00,0.000000000000000000e+00,0.000000000000000000e+00,0.000000000000000000e+00,0.000000000000000000e+00
0.000000000000000000e+00,0.000000000000000000e+00,1.207071304321289062e+00,1.879237592220306396e-01,0.000000000000000000e+00,0.000000000000000000e+00,4.604753851890563965e-02,1.878554932773113251e-02
2.629907131195068359e+00,8.013899326324462891e-01,0.000000000000000000e+00,0.000000000000000000e+00,0.000000000000000000e+00,0.000000000000000000e+00,5.251538753509521484e-01,3.903264552354812622e-02
2.255817502737045288e-01,2.431647777557373047e-01,0.000000000000000000e+00,2.896455824375152588e-01,0.000000000000000000e+00,0.000000000000000000e+00,2.169236540794372559e-01,0.000000000000000000e+00
2.689689874649047852e+00,1.076496601104736328e+00,0.000000000000000000e+00,0.000000000000000000e+00,0.000000000000000000e+00,0.000000000000000000e+00,4.761534333229064941e-01,0.000000000000000000e+00
2.326542377471923828e+00,0.000000000000000000e+00,0.000000000000000000e+00,7.824077010154724121e-01,0.000000000000000000e+00,0.000000000000000000e+00,9.481371641159057617e-01,6.032606959342956543e-01
3.683186769485473633e-01,2.610704421997070312e+00,0.000000000000000000e+00,0.000000000000000000e+00,0.000000000000000000e+00,0.000000000000000000e+00,0.000000000000000000e+00,0.000000000000000000e+00
0.000000000000000000e+00,1.999801158905029297e+00,0.000000000000000000e+00,0.000000000000000000e+00,0.000000000000000000e+00,0.000000000000000000e+00,0.000000000000000000e+00,0.000000000000000000e+00
0.000000000000000000e+00,0.000000000000000000e+00,2.170652866363525391e+00,0.000000000000000000e+00,0.000000000000000000e+00,0.000000000000000000e+00,0.000000000000000000e+00,0.000000000000000000e+00
9.233545511960983276e-02,1.043884992599487305e+00,0.000000000000000000e+00,0.000000000000000000e+00,0.000000000000000000e+00,0.000000000000000000e+00,0.000000000000000000e+00,0.000000000000000000e+00
3.419628620147705078e+00,0.000000000000000000e+00,0.000000000000000000e+00,9.590872526168823242e-01,0.000000000000000000e+00,0.000000000000000000e+00,1.148049831390380859e+00,8.227240443229675293e-01
3.667504072189331055e+00,1.615494608879089355e+00,0.000000000000000000e+00,0.000000000000000000e+00,0.000000000000000000e+00,0.000000000000000000e+00,3.750036954879760742e-01,0.000000000000000000e+00
3.359441757202148438e+00,0.000000000000000000e+00,0.000000000000000000e+00,5.507850646972656250e-01,0.000000000000000000e+00,0.000000000000000000e+00,9.621115326881408691e-01,5.370784997940063477e-01
3.298802137374877930e+00,8.991721868515014648e-01,0.000000000000000000e+00,0.000000000000000000e+00,0.000000000000000000e+00,0.000000000000000000e+00,6.270810365676879883e-01,1.729995571076869965e-02
9.410086870193481445e-01,0.000000000000000000e+00,0.000000000000000000e+00,8.614663481712341309e-01,0.000000000000000000e+00,0.000000000000000000e+00,7.390216588973999023e-01,4.856143593788146973e-01
0.000000000000000000e+00,1.648412227630615234e+00,3.309976458549499512e-01,0.000000000000000000e+00,0.000000000000000000e+00,0.000000000000000000e+00,0.000000000000000000e+00,0.000000000000000000e+00
0.000000000000000000e+00,1.512086391448974609e-01,1.535179376602172852e+00,0.000000000000000000e+00,0.000000000000000000e+00,0.000000000000000000e+00,0.000000000000000000e+00,0.000000000000000000e+00
1.196576595306396484e+00,9.968787431716918945e-01,0.000000000000000000e+00,0.000000000000000000e+00,0.000000000000000000e+00,0.000000000000000000e+00,1.862847208976745605e-01,0.000000000000000000e+00
2.204505920410156250e+00,1.386850237846374512e+00,0.000000000000000000e+00,0.000000000000000000e+00,0.000000000000000000e+00,0.000000000000000000e+00,2.538130879402160645e-01,0.000000000000000000e+00
3.973406076431274414e+00,3.888486325740814209e-01,0.000000000000000000e+00,2.753120064735412598e-01,0.000000000000000000e+00,0.000000000000000000e+00,8.895587921142578125e-01,4.030711054801940918e-01
3.630862236022949219e+00,0.000000000000000000e+00,0.000000000000000000e+00,1.329361319541931152e+00,0.000000000000000000e+00,0.000000000000000000e+00,1.465222120285034180e+00,1.077792167663574219e+00
2.503247022628784180e+00,1.015173316001892090e+00,0.000000000000000000e+00,0.000000000000000000e+00,0.000000000000000000e+00,0.000000000000000000e+00,4.591098427772521973e-01,0.000000000000000000e+00
0.000000000000000000e+00,2.375591993331909180e+00,0.000000000000000000e+00,0.000000000000000000e+00,0.000000000000000000e+00,0.000000000000000000e+00,0.000000000000000000e+00,0.000000000000000000e+00
0.000000000000000000e+00,0.000000000000000000e+00,2.193385362625122070e+00,0.000000000000000000e+00,0.000000000000000000e+00,0.000000000000000000e+00,0.000000000000000000e+00,0.000000000000000000e+00
7.146017551422119141e-01,1.005020141601562500e+00,0.000000000000000000e+00,0.000000000000000000e+00,0.000000000000000000e+00,0.000000000000000000e+00,1.627274155616760254e-01,0.000000000000000000e+00
6.077405810356140137e-02,0.000000000000000000e+00,1.425884962081909180e-01,3.807507157325744629e-01,0.000000000000000000e+00,0.000000000000000000e+00,2.473179996013641357e-01,6.305392086505889893e-02
1.964156866073608398e+00,2.274804115295410156e+00,0.000000000000000000e+00,0.000000000000000000e+00,0.000000000000000000e+00,0.000000000000000000e+00,0.000000000000000000e+00,0.000000000000000000e+00
0.000000000000000000e+00,2.262907505035400391e+00,0.000000000000000000e+00,0.000000000000000000e+00,0.000000000000000000e+00,0.000000000000000000e+00,0.000000000000000000e+00,0.000000000000000000e+00
4.290601313114166260e-01,0.000000000000000000e+00,3.656607568264007568e-01,3.750517964363098145e-01,0.000000000000000000e+00,0.000000000000000000e+00,3.672197163105010986e-01,2.232868671417236328e-01
1.745501160621643066e-01,0.000000000000000000e+00,2.350301742553710938e-01,5.124767422676086426e-01,0.000000000000000000e+00,0.000000000000000000e+00,3.254825770854949951e-01,1.896735131740570068e-01
3.028260707855224609e+00,0.000000000000000000e+00,0.000000000000000000e+00,1.353137373924255371e+00,0.000000000000000000e+00,0.000000000000000000e+00,1.185395717620849609e+00,1.062144160270690918e+00
1.153881549835205078e+00,0.000000000000000000e+00,2.335944652557373047e+00,2.574521064758300781e+00,0.000000000000000000e+00,0.000000000000000000e+00,1.207276701927185059e+00,2.077267885208129883e+00
0.000000000000000000e+00,0.000000000000000000e+00,2.515348434448242188e+00,6.857272386550903320e-01,0.000000000000000000e+00,0.000000000000000000e+00,0.000000000000000000e+00,6.348687410354614258e-01
0.000000000000000000e+00,0.000000000000000000e+00,2.775302171707153320e+00,0.000000000000000000e+00,0.000000000000000000e+00,0.000000000000000000e+00,0.000000000000000000e+00,8.741842955350875854e-02
0.000000000000000000e+00,0.000000000000000000e+00,3.156937122344970703e+00,0.000000000000000000e+00,0.000000000000000000e+00,0.000000000000000000e+00,0.000000000000000000e+00,1.925663948059082031e-01
0.000000000000000000e+00,0.000000000000000000e+00,2.862353086471557617e+00,0.000000000000000000e+00,0.000000000000000000e+00,0.000000000000000000e+00,0.000000000000000000e+00,1.282331645488739014e-01
0.000000000000000000e+00,0.000000000000000000e+00,2.991045713424682617e+00,1.690083146095275879e-01,0.000000000000000000e+00,0.000000000000000000e+00,0.000000000000000000e+00,3.324057161808013916e-01
0.000000000000000000e+00,0.000000000000000000e+00,2.892794370651245117e+00,0.000000000000000000e+00,0.000000000000000000e+00,0.000000000000000000e+00,0.000000000000000000e+00,1.114908978343009949e-01
0.000000000000000000e+00,0.000000000000000000e+00,3.005676746368408203e+00,2.178575992584228516e-01,0.000000000000000000e+00,0.000000000000000000e+00,0.000000000000000000e+00,3.739286661148071289e-01
2.123647212982177734e+00,0.000000000000000000e+00,3.872810602188110352e-01,2.118690490722656250e+00,0.000000000000000000e+00,0.000000000000000000e+00,1.490524411201477051e+00,1.574577450752258301e+00
2.705394744873046875e+00,0.000000000000000000e+00,0.000000000000000000e+00,1.521565437316894531e+00,0.000000000000000000e+00,0.000000000000000000e+00,1.517205476760864258e+00,1.214472532272338867e+00
0.000000000000000000e+00,0.000000000000000000e+00,2.662885665893554688e+00,5.714164376258850098e-01,0.000000000000000000e+00,0.000000000000000000e+00,0.000000000000000000e+00,5.235375761985778809e-01
0.000000000000000000e+00,0.000000000000000000e+00,3.472830057144165039e+00,3.691363334655761719e-02,0.000000000000000000e+00,0.000000000000000000e+00,0.000000000000000000e+00,3.088369071483612061e-01
0.000000000000000000e+00,0.000000000000000000e+00,3.172088623046875000e+00,7.969099283218383789e-02,0.000000000000000000e+00,0.000000000000000000e+00,0.000000000000000000e+00,2.871851325035095215e-01
0.000000000000000000e+00,0.000000000000000000e+00,3.252701759338378906e+00,6.390047073364257812e-02,0.000000000000000000e+00,0.000000000000000000e+00,0.000000000000000000e+00,2.911120057106018066e-01
0.000000000000000000e+00,0.000000000000000000e+00,2.960689783096313477e+00,0.000000000000000000e+00,0.000000000000000000e+00,0.000000000000000000e+00,0.000000000000000000e+00,1.157289072871208191e-01
0.000000000000000000e+00,0.000000000000000000e+00,2.977008819580078125e+00,0.000000000000000000e+00,0.000000000000000000e+00,0.000000000000000000e+00,0.000000000000000000e+00,1.546284854412078857e-01
0.000000000000000000e+00,0.000000000000000000e+00,2.918263673782348633e+00,7.625406980514526367e-02,0.000000000000000000e+00,0.000000000000000000e+00,0.000000000000000000e+00,2.282558828592300415e-01
0.000000000000000000e+00,0.000000000000000000e+00,2.864541530609130859e+00,2.198010087013244629e-01,0.000000000000000000e+00,0.000000000000000000e+00,0.000000000000000000e+00,2.839660048484802246e-01
0.000000000000000000e+00,0.000000000000000000e+00,3.069355249404907227e+00,0.000000000000000000e+00,0.000000000000000000e+00,0.000000000000000000e+00,0.000000000000000000e+00,1.527831852436065674e-01
0.000000000000000000e+00,0.000000000000000000e+00,1.968075037002563477e+00,2.444112300872802734e-02,0.000000000000000000e+00,0.000000000000000000e+00,0.000000000000000000e+00,7.376965880393981934e-02
2.749884128570556641e-01,5.399701595306396484e-01,0.000000000000000000e+00,1.904755234718322754e-01,0.000000000000000000e+00,0.000000000000000000e+00,1.602858752012252808e-01,0.000000000000000000e+00
1.538642168045043945e+00,2.558103084564208984e+00,0.000000000000000000e+00,0.000000000000000000e+00,0.000000000000000000e+00,0.000000000000000000e+00,0.000000000000000000e+00,0.000000000000000000e+00
1.539663314819335938e+00,2.556458473205566406e+00,0.000000000000000000e+00,0.000000000000000000e+00,0.000000000000000000e+00,0.000000000000000000e+00,0.000000000000000000e+00,0.000000000000000000e+00
6.859881877899169922e-01,1.249264597892761230e+00,0.000000000000000000e+00,0.000000000000000000e+00,0.000000000000000000e+00,0.000000000000000000e+00,5.010363459587097168e-02,0.000000000000000000e+00
2.645170688629150391e-02,6.073716878890991211e-01,0.000000000000000000e+00,0.000000000000000000e+00,0.000000000000000000e+00,0.000000000000000000e+00,6.000164151191711426e-02,0.000000000000000000e+00
0.000000000000000000e+00,2.000028848648071289e+00,0.000000000000000000e+00,0.000000000000000000e+00,0.000000000000000000e+00,0.000000000000000000e+00,0.000000000000000000e+00,0.000000000000000000e+00
0.000000000000000000e+00,2.240009903907775879e-01,2.370782136917114258e+00,0.000000000000000000e+00,0.000000000000000000e+00,0.000000000000000000e+00,0.000000000000000000e+00,0.000000000000000000e+00
0.000000000000000000e+00,4.455247521400451660e-02,1.547551393508911133e+00,2.378675341606140137e-02,0.000000000000000000e+00,0.000000000000000000e+00,0.000000000000000000e+00,0.000000000000000000e+00
2.617878675460815430e+00,0.000000000000000000e+00,0.000000000000000000e+00,8.423985242843627930e-01,0.000000000000000000e+00,0.000000000000000000e+00,1.002350211143493652e+00,6.664136648178100586e-01
1.560157775878906250e+00,9.817734956741333008e-01,0.000000000000000000e+00,0.000000000000000000e+00,0.000000000000000000e+00,0.000000000000000000e+00,2.897383570671081543e-01,0.000000000000000000e+00
1.626776605844497681e-01,0.000000000000000000e+00,6.314530968666076660e-02,4.021922051906585693e-01,0.000000000000000000e+00,0.000000000000000000e+00,3.032225668430328369e-01,1.078303679823875427e-01
1.884536981582641602e+00,1.749700427055358887e+00,0.000000000000000000e+00,0.000000000000000000e+00,0.000000000000000000e+00,0.000000000000000000e+00,5.656671524047851562e-02,0.000000000000000000e+00
7.423629611730575562e-02,8.885158300399780273e-01,0.000000000000000000e+00,0.000000000000000000e+00,0.000000000000000000e+00,0.000000000000000000e+00,2.442598342895507812e-03,0.000000000000000000e+00
9.152200818061828613e-02,2.285122394561767578e+00,0.000000000000000000e+00,0.000000000000000000e+00,0.000000000000000000e+00,0.000000000000000000e+00,0.000000000000000000e+00,0.000000000000000000e+00
0.000000000000000000e+00,0.000000000000000000e+00,2.543714284896850586e+00,0.000000000000000000e+00,0.000000000000000000e+00,0.000000000000000000e+00,0.000000000000000000e+00,0.000000000000000000e+00
0.000000000000000000e+00,1.168683469295501709e-01,4.495057463645935059e-01,2.250006943941116333e-01,0.000000000000000000e+00,0.000000000000000000e+00,1.508912742137908936e-01,1.113936491310596466e-02
1.826770305633544922e+00,9.640804529190063477e-01,0.000000000000000000e+00,0.000000000000000000e+00,0.000000000000000000e+00,0.000000000000000000e+00,3.486682176589965820e-01,0.000000000000000000e+00
1.326248884201049805e+00,2.552108764648437500e+00,0.000000000000000000e+00,0.000000000000000000e+00,0.000000000000000000e+00,0.000000000000000000e+00,0.000000000000000000e+00,0.000000000000000000e+00
1.347360372543334961e+00,2.593187332153320312e+00,0.000000000000000000e+00,0.000000000000000000e+00,0.000000000000000000e+00,0.000000000000000000e+00,0.000000000000000000e+00,0.000000000000000000e+00
1.419642567634582520e-01,2.699359416961669922e+00,0.000000000000000000e+00,0.000000000000000000e+00,0.000000000000000000e+00,0.000000000000000000e+00,0.000000000000000000e+00,0.000000000000000000e+00
4.311648607254028320e-01,1.629440307617187500e+00,0.000000000000000000e+00,0.000000000000000000e+00,0.000000000000000000e+00,0.000000000000000000e+00,0.000000000000000000e+00,0.000000000000000000e+00
0.000000000000000000e+00,1.792772412300109863e-01,2.121506690979003906e+00,0.000000000000000000e+00,0.000000000000000000e+00,0.000000000000000000e+00,0.000000000000000000e+00,0.000000000000000000e+00
0.000000000000000000e+00,3.258016109466552734e-01,1.424225211143493652e+00,0.000000000000000000e+00,0.000000000000000000e+00,0.000000000000000000e+00,0.000000000000000000e+00,0.000000000000000000e+00
3.375548601150512695e+00,0.000000000000000000e+00,0.000000000000000000e+00,1.126766443252563477e+00,0.000000000000000000e+00,0.000000000000000000e+00,1.356294631958007812e+00,9.148010015487670898e-01
3.009666442871093750e+00,7.399011850357055664e-01,0.000000000000000000e+00,0.000000000000000000e+00,0.000000000000000000e+00,0.000000000000000000e+00,6.919280290603637695e-01,9.593278914690017700e-02
2.462280273437500000e+00,2.015450716018676758e+00,0.000000000000000000e+00,0.000000000000000000e+00,0.000000000000000000e+00,0.000000000000000000e+00,0.000000000000000000e+00,0.000000000000000000e+00
1.333738803863525391e+00,3.028127193450927734e+00,0.000000000000000000e+00,0.000000000000000000e+00,0.000000000000000000e+00,0.000000000000000000e+00,0.000000000000000000e+00,0.000000000000000000e+00
4.983149468898773193e-02,6.049209833145141602e-01,0.000000000000000000e+00,0.000000000000000000e+00,0.000000000000000000e+00,0.000000000000000000e+00,3.019809722900390625e-02,0.000000000000000000e+00
0.000000000000000000e+00,7.829089164733886719e-01,1.658369302749633789e+00,0.000000000000000000e+00,0.000000000000000000e+00,0.000000000000000000e+00,0.000000000000000000e+00,0.000000000000000000e+00
0.000000000000000000e+00,0.000000000000000000e+00,3.047872543334960938e+00,0.000000000000000000e+00,0.000000000000000000e+00,0.000000000000000000e+00,0.000000000000000000e+00,1.341969072818756104e-01
1.342658042907714844e+00,8.703656196594238281e-01,0.000000000000000000e+00,0.000000000000000000e+00,0.000000000000000000e+00,0.000000000000000000e+00,3.286943733692169189e-01,0.000000000000000000e+00
2.235969305038452148e+00,0.000000000000000000e+00,0.000000000000000000e+00,7.150925993919372559e-01,0.000000000000000000e+00,0.000000000000000000e+00,8.389531373977661133e-01,5.525353550910949707e-01
2.456384658813476562e+00,4.397656619548797607e-01,0.000000000000000000e+00,2.360756397247314453e-01,0.000000000000000000e+00,0.000000000000000000e+00,6.235169172286987305e-01,2.380383908748626709e-01
0.000000000000000000e+00,2.002301216125488281e+00,0.000000000000000000e+00,0.000000000000000000e+00,0.000000000000000000e+00,0.000000000000000000e+00,0.000000000000000000e+00,0.000000000000000000e+00
1.184185266494750977e+00,1.657669067382812500e+00,0.000000000000000000e+00,0.000000000000000000e+00,0.000000000000000000e+00,0.000000000000000000e+00,0.000000000000000000e+00,0.000000000000000000e+00
0.000000000000000000e+00,6.003199815750122070e-01,9.137637019157409668e-01,0.000000000000000000e+00,0.000000000000000000e+00,0.000000000000000000e+00,0.000000000000000000e+00,0.000000000000000000e+00
0.000000000000000000e+00,2.814025282859802246e-01,2.341458320617675781e+00,0.000000000000000000e+00,0.000000000000000000e+00,0.000000000000000000e+00,0.000000000000000000e+00,0.000000000000000000e+00
6.479622423648834229e-02,1.850374341011047363e+00,0.000000000000000000e+00,0.000000000000000000e+00,0.000000000000000000e+00,0.000000000000000000e+00,0.000000000000000000e+00,0.000000000000000000e+00
2.464805603027343750e+00,8.361368179321289062e-01,0.000000000000000000e+00,0.000000000000000000e+00,0.000000000000000000e+00,0.000000000000000000e+00,4.697369933128356934e-01,2.146185003221035004e-02
1.893788337707519531e+00,1.968045949935913086e+00,0.000000000000000000e+00,0.000000000000000000e+00,0.000000000000000000e+00,0.000000000000000000e+00,0.000000000000000000e+00,0.000000000000000000e+00
4.546187818050384521e-02,1.537268757820129395e-01,6.696116179227828979e-03,2.304111719131469727e-01,0.000000000000000000e+00,0.000000000000000000e+00,1.758161783218383789e-01,0.000000000000000000e+00
1.448546409606933594e+00,1.783314466476440430e+00,0.000000000000000000e+00,0.000000000000000000e+00,0.000000000000000000e+00,0.000000000000000000e+00,0.000000000000000000e+00,0.000000000000000000e+00
0.000000000000000000e+00,2.050675868988037109e+00,0.000000000000000000e+00,0.000000000000000000e+00,0.000000000000000000e+00,0.000000000000000000e+00,0.000000000000000000e+00,0.000000000000000000e+00
0.000000000000000000e+00,2.047946453094482422e+00,0.000000000000000000e+00,0.000000000000000000e+00,0.000000000000000000e+00,0.000000000000000000e+00,0.000000000000000000e+00,0.000000000000000000e+00
0.000000000000000000e+00,0.000000000000000000e+00,2.896136999130249023e+00,6.527394056320190430e-02,0.000000000000000000e+00,0.000000000000000000e+00,0.000000000000000000e+00,2.151454091072082520e-01
0.000000000000000000e+00,0.000000000000000000e+00,2.628601551055908203e+00,3.575587272644042969e-02,0.000000000000000000e+00,0.000000000000000000e+00,0.000000000000000000e+00,1.101358905434608459e-01
0.000000000000000000e+00,0.000000000000000000e+00,3.094915866851806641e+00,1.337938308715820312e-01,0.000000000000000000e+00,0.000000000000000000e+00,0.000000000000000000e+00,3.250580132007598877e-01
0.000000000000000000e+00,0.000000000000000000e+00,3.135775089263916016e+00,2.505036592483520508e-01,0.000000000000000000e+00,0.000000000000000000e+00,0.000000000000000000e+00,4.102672934532165527e-01
0.000000000000000000e+00,0.000000000000000000e+00,2.878086328506469727e+00,0.000000000000000000e+00,0.000000000000000000e+00,0.000000000000000000e+00,0.000000000000000000e+00,1.211996451020240784e-01
0.000000000000000000e+00,0.000000000000000000e+00,2.854612827301025391e+00,0.000000000000000000e+00,0.000000000000000000e+00,0.000000000000000000e+00,0.000000000000000000e+00,1.611318439245223999e-01
0.000000000000000000e+00,0.000000000000000000e+00,2.969590425491333008e+00,0.000000000000000000e+00,0.000000000000000000e+00,0.000000000000000000e+00,0.000000000000000000e+00,1.728292703628540039e-01
0.000000000000000000e+00,0.000000000000000000e+00,2.888028144836425781e+00,0.000000000000000000e+00,0.000000000000000000e+00,0.000000000000000000e+00,0.000000000000000000e+00,8.774489909410476685e-02
1.966444492340087891e+00,0.000000000000000000e+00,4.321953654289245605e-01,1.883271932601928711e+00,0.000000000000000000e+00,0.000000000000000000e+00,1.341154098510742188e+00,1.400844454765319824e+00
2.992515325546264648e+00,0.000000000000000000e+00,0.000000000000000000e+00,2.401355266571044922e+00,0.000000000000000000e+00,0.000000000000000000e+00,1.987963080406188965e+00,1.799582242965698242e+00
3.433743000030517578e+00,0.000000000000000000e+00,0.000000000000000000e+00,1.843463301658630371e+00,0.000000000000000000e+00,0.000000000000000000e+00,1.659312963485717773e+00,1.393648624420166016e+00
0.000000000000000000e+00,0.000000000000000000e+00,3.340599775314331055e+00,0.000000000000000000e+00,0.000000000000000000e+00,0.000000000000000000e+00,0.000000000000000000e+00,1.719792634248733521e-01
0.000000000000000000e+00,0.000000000000000000e+00,3.489948272705078125e+00,1.221873760223388672e-01,0.000000000000000000e+00,0.000000000000000000e+00,0.000000000000000000e+00,3.663889765739440918e-01
0.000000000000000000e+00,0.000000000000000000e+00,2.974628686904907227e+00,8.133560419082641602e-02,0.000000000000000000e+00,0.000000000000000000e+00,0.000000000000000000e+00,2.079069167375564575e-01
0.000000000000000000e+00,0.000000000000000000e+00,2.727514743804931641e+00,8.643615245819091797e-02,0.000000000000000000e+00,0.000000000000000000e+00,0.000000000000000000e+00,1.878962963819503784e-01
0.000000000000000000e+00,0.000000000000000000e+00,2.946132659912109375e+00,6.207329034805297852e-02,0.000000000000000000e+00,0.000000000000000000e+00,0.000000000000000000e+00,2.098120898008346558e-01
0.000000000000000000e+00,0.000000000000000000e+00,2.825038194656372070e+00,0.000000000000000000e+00,0.000000000000000000e+00,0.000000000000000000e+00,0.000000000000000000e+00,9.844075888395309448e-02
0.000000000000000000e+00,0.000000000000000000e+00,2.792531013488769531e+00,3.894912600517272949e-01,0.000000000000000000e+00,0.000000000000000000e+00,0.000000000000000000e+00,4.181135296821594238e-01
0.000000000000000000e+00,0.000000000000000000e+00,1.875339031219482422e+00,6.843339204788208008e-01,0.000000000000000000e+00,0.000000000000000000e+00,1.834017634391784668e-01,4.805341958999633789e-01
1.960093975067138672e+00,9.747458696365356445e-01,0.000000000000000000e+00,0.000000000000000000e+00,0.000000000000000000e+00,0.000000000000000000e+00,3.862053751945495605e-01,0.000000000000000000e+00
1.469453096389770508e+00,2.163882732391357422e+00,0.000000000000000000e+00,0.000000000000000000e+00,0.000000000000000000e+00,0.000000000000000000e+00,0.000000000000000000e+00,0.000000000000000000e+00
1.619441270828247070e+00,1.837005257606506348e+00,0.000000000000000000e+00,0.000000000000000000e+00,0.000000000000000000e+00,0.000000000000000000e+00,0.000000000000000000e+00,0.000000000000000000e+00
1.541953563690185547e+00,2.714365959167480469e+00,0.000000000000000000e+00,0.000000000000000000e+00,0.000000000000000000e+00,0.000000000000000000e+00,0.000000000000000000e+00,0.000000000000000000e+00
5.122053623199462891e-01,2.283140182495117188e+00,0.000000000000000000e+00,0.000000000000000000e+00,0.000000000000000000e+00,0.000000000000000000e+00,0.000000000000000000e+00,0.000000000000000000e+00
0.000000000000000000e+00,1.231695771217346191e+00,3.464588224887847900e-01,0.000000000000000000e+00,0.000000000000000000e+00,0.000000000000000000e+00,0.000000000000000000e+00,0.000000000000000000e+00
0.000000000000000000e+00,0.000000000000000000e+00,2.418592929840087891e+00,0.000000000000000000e+00,0.000000000000000000e+00,0.000000000000000000e+00,0.000000000000000000e+00,0.000000000000000000e+00
0.000000000000000000e+00,7.137256860733032227e-02,1.661964893341064453e+00,0.000000000000000000e+00,0.000000000000000000e+00,0.000000000000000000e+00,0.000000000000000000e+00,0.000000000000000000e+00
2.271384000778198242e-02,1.911231875419616699e-02,1.385309547185897827e-01,2.961114346981048584e-01,0.000000000000000000e+00,0.000000000000000000e+00,2.204244732856750488e-01,0.000000000000000000e+00
1.886176109313964844e+00,1.971069097518920898e+00,0.000000000000000000e+00,0.000000000000000000e+00,0.000000000000000000e+00,0.000000000000000000e+00,0.000000000000000000e+00,0.000000000000000000e+00
1.646114110946655273e+00,1.973388195037841797e+00,0.000000000000000000e+00,0.000000000000000000e+00,0.000000000000000000e+00,0.000000000000000000e+00,0.000000000000000000e+00,0.000000000000000000e+00
2.651479542255401611e-01,9.786992073059082031e-01,0.000000000000000000e+00,0.000000000000000000e+00,0.000000000000000000e+00,0.000000000000000000e+00,2.860683202743530273e-02,0.000000000000000000e+00
1.831890821456909180e+00,2.397682428359985352e+00,0.000000000000000000e+00,0.000000000000000000e+00,0.000000000000000000e+00,0.000000000000000000e+00,0.000000000000000000e+00,0.000000000000000000e+00
0.000000000000000000e+00,1.529293775558471680e+00,0.000000000000000000e+00,0.000000000000000000e+00,0.000000000000000000e+00,0.000000000000000000e+00,0.000000000000000000e+00,0.000000000000000000e+00
0.000000000000000000e+00,5.996922254562377930e-01,1.851983785629272461e+00,0.000000000000000000e+00,0.000000000000000000e+00,0.000000000000000000e+00,0.000000000000000000e+00,0.000000000000000000e+00
0.000000000000000000e+00,0.000000000000000000e+00,9.800642132759094238e-01,5.473735928535461426e-01,0.000000000000000000e+00,0.000000000000000000e+00,2.409598231315612793e-01,3.209338188171386719e-01
2.092452049255371094e+00,6.905821561813354492e-01,0.000000000000000000e+00,5.334836244583129883e-02,0.000000000000000000e+00,0.000000000000000000e+00,4.618576169013977051e-01,7.140321284532546997e-02
1.188947409391403198e-01,2.109916687011718750e+00,0.000000000000000000e+00,0.000000000000000000e+00,0.000000000000000000e+00,0.000000000000000000e+00,0.000000000000000000e+00,0.000000000000000000e+00
2.860238075256347656e+00,0.000000000000000000e+00,0.000000000000000000e+00,8.543847799301147461e-01,0.000000000000000000e+00,0.000000000000000000e+00,1.063764572143554688e+00,6.944488286972045898e-01
4.775290191173553467e-02,1.286510348320007324e+00,0.000000000000000000e+00,0.000000000000000000e+00,0.000000000000000000e+00,0.000000000000000000e+00,0.000000000000000000e+00,0.000000000000000000e+00
0.000000000000000000e+00,1.917475104331970215e+00,0.000000000000000000e+00,0.000000000000000000e+00,0.000000000000000000e+00,0.000000000000000000e+00,0.000000000000000000e+00,0.000000000000000000e+00
1.013212576508522034e-01,2.718576908111572266e+00,0.000000000000000000e+00,0.000000000000000000e+00,0.000000000000000000e+00,0.000000000000000000e+00,0.000000000000000000e+00,0.000000000000000000e+00
0.000000000000000000e+00,0.000000000000000000e+00,2.182979106903076172e+00,0.000000000000000000e+00,0.000000000000000000e+00,0.000000000000000000e+00,0.000000000000000000e+00,0.000000000000000000e+00
2.788765907287597656e+00,6.607992649078369141e-01,0.000000000000000000e+00,4.633492231369018555e-02,0.000000000000000000e+00,0.000000000000000000e+00,6.552246212959289551e-01,1.207746937870979309e-01
5.528991818428039551e-01,2.236736297607421875e+00,0.000000000000000000e+00,0.000000000000000000e+00,0.000000000000000000e+00,0.000000000000000000e+00,0.000000000000000000e+00,0.000000000000000000e+00
2.584281921386718750e+00,1.868281483650207520e+00,0.000000000000000000e+00,0.000000000000000000e+00,0.000000000000000000e+00,0.000000000000000000e+00,9.454894065856933594e-02,0.000000000000000000e+00
1.927105337381362915e-01,2.914693951606750488e-01,0.000000000000000000e+00,2.329344004392623901e-01,0.000000000000000000e+00,0.000000000000000000e+00,2.204039096832275391e-01,0.000000000000000000e+00
6.649293005466461182e-02,2.788453102111816406e+00,0.000000000000000000e+00,0.000000000000000000e+00,0.000000000000000000e+00,0.000000000000000000e+00,0.000000000000000000e+00,0.000000000000000000e+00
3.678733110427856445e-01,2.527711868286132812e+00,0.000000000000000000e+00,0.000000000000000000e+00,0.000000000000000000e+00,0.000000000000000000e+00,0.000000000000000000e+00,0.000000000000000000e+00
0.000000000000000000e+00,2.560573220252990723e-01,7.327105104923248291e-02,8.929215371608734131e-02,0.000000000000000000e+00,0.000000000000000000e+00,8.861453831195831299e-02,0.000000000000000000e+00
3.009641647338867188e+00,5.658507347106933594e-01,0.000000000000000000e+00,1.150293946266174316e-01,0.000000000000000000e+00,0.000000000000000000e+00,7.645514607429504395e-01,1.818791925907135010e-01
2.306796312332153320e+00,9.828772544860839844e-01,0.000000000000000000e+00,0.000000000000000000e+00,0.000000000000000000e+00,0.000000000000000000e+00,4.451267123222351074e-01,0.000000000000000000e+00
1.901650428771972656e+00,1.928602099418640137e+00,0.000000000000000000e+00,0.000000000000000000e+00,0.000000000000000000e+00,0.000000000000000000e+00,0.000000000000000000e+00,0.000000000000000000e+00
1.639610677957534790e-01,6.516149044036865234e-01,0.000000000000000000e+00,0.000000000000000000e+00,0.000000000000000000e+00,0.000000000000000000e+00,7.925781607627868652e-02,0.000000000000000000e+00
1.546358585357666016e+00,2.154879808425903320e+00,0.000000000000000000e+00,0.000000000000000000e+00,0.000000000000000000e+00,0.000000000000000000e+00,0.000000000000000000e+00,0.000000000000000000e+00
0.000000000000000000e+00,6.230564117431640625e-01,1.659764289855957031e+00,0.000000000000000000e+00,0.000000000000000000e+00,0.000000000000000000e+00,0.000000000000000000e+00,0.000000000000000000e+00
0.000000000000000000e+00,0.000000000000000000e+00,2.286696672439575195e+00,0.000000000000000000e+00,0.000000000000000000e+00,0.000000000000000000e+00,0.000000000000000000e+00,0.000000000000000000e+00
2.703116416931152344e+00,0.000000000000000000e+00,0.000000000000000000e+00,9.408160448074340820e-01,0.000000000000000000e+00,0.000000000000000000e+00,1.160508275032043457e+00,7.303817272186279297e-01
2.745507478713989258e+00,6.857286691665649414e-01,0.000000000000000000e+00,4.120445251464843750e-02,0.000000000000000000e+00,0.000000000000000000e+00,6.382246613502502441e-01,1.144401505589485168e-01
1.990180730819702148e+00,6.782449483871459961e-01,0.000000000000000000e+00,6.582075357437133789e-02,0.000000000000000000e+00,0.000000000000000000e+00,4.550091028213500977e-01,7.096815854310989380e-02
1.350373029708862305e-01,2.554035663604736328e+00,0.000000000000000000e+00,0.000000000000000000e+00,0.000000000000000000e+00,0.000000000000000000e+00,0.000000000000000000e+00,0.000000000000000000e+00
1.769749164581298828e+00,0.000000000000000000e+00,0.000000000000000000e+00,7.372840642929077148e-01,0.000000000000000000e+00,0.000000000000000000e+00,7.985664606094360352e-01,5.213527083396911621e-01
0.000000000000000000e+00,1.230139613151550293e+00,5.607655644416809082e-01,0.000000000000000000e+00,0.000000000000000000e+00,0.000000000000000000e+00,0.000000000000000000e+00,0.000000000000000000e+00
0.000000000000000000e+00,0.000000000000000000e+00,2.793319702148437500e+00,0.000000000000000000e+00,0.000000000000000000e+00,0.000000000000000000e+00,0.000000000000000000e+00,9.417628496885299683e-02
0.000000000000000000e+00,0.000000000000000000e+00,2.596199750900268555e+00,0.000000000000000000e+00,0.000000000000000000e+00,0.000000000000000000e+00,0.000000000000000000e+00,0.000000000000000000e+00
0.000000000000000000e+00,0.000000000000000000e+00,2.841712474822998047e+00,6.837296485900878906e-02,0.000000000000000000e+00,0.000000000000000000e+00,0.000000000000000000e+00,1.795131266117095947e-01
0.000000000000000000e+00,0.000000000000000000e+00,2.712642431259155273e+00,5.211329460144042969e-02,0.000000000000000000e+00,0.000000000000000000e+00,0.000000000000000000e+00,1.007900908589363098e-01
0.000000000000000000e+00,0.000000000000000000e+00,2.888680934906005859e+00,0.000000000000000000e+00,0.000000000000000000e+00,0.000000000000000000e+00,0.000000000000000000e+00,1.346873342990875244e-01
0.000000000000000000e+00,0.000000000000000000e+00,3.203581809997558594e+00,1.886999607086181641e-02,0.000000000000000000e+00,0.000000000000000000e+00,0.000000000000000000e+00,2.714945673942565918e-01
0.000000000000000000e+00,0.000000000000000000e+00,2.722522974014282227e+00,0.000000000000000000e+00,0.000000000000000000e+00,0.000000000000000000e+00,0.000000000000000000e+00,1.329335272312164307e-01
0.000000000000000000e+00,0.000000000000000000e+00,2.833475112915039062e+00,0.000000000000000000e+00,0.000000000000000000e+00,0.000000000000000000e+00,0.000000000000000000e+00,7.043860107660293579e-02
0.000000000000000000e+00,0.000000000000000000e+00,2.447832107543945312e+00,1.617936372756958008e+00,0.000000000000000000e+00,0.000000000000000000e+00,3.573948144912719727e-01,1.344296455383300781e+00
3.638708114624023438e+00,0.000000000000000000e+00,0.000000000000000000e+00,2.443354606628417969e+00,0.000000000000000000e+00,0.000000000000000000e+00,2.297333717346191406e+00,1.801314711570739746e+00
2.225153446197509766e+00,0.000000000000000000e+00,0.000000000000000000e+00,2.004279613494873047e+00,0.000000000000000000e+00,0.000000000000000000e+00,1.488693475723266602e+00,1.432226657867431641e+00
0.000000000000000000e+00,0.000000000000000000e+00,3.005651473999023438e+00,2.057834863662719727e-01,0.000000000000000000e+00,0.000000000000000000e+00,0.000000000000000000e+00,3.750328421592712402e-01
0.000000000000000000e+00,0.000000000000000000e+00,3.400523662567138672e+00,2.879197597503662109e-01,0.000000000000000000e+00,0.000000000000000000e+00,0.000000000000000000e+00,4.833011925220489502e-01
0.000000000000000000e+00,0.000000000000000000e+00,2.776673316955566406e+00,4.422444105148315430e-02,0.000000000000000000e+00,0.000000000000000000e+00,0.000000000000000000e+00,2.020597010850906372e-01
0.000000000000000000e+00,0.000000000000000000e+00,2.841403007507324219e+00,2.367058992385864258e-01,0.000000000000000000e+00,0.000000000000000000e+00,0.000000000000000000e+00,3.233425617218017578e-01
0.000000000000000000e+00,0.000000000000000000e+00,2.976154088973999023e+00,2.782812714576721191e-01,0.000000000000000000e+00,0.000000000000000000e+00,0.000000000000000000e+00,4.086702167987823486e-01
0.000000000000000000e+00,0.000000000000000000e+00,2.846571683883666992e+00,1.887484192848205566e-01,0.000000000000000000e+00,0.000000000000000000e+00,0.000000000000000000e+00,2.963962852954864502e-01
0.000000000000000000e+00,0.000000000000000000e+00,3.292736053466796875e+00,3.597537279129028320e-01,0.000000000000000000e+00,0.000000000000000000e+00,0.000000000000000000e+00,5.286691784858703613e-01
0.000000000000000000e+00,0.000000000000000000e+00,2.952347755432128906e+00,3.351334333419799805e-01,0.000000000000000000e+00,0.000000000000000000e+00,0.000000000000000000e+00,3.944138288497924805e-01
9.769461750984191895e-01,1.471394181251525879e+00,0.000000000000000000e+00,0.000000000000000000e+00,0.000000000000000000e+00,0.000000000000000000e+00,0.000000000000000000e+00,0.000000000000000000e+00
1.336703062057495117e+00,2.403089523315429688e+00,0.000000000000000000e+00,0.000000000000000000e+00,0.000000000000000000e+00,0.000000000000000000e+00,0.000000000000000000e+00,0.000000000000000000e+00
1.241794824600219727e+00,2.116739511489868164e+00,0.000000000000000000e+00,0.000000000000000000e+00,0.000000000000000000e+00,0.000000000000000000e+00,0.000000000000000000e+00,0.000000000000000000e+00
5.965855717658996582e-02,2.838603973388671875e+00,0.000000000000000000e+00,0.000000000000000000e+00,0.000000000000000000e+00,0.000000000000000000e+00,0.000000000000000000e+00,0.000000000000000000e+00
3.439854085445404053e-02,1.752839446067810059e+00,0.000000000000000000e+00,0.000000000000000000e+00,0.000000000000000000e+00,0.000000000000000000e+00,0.000000000000000000e+00,0.000000000000000000e+00
0.000000000000000000e+00,1.610290050506591797e+00,0.000000000000000000e+00,0.000000000000000000e+00,0.000000000000000000e+00,0.000000000000000000e+00,0.000000000000000000e+00,0.000000000000000000e+00
0.000000000000000000e+00,0.000000000000000000e+00,2.645999193191528320e+00,0.000000000000000000e+00,0.000000000000000000e+00,0.000000000000000000e+00,0.000000000000000000e+00,0.000000000000000000e+00
0.000000000000000000e+00,5.372967123985290527e-01,5.377439856529235840e-01,0.000000000000000000e+00,0.000000000000000000e+00,0.000000000000000000e+00,0.000000000000000000e+00,0.000000000000000000e+00
2.039913654327392578e+00,2.807442188262939453e+00,0.000000000000000000e+00,0.000000000000000000e+00,0.000000000000000000e+00,0.000000000000000000e+00,0.000000000000000000e+00,0.000000000000000000e+00
1.460376739501953125e+00,2.613356590270996094e+00,0.000000000000000000e+00,0.000000000000000000e+00,0.000000000000000000e+00,0.000000000000000000e+00,0.000000000000000000e+00,0.000000000000000000e+00
0.000000000000000000e+00,2.729314804077148438e+00,0.000000000000000000e+00,0.000000000000000000e+00,0.000000000000000000e+00,0.000000000000000000e+00,0.000000000000000000e+00,0.000000000000000000e+00
1.351774215698242188e+00,2.801255226135253906e+00,0.000000000000000000e+00,0.000000000000000000e+00,0.000000000000000000e+00,0.000000000000000000e+00,0.000000000000000000e+00,0.000000000000000000e+00
0.000000000000000000e+00,2.575402498245239258e+00,0.000000000000000000e+00,0.000000000000000000e+00,0.000000000000000000e+00,0.000000000000000000e+00,0.000000000000000000e+00,0.000000000000000000e+00
2.333717048168182373e-02,2.379927873611450195e+00,0.000000000000000000e+00,0.000000000000000000e+00,0.000000000000000000e+00,0.000000000000000000e+00,0.000000000000000000e+00,0.000000000000000000e+00
0.000000000000000000e+00,0.000000000000000000e+00,2.650376558303833008e+00,0.000000000000000000e+00,0.000000000000000000e+00,0.000000000000000000e+00,0.000000000000000000e+00,0.000000000000000000e+00
7.218767404556274414e-01,1.127334475517272949e+00,0.000000000000000000e+00,0.000000000000000000e+00,0.000000000000000000e+00,0.000000000000000000e+00,0.000000000000000000e+00,0.000000000000000000e+00
2.197383642196655273e+00,6.324638128280639648e-01,0.000000000000000000e+00,8.846420049667358398e-02,0.000000000000000000e+00,0.000000000000000000e+00,5.431038141250610352e-01,1.049263551831245422e-01
2.560631036758422852e+00,1.619171798229217529e-01,0.000000000000000000e+00,4.125877618789672852e-01,0.000000000000000000e+00,0.000000000000000000e+00,8.051777482032775879e-01,3.627127408981323242e-01
1.722985982894897461e+00,2.045736551284790039e+00,0.000000000000000000e+00,0.000000000000000000e+00,0.000000000000000000e+00,0.000000000000000000e+00,0.000000000000000000e+00,0.000000000000000000e+00
7.087858319282531738e-01,2.427289485931396484e+00,0.000000000000000000e+00,0.000000000000000000e+00,0.000000000000000000e+00,0.000000000000000000e+00,0.000000000000000000e+00,0.000000000000000000e+00
1.456334352493286133e+00,1.942096114158630371e+00,0.000000000000000000e+00,0.000000000000000000e+00,0.000000000000000000e+00,0.000000000000000000e+00,0.000000000000000000e+00,0.000000000000000000e+00
0.000000000000000000e+00,0.000000000000000000e+00,2.717081308364868164e+00,0.000000000000000000e+00,0.000000000000000000e+00,0.000000000000000000e+00,0.000000000000000000e+00,0.000000000000000000e+00
0.000000000000000000e+00,0.000000000000000000e+00,1.787986636161804199e+00,0.000000000000000000e+00,0.000000000000000000e+00,0.000000000000000000e+00,0.000000000000000000e+00,0.000000000000000000e+00
2.223131895065307617e+00,1.064269304275512695e+00,0.000000000000000000e+00,0.000000000000000000e+00,0.000000000000000000e+00,0.000000000000000000e+00,2.979210019111633301e-01,0.000000000000000000e+00
9.113309383392333984e-01,1.893254637718200684e+00,0.000000000000000000e+00,0.000000000000000000e+00,0.000000000000000000e+00,0.000000000000000000e+00,0.000000000000000000e+00,0.000000000000000000e+00
2.073078155517578125e+00,2.614878654479980469e+00,0.000000000000000000e+00,0.000000000000000000e+00,0.000000000000000000e+00,0.000000000000000000e+00,0.000000000000000000e+00,0.000000000000000000e+00
2.844007730484008789e+00,2.322490215301513672e+00,0.000000000000000000e+00,0.000000000000000000e+00,0.000000000000000000e+00,0.000000000000000000e+00,0.000000000000000000e+00,0.000000000000000000e+00
2.359200000762939453e+00,1.408054471015930176e+00,0.000000000000000000e+00,0.000000000000000000e+00,0.000000000000000000e+00,0.000000000000000000e+00,1.353940963745117188e-01,0.000000000000000000e+00
0.000000000000000000e+00,1.847501635551452637e+00,0.000000000000000000e+00,0.000000000000000000e+00,0.000000000000000000e+00,0.000000000000000000e+00,0.000000000000000000e+00,0.000000000000000000e+00
0.000000000000000000e+00,0.000000000000000000e+00,2.711782217025756836e+00,0.000000000000000000e+00,0.000000000000000000e+00,0.000000000000000000e+00,0.000000000000000000e+00,1.888608001172542572e-02
1.837049484252929688e+00,1.185185432434082031e+00,0.000000000000000000e+00,0.000000000000000000e+00,0.000000000000000000e+00,0.000000000000000000e+00,1.813966035842895508e-01,0.000000000000000000e+00
9.620369672775268555e-01,9.961187839508056641e-01,0.000000000000000000e+00,0.000000000000000000e+00,0.000000000000000000e+00,0.000000000000000000e+00,1.277607083320617676e-01,0.000000000000000000e+00
2.384320020675659180e+00,1.225791931152343750e+00,0.000000000000000000e+00,0.000000000000000000e+00,0.000000000000000000e+00,0.000000000000000000e+00,2.649545669555664062e-01,0.000000000000000000e+00
9.448982477188110352e-01,2.226858615875244141e+00,0.000000000000000000e+00,0.000000000000000000e+00,0.000000000000000000e+00,0.000000000000000000e+00,0.000000000000000000e+00,0.000000000000000000e+00
1.089413881301879883e+00,2.092766761779785156e+00,0.000000000000000000e+00,0.000000000000000000e+00,0.000000000000000000e+00,0.000000000000000000e+00,0.000000000000000000e+00,0.000000000000000000e+00
0.000000000000000000e+00,1.416783571243286133e+00,0.000000000000000000e+00,0.000000000000000000e+00,0.000000000000000000e+00,0.000000000000000000e+00,0.000000000000000000e+00,0.000000000000000000e+00
0.000000000000000000e+00,0.000000000000000000e+00,2.862424850463867188e+00,0.000000000000000000e+00,0.000000000000000000e+00,0.000000000000000000e+00,0.000000000000000000e+00,0.000000000000000000e+00
0.000000000000000000e+00,2.812584638595581055e+00,0.000000000000000000e+00,0.000000000000000000e+00,0.000000000000000000e+00,0.000000000000000000e+00,0.000000000000000000e+00,0.000000000000000000e+00
0.000000000000000000e+00,4.186767637729644775e-01,5.814526230096817017e-03,3.398919105529785156e-02,0.000000000000000000e+00,0.000000000000000000e+00,6.068004667758941650e-02,0.000000000000000000e+00
2.099924564361572266e+00,5.910865068435668945e-01,0.000000000000000000e+00,1.282387971878051758e-01,0.000000000000000000e+00,0.000000000000000000e+00,4.864646792411804199e-01,1.228262856602668762e-01
1.985290288925170898e+00,2.262999534606933594e+00,0.000000000000000000e+00,0.000000000000000000e+00,0.000000000000000000e+00,0.000000000000000000e+00,0.000000000000000000e+00,0.000000000000000000e+00
0.000000000000000000e+00,9.983063936233520508e-01,0.000000000000000000e+00,0.000000000000000000e+00,0.000000000000000000e+00,0.000000000000000000e+00,0.000000000000000000e+00,0.000000000000000000e+00
7.884670495986938477e-01,2.482466697692871094e+00,0.000000000000000000e+00,0.000000000000000000e+00,0.000000000000000000e+00,0.000000000000000000e+00,0.000000000000000000e+00,0.000000000000000000e+00
0.000000000000000000e+00,1.377414464950561523e+00,0.000000000000000000e+00,0.000000000000000000e+00,0.000000000000000000e+00,0.000000000000000000e+00,0.000000000000000000e+00,0.000000000000000000e+00
0.000000000000000000e+00,0.000000000000000000e+00,2.396070718765258789e+00,0.000000000000000000e+00,0.000000000000000000e+00,0.000000000000000000e+00,0.000000000000000000e+00,9.073633700609207153e-02
0.000000000000000000e+00,0.000000000000000000e+00,3.308436632156372070e+00,4.306280612945556641e-01,0.000000000000000000e+00,0.000000000000000000e+00,0.000000000000000000e+00,5.773602724075317383e-01
0.000000000000000000e+00,0.000000000000000000e+00,3.110249042510986328e+00,9.616708755493164062e-02,0.000000000000000000e+00,0.000000000000000000e+00,0.000000000000000000e+00,3.025123476982116699e-01
0.000000000000000000e+00,0.000000000000000000e+00,2.884837150573730469e+00,7.724756002426147461e-02,0.000000000000000000e+00,0.000000000000000000e+00,0.000000000000000000e+00,2.281262427568435669e-01
0.000000000000000000e+00,0.000000000000000000e+00,2.815054178237915039e+00,4.233825206756591797e-02,0.000000000000000000e+00,0.000000000000000000e+00,0.000000000000000000e+00,1.724084615707397461e-01
0.000000000000000000e+00,0.000000000000000000e+00,2.882057189941406250e+00,0.000000000000000000e+00,0.000000000000000000e+00,0.000000000000000000e+00,0.000000000000000000e+00,1.184292808175086975e-01
0.000000000000000000e+00,0.000000000000000000e+00,2.818446159362792969e+00,5.431383848190307617e-02,0.000000000000000000e+00,0.000000000000000000e+00,0.000000000000000000e+00,9.411946684122085571e-02
0.000000000000000000e+00,0.000000000000000000e+00,2.866069316864013672e+00,2.348065376281738281e-02,0.000000000000000000e+00,0.000000000000000000e+00,0.000000000000000000e+00,1.246719136834144592e-01
0.000000000000000000e+00,0.000000000000000000e+00,2.862654209136962891e+00,1.264671087265014648e-01,0.000000000000000000e+00,0.000000000000000000e+00,0.000000000000000000e+00,2.396417856216430664e-01
