4.862854480743408203e-01,4.324404597282409668e-01,-2.569974660873413086e-01,2.689397037029266357e-01,1.593192517757415771e-01,-1.225439190864562988e+00,6.994012594223022461e-01,1.854727566242218018e-01
-1.219385862350463867e-02,2.998529076576232910e-01,-1.800272464752197266e-01,-5.926400423049926758e-02,-6.820750236511230469e-01,-7.857779860496520996e-01,1.398479342460632324e+00,-9.611660242080688477e-01
6.798555701971054077e-02,2.955595254898071289e-01,-1.614274382591247559e-01,-1.933956742286682129e-01,-7.111858129501342773e-01,-8.403285741806030273e-01,1.402609705924987793e+00,-1.097685575485229492e+00
1.464740931987762451e-01,4.563961625099182129e-01,-2.097922563552856445e-01,-2.077198624610900879e-01,-7.619838714599609375e-01,-9.025014638900756836e-01,1.489801168441772461e+00,-1.206811428070068359e+00
3.757344186305999756e-02,2.969174385070800781e-01,-1.537767648696899414e-01,-1.009067893028259277e-01,-8.671140670776367188e-01,-8.064617514610290527e-01,1.430422663688659668e+00,-1.136886954307556152e+00
1.769483536481857300e-01,3.994002938270568848e-01,-1.647130846977233887e-01,-1.832588315010070801e-01,-8.628959655761718750e-01,-7.898461818695068359e-01,1.389295220375061035e+00,-1.098327994346618652e+00
1.459557265043258667e-01,3.794398903846740723e-01,-1.550922989845275879e-01,-1.292417645454406738e-01,-9.094327688217163086e-01,-7.956076264381408691e-01,1.397207379341125488e+00,-1.135150671005249023e+00
4.406356215476989746e-01,5.849819183349609375e-01,-1.934345960617065430e-01,-4.417598843574523926e-01,-8.981363773345947266e-01,-8.782030344009399414e-01,1.452936649322509766e+00,-1.197524189949035645e+00
5.336558818817138672e-01,8.234614729881286621e-01,-1.689457297325134277e-01,-4.575619101524353027e-01,-7.826278209686279297e-01,-7.278008460998535156e-01,1.309870600700378418e+00,-1.237454295158386230e+00
2.115771323442459106e-01,3.465350866317749023e-01,-1.547324657440185547e-01,-2.170337438583374023e-01,-8.810592889785766602e-01,-8.668248057365417480e-01,1.418820500373840332e+00,-1.159643650054931641e+00
1.245793253183364868e-01,-3.791999220848083496e-01,-3.739925622940063477e-01,-1.505727052688598633e+00,-2.307838201522827148e-02,-1.395816087722778320e+00,1.715666174888610840e+00,-3.000585138797760010e-01
-2.680531144142150879e-01,-4.946740269660949707e-01,9.259706735610961914e-02,1.006459116935729980e+00,1.130081415176391602e-01,-8.325628936290740967e-02,-3.154299855232238770e-01,2.516044080257415771e-01
1.654889106750488281e+00,9.172803163528442383e-02,-1.238989830017089844e-02,-1.380068063735961914e+00,-1.219151854515075684e+00,8.909834623336791992e-01,-4.055929780006408691e-01,1.969296574592590332e+00
-5.647917091846466064e-02,2.149407863616943359e+00,-4.707578420639038086e-01,-1.148921251296997070e+00,2.514934778213500977e+00,2.705827355384826660e-01,1.677454859018325806e-01,-3.203652799129486084e-01
-3.195874094963073730e-01,5.471252799034118652e-01,-4.736673831939697266e-01,-1.548656702041625977e+00,1.532767415046691895e+00,-5.009999275207519531e-01,6.994585990905761719e-01,5.979313701391220093e-02
-1.010724902153015137e+00,6.185285449028015137e-01,1.624428927898406982e-01,-4.211952090263366699e-01,1.976771473884582520e+00,1.331413388252258301e+00,-9.453955888748168945e-01,-4.666497409343719482e-01
-9.197756648063659668e-01,-5.790252089500427246e-01,3.507967591285705566e-01,-8.553674817085266113e-01,1.464117407798767090e+00,1.439123749732971191e+00,-1.363867521286010742e+00,5.449968576431274414e-01
-5.733945369720458984e-01,-1.744596481323242188e+00,2.981516718864440918e-01,-1.428071498870849609e+00,-2.307117283344268799e-01,1.057900786399841309e+00,-8.047657608985900879e-01,-4.486328363418579102e-01
-1.663787364959716797e+00,-3.397502303123474121e-01,5.455818772315979004e-01,4.756985306739807129e-01,1.582854866981506348e+00,1.659347534179687500e+00,-1.261298537254333496e+00,8.644876480102539062e-01
-4.919285178184509277e-01,-6.435456871986389160e-01,1.834176778793334961e-01,-1.318511247634887695e+00,4.961403906345367432e-01,1.364129543304443359e+00,-8.149182200431823730e-01,-5.301281213760375977e-01
-1.501209974288940430e+00,-8.571904897689819336e-01,3.648399114608764648e-01,3.615051507949829102e-01,1.112423658370971680e+00,1.431592106819152832e+00,-9.218851327896118164e-01,1.363705635070800781e+00
-1.012233734130859375e+00,-2.072874784469604492e+00,1.477699875831604004e-01,3.850389719009399414e-01,9.960010647773742676e-02,8.737103939056396484e-01,-1.144250512123107910e+00,-1.169953718781471252e-01
-1.948300749063491821e-01,-1.954578876495361328e+00,1.058515608310699463e-01,-4.738489985466003418e-01,-1.152822852134704590e+00,-1.171413898468017578e+00,5.999455451965332031e-01,6.759848445653915405e-02
-7.805575430393218994e-02,-3.126958012580871582e-01,1.481962800025939941e-01,1.438735961914062500e+00,-1.718032062053680420e-01,3.648929595947265625e-01,-8.260797262191772461e-01,-3.854916393756866455e-01
2.208298593759536743e-01,-1.042137145996093750e+00,-9.115171432495117188e-02,-1.021176099777221680e+00,-2.401131689548492432e-01,5.797613263130187988e-01,-1.585646718740463257e-01,1.861573100090026855e+00
-9.717138409614562988e-01,2.928482890129089355e-01,2.653211355209350586e-01,-2.686799764633178711e-01,1.098141551017761230e+00,1.881227612495422363e+00,-1.133390069007873535e+00,-6.629403829574584961e-01
-5.925917625427246094e-01,-7.592411637306213379e-01,6.967663764953613281e-02,-1.341349124908447266e+00,8.648720979690551758e-01,6.191948056221008301e-01,-3.544163703918457031e-01,2.386053502559661865e-01
-2.610111236572265625e-01,-5.959931015968322754e-01,1.330596208572387695e-01,-1.591875314712524414e+00,4.329932034015655518e-01,1.284310460090637207e+00,-7.754459977149963379e-01,-4.303559362888336182e-01
-9.881030917167663574e-01,5.775876641273498535e-01,3.752087950706481934e-01,-2.814753055572509766e-01,1.503781437873840332e+00,2.082392454147338867e+00,-1.536047220230102539e+00,-5.948958396911621094e-01
3.678874969482421875e-01,1.484492778778076172e+00,-1.518549919128417969e-01,-3.143066763877868652e-01,6.762517690658569336e-01,8.026728630065917969e-01,-2.525627017021179199e-01,1.552782356739044189e-01
2.131538838148117065e-01,1.462313413619995117e+00,-1.509538888931274414e-01,-1.059352397918701172e+00,9.504057168960571289e-01,1.505290865898132324e+00,-8.375892043113708496e-01,-4.306009709835052490e-01
1.121940493583679199e+00,1.146512985229492188e+00,-1.636868715286254883e-01,-8.165752291679382324e-01,-1.061312258243560791e-01,8.517787456512451172e-01,-4.067631959915161133e-01,7.940618991851806641e-01
9.222553372383117676e-01,1.745733976364135742e+00,-7.593095302581787109e-02,-8.286421895027160645e-01,3.828506767749786377e-01,1.217685103416442871e+00,-6.877685785293579102e-01,3.504005968570709229e-01
7.436018586158752441e-01,1.528048992156982422e+00,1.081287860870361328e-03,1.251411437988281250e+00,7.915762066841125488e-02,2.271067649126052856e-01,-3.257990479469299316e-01,2.602129876613616943e-01
1.908184736967086792e-01,-1.975463032722473145e-01,1.034735143184661865e-01,-9.578146338462829590e-01,-1.697303652763366699e-01,1.155079483985900879e+00,-1.330996870994567871e+00,-1.682889342308044434e+00
1.758095741271972656e+00,7.126669287681579590e-01,3.254937827587127686e-01,1.552436351776123047e+00,-1.374839663505554199e+00,-8.150783181190490723e-02,-9.788542985916137695e-01,1.492599546909332275e-01
1.026026487350463867e+00,2.761156558990478516e-01,4.837137460708618164e-02,6.468977928161621094e-01,-1.448358893394470215e+00,-4.971441626548767090e-01,2.303036898374557495e-01,-2.576145827770233154e-01
1.550034165382385254e+00,1.085358142852783203e+00,-6.840646266937255859e-02,7.327258586883544922e-03,-7.072014808654785156e-01,3.530619144439697266e-01,-1.481941193342208862e-01,1.791883826255798340e+00
3.399257063865661621e-01,2.286062002182006836e+00,-1.208817958831787109e-01,-2.685866951942443848e-01,1.086883187294006348e+00,1.017663121223449707e+00,-4.721049666404724121e-01,-6.357320547103881836e-01
1.991021156311035156e+00,5.603603720664978027e-01,9.369385242462158203e-02,-1.514370441436767578e+00,-1.277174949645996094e+00,1.038138151168823242e+00,-7.250123620033264160e-01,1.023618340492248535e+00
5.835096240043640137e-01,1.772606134414672852e+00,-2.191287279129028320e-01,-1.744536161422729492e-01,6.818275451660156250e-01,6.531303524971008301e-01,-1.537123769521713257e-01,4.427656233310699463e-01
1.960965752601623535e+00,7.155408263206481934e-01,1.257375776767730713e-01,-1.546720743179321289e+00,-1.209633708000183105e+00,1.332974195480346680e+00,-9.727029800415039062e-01,1.006913185119628906e+00
9.899732470512390137e-01,2.555181741714477539e+00,-1.765286326408386230e-01,-1.840648055076599121e-01,8.435215950012207031e-01,6.501285433769226074e-01,-2.303816527128219604e-01,3.729393780231475830e-01
2.825022220611572266e+00,1.455643653869628906e+00,1.880335807800292969e-01,-2.350052118301391602e+00,-1.570492029190063477e+00,1.547783613204956055e+00,-1.088347792625427246e+00,1.092251539230346680e+00
6.886304020881652832e-01,1.948964834213256836e+00,-1.730082035064697266e-01,-4.222490191459655762e-01,7.663539648056030273e-01,5.279446840286254883e-01,-1.635545939207077026e-01,-2.570368945598602295e-01
1.257255315780639648e+00,5.102729797363281250e-01,1.348299682140350342e-01,-6.971899867057800293e-01,-9.895514249801635742e-01,1.372833132743835449e+00,-1.160374641418457031e+00,4.913260638713836670e-01
1.478438824415206909e-01,1.045892715454101562e+00,4.431450366973876953e-02,-9.041363596916198730e-01,4.080162942409515381e-01,1.245574831962585449e+00,-9.580256938934326172e-01,-1.946098089218139648e+00
1.279492259025573730e+00,2.665273547172546387e-01,3.846684396266937256e-01,1.838917732238769531e+00,-1.293729066848754883e+00,2.743334770202636719e-01,-1.393054604530334473e+00,-5.955374240875244141e-01
7.394964694976806641e-01,-3.432394266128540039e-01,3.370092213153839111e-01,1.110314369201660156e+00,-1.593328237533569336e+00,-5.340380668640136719e-01,-2.672060132026672363e-01,-1.394531846046447754e+00
2.337188482284545898e+00,7.884756922721862793e-01,4.387862384319305420e-01,9.199088811874389648e-01,-1.980408906936645508e+00,1.246164441108703613e-01,-9.937142729759216309e-01,4.594583809375762939e-01
1.080166220664978027e+00,8.823714852333068848e-01,3.923362493515014648e-02,-1.185817718505859375e+00,-5.315777063369750977e-01,1.443929433822631836e+00,-7.784997224807739258e-01,6.711425781250000000e-01
1.133119225502014160e+00,9.271201491355895996e-01,-1.436501741409301758e-01,-1.224751710891723633e+00,-1.952267587184906006e-01,7.647486925125122070e-01,-2.433326691389083862e-01,7.362259030342102051e-01
4.173308014869689941e-01,1.754970788955688477e+00,7.716059684753417969e-02,-4.038204550743103027e-01,7.124058008193969727e-01,1.137618899345397949e+00,-7.069771289825439453e-01,-7.385990619659423828e-01
1.270421504974365234e+00,1.975545644760131836e+00,-3.422045707702636719e-01,-8.269394040107727051e-01,3.128408491611480713e-01,4.119263887405395508e-01,2.126417905092239380e-01,1.020521998405456543e+00
1.112482786178588867e+00,1.832530498504638672e+00,-4.579889774322509766e-02,-1.142715215682983398e+00,3.155595958232879639e-01,1.166455149650573730e+00,-7.769767642021179199e-01,-3.717381060123443604e-01
1.220413208007812500e+00,1.325615644454956055e+00,-2.735538482666015625e-01,-6.099435687065124512e-01,-3.832009434700012207e-02,5.800611898303031921e-02,3.834620118141174316e-01,9.594787359237670898e-01
6.179661154747009277e-01,2.425206422805786133e+00,-2.048386931419372559e-01,-4.533409476280212402e-01,1.041039824485778809e+00,7.217553257942199707e-01,-1.917852014303207397e-01,-4.504491984844207764e-01
1.434288382530212402e+00,-5.747121572494506836e-02,9.537935256958007812e-04,-1.311422824859619141e+00,-1.039410710334777832e+00,9.746798872947692871e-01,-6.222974061965942383e-01,1.627785921096801758e+00
-9.280587732791900635e-02,1.295509338378906250e+00,-6.064920425415039062e-01,-1.375556945800781250e+00,2.072583436965942383e+00,-7.915895581245422363e-01,1.028956890106201172e+00,3.070805370807647705e-01
-1.182832956314086914e+00,-1.692700624465942383e+00,-1.833913326263427734e-01,-2.747448086738586426e-01,4.840272367000579834e-01,-4.963704943656921387e-01,3.740321397781372070e-01,1.192049384117126465e+00
-7.116236686706542969e-01,-1.054081320762634277e-01,1.044544577598571777e-01,2.986648678779602051e-01,5.807518959045410156e-01,1.311180830001831055e+00,-1.271653294563293457e+00,-1.481523394584655762e+00
2.162734746932983398e+00,7.187238335609436035e-01,1.724032163619995117e-01,-1.505737304687500000e-01,-1.744792103767395020e+00,1.505097001791000366e-01,-2.528226971626281738e-01,6.128330230712890625e-01
1.620084643363952637e+00,1.545629024505615234e+00,8.516496419906616211e-02,6.491822600364685059e-01,-7.821866273880004883e-01,2.914137765765190125e-02,1.158525049686431885e-02,1.982476592063903809e+00
-8.559908270835876465e-01,2.421793341636657715e-01,-4.997549057006835938e-01,4.785186648368835449e-01,1.339200377464294434e+00,-1.207257986068725586e+00,8.962761163711547852e-01,8.772331476211547852e-01
-2.844853699207305908e-02,-4.743184447288513184e-01,6.799340248107910156e-02,-2.289700031280517578e+00,3.889916241168975830e-01,9.679875969886779785e-01,-5.818992257118225098e-01,-1.062987446784973145e+00
-8.969730734825134277e-01,-4.094647765159606934e-01,1.490463018417358398e-01,-1.205925703048706055e+00,1.667386651039123535e+00,6.759961247444152832e-01,-5.414568185806274414e-01,1.398781180381774902e+00
-4.233444333076477051e-01,-4.439340233802795410e-01,1.782383918762207031e-01,-1.607208728790283203e+00,4.489469230175018311e-01,1.528298616409301758e+00,-9.966192245483398438e-01,-8.469321131706237793e-01
-1.038767576217651367e+00,-4.758936762809753418e-01,5.411444902420043945e-01,-3.170862793922424316e-01,1.434833526611328125e+00,2.206274747848510742e+00,-1.803456187248229980e+00,6.231389045715332031e-01
-1.115490317344665527e+00,-8.508938550949096680e-02,2.620095014572143555e-02,-6.336964964866638184e-01,1.752248406410217285e+00,3.250719904899597168e-01,-2.007632106542587280e-01,7.106436491012573242e-01
-9.776291251182556152e-01,-2.827826142311096191e-01,3.372097015380859375e-01,-7.851518988609313965e-01,9.415196180343627930e-01,2.098857641220092773e+00,-1.389546036720275879e+00,-3.178223669528961182e-01
-3.983794450759887695e-01,6.185426115989685059e-01,-1.410179138183593750e-01,-1.093204259872436523e+00,1.532004714012145996e+00,1.007250070571899414e+00,-3.548965454101562500e-01,-1.478167474269866943e-01
-1.058872461318969727e+00,-3.152483105659484863e-01,3.721832036972045898e-01,6.074811220169067383e-01,7.242844104766845703e-01,1.703163862228393555e+00,-1.306899309158325195e+00,-1.245638504624366760e-01
-6.314570307731628418e-01,-2.085608720779418945e+00,2.333487272262573242e-01,7.229174375534057617e-01,-5.462812185287475586e-01,7.346139550209045410e-01,-1.396003365516662598e+00,-9.627707004547119141e-01
1.293204665184020996e+00,-1.509041190147399902e-01,4.962798953056335449e-01,7.995879650115966797e-02,-2.105617761611938477e+00,4.348582029342651367e-01,-8.934910893440246582e-01,-1.174874186515808105e+00
5.136916041374206543e-01,2.682621479034423828e-01,3.341852724552154541e-01,2.072896957397460938e+00,-8.287332057952880859e-01,2.587652206420898438e-01,-9.716996550559997559e-01,-6.245211958885192871e-01
-1.368447989225387573e-01,2.168095111846923828e-02,-5.263680219650268555e-02,-3.123821020126342773e-01,8.976491689682006836e-01,2.188351303339004517e-01,4.868127405643463135e-02,1.867516517639160156e+00
-7.401594519615173340e-01,9.751619696617126465e-01,6.927597522735595703e-02,-3.393461108207702637e-01,2.352975845336914062e+00,2.014355212450027466e-01,-2.352213710546493530e-01,7.566401958465576172e-01
9.791378378868103027e-01,2.400072216987609863e-01,7.495927810668945312e-02,-1.257000923156738281e+00,-7.637245655059814453e-01,1.432709813117980957e+00,-9.295582175254821777e-01,9.032617807388305664e-01
-7.818642258644104004e-01,-3.678840398788452148e-02,-2.279907464981079102e-01,-4.796206355094909668e-01,1.555838346481323242e+00,-5.792937278747558594e-01,5.823873281478881836e-01,1.371585249900817871e+00
-8.407803773880004883e-01,-1.022549867630004883e+00,5.988383293151855469e-02,-1.666013002395629883e-01,6.103515625000000000e-01,3.835883140563964844e-01,-5.845962464809417725e-02,1.811553597450256348e+00
-9.926001429557800293e-01,2.863718867301940918e-01,2.291163504123687744e-01,-7.666084170341491699e-01,1.951230645179748535e+00,1.671960949897766113e+00,-1.258935093879699707e+00,-1.840127408504486084e-01
-1.076873302459716797e+00,-1.131978631019592285e-01,3.406796455383300781e-01,-1.507459282875061035e-01,1.641567349433898926e+00,1.301942229270935059e+00,-9.637199640274047852e-01,9.437513351440429688e-01
-1.246463656425476074e+00,1.896856427192687988e-01,1.320465803146362305e-01,-8.114126324653625488e-01,1.862908720970153809e+00,1.135989785194396973e+00,-8.469345569610595703e-01,-4.570902287960052490e-01
-1.361786842346191406e+00,-1.215073466300964355e-01,4.826502203941345215e-01,7.483077645301818848e-01,1.460925221443176270e+00,1.693924069404602051e+00,-1.179148554801940918e+00,1.023376345634460449e+00
-7.830224633216857910e-01,-2.283756136894226074e-01,1.406247019767761230e-01,-4.971851706504821777e-01,8.342255353927612305e-01,1.239184498786926270e+00,-7.115476131439208984e-01,-3.770461380481719971e-01
-4.460617899894714355e-01,-3.542558550834655762e-01,6.079158186912536621e-02,-8.895189166069030762e-01,4.979743063449859619e-01,1.311347126960754395e+00,-7.197216749191284180e-01,1.882734596729278564e-01
1.390061229467391968e-01,1.252629280090332031e+00,-8.505278825759887695e-02,9.631684422492980957e-02,1.768472492694854736e-01,-2.221659868955612183e-01,8.120327591896057129e-01,-7.105460762977600098e-01
4.751412272453308105e-01,2.783274054527282715e-01,5.367571115493774414e-02,4.901171326637268066e-01,-1.244356393814086914e+00,-8.257824182510375977e-01,7.451480627059936523e-01,-1.473053693771362305e+00
1.082195043563842773e+00,3.182318806648254395e-01,2.070307433605194092e-01,-8.936178088188171387e-01,-1.610743045806884766e+00,-2.957301139831542969e-01,6.417580246925354004e-01,-1.005892753601074219e+00
9.559653401374816895e-01,8.726548552513122559e-01,2.196657657623291016e-02,-2.946404218673706055e-01,-1.277221322059631348e+00,-2.826859354972839355e-01,4.826880693435668945e-01,-1.850875020027160645e+00
8.698870539665222168e-01,4.615984559059143066e-01,8.001303672790527344e-02,-9.335488080978393555e-02,-1.467881202697753906e+00,-5.484524369239807129e-01,6.331160068511962891e-01,-1.621493458747863770e+00
1.039041042327880859e+00,7.561441063880920410e-01,6.462100148200988770e-02,-4.114311337471008301e-01,-1.439977169036865234e+00,-3.737640976905822754e-01,6.271791458129882812e-01,-1.687865972518920898e+00
5.388734936714172363e-01,-8.483231067657470703e-02,5.703997611999511719e-02,4.501135945320129395e-01,-1.522475361824035645e+00,-9.228128790855407715e-01,6.965628862380981445e-01,-1.619780063629150391e+00
5.357463955879211426e-01,-4.471832513809204102e-02,6.158700585365295410e-02,3.156654238700866699e-01,-1.481990933418273926e+00,-8.729078769683837891e-01,7.355576157569885254e-01,-1.558029532432556152e+00
-8.244798779487609863e-01,-2.252633810043334961e+00,1.154086589813232422e-01,-1.853705644607543945e+00,-8.252620697021484375e-01,-1.536056399345397949e+00,1.108370900154113770e+00,-8.702538013458251953e-01
-1.569243907928466797e+00,-2.149122238159179688e+00,-1.287671923637390137e-01,-3.896399021148681641e+00,7.640582323074340820e-01,-2.422752618789672852e+00,1.019626498222351074e+00,-8.033448457717895508e-01
-9.309033751487731934e-01,-5.159198641777038574e-01,-2.140741348266601562e-01,-3.310077667236328125e+00,1.488166570663452148e+00,4.913019537925720215e-01,-1.016486644744873047e+00,-1.791630387306213379e+00
-1.252628326416015625e+00,-1.858027935028076172e+00,-5.122878551483154297e-01,-1.355726957321166992e+00,3.410535752773284912e-01,-2.757059097290039062e+00,1.805106520652770996e+00,-5.836141109466552734e-01
1.479587405920028687e-01,3.956817984580993652e-01,-4.681336879730224609e-02,2.466673254966735840e-01,-8.677005171775817871e-01,-7.243265509605407715e-01,1.125113725662231445e+00,-1.396972060203552246e+00
3.088015317916870117e-01,2.182158827781677246e-01,-1.043287515640258789e-01,3.820693492889404297e-02,-9.902950525283813477e-01,-9.071563482284545898e-01,1.266369223594665527e+00,-1.300943970680236816e+00
-4.547739028930664062e-01,-7.519698143005371094e-01,-3.847187757492065430e-01,-9.626376032829284668e-01,-5.707120895385742188e-01,-1.777185678482055664e+00,2.076207876205444336e+00,-1.166089653968811035e+00
2.565413713455200195e-03,2.003375887870788574e-01,-1.603019833564758301e-01,-9.718149900436401367e-02,-9.137227535247802734e-01,-9.578374028205871582e-01,1.431603670120239258e+00,-1.619430184364318848e+00
4.389534890651702881e-02,1.958112716674804688e-01,-1.587828993797302246e-01,-2.423047423362731934e-01,-9.411696195602416992e-01,-9.679651856422424316e-01,1.535773992538452148e+00,-1.544633746147155762e+00
5.301073193550109863e-01,8.845093846321105957e-01,-8.553874492645263672e-02,-5.068034529685974121e-01,-8.230959773063659668e-01,-4.836136698722839355e-01,9.980386495590209961e-01,-1.690799355506896973e+00
3.493872284889221191e-01,4.653510451316833496e-01,-9.053993225097656250e-02,-4.262372851371765137e-01,-9.795953035354614258e-01,-7.373649477958679199e-01,1.288892984390258789e+00,-1.531087517738342285e+00
4.144525527954101562e-01,2.944036126136779785e-01,-1.341884136199951172e-01,-3.920793533325195312e-04,-8.408854007720947266e-01,-8.523285388946533203e-01,1.205128908157348633e+00,-1.265981316566467285e+00
-1.883405894041061401e-01,-1.056319832801818848e+00,-8.997863531112670898e-02,-4.394978284835815430e-02,-1.380239725112915039e-01,-6.703442335128784180e-01,4.993824958801269531e-01,-1.897116005420684814e-01
1.539094328880310059e+00,1.681935310363769531e+00,-2.332823276519775391e-01,-2.636656165122985840e-01,-2.792811691761016846e-01,-8.049474656581878662e-02,4.324427843093872070e-01,1.737772226333618164e+00
5.896957516670227051e-01,1.564172983169555664e+00,-2.325091958045959473e-01,-7.691751122474670410e-01,7.478513717651367188e-01,7.968030571937561035e-01,-2.340021580457687378e-01,2.900812923908233643e-01
1.109787940979003906e+00,4.189217686653137207e-01,-2.065230011940002441e-01,-2.866967320442199707e-01,-3.084417879581451416e-01,3.217532634735107422e-01,-2.361116856336593628e-01,1.400725841522216797e+00
7.351865768432617188e-01,2.125667095184326172e+00,-2.252347469329833984e-01,-2.627638578414916992e-01,9.974752664566040039e-01,4.715884327888488770e-01,-4.432319104671478271e-02,4.719842970371246338e-01
1.719152808189392090e+00,2.281534671783447266e-02,8.530351519584655762e-02,-1.512878894805908203e+00,-1.419489264488220215e+00,8.157789111137390137e-01,-3.622524738311767578e-01,1.271378159523010254e+00
2.317627519369125366e-01,1.269201755523681641e+00,-1.130454540252685547e-01,-1.206427097320556641e+00,1.100126385688781738e+00,9.839696288108825684e-01,-4.926882386207580566e-01,-5.898191332817077637e-01
-3.677921295166015625e-01,1.207232236862182617e+00,-6.624820232391357422e-01,-1.574487924575805664e+00,2.298315048217773438e+00,-9.604084491729736328e-01,1.076173782348632812e+00,4.300279915332794189e-01
-7.024093270301818848e-01,4.447295069694519043e-01,8.812952041625976562e-02,-9.933270812034606934e-01,1.414188981056213379e+00,1.690504670143127441e+00,-9.733479619026184082e-01,-6.733307838439941406e-01
-1.647983789443969727e+00,-7.808719277381896973e-01,2.020100653171539307e-01,2.016678452491760254e-01,1.238811492919921875e+00,2.963629364967346191e-01,-1.741859763860702515e-01,1.182895779609680176e+00
-9.204786419868469238e-01,-1.393797755241394043e+00,1.069526672363281250e-01,-2.742692232131958008e-01,2.990315258502960205e-01,8.355745673179626465e-01,-9.239606261253356934e-01,-1.100270748138427734e+00
1.444910019636154175e-01,1.035709381103515625e-01,2.556555569171905518e-01,9.299221038818359375e-01,-7.568928003311157227e-01,3.128871321678161621e-01,-5.106877088546752930e-01,-1.221966505050659180e+00
2.051258534193038940e-01,-1.208578586578369141e+00,3.505609929561614990e-01,5.159101486206054688e-01,-6.799554824829101562e-01,6.730564832687377930e-01,-1.278770089149475098e+00,1.046761125326156616e-02
-8.392135500907897949e-01,-1.039996743202209473e+00,-2.989981174468994141e-01,-4.513909220695495605e-01,9.042760133743286133e-01,-3.653168678283691406e-01,3.554698228836059570e-01,1.288386940956115723e+00
-3.682388663291931152e-01,-4.898615479469299316e-01,1.266412734985351562e-01,-9.640147089958190918e-01,5.053697824478149414e-01,1.158405661582946777e+00,-7.442489266395568848e-01,-3.773311525583267212e-02
-1.359609961509704590e+00,-2.197831273078918457e-01,1.109278500080108643e-01,1.073121905326843262e+00,1.068621635437011719e+00,8.093361258506774902e-01,-6.356528997421264648e-01,-3.046393096446990967e-01
4.493395090103149414e-01,-7.441669702529907227e-01,3.824961185455322266e-02,-2.757770419120788574e-01,-2.878245413303375244e-01,7.458375096321105957e-01,-1.060355901718139648e+00,5.652955770492553711e-01
1.842877119779586792e-01,6.378172039985656738e-01,-1.710748672485351562e-02,5.895557403564453125e-01,2.349955737590789795e-01,9.023464918136596680e-01,-7.473824024200439453e-01,7.839940786361694336e-01
1.527025461196899414e+00,1.422023296356201172e+00,-2.144588828086853027e-01,2.259579300880432129e-01,-3.912896215915679932e-01,2.417982742190361023e-02,1.007311493158340454e-01,1.698741436004638672e+00
4.160350561141967773e-01,1.951707124710083008e+00,-2.505987882614135742e-01,-4.466997981071472168e-01,1.120609641075134277e+00,5.820252299308776855e-01,-1.199827641248703003e-01,-2.950950562953948975e-01
1.140373468399047852e+00,-4.619207382202148438e-01,-8.790081739425659180e-02,-1.764776945114135742e+00,-8.734377622604370117e-01,9.948597550392150879e-01,-4.718790054321289062e-01,1.642226934432983398e+00
-8.012969791889190674e-02,1.593874692916870117e+00,-4.102731347084045410e-01,-1.445989370346069336e+00,2.338175058364868164e+00,-2.042179182171821594e-02,3.438202142715454102e-01,-8.014217019081115723e-04
2.526827454566955566e-01,-1.718861103057861328e+00,3.432896435260772705e-01,-7.329563498497009277e-01,-8.830865621566772461e-01,7.380081415176391602e-01,-9.893497228622436523e-01,-2.315762937068939209e-01
-9.362681210041046143e-02,-2.393883466720581055e-02,1.190785765647888184e-01,-1.074585318565368652e-01,1.411480009555816650e-01,8.658437728881835938e-01,-9.959170222282409668e-01,-1.557457447052001953e+00
2.734881162643432617e+00,8.977859616279602051e-01,6.426085233688354492e-01,-8.650797009468078613e-01,-2.516898155212402344e+00,1.168231725692749023e+00,-1.232207894325256348e+00,2.740160822868347168e-01
1.149230837821960449e+00,1.649483442306518555e+00,5.963519215583801270e-02,1.527113676071166992e+00,-1.209622323513031006e-01,1.609806567430496216e-01,-5.912683606147766113e-01,2.218940556049346924e-01
2.395080178976058960e-01,-1.862377643585205078e+00,-1.671559810638427734e-01,-1.857215881347656250e+00,-4.529877007007598877e-01,4.128981754183769226e-02,-1.427285522222518921e-01,9.701223373413085938e-01
-1.430938243865966797e+00,3.438057303428649902e-01,7.052719593048095703e-03,-3.935426473617553711e-02,2.087719917297363281e+00,-1.063377112150192261e-01,2.638485431671142578e-01,1.271056771278381348e+00
-8.951806426048278809e-01,-1.332558870315551758e+00,3.648982048034667969e-01,-3.715469241142272949e-01,1.829566061496734619e-01,1.822377204895019531e+00,-1.440071821212768555e+00,1.368937790393829346e-01
-1.045425295829772949e+00,7.234984636306762695e-02,4.090499877929687500e-02,1.823347508907318115e-01,1.204856276512145996e+00,8.467032313346862793e-01,-5.005450248718261719e-01,-5.672115683555603027e-01
-1.004064321517944336e+00,-1.585139632225036621e-01,4.627757370471954346e-01,-3.788271546363830566e-01,1.597063302993774414e+00,1.686759471893310547e+00,-1.380091667175292969e+00,5.009102821350097656e-01
4.946906566619873047e-01,-1.393658876419067383e+00,-2.632725238800048828e-02,-1.767991781234741211e+00,-5.014719963073730469e-01,5.333011150360107422e-01,-3.506358265876770020e-01,7.387362718582153320e-01
-6.071634590625762939e-02,1.110224008560180664e+00,-8.266472816467285156e-02,-7.451182007789611816e-01,1.433842420578002930e+00,1.020519375801086426e+00,-4.438322782516479492e-01,2.847581207752227783e-01
8.837235569953918457e-01,-7.306677103042602539e-02,1.791618168354034424e-01,-6.976127624511718750e-03,-7.286796569824218750e-01,1.198912382125854492e+00,-1.336850881576538086e+00,6.584484577178955078e-01
-3.135342895984649658e-02,9.319842457771301270e-01,-4.288518428802490234e-02,-2.830300927162170410e-01,7.879375219345092773e-01,1.324621200561523438e+00,-1.028036952018737793e+00,-6.950066089630126953e-01
5.559808611869812012e-01,2.119889259338378906e-01,2.790710926055908203e-01,1.950612783432006836e+00,-5.239262580871582031e-01,7.279219627380371094e-01,-1.580283880233764648e+00,-5.345674753189086914e-01
1.262540578842163086e+00,5.455318093299865723e-01,4.870150685310363770e-01,9.063833355903625488e-01,-1.208160519599914551e+00,9.501248598098754883e-01,-1.690155029296875000e+00,-1.057184100151062012e+00
1.197045564651489258e+00,2.046897411346435547e+00,-1.249954104423522949e-01,9.703912734985351562e-01,-1.723101735115051270e-02,4.087087512016296387e-01,7.953061163425445557e-02,2.569618940353393555e+00
1.111543893814086914e+00,1.263356924057006836e+00,-1.170432567596435547e-02,-8.315014839172363281e-02,-1.854557693004608154e-01,1.053486704826354980e+00,-8.664526343345642090e-01,8.955465555191040039e-01
1.036046266555786133e+00,1.424546957015991211e+00,-3.826773166656494141e-02,-1.135100603103637695e+00,-1.333509683609008789e-01,1.368552803993225098e+00,-7.860333323478698730e-01,2.696815431118011475e-01
1.600301116704940796e-01,1.414415359497070312e+00,-1.613013744354248047e-01,-4.166774153709411621e-01,1.212617516517639160e+00,4.786694645881652832e-01,1.538194715976715088e-02,9.394429624080657959e-03
4.796161651611328125e-01,-8.461119532585144043e-01,-4.383444786071777344e-03,-2.027755498886108398e+00,1.777679026126861572e-01,1.065296173095703125e+00,-7.699972391128540039e-01,1.157195568084716797e+00
-1.060707330703735352e+00,7.952266931533813477e-02,3.230091929435729980e-01,-3.959751725196838379e-01,1.559910655021667480e+00,1.590379834175109863e+00,-1.102028489112854004e+00,-2.316429913043975830e-01
-3.084622025489807129e-01,-1.268875241279602051e+00,1.475362777709960938e-01,-1.610565662384033203e+00,6.712925434112548828e-01,1.157537341117858887e+00,-1.019628405570983887e+00,7.357925176620483398e-01
-1.053675293922424316e+00,2.141167521476745605e-01,1.640414297580718994e-01,-4.860724806785583496e-01,1.607800126075744629e+00,1.177045464515686035e+00,-7.209284305572509766e-01,-4.254176914691925049e-01
-1.089204788208007812e+00,-2.783767580986022949e-01,4.744259119033813477e-01,-3.322698473930358887e-01,1.637617707252502441e+00,1.966936945915222168e+00,-1.519414782524108887e+00,9.492427110671997070e-01
-7.898946404457092285e-01,-1.458092689514160156e+00,2.985503971576690674e-01,-6.906431317329406738e-01,6.909734010696411133e-02,1.346290469169616699e+00,-9.689994454383850098e-01,-2.745748460292816162e-01
-1.250967979431152344e+00,4.159500002861022949e-01,4.853603839874267578e-01,2.999795079231262207e-01,1.963254094123840332e+00,1.376988410949707031e+00,-9.728760123252868652e-01,1.130644202232360840e+00
-6.892097592353820801e-01,-2.078221321105957031e+00,2.509110271930694580e-01,5.735818147659301758e-01,-4.383151829242706299e-01,8.074251413345336914e-01,-1.405667424201965332e+00,-9.082050323486328125e-01
1.270239472389221191e+00,1.056901693344116211e+00,2.685266137123107910e-01,1.306239962577819824e+00,-7.131168842315673828e-01,8.284245431423187256e-02,-4.894113540649414062e-01,1.264456510543823242e+00
1.003295183181762695e+00,2.296148777008056641e+00,3.863236308097839355e-02,8.119405508041381836e-01,-2.329381704330444336e-01,5.677695199847221375e-02,1.538873463869094849e-01,-6.097002625465393066e-01
2.334373712539672852e+00,1.398848056793212891e+00,-1.840329170227050781e-02,-3.968481421470642090e-01,-1.166854858398437500e+00,1.600155979394912720e-01,-5.444775521755218506e-02,1.495030879974365234e+00
1.770523041486740112e-01,1.404095649719238281e+00,-3.583133220672607422e-02,-1.704936027526855469e-01,7.258212566375732422e-01,1.149955391883850098e+00,-7.663423418998718262e-01,-4.263413846492767334e-01
1.148985147476196289e+00,-9.972804784774780273e-02,7.483074069023132324e-02,-4.020673632621765137e-01,-9.245573282241821289e-01,1.011234045028686523e+00,-9.829270243644714355e-01,1.306809782981872559e+00
3.309828042984008789e-01,1.490231990814208984e+00,-1.013334393501281738e-01,3.127442896366119385e-01,7.845383882522583008e-01,7.975552678108215332e-01,-4.534641504287719727e-01,7.095885276794433594e-01
2.150949239730834961e+00,4.610764384269714355e-01,-3.104054927825927734e-02,-2.103862762451171875e+00,-1.343360424041748047e+00,1.189275264739990234e+00,-7.177143096923828125e-01,1.775698900222778320e+00
6.647132039070129395e-01,2.698517799377441406e+00,-5.069082975387573242e-02,-3.098790049552917480e-01,1.945856213569641113e+00,8.428622484207153320e-01,-5.749940872192382812e-01,2.270603477954864502e-01
2.593419551849365234e-01,-1.425340771675109863e-01,-2.769021391868591309e-01,-1.108869314193725586e+00,4.372959434986114502e-01,2.204973623156547546e-02,3.020206689834594727e-01,1.615931868553161621e+00
1.880815476179122925e-01,1.340104103088378906e+00,1.972837448120117188e-01,-3.570647239685058594e-01,8.363314867019653320e-01,1.353481888771057129e+00,-9.523103833198547363e-01,-3.341424167156219482e-01
-1.008845925331115723e+00,2.647845149040222168e-01,-3.649928569793701172e-01,-1.529248356819152832e-01,1.610668659210205078e+00,-1.162719488143920898e+00,1.120672583580017090e+00,9.847162961959838867e-01
-1.088587999343872070e+00,-3.458340764045715332e-01,3.196585178375244141e-01,7.929191589355468750e-01,7.249329090118408203e-01,1.400428175926208496e+00,-1.152182698249816895e+00,-3.569295108318328857e-01
-5.771816372871398926e-01,2.627303004264831543e-01,9.297019243240356445e-02,5.291287302970886230e-01,8.891496658325195312e-01,4.683793708682060242e-02,3.363026380538940430e-01,1.619454264640808105e+00
8.505926728248596191e-01,2.250651359558105469e+00,8.128851652145385742e-02,1.048648715019226074e+00,-1.289786249399185181e-01,2.696103975176811218e-02,7.915283739566802979e-02,-5.823309421539306641e-01
2.106833934783935547e+00,2.313790321350097656e+00,-3.694570064544677734e-02,2.459423542022705078e-01,-1.005865931510925293e+00,5.021280050277709961e-01,2.725757658481597900e-02,2.017079830169677734e+00
6.893032193183898926e-01,1.116175413131713867e+00,-1.233007311820983887e-01,-7.104772925376892090e-01,2.673904597759246826e-01,9.066787362098693848e-01,-4.437567591667175293e-01,6.169944405555725098e-01
1.619909882545471191e+00,1.652568578720092773e-02,6.503960490226745605e-02,-2.384608983993530273e-01,-9.606723785400390625e-01,6.067202091217041016e-01,-9.477418661117553711e-01,1.420299768447875977e+00
6.406901478767395020e-01,1.348591566085815430e+00,-5.143707990646362305e-02,-1.831888556480407715e-01,2.457654178142547607e-01,6.878495216369628906e-01,-2.428522557020187378e-01,4.835161864757537842e-01
7.462924122810363770e-01,1.643835306167602539e+00,-1.132998466491699219e-01,1.085237979888916016e+00,2.087572515010833740e-01,-4.855816960334777832e-01,3.208296298980712891e-01,7.109287381172180176e-01
6.688275933265686035e-01,4.869941473007202148e-01,-1.796090602874755859e-02,-1.077830076217651367e+00,-2.224076688289642334e-01,1.224290609359741211e+00,-6.741144657135009766e-01,4.921083748340606689e-01
1.143862247467041016e+00,3.722683787345886230e-01,-2.997982501983642578e-02,2.480383813381195068e-01,-5.186599493026733398e-01,2.696380019187927246e-01,-4.091298580169677734e-01,1.650641918182373047e+00
2.980515360832214355e-01,1.440755367279052734e+00,-4.598128795623779297e-02,5.802506208419799805e-02,7.871086597442626953e-01,6.658294796943664551e-01,-4.115468263626098633e-01,-3.080721795558929443e-01
1.117041945457458496e+00,1.432782411575317383e+00,6.595242023468017578e-02,1.326178789138793945e+00,-3.033958971500396729e-01,6.871233582496643066e-01,-9.693484902381896973e-01,6.857811808586120605e-01
6.255821883678436279e-02,-1.662490367889404297e-01,-6.814950704574584961e-02,-1.011456251144409180e+00,-1.671352684497833252e-01,1.088920831680297852e+00,-4.735081195831298828e-01,1.470836699008941650e-01
-8.831534981727600098e-01,-1.610294580459594727e-01,8.854842185974121094e-02,1.394402980804443359e+00,6.461131572723388672e-01,-2.379553169012069702e-01,2.282263338565826416e-02,5.201019048690795898e-01
-3.435211181640625000e-01,-5.893737673759460449e-01,-2.040982246398925781e-03,-1.280178546905517578e+00,1.175741672515869141e+00,9.460482001304626465e-01,-5.839686393737792969e-01,9.046381711959838867e-01
1.072734594345092773e-04,-1.707191616296768188e-01,-1.222924590110778809e-01,1.376125216484069824e-01,-8.642059564590454102e-01,-1.018794178962707520e+00,1.330543756484985352e+00,-8.883588314056396484e-01
6.229485273361206055e-01,2.862260937690734863e-01,1.477169990539550781e-02,1.578145027160644531e-01,-1.274917840957641602e+00,-7.047590613365173340e-01,6.921996474266052246e-01,-1.688787341117858887e+00
4.603030085563659668e-01,2.515101432800292969e-02,1.736575365066528320e-02,2.896640896797180176e-01,-1.288715720176696777e+00,-8.593544960021972656e-01,7.774055600166320801e-01,-1.604419231414794922e+00
5.224588513374328613e-01,5.419877171516418457e-02,8.163923025131225586e-02,4.817344546318054199e-01,-1.216917276382446289e+00,-7.466712594032287598e-01,5.930083990097045898e-01,-1.431886434555053711e+00
1.114706873893737793e+00,1.014088392257690430e+00,8.388370275497436523e-02,-5.130200982093811035e-01,-1.194173932075500488e+00,-1.171775311231613159e-01,3.740507364273071289e-01,-1.689528465270996094e+00
1.059594631195068359e+00,7.840829491615295410e-01,1.049255132675170898e-01,-6.031989455223083496e-01,-1.414564490318298340e+00,-2.794941663742065430e-01,6.722640991210937500e-01,-1.521370530128479004e+00
8.020129799842834473e-01,6.927842497825622559e-01,2.388149499893188477e-02,-1.046805381774902344e-01,-1.185573577880859375e+00,-4.587692022323608398e-01,5.889056921005249023e-01,-1.724465727806091309e+00
1.277038931846618652e+00,1.058235645294189453e+00,1.159651875495910645e-01,-5.470535159111022949e-01,-1.433703303337097168e+00,-1.727769225835800171e-01,5.017592906951904297e-01,-1.688716650009155273e+00
7.985254526138305664e-01,6.183457970619201660e-01,-9.918212890625000000e-03,-2.671855092048645020e-01,-1.373973965644836426e+00,-6.132805943489074707e-01,8.742980957031250000e-01,-1.754281163215637207e+00
6.176340579986572266e-01,1.477177143096923828e-01,3.121605515480041504e-02,2.029249072074890137e-01,-1.429105520248413086e+00,-8.267448544502258301e-01,7.814637422561645508e-01,-1.650322318077087402e+00
-1.957714557647705078e+00,-3.559869766235351562e+00,-2.654746174812316895e-01,-3.307098746299743652e-01,-4.965990781784057617e-01,-2.674663782119750977e+00,7.997932434082031250e-01,-1.602651596069335938e+00
-8.371753096580505371e-01,-1.027870893478393555e+00,-8.209699392318725586e-02,-4.958470821380615234e+00,1.368890404701232910e+00,-6.669788360595703125e-01,-2.842481732368469238e-01,-9.281601905822753906e-01
-1.348418235778808594e+00,-4.775244593620300293e-01,-1.560902595520019531e-02,-3.262031078338623047e+00,2.827432155609130859e+00,-1.493202090263366699e+00,-1.171245425939559937e-01,5.987467616796493530e-02
-1.845028281211853027e+00,-2.109723806381225586e+00,-4.385703206062316895e-01,1.769667565822601318e-01,3.598407208919525146e-01,-2.480198144912719727e+00,1.168158650398254395e+00,-1.235483646392822266e+00
4.539961814880371094e-01,8.769950270652770996e-02,2.997621893882751465e-02,3.161273002624511719e-01,-1.219157576560974121e+00,-7.967849373817443848e-01,8.029121756553649902e-01,-1.558769702911376953e+00
8.824706673622131348e-01,1.397375106811523438e+00,-7.825911045074462891e-03,-3.915430903434753418e-01,-7.265654802322387695e-01,5.141193792223930359e-02,2.910978198051452637e-01,-1.913331985473632812e+00
1.892180740833282471e-02,-8.367219567298889160e-02,-1.305018663406372070e-01,9.340786933898925781e-02,-9.942961931228637695e-01,-1.037555336952209473e+00,1.348632693290710449e+00,-1.494648575782775879e+00
5.478929281234741211e-01,2.610902190208435059e-01,-1.475322246551513672e-02,-1.769155263900756836e-01,-1.164007782936096191e+00,-6.997188925743103027e-01,9.022368192672729492e-01,-1.624480366706848145e+00
9.604618549346923828e-01,9.134684205055236816e-01,6.079372763633728027e-02,3.057181835174560547e-02,-1.103065848350524902e+00,-3.553306460380554199e-01,4.302132129669189453e-01,-1.820801854133605957e+00
3.968157768249511719e-01,5.401980280876159668e-01,-1.189855337142944336e-01,-3.118836283683776855e-01,-1.010083556175231934e+00,-7.548720240592956543e-01,1.160828709602355957e+00,-1.764325261116027832e+00
7.884600758552551270e-01,8.563985228538513184e-01,-4.517638683319091797e-02,-6.762563586235046387e-01,-1.114128351211547852e+00,-4.777476787567138672e-01,9.717764854431152344e-01,-1.720953583717346191e+00
1.195033937692642212e-01,1.161122322082519531e-02,-1.059917211532592773e-01,1.689279079437255859e-01,-1.108731627464294434e+00,-9.972934126853942871e-01,1.216625571250915527e+00,-1.689902305603027344e+00
1.559703499078750610e-01,1.920943856239318848e-01,-1.443346738815307617e-01,-9.517133235931396484e-03,-7.323511838912963867e-01,-8.539164066314697266e-01,1.268094897270202637e+00,-1.299083232879638672e+00
-4.287276864051818848e-01,-1.976168632507324219e+00,-1.884312629699707031e-01,-1.146018981933593750e+00,-1.529814302921295166e-01,-7.645105123519897461e-01,4.857780933380126953e-01,3.719373643398284912e-01
-3.738851845264434814e-02,2.006911039352416992e+00,-2.811321020126342773e-01,-4.063230752944946289e-01,2.276763916015625000e+00,-4.234137535095214844e-01,4.433228969573974609e-01,8.064712285995483398e-01
-2.339533716440200806e-01,-1.276693940162658691e-01,1.460894644260406494e-01,-1.078667640686035156e+00,4.584690034389495850e-01,1.567699670791625977e+00,-1.039044618606567383e+00,-1.826754510402679443e-01
-5.399792790412902832e-01,-1.056386470794677734e+00,2.537312507629394531e-01,-1.493319988250732422e+00,1.162984609603881836e+00,1.321312427520751953e+00,-1.240599155426025391e+00,1.464310765266418457e+00
-1.161694526672363281e+00,4.435259103775024414e-02,1.741904318332672119e-01,-8.506750464439392090e-01,1.925345540046691895e+00,7.605913281440734863e-01,-6.968311071395874023e-01,3.837939798831939697e-01
3.503648936748504639e-02,-1.392521858215332031e+00,-4.137587547302246094e-02,-1.881363868713378906e+00,3.457269370555877686e-01,8.562619090080261230e-01,-6.900586485862731934e-01,1.210556030273437500e+00
1.412037163972854614e-01,1.168518543243408203e+00,-3.520473837852478027e-01,-1.139042139053344727e+00,1.534464597702026367e+00,5.048295259475708008e-01,1.878911405801773071e-01,9.338356256484985352e-01
7.079362273216247559e-01,-9.487700462341308594e-02,1.059378981590270996e-01,-6.476308703422546387e-01,-5.310542583465576172e-01,1.697586774826049805e+00,-1.616268396377563477e+00,7.519106864929199219e-01
1.031134128570556641e+00,1.268888235092163086e+00,-2.136109471321105957e-01,8.271678686141967773e-01,2.884098887443542480e-02,4.341490194201469421e-02,-6.746314465999603271e-02,2.171969890594482422e+00
1.546482294797897339e-01,7.886945605278015137e-01,5.233928561210632324e-02,6.001877784729003906e-01,3.989053070545196533e-01,8.347326517105102539e-01,-8.066660761833190918e-01,6.658878177404403687e-02
-5.970206856727600098e-01,-1.007768154144287109e+00,-2.605324983596801758e-02,3.804840743541717529e-01,9.198695421218872070e-03,-8.002172112464904785e-01,3.211692571640014648e-01,9.047863483428955078e-01
2.070871442556381226e-01,6.389971375465393066e-01,9.708476066589355469e-02,1.410464763641357422e+00,-3.272309899330139160e-02,4.212704300880432129e-01,-6.090637445449829102e-01,-1.150098815560340881e-01
1.271538496017456055e+00,2.565161943435668945e+00,-2.234938740730285645e-01,2.627964317798614502e-01,5.621182918548583984e-01,1.014883443713188171e-02,2.884101271629333496e-01,1.275530815124511719e+00
9.454454481601715088e-02,5.758439302444458008e-01,-1.976947784423828125e-01,-8.044314384460449219e-02,8.816379308700561523e-01,-1.793443411588668823e-01,3.429872989654541016e-01,1.723414301872253418e+00
-1.294486284255981445e+00,-9.085506200790405273e-02,4.971176385879516602e-02,1.147545576095581055e-01,1.610443592071533203e+00,-2.118338197469711304e-01,2.603343725204467773e-01,2.275093793869018555e+00
-8.879999518394470215e-01,-5.583422183990478516e-01,3.705078363418579102e-02,-1.965913772583007812e-01,8.400084972381591797e-01,9.132785201072692871e-01,-4.527964591979980469e-01,1.311939656734466553e-01
-1.150366187095642090e+00,-1.297214269638061523e+00,2.847818136215209961e-01,4.957157969474792480e-01,3.726080358028411865e-01,1.449113488197326660e+00,-1.329836964607238770e+00,-1.356354653835296631e-01
-3.677871823310852051e-01,3.353589177131652832e-01,-2.230157852172851562e-01,-1.408272504806518555e+00,1.347608566284179688e+00,5.343925356864929199e-01,-2.875600755214691162e-02,-4.407979547977447510e-03
-7.185884118080139160e-01,-6.107419729232788086e-02,9.988489747047424316e-02,-6.486536860466003418e-01,1.273217320442199707e+00,7.688273191452026367e-01,-4.785585403442382812e-01,3.195527493953704834e-01
1.333500027656555176e+00,-2.472007870674133301e-01,5.985128879547119141e-02,-6.859419941902160645e-01,-9.816558361053466797e-01,1.163225054740905762e+00,-1.164600372314453125e+00,1.470276355743408203e+00
-3.814311325550079346e-02,1.337135791778564453e+00,1.104664802551269531e-01,6.161028742790222168e-01,9.863979816436767578e-01,1.502463936805725098e+00,-1.293313622474670410e+00,3.760187923908233643e-01
8.921030163764953613e-01,-7.280346751213073730e-01,2.443295121192932129e-01,9.835376739501953125e-01,-1.163200736045837402e+00,6.879563331604003906e-01,-1.478656768798828125e+00,3.919079005718231201e-01
-1.300585627555847168e+00,-7.369087338447570801e-01,2.452769279479980469e-01,1.565123558044433594e+00,5.527752637863159180e-01,7.644051313400268555e-01,-8.824344873428344727e-01,-6.340834498405456543e-01
9.707833528518676758e-01,-1.178790926933288574e+00,5.988420844078063965e-01,3.944922685623168945e-01,-1.953290104866027832e+00,2.736667096614837646e-01,-1.110253930091857910e+00,-2.399411499500274658e-01
5.773183107376098633e-01,-1.871404945850372314e-01,1.601674854755401611e-01,4.447844922542572021e-01,-9.362971782684326172e-01,-6.195336580276489258e-01,3.854852914810180664e-01,-1.657682955265045166e-01
4.064337611198425293e-01,-1.139937877655029297e+00,2.308221459388732910e-01,2.704237401485443115e-01,-5.104504823684692383e-01,8.801292181015014648e-01,-1.369638562202453613e+00,5.941538214683532715e-01
-1.376525044441223145e+00,-9.771758317947387695e-02,4.088334143161773682e-01,5.374771356582641602e-02,1.682153820991516113e+00,8.606049418449401855e-01,-6.540448665618896484e-01,1.643568515777587891e+00
-6.108803749084472656e-01,-2.240081548690795898e+00,1.103558540344238281e-01,-2.966628074645996094e-01,-2.445676028728485107e-01,4.365512132644653320e-01,-9.404593706130981445e-01,-2.940270602703094482e-01
-1.224325776100158691e+00,-7.264788746833801270e-01,4.121161103248596191e-01,-9.345522522926330566e-01,1.603489518165588379e+00,1.085671544075012207e+00,-1.060310482978820801e+00,1.760839223861694336e+00
-2.255247533321380615e-02,2.378064393997192383e-02,-7.880584001541137695e-01,-1.593271255493164062e+00,1.085094928741455078e+00,-9.172364473342895508e-01,1.095890164375305176e+00,6.040045022964477539e-01
-1.781081706285476685e-01,-1.817054271697998047e+00,-2.839694023132324219e-01,-2.572835922241210938e+00,4.346909224987030029e-01,-6.902803182601928711e-01,3.089489936828613281e-01,1.166011691093444824e+00
2.959495186805725098e-01,1.309395074844360352e+00,-1.562184691429138184e-01,6.311700940132141113e-01,6.325917243957519531e-01,6.773330569267272949e-01,-5.338327288627624512e-01,5.286952257156372070e-01
-3.366466164588928223e-01,-8.115000724792480469e-01,2.151275277137756348e-01,6.784582138061523438e-01,-2.443182170391082764e-01,1.565679788589477539e+00,-1.954815506935119629e+00,-6.810772418975830078e-01
1.463965892791748047e+00,1.851073980331420898e+00,-2.142878174781799316e-01,9.283443689346313477e-01,-1.120578348636627197e-01,-3.491770103573799133e-02,1.148082315921783447e-02,1.983449339866638184e+00
4.121969640254974365e-02,9.705838561058044434e-01,1.660275459289550781e-02,4.460979402065277100e-01,4.766814410686492920e-01,1.119532823562622070e+00,-8.905303478240966797e-01,8.752658218145370483e-02
-8.422472476959228516e-01,1.972442865371704102e-02,3.833562135696411133e-02,1.288318634033203125e+00,7.648056745529174805e-01,-2.871487140655517578e-01,-1.152757257223129272e-01,-8.306596428155899048e-02
1.739383190870285034e-01,-8.475078344345092773e-01,2.574513256549835205e-01,9.968328475952148438e-01,-1.023556113243103027e+00,-2.316575497388839722e-01,-3.679877519607543945e-01,-1.300512790679931641e+00
1.170115828514099121e+00,-7.420797944068908691e-01,4.111669659614562988e-01,8.117082118988037109e-01,-1.635859966278076172e+00,-1.908030360937118530e-02,-1.074817895889282227e+00,-6.009850651025772095e-02
3.930718898773193359e-01,-6.643176674842834473e-01,2.481680214405059814e-01,8.909856081008911133e-01,-5.248683691024780273e-01,1.715964227914810181e-01,-8.537290096282958984e-01,3.577003777027130127e-01
1.265443921089172363e+00,1.196986913681030273e+00,-4.307967424392700195e-02,1.199114561080932617e+00,-3.231983482837677002e-01,2.881848216056823730e-01,-5.844902396202087402e-01,1.837678432464599609e+00
-3.951640427112579346e-02,6.588764786720275879e-01,1.185473799705505371e-01,9.583022594451904297e-01,2.880009114742279053e-01,1.575550317764282227e+00,-1.596357107162475586e+00,1.770844310522079468e-02
3.318614959716796875e-01,1.444750785827636719e+00,-3.660511970520019531e-02,1.363007783889770508e+00,6.190198659896850586e-01,7.211315631866455078e-01,-6.544657349586486816e-01,1.305314779281616211e+00
6.451911330223083496e-01,2.073957204818725586e+00,-8.832532167434692383e-02,1.139917373657226562e+00,7.640254497528076172e-01,4.165741801261901855e-01,-2.941382527351379395e-01,1.191416621208190918e+00
1.245763897895812988e+00,-6.991314888000488281e-02,8.317774534225463867e-02,-1.791025996208190918e-01,-9.962792396545410156e-01,8.378877639770507812e-01,-8.509601354598999023e-01,1.608313918113708496e+00
2.217548340559005737e-01,1.242324113845825195e+00,-4.250761270523071289e-01,-1.257712125778198242e+00,1.238200306892395020e+00,-9.590451419353485107e-02,6.278895139694213867e-01,2.933488190174102783e-01
-3.224946856498718262e-01,1.661789894104003906e+00,-6.465847492218017578e-01,-5.260998606681823730e-01,2.138673305511474609e+00,-1.408458471298217773e+00,1.599790215492248535e+00,1.443118453025817871e+00
2.681290507316589355e-01,1.550092220306396484e+00,-6.721377372741699219e-02,-1.891226768493652344e-01,6.070284843444824219e-01,6.549112200736999512e-01,-1.559133380651473999e-01,-4.024303853511810303e-01
6.752745509147644043e-01,-3.297307491302490234e-01,-1.006236076354980469e-01,-9.735359549522399902e-01,-3.132150471210479736e-01,4.639630317687988281e-01,-1.197386831045150757e-01,1.445001006126403809e+00
-5.815356373786926270e-01,7.063929438591003418e-01,-1.577632427215576172e-01,-5.609503388404846191e-01,1.638243794441223145e+00,4.819626212120056152e-01,-2.127383798360824585e-01,-5.263446569442749023e-01
-1.112386465072631836e+00,-6.799187660217285156e-01,1.883530616760253906e-01,2.861331105232238770e-01,7.251602411270141602e-01,-1.951202303171157837e-01,2.883731722831726074e-01,1.583832859992980957e+00
6.502953767776489258e-01,2.385138869285583496e-01,6.714850664138793945e-02,-9.530979990959167480e-01,-1.816634088754653931e-01,5.179042220115661621e-01,-8.294143080711364746e-01,-1.877149462699890137e+00
2.156191587448120117e+00,1.300465345382690430e+00,3.679798841476440430e-01,1.448323607444763184e+00,-1.334953188896179199e+00,5.402294993400573730e-01,-1.449386596679687500e+00,4.550268501043319702e-02
6.447860598564147949e-01,6.692842841148376465e-01,2.067399919033050537e-01,1.256233334541320801e+00,-1.966687738895416260e-01,8.595619201660156250e-01,-1.237819194793701172e+00,3.526388108730316162e-01
8.012054562568664551e-01,1.839056015014648438e+00,-1.070407629013061523e-01,1.151283025741577148e+00,9.963116049766540527e-02,5.026343464851379395e-01,-1.359860748052597046e-01,1.755106806755065918e+00
1.587735176086425781e+00,1.283610582351684570e+00,2.172501683235168457e-01,-1.327768564224243164e+00,-8.146347999572753906e-01,1.285252094268798828e+00,-9.545193910598754883e-01,-4.875650703907012939e-01
1.322507500648498535e+00,2.141137123107910156e+00,-1.465237140655517578e-02,5.678502321243286133e-01,-1.050504744052886963e-01,6.874414682388305664e-01,-6.235854029655456543e-01,3.230207860469818115e-01
5.169292688369750977e-01,2.122472047805786133e+00,-2.875504493713378906e-01,-7.608506083488464355e-01,1.010256171226501465e+00,6.155646443367004395e-01,-5.538962781429290771e-02,-7.088111639022827148e-01
1.893617987632751465e+00,7.193494439125061035e-01,3.145611286163330078e-02,-1.608865022659301758e+00,-1.187899112701416016e+00,9.604991078376770020e-01,-4.860665202140808105e-01,8.203338384628295898e-01
2.608877420425415039e-01,2.075940370559692383e+00,-2.566596269607543945e-01,-4.188412427902221680e-01,1.248920083045959473e+00,5.187920928001403809e-01,-1.346229016780853271e-02,-7.498881816864013672e-01
1.217101454734802246e+00,-2.978181242942810059e-01,1.021326780319213867e-01,-1.891739606857299805e+00,-1.002153277397155762e+00,7.671985030174255371e-01,-4.610720872879028320e-01,1.243145093321800232e-01
-4.328368306159973145e-01,4.376801848411560059e-01,-4.802371263504028320e-01,-1.002226114273071289e+00,1.293681383132934570e+00,-7.597301602363586426e-01,1.001019358634948730e+00,-1.352851092815399170e-01
1.808535099029541016e+00,9.954422712326049805e-02,-8.479493856430053711e-02,-1.995944738388061523e+00,-9.334920644760131836e-01,4.387081265449523926e-01,-8.708189427852630615e-02,1.291275858879089355e+00
-1.755084544420242310e-01,1.567975997924804688e+00,-5.589611530303955078e-01,-1.085302352905273438e+00,2.380148410797119141e+00,-8.551601767539978027e-01,1.016110897064208984e+00,3.755715191364288330e-01
6.409407854080200195e-01,-1.373064875602722168e+00,5.575010776519775391e-01,7.524720430374145508e-01,-1.808894991874694824e+00,1.372113823890686035e-01,-1.176168560981750488e+00,-6.284153461456298828e-01
1.142522454261779785e+00,1.842906475067138672e-01,3.819923102855682373e-01,2.080107331275939941e-01,-1.335264801979064941e+00,3.404242098331451416e-01,-9.367275238037109375e-01,-1.370983004570007324e+00
1.922690868377685547e+00,1.705823540687561035e-01,4.250374436378479004e-01,1.061868667602539062e+00,-1.938557744026184082e+00,-3.225014209747314453e-01,-8.994457721710205078e-01,5.114837288856506348e-01
-2.156845480203628540e-01,-6.377588510513305664e-01,1.759549677371978760e-01,-8.835987448692321777e-01,4.656890332698822021e-01,1.419567704200744629e+00,-9.647952318191528320e-01,9.976904392242431641e-01
-1.003504991531372070e+00,-3.357878327369689941e-01,1.242778301239013672e-01,1.371286869049072266e+00,7.231969833374023438e-01,4.036691784858703613e-01,-6.023382544517517090e-01,1.579382270574569702e-02
-1.136759996414184570e+00,-4.916663765907287598e-01,4.990264773368835449e-02,-8.028377890586853027e-01,1.569632768630981445e+00,-1.849530786275863647e-01,6.927300989627838135e-02,1.713566660881042480e+00
9.608281254768371582e-01,-7.073251008987426758e-01,2.430981993675231934e-01,-2.180019021034240723e-01,-9.855691194534301758e-01,9.737552404403686523e-01,-1.276527762413024902e+00,6.030524373054504395e-01
-3.442251682281494141e-01,8.526009321212768555e-02,-2.098999023437500000e-01,-1.472386837005615234e+00,1.547463774681091309e+00,1.050183326005935669e-01,1.260894685983657837e-01,8.118104934692382812e-01
1.404375433921813965e+00,-6.070212125778198242e-01,1.755461990833282471e-01,-6.559229493141174316e-01,-1.226461410522460938e+00,9.048931002616882324e-01,-1.059328913688659668e+00,1.195319056510925293e+00
1.398180425167083740e-02,7.254838943481445312e-03,-4.776078462600708008e-02,-8.201134800910949707e-01,7.255544662475585938e-01,7.007189393043518066e-01,-2.744798660278320312e-01,9.443885087966918945e-01
-1.597161442041397095e-01,2.996593713760375977e-02,1.222792863845825195e-01,6.996793150901794434e-01,3.377926051616668701e-01,8.421413302421569824e-01,-9.415636062622070312e-01,-1.234785094857215881e-01
-1.147815704345703125e+00,-4.855383038520812988e-01,-7.218015193939208984e-02,-4.462192654609680176e-01,1.280346751213073730e+00,-7.584618926048278809e-01,6.351028680801391602e-01,1.180785894393920898e+00
3.047314882278442383e-01,-1.031643867492675781e+00,1.179555952548980713e-01,3.683188259601593018e-01,-6.260490417480468750e-01,2.351938039064407349e-01,-7.333322763442993164e-01,5.001090466976165771e-03
-8.712031245231628418e-01,-9.498742818832397461e-01,3.380410671234130859e-01,-4.836313128471374512e-01,3.630842864513397217e-01,1.527942895889282227e+00,-1.026268124580383301e+00,-2.727080285549163818e-01
-5.119717717170715332e-01,7.412951588630676270e-01,-2.514485716819763184e-01,1.883257031440734863e-01,3.754619061946868896e-01,-6.829006075859069824e-01,1.401740074157714844e+00,-7.376883029937744141e-01
5.817910432815551758e-01,-3.915137052536010742e-02,1.326842308044433594e-01,5.645034313201904297e-01,-1.517212867736816406e+00,-8.062270283699035645e-01,5.138306617736816406e-01,-1.475468873977661133e+00
1.258235335350036621e+00,1.098995447158813477e+00,9.843868017196655273e-02,-7.209675908088684082e-01,-1.295441627502441406e+00,-1.600800827145576477e-02,3.425109982490539551e-01,-1.714968562126159668e+00
1.309126138687133789e+00,8.937459588050842285e-01,1.968346834182739258e-01,-4.086830019950866699e-01,-1.551142215728759766e+00,-6.419257819652557373e-02,2.955311536788940430e-01,-1.567319512367248535e+00
1.398437023162841797e+00,1.273647785186767578e+00,1.125547289848327637e-01,-9.835813641548156738e-01,-1.368164777755737305e+00,1.837844997644424438e-01,2.739424109458923340e-01,-1.753837347030639648e+00
8.811623454093933105e-01,8.422088027000427246e-01,3.803730010986328125e-03,-4.948009848594665527e-01,-1.330481886863708496e+00,-4.843320846557617188e-01,9.268497228622436523e-01,-1.673704981803894043e+00
6.349228620529174805e-01,9.748643636703491211e-02,8.882355690002441406e-02,2.692181468009948730e-01,-1.479912400245666504e+00,-7.795212268829345703e-01,7.175529599189758301e-01,-1.526608824729919434e+00
7.066403627395629883e-01,7.124635577201843262e-01,1.963686943054199219e-02,3.957051038742065430e-02,-1.070631623268127441e+00,-3.394250273704528809e-01,4.186626672744750977e-01,-1.796894788742065430e+00
9.153982996940612793e-01,5.603809952735900879e-01,8.361017704010009766e-02,-3.385168313980102539e-02,-1.306641459465026855e+00,-4.400138258934020996e-01,4.400727748870849609e-01,-1.669953584671020508e+00
8.220691084861755371e-01,9.079661965370178223e-01,-2.755165100097656250e-03,-4.527950286865234375e-02,-1.056404709815979004e+00,-2.736121416091918945e-01,3.454011678695678711e-01,-1.981988668441772461e+00
-1.327616810798645020e+00,-2.146100282669067383e+00,-4.490311145782470703e-01,-2.936954736709594727e+00,7.393097877502441406e-01,-1.952268481254577637e+00,3.349227309226989746e-01,-2.220742702484130859e+00
-1.319216489791870117e+00,9.805579781532287598e-01,-5.414476394653320312e-01,-1.257945775985717773e+00,1.254788160324096680e+00,2.500375509262084961e+00,-2.227470397949218750e+00,-4.962752342224121094e+00
7.727758288383483887e-01,8.126145005226135254e-01,-4.932638406753540039e-01,-3.126058101654052734e+00,7.440999746322631836e-01,-9.506993889808654785e-01,1.199171900749206543e+00,1.525924503803253174e-01
2.806465625762939453e-01,7.304294705390930176e-01,-8.004713058471679688e-02,-7.081538438796997070e-02,-8.376469612121582031e-01,-6.237782239913940430e-01,1.105345487594604492e+00,-1.567250132560729980e+00
3.454797863960266113e-01,5.031353831291198730e-01,-4.059296846389770508e-02,-9.984463453292846680e-02,-1.022436738014221191e+00,-6.869946122169494629e-01,1.099415779113769531e+00,-1.491872906684875488e+00
4.257756471633911133e-01,2.972863316535949707e-01,-4.599142074584960938e-02,4.417997598648071289e-02,-1.209468126296997070e+00,-8.651008009910583496e-01,1.157240271568298340e+00,-1.506940603256225586e+00
2.032732218503952026e-01,9.400171041488647461e-02,-6.351912021636962891e-02,1.418169140815734863e-01,-1.138927459716796875e+00,-9.099659919738769531e-01,1.149841904640197754e+00,-1.551065921783447266e+00
2.594194412231445312e-01,1.544166207313537598e-01,-5.127459764480590820e-02,1.741155385971069336e-01,-1.123909831047058105e+00,-8.626358509063720703e-01,1.051299452781677246e+00,-1.597472429275512695e+00
8.468863368034362793e-01,9.458643794059753418e-01,3.534322977066040039e-02,-4.796584248542785645e-01,-1.077442288398742676e+00,-3.024654388427734375e-01,7.305937409400939941e-01,-1.586724400520324707e+00
7.623171210289001465e-01,1.107991695404052734e+00,-4.710531234741210938e-02,-4.621395468711853027e-01,-1.007321238517761230e+00,-3.693955540657043457e-01,8.661956787109375000e-01,-1.771926403045654297e+00
4.802559614181518555e-01,1.619811058044433594e+00,-4.658627510070800781e-02,-5.905709862709045410e-01,-2.020290940999984741e-01,3.366209864616394043e-01,3.622900247573852539e-01,-1.633579611778259277e+00
-6.577911972999572754e-02,5.055088996887207031e-01,4.550972580909729004e-02,2.358214855194091797e-01,-6.008756160736083984e-01,-3.792124986648559570e-01,9.827430248260498047e-01,-1.215054154396057129e+00
4.770042002201080322e-02,-3.530530333518981934e-01,-3.314093947410583496e-01,-1.174399137496948242e+00,3.495770394802093506e-01,-1.619651764631271362e-01,5.059257745742797852e-01,8.684559464454650879e-01
-2.950847744941711426e-01,-1.249170303344726562e+00,2.118373215198516846e-01,-1.778678417205810547e+00,6.492742300033569336e-01,1.629743933677673340e+00,-1.388010382652282715e+00,4.574949443340301514e-01
-7.379524707794189453e-01,2.825679183006286621e-01,-1.742182970046997070e-01,-9.082936644554138184e-01,1.417610764503479004e+00,4.377056956291198730e-01,4.455639421939849854e-02,-2.151379734277725220e-02
-4.839487671852111816e-01,-1.772199869155883789e+00,-3.489768505096435547e-02,-1.623474359512329102e+00,3.492254316806793213e-01,5.358973741531372070e-01,-4.130041599273681641e-01,1.081902623176574707e+00
-2.211082726716995239e-01,1.246264219284057617e+00,-2.795026302337646484e-01,2.013338804244995117e-01,1.582047104835510254e+00,-1.230453699827194214e-01,6.354304552078247070e-01,2.152804374694824219e+00
4.015959501266479492e-01,-1.689568161964416504e-01,2.462303638458251953e-02,2.280021607875823975e-01,-8.266529440879821777e-02,9.748827815055847168e-01,-1.201313853263854980e+00,6.586030721664428711e-01
8.588482737541198730e-01,7.636494040489196777e-01,-1.261454820632934570e-02,7.993062734603881836e-01,-2.946886122226715088e-01,8.222711086273193359e-01,-9.498530626296997070e-01,1.191824316978454590e+00
6.499614119529724121e-01,2.453294992446899414e-01,-1.631879806518554688e-02,2.248659133911132812e-01,-1.788037121295928955e-01,9.843352437019348145e-01,-1.129970192909240723e+00,9.975670576095581055e-01
8.829521536827087402e-01,1.501517772674560547e+00,-1.335951089859008789e-01,9.174904823303222656e-01,-8.124986290931701660e-02,-2.117185443639755249e-01,2.914882302284240723e-01,1.773340821266174316e+00
-3.113384842872619629e-01,5.122604966163635254e-01,7.479143142700195312e-02,7.606662511825561523e-01,6.483258008956909180e-01,7.643309235572814941e-01,-8.122264146804809570e-01,-7.534114718437194824e-01
-7.540300488471984863e-01,-2.833975315093994141e+00,-1.582651138305664062e-01,-1.164218664169311523e+00,-7.167522907257080078e-01,-1.599326491355895996e+00,7.410267591476440430e-01,3.180712163448333740e-01
1.381682604551315308e-01,-2.058792114257812500e-01,2.834204435348510742e-01,2.023835659027099609e+00,-4.675329029560089111e-01,9.194607138633728027e-01,-1.682589292526245117e+00,-5.908278226852416992e-01
2.463370561599731445e+00,1.364901065826416016e+00,1.360521912574768066e-01,4.097334742546081543e-01,-1.639773130416870117e+00,8.985374569892883301e-01,-9.927117228507995605e-01,2.620865345001220703e+00
9.641776680946350098e-01,2.063173532485961914e+00,4.902932047843933105e-02,-1.005619049072265625e+00,5.468661785125732422e-01,1.532685041427612305e+00,-1.118275523185729980e+00,-3.536771237850189209e-01
6.073948144912719727e-01,5.538951158523559570e-01,-2.726070284843444824e-01,-8.794347643852233887e-01,3.725595772266387939e-01,2.596347928047180176e-01,1.998214870691299438e-01,1.459522604942321777e+00
-3.159274458885192871e-01,1.160718917846679688e+00,1.919997930526733398e-01,-3.342586755752563477e-01,8.528288602828979492e-01,1.729005098342895508e+00,-1.172117352485656738e+00,-1.188767790794372559e+00
-3.605904579162597656e-01,6.142135262489318848e-01,-3.843079209327697754e-01,-9.683499932289123535e-01,1.315408468246459961e+00,-3.278337121009826660e-01,6.458473205566406250e-01,3.739223778247833252e-01
-7.480885982513427734e-01,3.029251694679260254e-01,8.324882388114929199e-02,-3.182761669158935547e-01,1.422709107398986816e+00,5.977889299392700195e-01,-2.869194746017456055e-01,-1.176101937890052795e-01
-2.111574172973632812e+00,-6.829316020011901855e-01,3.188935220241546631e-01,3.498964309692382812e-01,1.607594609260559082e+00,3.566930294036865234e-01,-1.663668006658554077e-01,2.196934700012207031e+00
-2.596786022186279297e-01,-9.523829817771911621e-01,9.040185809135437012e-02,-1.961121082305908203e+00,-6.593039631843566895e-02,1.176457762718200684e+00,-6.379162073135375977e-01,-1.103349328041076660e+00
-1.803606986999511719e+00,-5.664324164390563965e-01,2.663811445236206055e-01,6.546050310134887695e-02,1.573023200035095215e+00,3.498041033744812012e-01,-1.318503469228744507e-01,2.051915884017944336e+00
1.686327904462814331e-01,-1.093374729156494141e+00,3.044334053993225098e-01,-1.628224372863769531e+00,-6.243761777877807617e-01,1.202139735221862793e+00,-9.986002445220947266e-01,-7.827318310737609863e-01
-1.335779070854187012e+00,2.397099137306213379e-01,1.382944881916046143e-01,1.265853404998779297e+00,1.243441224098205566e+00,2.943082451820373535e-01,1.077133566141128540e-01,5.006356239318847656e-01
1.501846760511398315e-01,-1.660013437271118164e+00,3.525512218475341797e-01,2.021689713001251221e-01,-8.690383434295654297e-01,5.830551981925964355e-01,-1.420031666755676270e+00,-9.804674386978149414e-01
1.645003437995910645e+00,8.497586846351623535e-01,1.638810038566589355e-01,6.520237922668457031e-01,-1.319911599159240723e+00,-5.098853707313537598e-01,2.260665595531463623e-02,3.452485501766204834e-01
1.575391650199890137e+00,1.719927072525024414e+00,-1.001105308532714844e-01,-9.108940958976745605e-01,-6.354767084121704102e-01,5.408915877342224121e-01,2.957756817340850830e-02,4.723804891109466553e-01
-1.294575691223144531e+00,9.965131878852844238e-01,-3.140525817871093750e-01,1.165778040885925293e-01,2.316427707672119141e+00,-8.478826284408569336e-01,9.369262456893920898e-01,1.105100035667419434e+00
5.144233107566833496e-01,7.734792828559875488e-01,8.138936758041381836e-02,-1.697099685668945312e+00,1.741685569286346436e-01,1.141860485076904297e+00,-7.737980484962463379e-01,-1.465646147727966309e+00
-1.118915796279907227e+00,-1.857308745384216309e-01,1.475205123424530029e-01,-8.527007699012756348e-01,1.799457669258117676e+00,-2.162360027432441711e-02,-9.837113320827484131e-02,1.687743902206420898e+00
-1.436785697937011719e+00,-4.762879014015197754e-01,2.388685941696166992e-02,7.063174247741699219e-02,1.216160535812377930e+00,9.329672455787658691e-01,-7.904671430587768555e-01,-8.194861412048339844e-01
-1.210359096527099609e+00,4.376116394996643066e-01,2.180362641811370850e-01,-2.380758523941040039e-01,2.216165065765380859e+00,6.796600222587585449e-01,-6.940928697586059570e-01,2.531450092792510986e-01
-1.396134018898010254e+00,-5.295199751853942871e-01,4.476454555988311768e-01,3.320809006690979004e-01,1.188090205192565918e+00,1.844721317291259766e+00,-1.384930014610290527e+00,-1.077770963311195374e-01
-1.829219102859497070e+00,-3.173398375511169434e-01,4.299964308738708496e-01,-3.616332411766052246e-01,2.106843471527099609e+00,6.183158755302429199e-01,-6.774506568908691406e-01,1.835086464881896973e+00
1.275585591793060303e-02,3.278147578239440918e-01,1.057124137878417969e-02,-1.732760667800903320e+00,3.822006881237030029e-01,1.287410855293273926e+00,-7.686154842376708984e-01,-1.478143811225891113e+00
-1.593945026397705078e+00,-5.458648204803466797e-01,2.834382653236389160e-01,8.702332377433776855e-01,1.150547027587890625e+00,6.431837081909179688e-01,-2.908256053924560547e-01,1.881520628929138184e+00
-8.838879466056823730e-01,-2.041642665863037109e+00,1.529932618141174316e-01,3.393107652664184570e-02,-1.405236124992370605e-02,7.117437720298767090e-01,-1.217887043952941895e+00,-1.172813773155212402e+00
-1.509602189064025879e+00,-6.353416442871093750e-01,4.157713353633880615e-01,8.740729093551635742e-01,8.837721347808837891e-01,6.686167120933532715e-01,-3.517930507659912109e-01,1.482279419898986816e+00
-5.991612076759338379e-01,-4.442095160484313965e-01,2.678436040878295898e-01,1.502366304397583008e+00,1.106151044368743896e-01,6.723918914794921875e-01,-1.011619210243225098e+00,-8.019478321075439453e-01
9.101260304450988770e-01,8.704083561897277832e-01,-2.146900892257690430e-01,-1.767100691795349121e-01,3.325036168098449707e-02,9.036721289157867432e-02,3.769606947898864746e-01,1.958872914314270020e+00
1.389546841382980347e-01,1.401057243347167969e+00,-1.273691654205322266e-01,-7.980813384056091309e-01,1.133337378501892090e+00,9.150168895721435547e-01,-3.395564556121826172e-01,-4.417463243007659912e-01
-6.716541647911071777e-01,-1.451405763626098633e+00,-1.318316459655761719e-01,-1.045351028442382812e+00,5.448168516159057617e-01,1.464379578828811646e-01,-1.207773536443710327e-01,9.086444377899169922e-01
-5.615501403808593750e-01,5.644139647483825684e-01,-1.053665876388549805e-01,-6.761252284049987793e-01,8.760273456573486328e-01,1.050401926040649414e+00,-4.486228227615356445e-01,-1.346314549446105957e+00
-5.368508100509643555e-01,-1.674444675445556641e+00,1.458564698696136475e-01,-1.669870376586914062e+00,4.221843183040618896e-01,8.773542642593383789e-01,-8.687205314636230469e-01,5.290455818176269531e-01
-1.062138438224792480e+00,-1.961094856262207031e+00,1.757012605667114258e-01,-2.173748016357421875e-01,9.498319029808044434e-02,9.551118016242980957e-01,-1.162687301635742188e+00,-9.625591039657592773e-01
-1.972237348556518555e+00,-3.253288865089416504e-01,1.903605461120605469e-02,8.252739906311035156e-02,1.959121346473693848e+00,1.879866868257522583e-01,2.419563680887222290e-01,2.654409885406494141e+00
-7.588579654693603516e-01,3.479290604591369629e-01,1.326091885566711426e-01,-4.857171177864074707e-01,1.511263966560363770e+00,1.423337221145629883e+00,-8.661386966705322266e-01,-2.131684720516204834e-01
-7.820873856544494629e-01,-1.774089932441711426e-01,3.124665021896362305e-01,-1.045134782791137695e+00,1.291723847389221191e+00,1.971598386764526367e+00,-1.398351788520812988e+00,-1.189412251114845276e-01
-1.549099087715148926e+00,-6.870239377021789551e-01,1.709754765033721924e-01,2.594887614250183105e-01,1.250348210334777832e+00,7.437829971313476562e-01,-7.211198806762695312e-01,-2.585756480693817139e-01
-2.492890596389770508e+00,-6.668916344642639160e-01,4.338560700416564941e-01,6.214515566825866699e-01,1.758566498756408691e+00,5.969403982162475586e-01,-3.550250530242919922e-01,1.892007231712341309e+00
-7.076124548912048340e-01,-2.338832139968872070e+00,1.100980043411254883e-01,3.144353032112121582e-01,-4.474244415760040283e-01,5.222387313842773438e-01,-1.142819166183471680e+00,-1.085063815116882324e+00
8.278696537017822266e-01,1.161731958389282227e+00,2.774125635623931885e-01,1.829762697219848633e+00,-6.885401010513305664e-01,3.024073243141174316e-01,-6.154274344444274902e-01,-4.866746813058853149e-02
-2.731366455554962158e-02,-3.539383411407470703e-01,2.692943811416625977e-02,8.201708793640136719e-01,-1.515012085437774658e-01,3.924576044082641602e-01,-5.325910449028015137e-01,3.599562346935272217e-01
-1.069671511650085449e+00,-1.539218902587890625e+00,7.982429862022399902e-02,-9.325528740882873535e-01,7.370829582214355469e-01,4.752390980720520020e-01,-3.058191537857055664e-01,1.579800486564636230e+00
-7.007264494895935059e-01,2.922731041908264160e-01,1.719337701797485352e-02,-1.016930580139160156e+00,2.019475460052490234e+00,7.605420947074890137e-01,-5.189464092254638672e-01,6.663592457771301270e-01
-8.977417349815368652e-01,-1.041862249374389648e+00,3.987978398799896240e-01,-4.177253842353820801e-01,1.648225486278533936e-01,1.806767106056213379e+00,-1.270647168159484863e+00,-1.720255911350250244e-01
-1.304126977920532227e+00,-5.432257056236267090e-01,-1.303077340126037598e-01,-2.379751801490783691e-01,1.341023564338684082e+00,3.121025487780570984e-02,-3.080104291439056396e-02,4.379215091466903687e-02
-1.093786716461181641e+00,-1.507658720016479492e+00,2.131699919700622559e-01,6.432942748069763184e-01,4.099025428295135498e-01,1.189583539962768555e+00,-1.181465506553649902e+00,3.994083702564239502e-01
-1.233190298080444336e+00,-8.921350836753845215e-01,-1.530763506889343262e-01,6.664431095123291016e-02,1.002358913421630859e+00,-6.391654610633850098e-01,5.375488996505737305e-01,1.202273726463317871e+00
-1.129263877868652344e+00,2.780790925025939941e-01,4.117494821548461914e-01,9.985786676406860352e-02,1.804334998130798340e+00,1.272057056427001953e+00,-9.244011640548706055e-01,8.583701848983764648e-01
9.765082001686096191e-01,-6.337715983390808105e-01,3.255252242088317871e-01,-1.444266319274902344e+00,-1.021682500839233398e+00,1.219438552856445312e+00,-1.800889134407043457e+00,-1.412190318107604980e+00
-2.634660005569458008e-01,-1.544850111007690430e+00,3.212904334068298340e-01,4.435505270957946777e-01,-5.079114437103271484e-01,9.210420250892639160e-01,-1.733072519302368164e+00,-1.213771939277648926e+00
-7.474720478057861328e-01,-2.419757843017578125e-01,2.576955556869506836e-01,1.708107948303222656e+00,3.218208849430084229e-01,1.275156855583190918e+00,-1.429193496704101562e+00,-1.133172288537025452e-01
-1.179737925529479980e+00,-2.434906363487243652e-01,2.950106263160705566e-01,6.584689617156982422e-01,9.337000846862792969e-01,6.247632503509521484e-01,-7.971321046352386475e-02,1.711142778396606445e+00
-8.743596673011779785e-01,-4.925900697708129883e-02,9.799179434776306152e-02,1.676745653152465820e+00,7.607908248901367188e-01,2.359517365694046021e-01,-4.563432931900024414e-01,7.432196140289306641e-01
-5.334355235099792480e-01,-1.704760074615478516e+00,-3.874301910400390625e-03,-3.516303896903991699e-01,1.777103245258331299e-01,8.096957802772521973e-01,-7.706575989723205566e-01,9.582515954971313477e-01
-2.033828049898147583e-01,-1.599867343902587891e+00,1.976414024829864502e-01,-4.859382510185241699e-01,-2.775254547595977783e-01,7.359011769294738770e-01,-9.730269312858581543e-01,-1.606484353542327881e-01
-1.605386018753051758e+00,2.668855786323547363e-01,4.974478483200073242e-01,2.329854965209960938e-01,2.183242321014404297e+00,1.198036432266235352e+00,-1.085608720779418945e+00,8.444170355796813965e-01
-1.434561133384704590e+00,-2.359561324119567871e-01,1.987734735012054443e-01,5.931448340415954590e-01,1.320624351501464844e+00,3.594153523445129395e-01,-2.774690091609954834e-02,1.336875200271606445e+00
-8.138938546180725098e-01,-1.088096976280212402e+00,2.747533917427062988e-01,-9.242908358573913574e-01,2.332721650600433350e-01,1.801774978637695312e+00,-1.265441775321960449e+00,-2.996125519275665283e-01
-1.133104801177978516e+00,2.205817103385925293e-01,2.049064636230468750e-01,-2.597478032112121582e-01,1.939572453498840332e+00,3.787190914154052734e-01,-3.248150348663330078e-01,1.570400834083557129e+00
-1.149752378463745117e+00,-1.167244195938110352e+00,2.209846973419189453e-01,-4.932274222373962402e-01,9.305725097656250000e-01,6.836224198341369629e-01,-5.135042667388916016e-01,1.980279564857482910e+00
-1.452570796012878418e+00,-8.536401391029357910e-01,-2.439821362495422363e-01,7.880822420120239258e-01,1.087620258331298828e+00,-9.786329865455627441e-01,5.995069742202758789e-01,9.021753072738647461e-01
-6.957917809486389160e-01,-9.787587523460388184e-01,9.704577922821044922e-02,1.888594627380371094e-01,-3.390881419181823730e-02,1.061530232429504395e+00,-8.310922980308532715e-01,2.618148177862167358e-02
-1.602712154388427734e+00,2.918294072151184082e-01,2.921695709228515625e-01,6.753311753273010254e-01,1.841338753700256348e+00,6.855947971343994141e-01,-2.089162915945053101e-01,2.026740550994873047e+00
-8.205873370170593262e-01,-1.535937070846557617e+00,3.781279921531677246e-01,1.382656693458557129e-01,-4.150363802909851074e-02,1.240575313568115234e+00,-1.051326990127563477e+00,1.695845127105712891e-01
1.023005396127700806e-01,-2.449629306793212891e-01,9.540539979934692383e-02,8.749094605445861816e-02,-8.770763874053955078e-01,-5.131332278251647949e-01,6.458292007446289062e-01,-1.016326904296875000e+00
6.636616587638854980e-01,-1.064465641975402832e-01,1.595101952552795410e-01,6.538018584251403809e-01,-1.447258234024047852e+00,-6.838340163230895996e-01,2.088581472635269165e-01,-1.614300370216369629e+00
9.110254049301147461e-01,7.017026543617248535e-01,8.931487798690795898e-02,2.767285108566284180e-01,-1.221353530883789062e+00,-2.649281620979309082e-01,1.300252825021743774e-01,-1.867502212524414062e+00
1.305571794509887695e+00,1.370940446853637695e+00,5.219286680221557617e-02,-7.294965386390686035e-01,-1.279620885848999023e+00,1.353669911623001099e-01,2.387283295392990112e-01,-1.977455019950866699e+00
9.108048081398010254e-01,1.053866624832153320e+00,-2.433860301971435547e-02,-3.195297122001647949e-01,-1.126614928245544434e+00,-1.829599589109420776e-01,4.107776284217834473e-01,-1.996902465820312500e+00
1.180038928985595703e+00,9.121423363685607910e-01,9.550082683563232422e-02,-3.303496241569519043e-01,-1.499228358268737793e+00,-3.498897552490234375e-01,6.084809303283691406e-01,-1.723346948623657227e+00
8.079153299331665039e-01,4.542663097381591797e-01,2.722141146659851074e-02,-8.522546291351318359e-02,-1.420072674751281738e+00,-6.416072845458984375e-01,7.320999503135681152e-01,-1.716855168342590332e+00
8.737080097198486328e-01,8.247442841529846191e-01,-1.071572303771972656e-02,-2.045702934265136719e-01,-1.271765828132629395e+00,-4.133746623992919922e-01,6.016887426376342773e-01,-1.894847154617309570e+00
7.992269396781921387e-01,8.595326542854309082e-01,-2.308189868927001953e-02,-4.121571779251098633e-02,-1.168139815330505371e+00,-4.338181018829345703e-01,5.773866772651672363e-01,-1.923341512680053711e+00
-1.841525793075561523e+00,-3.471467733383178711e+00,-1.369684934616088867e-01,-1.843730688095092773e+00,-2.930272221565246582e-01,-2.428949117660522461e+00,9.153794050216674805e-01,-1.085814118385314941e+00
-1.791595965623855591e-01,3.967266678810119629e-01,-1.875274777412414551e-01,-2.298883199691772461e+00,1.776188015937805176e+00,2.680225297808647156e-02,-1.562282890081405640e-01,-4.570189416408538818e-01
-1.174897074699401855e+00,-1.924505472183227539e+00,-7.466001510620117188e-01,-2.679383516311645508e+00,5.495158433914184570e-01,-3.281214952468872070e+00,2.461694240570068359e+00,-3.780048787593841553e-01
-2.809338569641113281e-01,1.061576008796691895e-01,-3.811591267585754395e-01,-6.027778983116149902e-01,-5.019357204437255859e-01,-1.106351137161254883e+00,1.907510638236999512e+00,-1.727005004882812500e+00
-3.089596331119537354e-02,9.702773690223693848e-01,-2.848878502845764160e-01,-7.137383818626403809e-01,-6.598898768424987793e-02,-4.683764576911926270e-01,1.126928687095642090e+00,-1.960447669029235840e+00
-4.152680039405822754e-01,2.236086130142211914e-01,-3.762258291244506836e-01,-5.102685093879699707e-01,-3.755590319633483887e-01,-1.041531801223754883e+00,1.826713919639587402e+00,-1.839792370796203613e+00
-4.924778342247009277e-01,1.217229962348937988e-01,-3.406957387924194336e-01,-2.945377230644226074e-01,-4.761823713779449463e-01,-1.067976713180541992e+00,1.865596890449523926e+00,-1.764440178871154785e+00
-5.112159848213195801e-01,9.669041633605957031e-02,-3.240626454353332520e-01,-2.112842798233032227e-01,-6.613979339599609375e-01,-1.081598639488220215e+00,1.935075879096984863e+00,-1.787544846534729004e+00
-4.936136603355407715e-01,1.219343543052673340e-01,-3.162986040115356445e-01,-2.663916945457458496e-01,-6.025192141532897949e-01,-1.063335299491882324e+00,1.903299927711486816e+00,-1.739956021308898926e+00
-4.877724051475524902e-01,1.043553352355957031e-01,-3.136697411537170410e-01,-2.877691984176635742e-01,-5.650113821029663086e-01,-1.075475096702575684e+00,1.879553914070129395e+00,-1.728164076805114746e+00
-4.346849918365478516e-01,1.747722625732421875e-01,-3.236019611358642578e-01,-3.177629113197326660e-01,-4.166571199893951416e-01,-1.029000878334045410e+00,1.807189702987670898e+00,-1.651377916336059570e+00
-4.182730317115783691e-01,-5.062300562858581543e-01,-3.992763161659240723e-01,-1.221779108047485352e+00,-8.981534838676452637e-02,-1.555909991264343262e+00,1.774155616760253906e+00,-1.076145529747009277e+00
-3.920223712921142578e-01,3.387867808341979980e-01,-3.775948882102966309e-01,-4.756259322166442871e-01,8.324643373489379883e-01,-9.095953106880187988e-01,1.084842205047607422e+00,-9.091372489929199219e-01
1.934666037559509277e+00,8.658836483955383301e-01,-7.427883148193359375e-02,-1.359421968460083008e+00,-9.834748506546020508e-01,6.631357073783874512e-01,-2.371654361486434937e-01,1.729307770729064941e+00
3.379076123237609863e-01,9.280478358268737793e-01,-1.218085885047912598e-01,-1.000676870346069336e+00,4.583233892917633057e-01,1.128317713737487793e+00,-5.556504726409912109e-01,-1.712928712368011475e-01
1.440421581268310547e+00,-1.275754570960998535e-01,-7.353764772415161133e-02,-1.497191905975341797e+00,-1.040089726448059082e+00,8.659768700599670410e-01,-3.930790424346923828e-01,1.854450106620788574e+00
4.365298151969909668e-01,1.924698114395141602e+00,-1.610146760940551758e-01,-5.455490946769714355e-01,1.322327971458435059e+00,7.050298452377319336e-01,-2.895388007164001465e-01,-2.190857827663421631e-01
8.653595447540283203e-01,-3.979536890983581543e-01,-2.970783710479736328e-01,-1.733300209045410156e+00,-1.755804121494293213e-01,1.767987757921218872e-01,2.785861492156982422e-01,1.370585680007934570e+00
-3.763800859451293945e-01,1.004313707351684570e+00,-1.075422763824462891e-02,-3.112304210662841797e-02,1.184442520141601562e+00,1.100187778472900391e+00,-6.554650664329528809e-01,-5.006059408187866211e-01
-4.710875749588012695e-01,-1.211202025413513184e+00,2.365343272686004639e-01,-1.251849651336669922e+00,3.522532880306243896e-01,1.505578160285949707e+00,-1.138973712921142578e+00,1.974998414516448975e-01
-1.943730354309082031e+00,-4.860463738441467285e-01,1.063337028026580811e-01,1.006278753280639648e+00,1.701266169548034668e+00,5.076504349708557129e-01,-6.941796541213989258e-01,-3.281328380107879639e-01
-8.108573555946350098e-01,-2.378249764442443848e-01,2.588084340095520020e-01,-4.358462691307067871e-01,7.925299406051635742e-01,1.591053843498229980e+00,-1.179293394088745117e+00,-6.949750781059265137e-01
-6.850245594978332520e-01,-1.317818522453308105e+00,-3.082209825515747070e-02,-6.111239790916442871e-01,2.674314081668853760e-01,5.476909875869750977e-01,-9.132372140884399414e-01,-1.762429118156433105e+00
-1.317352414131164551e+00,-3.097076654434204102e+00,6.141889095306396484e-02,-3.716936707496643066e-01,-4.213412106037139893e-01,-4.232850968837738037e-01,-3.457844257354736328e-01,-1.312483251094818115e-01
-2.047052234411239624e-01,-1.888336896896362305e+00,1.267970800399780273e-01,2.430349588394165039e-02,-6.305668354034423828e-01,-4.602860286831855774e-02,-8.337607383728027344e-01,-1.513326883316040039e+00
-1.303978800773620605e+00,1.979216933250427246e-01,1.635524034500122070e-01,-8.863604068756103516e-02,1.898974537849426270e+00,1.547842770814895630e-01,8.536875247955322266e-05,2.021525144577026367e+00
-6.512494087219238281e-01,-4.226098656654357910e-01,1.633284986019134521e-01,-1.058398723602294922e+00,8.816211223602294922e-01,9.736685752868652344e-01,-7.138534188270568848e-01,-5.252814888954162598e-01
-1.237389802932739258e+00,-8.230062127113342285e-01,3.053430020809173584e-01,-1.076641559600830078e+00,1.580701828002929688e+00,1.148057222366333008e+00,-9.970433712005615234e-01,1.392759919166564941e+00
-1.544798374176025391e+00,-8.546895384788513184e-01,6.324648857116699219e-03,4.904703497886657715e-01,1.085968255996704102e+00,6.037496924400329590e-01,-7.802556753158569336e-01,-1.048426866531372070e+00
-9.222807288169860840e-01,-1.707863330841064453e+00,3.018649518489837646e-01,-1.158304452896118164e+00,5.610742568969726562e-01,7.817621827125549316e-01,-8.924447298049926758e-01,8.072093725204467773e-01
-1.263278126716613770e+00,-2.290189862251281738e-01,-1.621168851852416992e-02,-1.191378235816955566e-01,1.474902272224426270e+00,-4.165230989456176758e-01,4.439184665679931641e-01,1.325599908828735352e+00
-4.340277314186096191e-01,-1.156531810760498047e+00,2.503427863121032715e-01,-1.225997209548950195e+00,1.118994951248168945e-01,1.369566798210144043e+00,-9.719803333282470703e-01,-1.356364190578460693e-01
6.092499196529388428e-02,7.337406277656555176e-01,-2.090222835540771484e-01,-1.236901760101318359e+00,1.471292018890380859e+00,5.151811838150024414e-01,5.061532557010650635e-02,6.980406045913696289e-01
-4.952266216278076172e-01,-1.912106037139892578e+00,-4.237772822380065918e-01,-2.941159963607788086e+00,9.087250232696533203e-01,-1.006266117095947266e+00,5.476628541946411133e-01,1.601272225379943848e+00
-4.609935879707336426e-01,-2.460527420043945312e-02,1.250682473182678223e-01,1.218507409095764160e+00,4.942186176776885986e-01,8.857344985008239746e-01,-9.809715151786804199e-01,6.650748103857040405e-02
-1.021500587463378906e+00,-1.395937442779541016e+00,1.360138952732086182e-01,6.508429050445556641e-01,-6.821185350418090820e-03,8.713195919990539551e-01,-1.256185889244079590e+00,-1.727045297622680664e+00
-4.685322046279907227e-01,-2.041810750961303711e+00,1.812434196472167969e-02,-5.608391165733337402e-01,-1.713527143001556396e-01,-4.883276820182800293e-01,-7.056794166564941406e-01,-1.657646775245666504e+00
-5.188226103782653809e-01,-1.923179388046264648e+00,6.232273578643798828e-02,-1.570779085159301758e-01,-4.003108143806457520e-01,-7.694296836853027344e-01,5.460114777088165283e-02,-3.875109255313873291e-01
-5.610064864158630371e-01,-8.176189661026000977e-01,4.695880413055419922e-02,-3.542221188545227051e-01,3.226008117198944092e-01,5.261878967285156250e-01,-4.141344428062438965e-01,-8.720734119415283203e-01
-1.162566184997558594e+00,-1.520275115966796875e+00,2.150631248950958252e-01,-5.319979786872863770e-01,5.856736898422241211e-01,7.815413475036621094e-01,-7.217149734497070312e-01,4.071920812129974365e-01
-1.131620287895202637e+00,1.473886370658874512e-01,-1.034137010574340820e-01,-4.337612986564636230e-01,1.374478578567504883e+00,8.476553559303283691e-01,-4.900703430175781250e-01,-1.408775210380554199e+00
-4.650825858116149902e-01,-1.690878152847290039e+00,9.317150712013244629e-02,-1.546616315841674805e+00,4.421719014644622803e-01,7.420834898948669434e-01,-6.641501188278198242e-01,1.011855840682983398e+00
-6.713351607322692871e-01,4.299446940422058105e-01,5.138021707534790039e-02,-1.040924072265625000e+00,1.618174076080322266e+00,1.099588751792907715e+00,-6.875684261322021484e-01,-5.652037858963012695e-01
-2.047953158617019653e-01,-1.237116336822509766e+00,1.142910718917846680e-01,-1.965477466583251953e+00,5.619832277297973633e-01,1.058081269264221191e+00,-9.332714080810546875e-01,4.854262769222259521e-01
-4.701304435729980469e-01,1.124861836433410645e-01,-2.065277099609375000e-02,-1.274540185928344727e+00,6.202358007431030273e-01,1.232280850410461426e+00,-6.157069206237792969e-01,-1.437402486801147461e+00
-1.470594286918640137e+00,3.899770975112915039e-02,7.282981276512145996e-02,-6.857386231422424316e-01,2.190791368484497070e+00,-1.912633627653121948e-01,-6.697116792201995850e-02,7.894078493118286133e-01
-3.337585926055908203e-01,-8.446363806724548340e-01,4.446667432785034180e-02,-1.078057765960693359e+00,5.967259407043457031e-02,8.560729622840881348e-01,-8.329335451126098633e-01,-1.476650357246398926e+00
-1.763958334922790527e+00,-1.214188456535339355e+00,3.300951123237609863e-01,4.511698484420776367e-01,8.971556425094604492e-01,6.510805487632751465e-01,-3.760421276092529297e-01,1.836472630500793457e+00
-1.006612777709960938e+00,-1.544461846351623535e-01,1.089304983615875244e-01,5.427845716476440430e-01,7.035104036331176758e-01,1.356164932250976562e+00,-1.236592411994934082e+00,-1.538121581077575684e+00
-1.077870249748229980e+00,-1.907283067703247070e-01,-1.041815280914306641e-01,9.366947412490844727e-01,7.621909379959106445e-01,-6.161882281303405762e-01,6.901404261589050293e-01,1.751333177089691162e-01
1.295079439878463745e-01,-3.088348507881164551e-01,1.323707103729248047e-01,-5.044533610343933105e-01,-2.202728390693664551e-02,5.216863155364990234e-01,-7.552585005760192871e-01,-1.383395075798034668e+00
2.168775320053100586e+00,1.646723747253417969e+00,-7.614731788635253906e-02,3.065888285636901855e-01,-8.064004182815551758e-01,-3.782772123813629150e-01,1.192426532506942749e-01,9.916952848434448242e-01
5.423107743263244629e-01,1.884182691574096680e+00,-1.175765395164489746e-01,-6.228453516960144043e-01,6.994001865386962891e-01,6.445475816726684570e-01,-1.216527074575424194e-01,-7.083092331886291504e-01
3.277706503868103027e-01,1.787495851516723633e+00,7.292693853378295898e-02,5.099117755889892578e-01,6.266659498214721680e-01,9.956969618797302246e-01,-7.749525308609008789e-01,-4.988186061382293701e-01
2.893083691596984863e-01,1.762975454330444336e+00,-3.436267375946044922e-03,-7.769798636436462402e-01,7.761025428771972656e-01,1.070547223091125488e+00,-4.731084704399108887e-01,-1.145396232604980469e+00
1.381295084953308105e+00,1.225962042808532715e-01,-3.827738761901855469e-02,-6.190409064292907715e-01,-8.401557207107543945e-01,3.280427753925323486e-01,-2.458094805479049683e-01,1.242996454238891602e+00
6.772826910018920898e-01,1.679440259933471680e+00,-8.326697349548339844e-02,-1.416719198226928711e+00,9.235205650329589844e-01,9.714319109916687012e-01,-4.114593863487243652e-01,-6.702116727828979492e-01
-5.774154067039489746e-01,6.345518231391906738e-01,-4.993691444396972656e-01,-9.054355025291442871e-01,1.615930438041687012e+00,-1.073004841804504395e+00,1.275598883628845215e+00,1.010796427726745605e+00
6.750180125236511230e-01,1.040516853332519531e+00,1.447060108184814453e-01,-1.616796255111694336e+00,2.682404220104217529e-01,1.224855542182922363e+00,-8.785114288330078125e-01,-1.241278052330017090e+00
-9.286348223686218262e-01,7.588896155357360840e-01,-3.034682273864746094e-01,-5.369390845298767090e-01,2.083731174468994141e+00,-8.459251523017883301e-01,8.488471508026123047e-01,6.585867404937744141e-01
-1.418849974870681763e-01,1.954707503318786621e-01,-4.518866539001464844e-02,-1.364330530166625977e+00,3.512251079082489014e-01,1.110804080963134766e+00,-7.687790393829345703e-01,-1.756303906440734863e+00
-1.713433980941772461e+00,-9.788555502891540527e-01,-1.586219072341918945e-01,6.682367324829101562e-01,1.212117433547973633e+00,-7.647636532783508301e-01,4.122157096862792969e-01,8.384009599685668945e-01
3.991017937660217285e-01,2.270374894142150879e-01,7.019576430320739746e-02,-1.411127090454101562e+00,-1.123030483722686768e-01,1.167170882225036621e+00,-1.125184059143066406e+00,-1.784253239631652832e+00
2.062022924423217773e+00,1.069884538650512695e+00,3.542095720767974854e-01,1.638131141662597656e+00,-1.625896334648132324e+00,-5.101143717765808105e-01,-6.650154590606689453e-01,5.718942880630493164e-01
2.144262790679931641e+00,1.262643575668334961e+00,2.319836020469665527e-01,-5.462537407875061035e-01,-1.644010901451110840e+00,1.101522207260131836e+00,-9.531015753746032715e-01,3.873704969882965088e-01
1.323349833488464355e+00,2.546553134918212891e+00,-2.279453277587890625e-01,2.552247047424316406e-01,3.065452277660369873e-01,9.122295677661895752e-02,3.797431588172912598e-01,1.260947823524475098e+00
9.126656651496887207e-01,8.747568726539611816e-01,1.583078205585479736e-01,-1.457267761230468750e+00,-1.038285195827484131e-01,1.191277980804443359e+00,-8.861799240112304688e-01,-7.084504961967468262e-01
4.437476396560668945e-01,1.542080402374267578e+00,-3.077008128166198730e-01,-3.612707257270812988e-01,1.004913449287414551e+00,-8.976642787456512451e-02,5.219244360923767090e-01,1.435077071189880371e+00
1.067134618759155273e+00,1.078549623489379883e+00,-5.342859029769897461e-02,-1.468309879302978516e+00,1.204457581043243408e-01,8.374376893043518066e-01,-4.739246964454650879e-01,-3.681150823831558228e-02
-6.502366065979003906e-01,6.736673712730407715e-01,-7.128546237945556641e-01,-1.087496042251586914e+00,2.001724720001220703e+00,-1.862430334091186523e+00,1.673778176307678223e+00,9.367654323577880859e-01
-1.846655160188674927e-01,1.238837957382202148e+00,4.533359408378601074e-02,3.717402815818786621e-01,5.815141201019287109e-01,9.884743094444274902e-01,-6.942347288131713867e-01,-1.395167350769042969e+00
2.815558016300201416e-02,-1.337622165679931641e+00,-2.359580993652343750e-02,-1.488217830657958984e+00,9.723481535911560059e-02,4.660511314868927002e-01,-2.339080423116683960e-01,1.045312404632568359e+00
2.736193537712097168e-01,1.352183580398559570e+00,-2.280617356300354004e-01,-1.393436908721923828e+00,1.184716343879699707e+00,9.812167286872863770e-01,-4.273315668106079102e-01,-8.478769659996032715e-01
-1.056562542915344238e+00,-8.119091391563415527e-01,1.049398183822631836e-01,-6.498053669929504395e-01,1.167664885520935059e+00,5.830391049385070801e-01,-3.906018733978271484e-01,1.077600359916687012e+00
-1.400255113840103149e-01,-9.792685508728027344e-01,1.545535326004028320e-01,-1.357318162918090820e+00,-3.569047451019287109e-01,1.103906154632568359e+00,-9.625842571258544922e-01,-1.274278759956359863e+00
-1.372401595115661621e+00,-1.034685611724853516e+00,4.148914217948913574e-01,9.485545754432678223e-01,7.527059316635131836e-01,9.627883434295654297e-01,-9.019483923912048340e-01,1.269383072853088379e+00
-5.890908241271972656e-01,-9.020363092422485352e-01,2.260812819004058838e-01,1.683200836181640625e+00,-2.706885635852813721e-01,7.992750406265258789e-01,-1.394935011863708496e+00,-1.229159712791442871e+00
2.699980735778808594e+00,8.092735409736633301e-01,2.875620722770690918e-01,-9.372441172599792480e-01,-2.186225652694702148e+00,8.634912967681884766e-01,-7.855076193809509277e-01,1.155391335487365723e+00
4.402126669883728027e-01,2.041849136352539062e+00,-9.847211837768554688e-02,-3.331264257431030273e-01,1.256154656410217285e+00,8.221343755722045898e-01,-4.446042776107788086e-01,-1.615760028362274170e-01
1.532734513282775879e+00,1.170334100723266602e+00,-1.052104234695434570e-01,-2.590400576591491699e-01,-7.948029041290283203e-01,3.693541884422302246e-01,6.451185047626495361e-02,2.121714591979980469e+00
7.995615005493164062e-01,6.145544648170471191e-01,-1.882870793342590332e-01,-1.148306369781494141e+00,2.107177078723907471e-01,5.602059960365295410e-01,-2.101880759000778198e-01,7.218039035797119141e-01
3.554374575614929199e-01,4.898821115493774414e-01,-1.235473155975341797e-02,-1.388813853263854980e-01,-3.055283427238464355e-02,9.909815788269042969e-01,-6.870615482330322266e-01,4.089393913745880127e-01
3.237618207931518555e-01,2.449699878692626953e+00,-3.846579790115356445e-01,-7.561134696006774902e-01,2.390539169311523438e+00,3.419453501701354980e-01,6.391657888889312744e-02,-1.742561757564544678e-01
1.564864993095397949e+00,-1.638976931571960449e-01,-4.658341407775878906e-03,-1.508006095886230469e+00,-1.229762911796569824e+00,7.219461202621459961e-01,-2.755345702171325684e-01,1.670986294746398926e+00
-4.666259884834289551e-01,8.785035014152526855e-01,-3.780212402343750000e-01,-8.899580836296081543e-01,1.690674901008605957e+00,-4.164302945137023926e-01,7.339055538177490234e-01,6.058169603347778320e-01
1.150332689285278320e+00,1.527597308158874512e-01,-2.029025554656982422e-01,-1.451670646667480469e+00,-3.113508522510528564e-01,4.315123260021209717e-01,-9.252791106700897217e-02,1.382867455482482910e+00
-5.578441917896270752e-02,1.649124026298522949e-01,9.498241543769836426e-02,-8.413891196250915527e-01,6.973285675048828125e-01,1.065082669258117676e+00,-6.975355744361877441e-01,9.685542434453964233e-02
-2.788618206977844238e-03,9.410485625267028809e-01,1.764399111270904541e-01,1.579275131225585938e+00,4.474646747112274170e-01,2.383795529603958130e-01,-4.683039188385009766e-01,1.346319615840911865e-01
-1.075731515884399414e+00,-1.277711153030395508e+00,-2.564773559570312500e-01,-2.593264579772949219e+00,8.399773836135864258e-01,-1.250802516937255859e+00,5.584073662757873535e-01,-1.367187857627868652e+00
-6.662366986274719238e-01,-1.888620138168334961e+00,-2.029291391372680664e-01,-2.829954624176025391e+00,2.316352725028991699e-02,-8.184545636177062988e-01,6.637699902057647705e-02,-1.878214836120605469e+00
-1.903778314590454102e+00,-3.736097574234008789e+00,-3.113412857055664062e-02,-2.958915233612060547e+00,-2.542672157287597656e-01,-2.445152759552001953e+00,9.233474731445312500e-01,-7.748800516128540039e-01
-1.151066064834594727e+00,-1.995738029479980469e+00,-2.689900398254394531e-01,-1.449188709259033203e+00,-3.055925369262695312e-01,-2.424720048904418945e+00,1.767444252967834473e+00,-1.314922928810119629e+00
-9.042479395866394043e-01,-9.863294959068298340e-01,-3.998170495033264160e-01,-9.146410822868347168e-01,-4.161173105239868164e-01,-2.009574174880981445e+00,2.061852455139160156e+00,-1.482953071594238281e+00
-5.980197787284851074e-01,-1.719834655523300171e-01,-2.182763814926147461e-01,4.317215085029602051e-01,-9.499523639678955078e-01,-1.174606442451477051e+00,1.928963303565979004e+00,-1.698147535324096680e+00
-5.881920456886291504e-01,-4.545540809631347656e-01,-2.034773826599121094e-01,3.827022612094879150e-01,-9.408202171325683594e-01,-1.340030193328857422e+00,1.856800436973571777e+00,-1.458585381507873535e+00
-9.888070225715637207e-01,-1.107603311538696289e+00,-3.595579862594604492e-01,3.148007392883300781e-02,-4.964724779129028320e-01,-2.034949302673339844e+00,1.883078217506408691e+00,-1.303309440612792969e+00
-3.379463553428649902e-01,5.204933881759643555e-02,-1.958115696907043457e-01,-1.359170675277709961e-02,-7.397948503494262695e-01,-1.000492215156555176e+00,1.673154830932617188e+00,-1.533134341239929199e+00
5.574441552162170410e-01,1.087049007415771484e+00,-9.016209840774536133e-02,-5.812876820564270020e-01,-6.518037319183349609e-01,-3.803130984306335449e-01,9.586346149444580078e-01,-1.674815654754638672e+00
-1.384897381067276001e-01,1.089681982994079590e-01,-1.702886819839477539e-01,-1.020277142524719238e-01,-8.333053588867187500e-01,-9.656471610069274902e-01,1.513132214546203613e+00,-1.537504911422729492e+00
1.864891201257705688e-01,7.784392237663269043e-01,-1.507734060287475586e-01,-2.595556378364562988e-01,-6.411678791046142578e-01,-6.334772706031799316e-01,1.194697856903076172e+00,-1.689247965812683105e+00
-5.015308260917663574e-01,-5.644357800483703613e-01,-1.827114224433898926e-01,2.808539569377899170e-01,-8.337020277976989746e-01,-1.340670466423034668e+00,1.687962532043457031e+00,-1.244925737380981445e+00
-1.650170445442199707e+00,-1.835564613342285156e+00,-6.730962991714477539e-01,-2.738791942596435547e+00,1.596017479896545410e+00,-1.889838218688964844e+00,1.471669822931289673e-01,-2.812637090682983398e+00
