-1.357336640357971191e+00,-1.115116357803344727e+00,-1.601573705673217773e+00,4.309085756540298462e-02,-1.739257335662841797e+00,2.250693738460540771e-01,-1.155348062515258789e+00,5.106567144393920898e-01
2.668949604034423828e+00,-1.276533365249633789e+00,-5.363811254501342773e-01,-6.349756568670272827e-02,2.923088669776916504e-01,-1.878337860107421875e-01,7.711130976676940918e-01,7.927963137626647949e-02
-3.590234518051147461e-01,-1.479551315307617188e+00,-9.691765904426574707e-01,1.518312692642211914e-01,6.185635924339294434e-01,3.114893138408660889e-01,7.300347685813903809e-01,-5.120574831962585449e-01
3.723967671394348145e-01,-1.699388504028320312e+00,-7.538732886314392090e-01,1.750957965850830078e-01,3.293148279190063477e-01,3.247188776731491089e-02,1.003429651260375977e+00,-5.613675713539123535e-01
4.232763648033142090e-01,-7.820666432380676270e-01,-7.264199852943420410e-01,1.906135976314544678e-01,1.290695309638977051e+00,1.590642035007476807e-01,4.244689345359802246e-01,-3.914026618003845215e-01
-8.301553130149841309e-01,-8.623941540718078613e-01,-1.210032224655151367e+00,1.063896939158439636e-01,1.595475316047668457e+00,4.198047816753387451e-01,4.482771158218383789e-01,-4.332269430160522461e-01
1.194581389427185059e-01,-1.845508575439453125e+00,-7.786654829978942871e-01,1.290659159421920776e-01,1.045424491167068481e-01,1.082904264330863953e-01,1.063822269439697266e+00,-4.591023921966552734e-01
-1.221499919891357422e+00,-7.501282095909118652e-01,-1.326498985290527344e+00,1.083967834711074829e-02,1.631190896034240723e+00,4.969250857830047607e-01,2.970715761184692383e-01,-3.146020472049713135e-01
-3.741497397422790527e-01,-1.239027023315429688e+00,-9.560179114341735840e-01,1.910759508609771729e-01,9.939844608306884766e-01,2.953224182128906250e-01,6.247462630271911621e-01,-5.757128000259399414e-01
1.375044107437133789e+00,-4.226790666580200195e-01,-7.032694220542907715e-01,-3.208770602941513062e-02,1.581846356391906738e+00,1.380528807640075684e-01,1.004160046577453613e-01,1.296975910663604736e-01
-3.438067436218261719e-01,-1.660846710205078125e+00,-9.288232326507568359e-01,1.104215756058692932e-01,4.983482956886291504e-01,2.736280858516693115e-01,9.139287471771240234e-01,-4.735361337661743164e-01
8.936643600463867188e-01,-2.414847761392593384e-01,-7.966089844703674316e-01,-7.306193560361862183e-02,1.983436226844787598e+00,1.682552993297576904e-01,-4.282283782958984375e-02,2.424460053443908691e-01
1.363926053047180176e+00,-1.055824398994445801e+00,-5.958606600761413574e-01,9.195933490991592407e-02,9.536596536636352539e-01,-6.880339235067367554e-02,6.592625379562377930e-01,-2.490572035312652588e-01
-1.787107586860656738e-01,-1.352778673171997070e+00,-8.869308829307556152e-01,1.942038238048553467e-01,7.804327011108398438e-01,2.253888249397277832e-01,7.151193022727966309e-01,-5.579949617385864258e-01
9.068044424057006836e-01,-3.052239418029785156e-01,-7.558594346046447754e-01,-2.094567567110061646e-02,1.874472260475158691e+00,1.530393660068511963e-01,1.016360521316528320e-02,1.107904314994812012e-01
6.059128046035766602e-01,-1.841577053070068359e+00,-7.773094177246093750e-01,1.742026805877685547e-01,3.319181501865386963e-02,7.464327663183212280e-02,1.238920450210571289e+00,-4.759082794189453125e-01
-1.875520348548889160e+00,7.950481176376342773e-01,9.603366255760192871e-01,-3.651309609413146973e-01,-1.189448684453964233e-01,-1.095893010497093201e-01,-2.905541658401489258e-01,-1.756069064140319824e-02
-6.978099942207336426e-01,7.225761413574218750e-01,6.951540112495422363e-01,-1.510261744260787964e-02,-4.861049056053161621e-01,3.722798079252243042e-02,-3.389781713485717773e-02,-9.706351161003112793e-02
8.587489128112792969e-01,-3.549298644065856934e-01,-4.681364297866821289e-01,2.855328619480133057e-01,-1.825240254402160645e+00,1.589114964008331299e-01,4.848688840866088867e-01,2.324368953704833984e-01
1.978223323822021484e-01,-2.389433383941650391e-01,-2.300767898559570312e-01,-9.645188599824905396e-02,-2.128531217575073242e+00,2.016653120517730713e-01,4.155983924865722656e-01,1.545718908309936523e-01
-1.965008676052093506e-02,2.786874771118164062e-01,1.112070083618164062e-01,2.062036991119384766e-01,-8.303331136703491211e-01,1.179982349276542664e-01,1.554207801818847656e-01,4.841971397399902344e-02
2.934116125106811523e-02,5.516461730003356934e-01,7.190933823585510254e-01,-2.541562020778656006e-01,-1.816386342048645020e+00,-3.198853880167007446e-02,7.443203032016754150e-02,-1.285409927368164062e-01
-6.586358547210693359e-01,3.414248824119567871e-01,3.155965209007263184e-01,4.590447992086410522e-02,-9.274103045463562012e-01,4.632063955068588257e-02,2.313771843910217285e-02,1.265872120857238770e-01
-4.593866765499114990e-01,-3.189951181411743164e-03,2.351880073547363281e-02,-7.346499711275100708e-02,-1.729511260986328125e+00,1.136253103613853455e-01,1.308387964963912964e-01,1.922096610069274902e-01
1.487132310867309570e-01,1.109057664871215820e+00,1.187633752822875977e+00,-1.661714911460876465e-01,-1.443561673164367676e+00,-2.558309435844421387e-01,-4.056269526481628418e-01,-3.536441028118133545e-01
8.352479934692382812e-01,-1.046086251735687256e-01,-2.465727925300598145e-01,2.735468745231628418e-01,-1.478439092636108398e+00,4.035314172506332397e-02,2.313565760850906372e-01,5.313244462013244629e-02
-1.442247033119201660e+00,7.163612246513366699e-01,7.895370125770568848e-01,-1.872800588607788086e-01,-6.767385005950927734e-01,-1.793245226144790649e-02,-2.190183401107788086e-01,5.635580420494079590e-02
5.488306283950805664e-02,-8.012352138757705688e-02,2.072609663009643555e-01,-3.410002291202545166e-01,-2.632047653198242188e+00,8.866455405950546265e-02,5.017608404159545898e-01,2.404666543006896973e-01
1.336308956146240234e+00,2.580477595329284668e-01,5.160033702850341797e-03,3.134115338325500488e-01,-1.332184553146362305e+00,-1.639725863933563232e-01,-1.767921745777130127e-01,-3.139197826385498047e-03
-5.949046611785888672e-01,1.146720409393310547e+00,1.295469760894775391e+00,1.248030662536621094e-01,1.168540865182876587e-01,-3.994673490524291992e-01,-3.439803123474121094e-01,-1.065543889999389648e-01
3.419764637947082520e-01,1.254376173019409180e-01,3.661975860595703125e-01,-4.908830225467681885e-01,-2.031689405441284180e+00,-6.810412555932998657e-02,1.615431606769561768e-01,3.674542903900146484e-02
-2.372132301330566406e+00,2.188527584075927734e-01,3.850426673889160156e-01,-4.837897121906280518e-01,-1.193896651268005371e+00,-4.397109895944595337e-02,-4.020832180976867676e-01,3.732859492301940918e-01
-1.556016683578491211e+00,1.160838842391967773e+00,1.699554443359375000e+00,-7.456897497177124023e-01,-2.217412710189819336e+00,1.132192462682723999e-02,-3.445273041725158691e-01,1.542410254478454590e-01
7.745908498764038086e-01,1.164981365203857422e+00,6.328198909759521484e-01,3.836037516593933105e-01,8.301758170127868652e-01,-3.315404951572418213e-01,-7.446237206459045410e-01,3.109654784202575684e-01
-7.888524234294891357e-02,5.436134934425354004e-01,5.009453892707824707e-01,8.855651319026947021e-02,-9.704375863075256348e-01,4.530601948499679565e-02,-2.254247665405273438e-04,-1.598308235406875610e-01
-1.464841663837432861e-01,4.085087180137634277e-01,2.492460608482360840e-01,1.858681142330169678e-01,-7.337429523468017578e-01,1.024095341563224792e-01,1.009754240512847900e-01,2.847403287887573242e-02
3.723611235618591309e-01,-2.570086419582366943e-01,-1.274101138114929199e-01,-9.829676896333694458e-02,-2.445063114166259766e+00,1.364745199680328369e-01,5.283762216567993164e-01,2.697804570198059082e-01
2.463195919990539551e-01,2.524563074111938477e-01,2.395019531250000000e-01,1.086235865950584412e-01,-1.441905498504638672e+00,9.436567872762680054e-02,1.992787867784500122e-01,-2.068328857421875000e-02
1.258835434913635254e+00,1.300999522209167480e-01,-6.861650943756103516e-02,3.287477791309356689e-01,-1.300966620445251465e+00,-8.889291435480117798e-02,-4.867142438888549805e-02,3.692704439163208008e-02
7.998851537704467773e-01,9.832547307014465332e-01,8.674858808517456055e-01,1.325897872447967529e-03,-1.266107559204101562e+00,-3.571877479553222656e-01,-5.894766449928283691e-01,-4.381134510040283203e-01
-1.350612521171569824e+00,3.851707577705383301e-01,4.796214699745178223e-01,-2.253895699977874756e-01,-1.144587278366088867e+00,1.982390135526657104e-02,-1.466427445411682129e-01,1.460961401462554932e-01
2.142401933670043945e-01,7.924076914787292480e-01,9.011757969856262207e-01,-1.758086085319519043e-01,-1.715682983398437500e+00,-1.557776629924774170e-01,-1.666545271873474121e-01,-2.307812571525573730e-01
7.533080577850341797e-01,8.591168522834777832e-01,4.202244281768798828e-01,3.016289770603179932e-01,-3.453004956245422363e-01,-1.902891695499420166e-01,-6.018247008323669434e-01,-2.648238241672515869e-01
1.481074690818786621e+00,6.897388696670532227e-01,3.159372806549072266e-01,2.841196358203887939e-01,-6.072669625282287598e-01,-1.809969246387481689e-01,-5.060264468193054199e-01,9.947013854980468750e-02
7.034829854965209961e-01,4.566141366958618164e-01,2.554002404212951660e-01,1.170031577348709106e-01,-1.207127571105957031e+00,-1.526317596435546875e-01,-2.349436879158020020e-01,-2.249352633953094482e-01
-2.305140972137451172e+00,1.046593904495239258e+00,1.188806056976318359e+00,-3.366076052188873291e-01,-5.062620043754577637e-01,-1.005797460675239563e-01,-4.658474326133728027e-01,1.806643605232238770e-01
-1.029300093650817871e-01,7.334126830101013184e-01,9.050841927528381348e-01,-2.030148208141326904e-01,-1.609816908836364746e+00,-5.118743330240249634e-02,-4.157868027687072754e-02,-2.399988919496536255e-01
-1.332193493843078613e+00,1.689487457275390625e+00,7.867231965065002441e-01,1.727728247642517090e-01,1.515946507453918457e+00,-4.686710983514785767e-02,-9.182924628257751465e-01,4.052951931953430176e-01
-2.258340835571289062e+00,1.760696887969970703e+00,2.160691022872924805e+00,-3.803687393665313721e-01,7.735846042633056641e-01,-4.822603464126586914e-01,-3.911186456680297852e-01,2.352193593978881836e-01
-2.270363330841064453e+00,8.201268315315246582e-01,1.023573160171508789e+00,-6.016095280647277832e-01,-8.867971897125244141e-01,-2.412927895784378052e-02,-3.783735632896423340e-01,4.692348837852478027e-02
3.412528634071350098e-01,-3.185372650623321533e-01,-2.442043423652648926e-01,-7.877203077077865601e-02,-2.483981847763061523e+00,1.735337674617767334e-01,4.759859740734100342e-01,2.591620683670043945e-01
-3.774130940437316895e-01,5.362839698791503906e-01,5.337154269218444824e-01,1.297839730978012085e-02,-9.333273172378540039e-01,6.193529814481735229e-02,8.413761854171752930e-02,-3.672021627426147461e-02
8.624771833419799805e-01,6.528866291046142578e-02,-7.988995313644409180e-02,3.269485831260681152e-01,-1.090988636016845703e+00,-2.699271589517593384e-02,7.810316979885101318e-02,-4.439061880111694336e-02
4.153509140014648438e-01,2.743623554706573486e-01,2.936951518058776855e-01,4.536807537078857422e-03,-1.689474701881408691e+00,3.274880349636077881e-03,1.333445608615875244e-01,-5.072116851806640625e-02
-2.161237716674804688e+00,1.117980241775512695e+00,1.381351947784423828e+00,-4.163391888141632080e-01,-5.394257307052612305e-01,-1.389320492744445801e-01,-4.201646447181701660e-01,2.261546254158020020e-02
2.639602720737457275e-01,-2.750013470649719238e-01,-2.468129992485046387e-01,6.344981491565704346e-03,-2.181014776229858398e+00,1.610520184040069580e-01,4.453664422035217285e-01,2.690942287445068359e-01
2.089837193489074707e-01,1.777511358261108398e+00,1.991729021072387695e+00,-3.141557872295379639e-01,-1.034629225730895996e+00,-4.136225879192352295e-01,-9.593545794486999512e-01,-2.008596807718276978e-01
1.116350889205932617e+00,9.804721474647521973e-01,4.175722599029541016e-01,3.076456487178802490e-01,3.902886509895324707e-01,-2.421566545963287354e-01,-7.083004117012023926e-01,2.876471281051635742e-01
-7.084628343582153320e-01,9.611009955406188965e-01,1.068465232849121094e+00,2.623318880796432495e-02,-2.076824754476547241e-01,-1.522867083549499512e-01,-1.368786394596099854e-01,-8.964474499225616455e-02
9.036415815353393555e-01,-4.143864512443542480e-01,-5.017691850662231445e-01,2.430590987205505371e-01,-1.990001201629638672e+00,1.678496301174163818e-01,5.305933356285095215e-01,2.484979629516601562e-01
-1.810773760080337524e-01,5.509823560714721680e-01,9.155762791633605957e-01,-3.745587766170501709e-01,-2.238227844238281250e+00,2.449534833431243896e-03,2.689715027809143066e-01,-1.949071884155273438e-05
3.448796272277832031e-01,9.075915217399597168e-01,4.772415757179260254e-01,3.493024706840515137e-01,3.008430600166320801e-01,-2.232711613178253174e-01,-5.418679118156433105e-01,-9.994934499263763428e-02
1.274515867233276367e+00,6.525975465774536133e-01,4.426069855690002441e-01,6.265509873628616333e-02,-7.681326270103454590e-01,-2.835698723793029785e-01,-5.235663056373596191e-01,-1.284420490264892578e-01
6.889974474906921387e-01,8.542534708976745605e-01,6.887214779853820801e-01,1.208690479397773743e-01,-1.302640080451965332e+00,-2.257883846759796143e-01,-4.759543538093566895e-01,-4.133601188659667969e-01
-1.294319391250610352e+00,1.672961711883544922e-01,2.450969219207763672e-01,-1.558448374271392822e-01,-1.208239436149597168e+00,-5.035467445850372314e-03,-1.144009232521057129e-01,3.071645498275756836e-01
-1.042309999465942383e+00,9.721301198005676270e-01,1.261623144149780273e+00,-5.467606782913208008e-01,-1.875610589981079102e+00,9.569420665502548218e-02,-6.444698572158813477e-02,-4.129964113235473633e-02
6.257882118225097656e-01,1.259738445281982422e+00,5.485883355140686035e-01,2.662797570228576660e-01,1.324806690216064453e+00,-2.738476395606994629e-01,-7.957624793052673340e-01,5.047438144683837891e-01
-1.115969181060791016e+00,1.404508829116821289e+00,1.703419208526611328e+00,-9.069981426000595093e-02,5.530210137367248535e-01,-5.354949831962585449e-01,-3.940650224685668945e-01,-4.155826568603515625e-02
-7.540524005889892578e-01,1.209610223770141602e+00,1.407274961471557617e+00,3.326930850744247437e-02,2.187758833169937134e-01,-4.122579395771026611e-01,-3.403750658035278320e-01,-1.015072911977767944e-01
6.365643739700317383e-01,4.445173144340515137e-01,4.824985861778259277e-01,8.697313815355300903e-02,-1.847476243972778320e+00,-9.495029598474502563e-02,1.889368891716003418e-02,-5.447182059288024902e-02
-7.142211198806762695e-01,5.277676582336425781e-01,5.361996293067932129e-01,-1.046738773584365845e-02,-9.412718415260314941e-01,4.475369304418563843e-02,-4.554730653762817383e-02,6.765574216842651367e-03
8.516949415206909180e-01,-2.471051663160324097e-01,-3.856217861175537109e-02,-4.200578480958938599e-02,-1.690252900123596191e+00,2.038731426000595093e-02,4.327169656753540039e-01,-9.266519546508789062e-02
3.556126356124877930e-01,-1.143965005874633789e+00,-7.732872962951660156e-01,1.823260486125946045e-01,8.257466554641723633e-01,2.056118249893188477e-01,7.279184460639953613e-01,-4.863924384117126465e-01
1.451808333396911621e+00,-9.792323708534240723e-01,-5.768005847930908203e-01,2.050203830003738403e-02,1.020891427993774414e+00,1.981667429208755493e-02,6.430547833442687988e-01,-6.562587618827819824e-02
3.279331922531127930e-01,-1.451094865798950195e+00,-6.285495758056640625e-01,1.055834293365478516e-01,4.499807357788085938e-01,1.556901633739471436e-01,1.240574359893798828e+00,-5.666363239288330078e-01
8.311904668807983398e-01,-1.879385709762573242e-01,-8.199826478958129883e-01,-1.501449644565582275e-01,2.042684316635131836e+00,1.554182767868041992e-01,-9.927433729171752930e-02,3.652161359786987305e-01
1.216077566146850586e+00,-4.307353198528289795e-01,-6.618710160255432129e-01,-2.646621316671371460e-02,1.868702769279479980e+00,1.694338917732238770e-01,1.723314523696899414e-01,1.070669293403625488e-01
1.283541083335876465e+00,-9.833301901817321777e-01,-5.165947675704956055e-01,5.744139105081558228e-02,1.105997562408447266e+00,4.421167075634002686e-03,6.847639679908752441e-01,-1.366134881973266602e-01
1.296008467674255371e+00,-7.391709685325622559e-01,-5.125162601470947266e-01,-6.847434490919113159e-02,1.260639667510986328e+00,-2.153269201517105103e-02,4.594880342483520508e-01,1.614677906036376953e-02
1.825074315071105957e+00,-8.520918488502502441e-01,-5.857492685317993164e-01,-6.986566632986068726e-02,1.037412285804748535e+00,-2.945417910814285278e-02,4.798868298530578613e-01,7.334440946578979492e-02
1.556140542030334473e+00,-6.126495599746704102e-01,-6.665982604026794434e-01,-2.523853629827499390e-02,1.459309339523315430e+00,1.389404535293579102e-01,3.022608160972595215e-01,1.293321251869201660e-01
-1.054811596870422363e+00,-1.146413803100585938e+00,-1.159242391586303711e+00,1.052381172776222229e-01,1.574991703033447266e+00,6.020513772964477539e-01,1.011468887329101562e+00,-4.449800848960876465e-01
8.226917982101440430e-01,-3.185074329376220703e-01,-7.536968588829040527e-01,-9.386744350194931030e-02,2.304263114929199219e+00,2.339978814125061035e-01,1.084032058715820312e-01,2.255314588546752930e-01
1.871769547462463379e+00,-8.852472901344299316e-01,-6.221578121185302734e-01,-9.471922367811203003e-02,1.099713683128356934e+00,-3.517485409975051880e-02,4.620351791381835938e-01,1.264788210391998291e-01
1.456551909446716309e+00,-1.359037399291992188e+00,-5.774353146553039551e-01,1.356807351112365723e-01,6.278603076934814453e-01,-9.948488324880599976e-02,9.508883357048034668e-01,-3.721016943454742432e-01
2.039896011352539062e+00,-8.335538506507873535e-01,-5.744720697402954102e-01,-8.267837017774581909e-02,8.919223546981811523e-01,-2.840498834848403931e-02,4.427364468574523926e-01,1.640323102474212646e-01
5.437338948249816895e-01,-3.111256957054138184e-01,-8.388778567314147949e-01,-8.340280503034591675e-02,2.194525480270385742e+00,1.360223889350891113e-01,2.336299419403076172e-02,2.247155904769897461e-01
1.822255015373229980e+00,-8.890772461891174316e-01,-6.042982339859008789e-01,-3.675471991300582886e-02,1.089568376541137695e+00,-2.783060818910598755e-02,4.871383309364318848e-01,5.644860863685607910e-02
-4.854143857955932617e-01,-9.946193099021911621e-01,-1.019883513450622559e+00,2.467941641807556152e-01,1.252995610237121582e+00,3.797074258327484131e-01,4.299664199352264404e-01,-6.151366233825683594e-01
9.785362482070922852e-01,-2.706479728221893311e-01,-8.256317973136901855e-01,-1.221841797232627869e-01,2.204542875289916992e+00,1.801233589649200439e-01,-2.746957540512084961e-02,3.463254570960998535e-01
-7.304162383079528809e-01,-9.647670984268188477e-01,-1.119885802268981934e+00,1.947536766529083252e-01,1.566041827201843262e+00,4.333218634128570557e-01,4.996178746223449707e-01,-5.742985010147094727e-01
7.936953306198120117e-01,-2.960640192031860352e-01,-8.642250895500183105e-01,-1.242138072848320007e-01,2.234752655029296875e+00,1.522711515426635742e-01,-2.523183822631835938e-02,2.992702126502990723e-01
8.644236326217651367e-01,-3.082770705223083496e-01,-7.651076912879943848e-01,-3.405276685953140259e-02,2.005425214767456055e+00,1.602694392204284668e-01,2.790015935897827148e-02,1.676564514636993408e-01
2.046168804168701172e+00,-1.006070613861083984e+00,-5.702105760574340820e-01,-4.632561653852462769e-02,8.621711134910583496e-01,-6.968928128480911255e-02,5.865416526794433594e-01,6.770974397659301758e-02
-9.505609273910522461e-01,-1.619165897369384766e+00,-1.195995330810546875e+00,5.323810130357742310e-02,7.277638912200927734e-01,5.385121703147888184e-01,7.542904019355773926e-01,-4.749856889247894287e-01
2.482523918151855469e-01,-1.902682781219482422e+00,-8.162242174148559570e-01,1.417987942695617676e-01,2.278633266687393188e-01,1.074395403265953064e-01,1.121748685836791992e+00,-5.567035079002380371e-01
1.983332991600036621e+00,-1.129273891448974609e+00,-7.040132880210876465e-01,-1.026968583464622498e-01,9.059630036354064941e-01,-1.344807147979736328e-01,5.871670246124267578e-01,6.043744087219238281e-02
-9.154599905014038086e-01,-1.087037682533264160e+00,-1.346513271331787109e+00,3.954018950462341309e-01,-7.582674026489257812e-01,5.195888131856918335e-02,-1.162225723266601562e+00,1.954596042633056641e-01
-2.377079486846923828e+00,-1.541632652282714844e+00,-1.683642625808715820e+00,-2.123732864856719971e-01,-1.238628506660461426e+00,1.137312278151512146e-01,-1.330387592315673828e+00,5.988507270812988281e-01
-1.046077966690063477e+00,-9.480957388877868652e-01,-1.368626594543457031e+00,3.548971414566040039e-01,-1.133738994598388672e+00,1.316218078136444092e-01,-1.224464416503906250e+00,2.474612593650817871e-01
3.113061428070068359e+00,-5.768771171569824219e-01,-4.191796183586120605e-01,-2.181949019432067871e-01,-1.349003612995147705e-02,-6.914410740137100220e-02,2.427037954330444336e-01,4.953330159187316895e-01
-1.425148844718933105e-01,-1.669328689575195312e+00,-8.476677536964416504e-01,9.581048786640167236e-02,5.094104409217834473e-01,3.235082030296325684e-01,1.216195344924926758e+00,-5.576247572898864746e-01
7.383533120155334473e-01,-4.187720119953155518e-01,-6.729542613029479980e-01,-1.391979306936264038e-02,1.907389998435974121e+00,1.998531222343444824e-01,2.154463529586791992e-01,1.441467106342315674e-01
-9.649156928062438965e-01,-1.365646123886108398e+00,-1.068000078201293945e+00,9.135030955076217651e-02,1.137238144874572754e+00,6.429374217987060547e-01,1.049813508987426758e+00,-5.494418740272521973e-01
6.101189851760864258e-01,-3.397663831710815430e-01,-7.505041360855102539e-01,-1.524874269962310791e-01,2.225636482238769531e+00,2.097026407718658447e-01,1.403247714042663574e-01,3.399069309234619141e-01
1.689010262489318848e+00,-7.181785702705383301e-01,-6.097254753112792969e-01,-3.201302140951156616e-02,1.144007921218872070e+00,7.452274113893508911e-02,3.922857046127319336e-01,1.158882379531860352e-01
1.596660912036895752e-01,-1.252912044525146484e+00,-8.131363391876220703e-01,1.579793691635131836e-01,9.169622659683227539e-01,3.322948813438415527e-01,1.069721221923828125e+00,-5.473252534866333008e-01
-4.737256169319152832e-01,-1.193435907363891602e+00,-9.577313661575317383e-01,2.036685049533843994e-01,1.165058374404907227e+00,4.556592106819152832e-01,8.681469559669494629e-01,-5.947700142860412598e-01
3.059254288673400879e-01,-1.601809978485107422e+00,-7.514725923538208008e-01,1.751436889171600342e-01,3.896448016166687012e-01,1.271771490573883057e-01,1.049801707267761230e+00,-5.951637029647827148e-01
-7.845763564109802246e-01,-1.178888082504272461e+00,-1.081162333488464355e+00,1.904889047145843506e-01,1.450952053070068359e+00,5.725095868110656738e-01,8.941682577133178711e-01,-5.845596194267272949e-01
3.448679447174072266e-01,-1.125812754034996033e-01,-8.352192640304565430e-01,-2.245472967624664307e-01,2.025919198989868164e+00,1.953673660755157471e-01,-8.708256483078002930e-02,3.484171032905578613e-01
2.397791862487792969e+00,-8.508666157722473145e-01,-3.360427618026733398e-01,-1.738362014293670654e-01,-3.927400708198547363e-01,-2.439638674259185791e-01,4.740213155746459961e-01,-1.493287086486816406e-02
4.150840044021606445e-01,6.671382784843444824e-01,1.518049240112304688e-01,4.814490377902984619e-01,2.444040924310684204e-01,-5.912635475397109985e-02,-3.587335944175720215e-01,3.933081030845642090e-02
-7.947689890861511230e-01,1.173678636550903320e+00,1.310248136520385742e+00,-3.010883182287216187e-02,3.725153803825378418e-01,-4.034908413887023926e-01,-3.628972172737121582e-01,-1.143206059932708740e-01
4.925192594528198242e-01,8.326683640480041504e-01,2.737817168235778809e-01,5.658538341522216797e-01,5.764833092689514160e-01,-1.462605893611907959e-01,-4.611983895301818848e-01,2.035930156707763672e-01
5.081213712692260742e-01,1.267904341220855713e-01,1.219238042831420898e-01,1.194292679429054260e-02,-1.882745623588562012e+00,9.517022222280502319e-02,2.285818159580230713e-01,-4.471242427825927734e-02
9.109871387481689453e-01,8.926410079002380371e-01,4.203080534934997559e-01,3.316892087459564209e-01,-1.496614068746566772e-01,-1.470232307910919189e-01,-5.944473147392272949e-01,-6.851986050605773926e-02
1.446883559226989746e+00,3.825376033782958984e-01,1.040368676185607910e-01,2.994238138198852539e-01,-7.007740139961242676e-01,-1.952607333660125732e-01,-2.610847651958465576e-01,3.006212115287780762e-01
1.006625175476074219e+00,3.763502836227416992e-01,1.321502923965454102e-01,2.831746041774749756e-01,-1.247374176979064941e+00,-1.226586475968360901e-01,-2.273002266883850098e-01,-2.020357847213745117e-01
-1.627014398574829102e+00,7.277044057846069336e-01,7.839977145195007324e-01,-1.510079801082611084e-01,-6.260685920715332031e-01,-3.740865737199783325e-02,-2.878574728965759277e-01,1.418052613735198975e-01
-1.314327120780944824e-01,1.254229307174682617e+00,1.403798103332519531e+00,-2.477583289146423340e-01,-1.331380248069763184e+00,-1.213113442063331604e-01,-4.303215742111206055e-01,-2.636663317680358887e-01
5.912661552429199219e-03,1.795248985290527344e+00,7.847369313240051270e-01,2.930390089750289917e-02,1.865518093109130859e+00,-2.091597914695739746e-01,-9.883458018302917480e-01,7.248253822326660156e-01
-2.574521005153656006e-01,7.714812159538269043e-01,6.283561587333679199e-01,9.558068215847015381e-02,-4.652516245841979980e-01,-3.745744377374649048e-02,-2.008547186851501465e-01,-2.025213539600372314e-01
-7.429943680763244629e-01,1.100770473480224609e+00,1.136281728744506836e+00,1.911427378654479980e-01,5.690197944641113281e-01,-3.084950149059295654e-01,-2.618853747844696045e-01,4.648816585540771484e-02
3.439800143241882324e-01,3.378675878047943115e-02,2.338795661926269531e-01,-1.326475143432617188e-01,-2.240537881851196289e+00,7.184018939733505249e-02,4.401035904884338379e-01,1.312749087810516357e-01
5.618422031402587891e-01,3.250814080238342285e-01,2.230849862098693848e-01,2.368961274623870850e-01,-1.324209094047546387e+00,-1.066712290048599243e-02,1.717430353164672852e-02,-9.790472686290740967e-02
1.360556364059448242e+00,4.165159463882446289e-01,3.744500875473022461e-02,3.090915977954864502e-01,-6.225346326828002930e-01,-1.167843118309974670e-01,-3.055840134620666504e-01,1.663096249103546143e-01
8.263880014419555664e-01,3.805095553398132324e-01,2.137808203697204590e-01,1.872815191745758057e-01,-1.279424905776977539e+00,-1.490001380443572998e-01,-2.104758620262145996e-01,-2.710257768630981445e-01
-1.426336407661437988e+00,9.124167561531066895e-01,1.073679208755493164e+00,-1.792737543582916260e-01,-3.943924307823181152e-01,-9.944716840982437134e-02,-2.120089828968048096e-01,-2.103364467620849609e-02
-4.195472300052642822e-01,-1.933036744594573975e-02,-3.433007001876831055e-02,2.892813831567764282e-02,-1.497565984725952148e+00,9.129383414983749390e-02,1.403512954711914062e-01,2.478141784667968750e-01
-4.518829882144927979e-01,1.590216636657714844e+00,2.014196395874023438e+00,-4.197733104228973389e-01,-1.411003828048706055e+00,-1.362366974353790283e-01,-4.785214662551879883e-01,-1.238012313842773438e-02
5.216833353042602539e-01,7.023345828056335449e-01,1.236757636070251465e-01,5.171824097633361816e-01,4.969608783721923828e-01,-7.350648194551467896e-02,-3.962166905403137207e-01,1.865670084953308105e-01
-1.293259382247924805e+00,9.428315758705139160e-01,1.088315248489379883e+00,-1.531876921653747559e-01,-9.523575007915496826e-02,-1.348600387573242188e-01,-1.478470563888549805e-01,-3.514379262924194336e-03
-2.315843999385833740e-01,3.796848654747009277e-01,1.847522258758544922e-01,2.275776863098144531e-01,-7.005667686462402344e-01,1.086072847247123718e-01,6.516447663307189941e-02,7.703375816345214844e-02
1.765731573104858398e-01,-5.028765201568603516e-01,-4.277838468551635742e-01,-8.651029318571090698e-02,-2.389629602432250977e+00,1.541328132152557373e-01,4.422090947628021240e-01,3.159304261207580566e-01
-5.444610118865966797e-01,7.137824296951293945e-01,9.971702694892883301e-01,-3.701946735382080078e-01,-1.824100494384765625e+00,3.982790559530258179e-02,1.323563009500503540e-01,-1.087112128734588623e-01
-1.795905828475952148e-01,1.615883827209472656e+00,5.314717888832092285e-01,6.963277608156204224e-02,1.673105955123901367e+00,-2.851472049951553345e-02,-8.142461180686950684e-01,6.841851472854614258e-01
-1.070023059844970703e+00,1.097961664199829102e+00,1.288704395294189453e+00,-9.394725412130355835e-02,4.469113945960998535e-01,-3.335795700550079346e-01,-2.206226289272308350e-01,-3.268286585807800293e-02
-7.886345982551574707e-01,1.063464403152465820e+00,1.203837156295776367e+00,7.167871296405792236e-02,2.946835756301879883e-01,-3.198116123676300049e-01,-2.370706200599670410e-01,-4.144778847694396973e-02
9.069570302963256836e-01,-4.204427599906921387e-01,-4.778569340705871582e-01,2.242534160614013672e-01,-2.109472274780273438e+00,1.611430943012237549e-01,5.612654685974121094e-01,2.853214144706726074e-01
2.398760616779327393e-01,6.085741519927978516e-02,2.621531486511230469e-01,-1.723529696464538574e-01,-2.228886842727661133e+00,9.091546386480331421e-02,4.307353794574737549e-01,9.689861536026000977e-02
8.146160840988159180e-01,8.742893338203430176e-01,3.936849832534790039e-01,3.685035407543182373e-01,-6.473021209239959717e-02,-1.614767611026763916e-01,-5.795151591300964355e-01,-6.450721621513366699e-02
1.365447640419006348e+00,7.788226604461669922e-01,5.795618295669555664e-01,1.165665760636329651e-01,-9.830481410026550293e-01,-3.892636001110076904e-01,-6.187090277671813965e-01,-1.243191063404083252e-01
9.504112005233764648e-01,1.729670464992523193e-01,-2.921533584594726562e-02,3.277409672737121582e-01,-1.358746290206909180e+00,-5.071417242288589478e-02,-2.386957406997680664e-02,-1.001077294349670410e-01
-1.468557238578796387e+00,1.688438653945922852e-01,2.762307524681091309e-01,-2.405868768692016602e-01,-1.408388018608093262e+00,1.231264322996139526e-02,-1.693014800548553467e-01,2.924329638481140137e-01
1.226231455802917480e-01,1.303727030754089355e-01,2.931978106498718262e-01,-1.770418584346771240e-01,-2.043461561203002930e+00,1.048245057463645935e-01,3.759464323520660400e-01,4.821604490280151367e-02
6.590270996093750000e-02,1.451047897338867188e+00,5.452074408531188965e-01,3.148419857025146484e-01,1.507927656173706055e+00,-9.107217937707901001e-02,-7.296680808067321777e-01,4.992216825485229492e-01
-1.507585644721984863e+00,1.429182529449462891e+00,1.653234720230102539e+00,-2.536239922046661377e-01,8.994490504264831543e-01,-4.398687183856964111e-01,-3.294056057929992676e-01,6.236931681632995605e-02
3.115327358245849609e-01,7.752662301063537598e-01,3.390385508537292480e-01,5.612128376960754395e-01,-4.159758985042572021e-02,-8.495155721902847290e-02,-3.570147156715393066e-01,-9.187798202037811279e-02
3.678341507911682129e-01,-5.895351171493530273e-01,-5.491312146186828613e-01,-1.418034732341766357e-01,-2.226287126541137695e+00,1.805204451084136963e-01,5.557784438133239746e-01,3.034214377403259277e-01
6.863385438919067383e-02,3.521887063980102539e-01,3.475773334503173828e-01,7.100228220224380493e-03,-1.416990160942077637e+00,1.135909482836723328e-01,1.586449742317199707e-01,-8.344705402851104736e-02
-7.164640426635742188e-01,1.882741928100585938e+00,8.678069710731506348e-01,1.170135289430618286e-02,1.781279444694519043e+00,-1.131186261773109436e-01,-8.637258410453796387e-01,5.833056569099426270e-01
-1.907985448837280273e+00,2.079614162445068359e+00,2.171616077423095703e+00,-4.379902482032775879e-01,1.618195772171020508e+00,-6.148547530174255371e-01,-6.788219213485717773e-01,1.640851199626922607e-01
-2.511805534362792969e+00,1.558975696563720703e+00,1.736052274703979492e+00,-6.267131567001342773e-01,-5.757731199264526367e-01,-8.873657137155532837e-02,-5.166634917259216309e-01,1.024595201015472412e-01
-3.855744004249572754e-01,3.758419752120971680e-01,7.372903823852539062e-01,-3.477732837200164795e-01,-2.234774589538574219e+00,-2.889193594455718994e-03,2.298512607812881470e-01,7.673388719558715820e-02
-9.727574884891510010e-02,5.342267155647277832e-01,8.275660872459411621e-01,-3.353010714054107666e-01,-2.084995508193969727e+00,-4.985727369785308838e-03,1.941745579242706299e-01,-7.595622539520263672e-02
2.440984249114990234e-01,9.151396155357360840e-01,5.790255069732666016e-01,3.982646763324737549e-01,2.648034691810607910e-01,-2.612213492393493652e-01,-4.984651207923889160e-01,-1.137398779392242432e-01
8.068343400955200195e-01,2.408795952796936035e-01,2.116459608078002930e-02,3.289249837398529053e-01,-1.202601671218872070e+00,-4.541549831628799438e-02,-7.176363468170166016e-02,-1.496390402317047119e-01
1.358262896537780762e+00,8.263984322547912598e-01,5.713445544242858887e-01,2.046579420566558838e-01,-9.935199022293090820e-01,-3.307344317436218262e-01,-6.190112233161926270e-01,-1.757437884807586670e-01
-1.590782999992370605e+00,4.620264172554016113e-01,5.018806457519531250e-01,-1.294619143009185791e-01,-8.594386577606201172e-01,-1.499239355325698853e-02,-2.687060832977294922e-01,2.277802228927612305e-01
-1.889695674180984497e-01,1.930006444454193115e-01,4.198358654975891113e-01,-2.257241904735565186e-01,-2.213715076446533203e+00,7.759942859411239624e-02,2.798390090465545654e-01,9.787461161613464355e-02
7.549311518669128418e-01,1.256247520446777344e+00,1.028187036514282227e+00,1.230827644467353821e-01,-9.377059340476989746e-01,-3.855613470077514648e-01,-8.104549050331115723e-01,-5.540585517883300781e-01
1.598128199577331543e+00,3.782092928886413574e-01,5.280423164367675781e-02,1.345755457878112793e-01,-6.690769791603088379e-01,-1.209399476647377014e-01,-3.122808337211608887e-01,2.529622912406921387e-01
-1.445667743682861328e+00,1.109447956085205078e+00,1.315394163131713867e+00,-2.098452746868133545e-01,3.579612076282501221e-02,-2.014774680137634277e-01,-1.891856193542480469e-01,2.275779843330383301e-02
1.039398908615112305e+00,-4.247428178787231445e-01,-4.363913536071777344e-01,3.503533899784088135e-01,-1.408202290534973145e+00,7.214870303869247437e-02,4.385811090469360352e-01,-3.124779462814331055e-02
-7.737692594528198242e-01,2.284650564193725586e+00,2.751865148544311523e+00,-3.542331755161285400e-01,-1.416806936264038086e+00,-2.189637124538421631e-01,-8.002836108207702637e-01,-8.216619491577148438e-03
1.040607333183288574e+00,1.117307424545288086e+00,6.028060317039489746e-01,2.349459528923034668e-01,3.286430835723876953e-01,-2.791398167610168457e-01,-7.820870280265808105e-01,1.591563820838928223e-01
9.336105585098266602e-01,8.589611649513244629e-01,3.472810387611389160e-01,2.775515019893646240e-01,3.366194963455200195e-01,-2.624334096908569336e-01,-6.416326165199279785e-01,1.885520219802856445e-01
-1.344775557518005371e+00,1.413004636764526367e+00,1.701518774032592773e+00,-1.539420485496520996e-01,7.549763917922973633e-01,-5.121049284934997559e-01,-3.517914414405822754e-01,2.952876687049865723e-02
-7.518967986106872559e-01,3.661784529685974121e-01,2.737872004508972168e-01,1.117988452315330505e-01,-6.344593167304992676e-01,2.189596742391586304e-02,-3.961151838302612305e-02,1.963492035865783691e-01
-1.051841974258422852e+00,6.621695160865783691e-01,1.231024265289306641e+00,-6.766419410705566406e-01,-2.493912220001220703e+00,-5.046001821756362915e-02,1.161951422691345215e-01,1.045297682285308838e-01
1.159926772117614746e+00,7.131021618843078613e-01,3.606590628623962402e-01,3.891382813453674316e-01,-7.571283578872680664e-01,-1.901104748249053955e-01,-4.681786894798278809e-01,-8.390210568904876709e-02
1.341308832168579102e+00,1.249908506870269775e-01,-5.460286140441894531e-02,3.076634109020233154e-01,-1.244208216667175293e+00,-1.092156544327735901e-01,-5.038627982139587402e-02,1.041350364685058594e-01
4.910826683044433594e-01,9.462741017341613770e-01,8.541635870933532715e-01,-2.545051276683807373e-03,-1.188404202461242676e+00,-2.992124855518341064e-01,-5.076960325241088867e-01,-4.096552729606628418e-01
-2.609300613403320312e+00,1.346980333328247070e+00,1.565711975097656250e+00,-5.795474052429199219e-01,-6.278620958328247070e-01,-1.046795919537544250e-01,-5.653856992721557617e-01,8.417588472366333008e-02
1.686807572841644287e-01,-2.874506115913391113e-01,-2.546274662017822266e-01,-3.642272204160690308e-02,-2.144821643829345703e+00,1.562255918979644775e-01,4.116176664829254150e-01,2.617017626762390137e-01
-1.102066516876220703e+00,2.320979595184326172e+00,2.812598228454589844e+00,-4.747113287448883057e-01,-1.400776982307434082e+00,-7.387588173151016235e-02,-6.691637635231018066e-01,9.604465961456298828e-02
5.175930857658386230e-01,1.093827009201049805e+00,3.047413229942321777e-01,3.838311433792114258e-01,1.124999642372131348e+00,-1.636198461055755615e-01,-6.870937943458557129e-01,3.708952665328979492e-01
-7.056229114532470703e-01,9.125599265098571777e-01,1.022958517074584961e+00,-6.730817258358001709e-03,-4.827710390090942383e-01,-7.414720207452774048e-02,-7.717615365982055664e-02,-1.082077920436859131e-01
2.263248920440673828e+00,-6.173164248466491699e-01,-1.527084112167358398e-01,-1.713232398033142090e-01,-1.987727135419845581e-01,-3.132444322109222412e-01,2.635440230369567871e-01,-3.599826693534851074e-01
2.156503677368164062e+00,-9.708322882652282715e-01,-5.228599905967712402e-01,-9.886058419942855835e-02,5.956737995147705078e-01,-1.344534158706665039e-01,5.565728545188903809e-01,1.504030823707580566e-02
-5.913667678833007812e-01,-2.075624227523803711e+00,-9.599658846855163574e-01,-2.568317204713821411e-02,3.847623467445373535e-01,4.442551434040069580e-01,1.597659349441528320e+00,-4.525325894355773926e-01
1.762073397636413574e+00,-8.596659302711486816e-01,-6.340749859809875488e-01,-6.037669628858566284e-02,1.023381471633911133e+00,-3.281230479478836060e-02,4.424485564231872559e-01,5.875289440155029297e-02
7.087371349334716797e-01,-1.241403073072433472e-01,-1.008825302124023438e+00,-2.513824105262756348e-01,2.285126209259033203e+00,1.986636519432067871e-01,-1.998106837272644043e-01,4.947200417518615723e-01
1.999111533164978027e+00,-9.338412880897521973e-01,-6.077258586883544922e-01,-7.186909765005111694e-02,9.361953735351562500e-01,-3.058553487062454224e-02,5.194665789604187012e-01,1.159312725067138672e-01
6.656894683837890625e-01,-3.579211235046386719e-01,-7.308979630470275879e-01,4.814382642507553101e-02,1.849889278411865234e+00,1.430817544460296631e-01,9.472376108169555664e-02,-5.111873149871826172e-03
-3.948367834091186523e-01,-1.538524389266967773e+00,-9.611017704010009766e-01,1.299400925636291504e-01,6.313222050666809082e-01,2.961999773979187012e-01,7.942898273468017578e-01,-5.005207657814025879e-01
-2.020857334136962891e-01,-1.296186208724975586e+00,-8.902454972267150879e-01,2.211006581783294678e-01,8.338528275489807129e-01,2.366613447666168213e-01,6.572647094726562500e-01,-5.585100054740905762e-01
-6.075779795646667480e-01,-1.093451499938964844e+00,-1.025423526763916016e+00,2.020943164825439453e-01,1.124084234237670898e+00,3.875928223133087158e-01,4.748166203498840332e-01,-5.570565462112426758e-01
-4.623222351074218750e-01,-7.082895636558532715e-01,-1.025208711624145508e+00,1.316511183977127075e-01,1.583647489547729492e+00,3.348997831344604492e-01,3.058671951293945312e-01,-3.628610074520111084e-01
-1.954158544540405273e-01,-1.334006071090698242e+00,-8.689328432083129883e-01,1.988115310668945312e-01,7.628006935119628906e-01,2.259281873703002930e-01,7.174506783485412598e-01,-5.328524112701416016e-01
4.276281595230102539e-02,-1.946807384490966797e+00,-8.457043766975402832e-01,1.153233274817466736e-01,1.823808699846267700e-01,1.585046947002410889e-01,1.129603862762451172e+00,-4.939509034156799316e-01
-2.410936355590820312e-01,-1.904675245285034180e+00,-9.269443750381469727e-01,6.388822197914123535e-02,2.418096214532852173e-01,2.398135364055633545e-01,1.060360908508300781e+00,-4.618933796882629395e-01
-2.207993268966674805e-01,-1.287120580673217773e+00,-9.028325676918029785e-01,2.191595137119293213e-01,7.177760601043701172e-01,2.546944022178649902e-01,5.988171696662902832e-01,-5.336439013481140137e-01
1.634150385856628418e+00,-6.710179448127746582e-01,-5.936608314514160156e-01,1.479492336511611938e-02,1.126547336578369141e+00,5.775489658117294312e-02,3.514469861984252930e-01,5.047929286956787109e-02
-1.647868871688842773e+00,-8.363059759140014648e-01,-1.400658845901489258e+00,-4.873960465192794800e-02,1.818213343620300293e+00,6.226868033409118652e-01,4.135376214981079102e-01,-2.586432695388793945e-01
2.237587451934814453e+00,-1.006625652313232422e+00,-5.617838501930236816e-01,-1.011186763644218445e-01,4.289737939834594727e-01,-5.418575555086135864e-02,6.013985872268676758e-01,2.333892583847045898e-01
-1.772355675697326660e+00,-5.530334711074829102e-01,-1.416210651397705078e+00,1.214698925614356995e-01,1.334932446479797363e+00,6.152774691581726074e-01,-3.147843480110168457e-01,-1.157087087631225586e-01
3.749902248382568359e-01,-4.612487554550170898e-01,-7.325759530067443848e-01,-1.288578659296035767e-02,2.004128456115722656e+00,2.182466387748718262e-01,2.858697175979614258e-01,1.116790473461151123e-01
1.521738886833190918e+00,-9.005697965621948242e-01,-6.567248702049255371e-01,-3.226881474256515503e-02,1.345110058784484863e+00,-1.894930750131607056e-02,4.813883304595947266e-01,-1.049992442131042480e-02
1.458404183387756348e+00,-5.216076374053955078e-01,-6.840584874153137207e-01,-3.392373770475387573e-02,1.568627953529357910e+00,1.121636331081390381e-01,1.851966381072998047e-01,1.236156821250915527e-01
6.105498671531677246e-01,-4.711214303970336914e-01,-7.643544077873229980e-01,7.836077362298965454e-02,1.973053574562072754e+00,1.558305025100708008e-01,1.912207007408142090e-01,-7.523874938488006592e-02
-3.732974529266357422e-01,-6.314135789871215820e-01,-1.197443962097167969e+00,-2.664963155984878540e-02,1.781163454055786133e+00,4.042136967182159424e-01,3.877165913581848145e-01,-1.519017666578292847e-01
-8.769663572311401367e-01,-1.892451047897338867e+00,-1.107858419418334961e+00,1.497678458690643311e-02,5.593470335006713867e-01,4.908962845802307129e-01,1.104621410369873047e+00,-4.018684625625610352e-01
4.347777366638183594e-02,-1.687273263931274414e+00,-8.431973457336425781e-01,1.479579210281372070e-01,5.003855824470520020e-01,1.640418469905853271e-01,1.010763883590698242e+00,-5.604538321495056152e-01
-1.585386872291564941e+00,-8.839314579963684082e-01,-1.213230848312377930e+00,1.065204292535781860e-02,1.651493191719055176e+00,5.386244654655456543e-01,4.221283197402954102e-01,-3.075530230998992920e-01
1.168229699134826660e+00,-8.414310812950134277e-01,-6.052501797676086426e-01,1.056190505623817444e-01,1.173263311386108398e+00,5.927957594394683838e-03,5.009116530418395996e-01,-2.143226265907287598e-01
5.892013907432556152e-01,-1.717970132827758789e+00,-7.705441117286682129e-01,1.661682873964309692e-01,-5.977138280868530273e-01,2.183230966329574585e-02,7.579879164695739746e-01,-1.823003590106964111e-01
3.174669146537780762e-01,-1.687174558639526367e+00,-7.175485491752624512e-01,1.784032583236694336e-01,2.045402675867080688e-01,9.964322298765182495e-02,1.178711652755737305e+00,-3.808395564556121826e-01
-2.848797321319580078e+00,1.197077512741088867e+00,1.423679351806640625e+00,-5.967387557029724121e-01,8.866985142230987549e-02,-1.896824240684509277e-01,-4.960409998893737793e-01,1.816001534461975098e-01
1.791796088218688965e-01,3.654179573059082031e-01,3.695682883262634277e-01,1.487279236316680908e-01,-1.299072146415710449e+00,5.705460160970687866e-02,1.408599913120269775e-01,-4.005274176597595215e-02
1.049548089504241943e-01,2.874515354633331299e-01,5.660360455513000488e-01,-2.982520163059234619e-01,-2.360038757324218750e+00,4.251744598150253296e-02,3.855827450752258301e-01,1.306935846805572510e-01
9.097815752029418945e-01,1.634342372417449951e-01,-8.900761604309082031e-03,3.170980513095855713e-01,-1.445430159568786621e+00,-3.965530544519424438e-02,3.994479775428771973e-02,-1.941052079200744629e-02
-5.041229724884033203e-02,8.595958352088928223e-01,7.051343917846679688e-01,2.840078175067901611e-01,-4.210898876190185547e-01,-1.134007945656776428e-01,-2.747480273246765137e-01,-1.726619601249694824e-01
1.233988881111145020e+00,1.255000352859497070e+00,9.961417317390441895e-01,2.072017192840576172e-01,-9.456973671913146973e-01,-4.832881093025207520e-01,-9.278752207756042480e-01,-4.103049337863922119e-01
-2.113400697708129883e-01,8.707125782966613770e-01,7.922832369804382324e-01,1.517568379640579224e-01,-4.626749157905578613e-01,-1.103265359997749329e-01,-2.443840205669403076e-01,-2.023018598556518555e-01
-8.613111972808837891e-01,-3.404855728149414062e-01,-1.924073100090026855e-01,-2.828619182109832764e-01,-2.191574096679687500e+00,8.861067146062850952e-02,9.573507308959960938e-02,3.426256775856018066e-01
-1.425281167030334473e-01,4.110915660858154297e-01,6.699033379554748535e-01,-5.054671764373779297e-01,-2.066675186157226562e+00,7.638444751501083374e-02,2.048146724700927734e-01,-8.548320829868316650e-02
6.844020485877990723e-01,1.140026330947875977e+00,5.717995166778564453e-01,2.229769825935363770e-01,9.423735141754150391e-01,-3.287616074085235596e-01,-7.714260220527648926e-01,3.218963146209716797e-01
-1.185749053955078125e+00,1.440535068511962891e+00,1.832477331161499023e+00,-6.896900385618209839e-02,4.052868485450744629e-01,-5.449262261390686035e-01,-3.447332978248596191e-01,-1.214891672134399414e-02
-9.974126517772674561e-02,1.154680967330932617e+00,1.139153957366943359e+00,1.045164391398429871e-01,-3.979739546775817871e-01,-3.344559967517852783e-01,-5.009592175483703613e-01,-3.164947032928466797e-01
7.852379083633422852e-01,-4.526863396167755127e-01,-3.974223136901855469e-01,1.930738687515258789e-01,-1.925847768783569336e+00,2.108119428157806396e-01,6.311079263687133789e-01,1.323406696319580078e-01
4.153894186019897461e-01,-8.335828036069869995e-02,-3.276377916336059570e-02,-5.687499791383743286e-02,-2.034946441650390625e+00,1.478785574436187744e-01,4.304828643798828125e-01,1.042718291282653809e-01
1.260509848594665527e+00,1.240798950195312500e+00,6.675414443016052246e-01,2.389518022537231445e-01,3.061453700065612793e-01,-3.285764753818511963e-01,-9.185265898704528809e-01,1.596964597702026367e-01
1.683143019676208496e+00,7.940983772277832031e-01,3.341385126113891602e-01,2.675212323665618896e-01,-3.985189795494079590e-01,-1.782581508159637451e-01,-6.013376116752624512e-01,2.559618949890136719e-01
-1.872559487819671631e-01,9.870446324348449707e-01,9.162818789482116699e-01,2.208491265773773193e-01,-3.177096247673034668e-01,-1.851741075515747070e-01,-3.123858571052551270e-01,-1.703034788370132446e-01
-2.700829505920410156e+00,1.221037149429321289e+00,1.418909311294555664e+00,-6.088978052139282227e-01,-8.122595548629760742e-01,-4.702077060937881470e-02,-5.750700831413269043e-01,6.817394495010375977e-02
-9.988929033279418945e-01,8.881546854972839355e-01,1.498256921768188477e+00,-6.722297668457031250e-01,-2.312109470367431641e+00,-4.897407442331314087e-02,-2.771700918674468994e-02,1.356047093868255615e-01
9.933984279632568359e-01,3.501363396644592285e-01,1.921538114547729492e-01,2.563885152339935303e-01,-1.496126651763916016e+00,-1.491421163082122803e-01,-1.453464031219482422e-01,-1.516481786966323853e-01
7.454434037208557129e-02,8.051469922065734863e-01,5.066006779670715332e-01,4.250599443912506104e-01,-1.680670678615570068e-02,-1.445790231227874756e-01,-3.323773741722106934e-01,-1.105457544326782227e-01
5.119907855987548828e-01,1.126610994338989258e+00,1.088697433471679688e+00,3.158918768167495728e-02,-1.251313567161560059e+00,-3.718584775924682617e-01,-5.964471697807312012e-01,-4.389234185218811035e-01
-1.267708420753479004e+00,7.036709189414978027e-01,7.237791419029235840e-01,-6.781708449125289917e-02,-4.953120946884155273e-01,-1.126567274332046509e-02,-2.347330451011657715e-01,-1.161417365074157715e-02
6.877386569976806641e-02,-4.000467061996459961e-01,-4.492025971412658691e-01,3.441492468118667603e-02,-2.217981100082397461e+00,1.692915260791778564e-01,2.884864509105682373e-01,3.613656759262084961e-01
-5.728973150253295898e-01,1.009105443954467773e+00,1.314672946929931641e+00,-4.180853068828582764e-01,-1.872567534446716309e+00,4.912718385457992554e-02,9.046345949172973633e-03,-1.099465489387512207e-01
-2.321424484252929688e-01,1.704558610916137695e+00,7.675628066062927246e-01,1.017122641205787659e-01,1.684384465217590332e+00,-3.337599337100982666e-01,-1.015449285507202148e+00,3.483715057373046875e-01
-1.171200752258300781e+00,1.565039396286010742e+00,1.877436161041259766e+00,-7.493179291486740112e-02,8.689275979995727539e-01,-6.739754080772399902e-01,-5.164902806282043457e-01,-1.627492904663085938e-02
5.332877039909362793e-01,9.457461237907409668e-01,5.773712992668151855e-01,4.291048049926757812e-01,-1.682543605566024780e-01,-2.358856201171875000e-01,-5.613135695457458496e-01,-2.061309516429901123e-01
2.912666797637939453e-01,-6.891859769821166992e-01,-6.723951697349548340e-01,-2.341677993535995483e-02,-2.478910446166992188e+00,1.854398548603057861e-01,4.523024857044219971e-01,4.250875711441040039e-01
1.250087320804595947e-01,-1.627731323242187500e-01,-1.297242641448974609e-01,-2.413720637559890747e-02,-1.981433629989624023e+00,1.508829891681671143e-01,3.842964768409729004e-01,1.919974088668823242e-01
3.208769559860229492e-01,1.654892921447753906e+00,1.644472837448120117e+00,7.100696116685867310e-02,-1.046838521957397461e+00,-4.744764864444732666e-01,-8.597074151039123535e-01,-5.367158651351928711e-01
1.699350357055664062e+00,8.565681576728820801e-01,4.651979207992553711e-01,2.203300893306732178e-01,-5.516529083251953125e-01,-2.919703423976898193e-01,-6.856349110603332520e-01,1.460190415382385254e-01
-1.658295273780822754e+00,1.985269784927368164e+00,2.377827405929565430e+00,-1.992540359497070312e-01,9.827635288238525391e-01,-7.361849546432495117e-01,-5.772877931594848633e-01,1.256277859210968018e-01
-3.295806646347045898e-01,7.170383334159851074e-01,2.961781620979309082e-01,4.692580401897430420e-01,2.056960016489028931e-01,6.819998472929000854e-02,-1.144963502883911133e-01,1.567392647266387939e-01
-2.262767404317855835e-01,6.504373550415039062e-01,1.083080053329467773e+00,-4.200450778007507324e-01,-2.149586439132690430e+00,-4.184857755899429321e-02,1.927652359008789062e-01,4.374551773071289062e-02
1.272498011589050293e+00,1.138006687164306641e+00,8.511434793472290039e-01,1.144492998719215393e-01,-8.267012238502502441e-01,-4.395196437835693359e-01,-8.709110617637634277e-01,-3.034495413303375244e-01
1.286792755126953125e+00,1.219671010971069336e+00,7.370802164077758789e-01,2.354018688201904297e-01,1.510091572999954224e-01,-3.262021541595458984e-01,-8.709496855735778809e-01,1.473384499549865723e-01
8.740718364715576172e-01,1.072592258453369141e+00,8.720337748527526855e-01,2.252435684204101562e-01,-9.599239230155944824e-01,-3.475972414016723633e-01,-6.997206807136535645e-01,-4.418884515762329102e-01
9.510256052017211914e-01,1.131861209869384766e+00,4.635691642761230469e-01,2.477242052555084229e-01,3.632878661155700684e-01,-2.882421612739562988e-01,-8.853151202201843262e-01,-3.744196891784667969e-02
-1.485851764678955078e+00,1.333982944488525391e+00,1.756360530853271484e+00,-1.225244924426078796e-01,-2.365699857473373413e-01,-3.075387775897979736e-01,-9.937065839767456055e-02,9.861078858375549316e-02
2.934504747390747070e-01,1.816630601882934570e+00,1.808688640594482422e+00,-3.221520036458969116e-02,-1.091173529624938965e+00,-4.476082623004913330e-01,-1.000234603881835938e+00,-4.826690256595611572e-01
2.127293348312377930e-01,1.736247777938842773e+00,6.972634196281433105e-01,1.234041228890419006e-01,1.845234394073486328e+00,-1.990798711776733398e-01,-9.902521967887878418e-01,7.230434417724609375e-01
-9.731919765472412109e-01,1.571979045867919922e+00,1.788947105407714844e+00,-6.173015385866165161e-02,8.958548307418823242e-01,-7.103027701377868652e-01,-6.318914294242858887e-01,-8.719378709793090820e-02
-2.199995040893554688e+00,1.809641838073730469e+00,2.113643884658813477e+00,-4.971540272235870361e-01,-1.625286191701889038e-01,-2.580676376819610596e-01,-3.869209885597229004e-01,1.527361869812011719e-01
5.614351034164428711e-01,-1.046622097492218018e-01,-3.492922186851501465e-01,4.838930070400238037e-01,-9.439988732337951660e-01,5.710824579000473022e-02,3.231369256973266602e-01,4.062566757202148438e-01
8.058346509933471680e-01,1.699891388416290283e-01,4.164373874664306641e-02,2.817155718803405762e-01,-1.468881011009216309e+00,-1.725707203149795532e-02,6.902609765529632568e-02,-4.201316833496093750e-02
1.615208268165588379e+00,1.297404766082763672e+00,6.812387108802795410e-01,2.613961696624755859e-01,1.046791225671768188e-01,-3.131092786788940430e-01,-9.926788210868835449e-01,1.987482309341430664e-01
1.559278488159179688e+00,7.444858551025390625e-01,4.848079085350036621e-01,2.256821990013122559e-01,-8.820858597755432129e-01,-3.352254927158355713e-01,-6.027398109436035156e-01,-4.902511835098266602e-02
3.840233683586120605e-01,1.016883611679077148e+00,7.241933345794677734e-01,2.663604617118835449e-01,-4.549839496612548828e-01,-2.582644820213317871e-01,-5.982729792594909668e-01,-3.763030767440795898e-01
-6.428301930427551270e-01,3.480401635169982910e-01,3.730178475379943848e-01,-4.130882024765014648e-02,-8.695045709609985352e-01,2.487864345312118530e-02,2.569872140884399414e-02,4.407641291618347168e-02
6.376858949661254883e-01,1.437022209167480469e+00,1.455530643463134766e+00,-9.525247663259506226e-02,-1.094126343727111816e+00,-5.176156759262084961e-01,-8.414375185966491699e-01,-4.620677828788757324e-01
8.842943906784057617e-01,-1.037494421005249023e+00,-8.191517591476440430e-01,-7.243712991476058960e-02,-1.268023014068603516e+00,1.139194592833518982e-01,8.140215277671813965e-01,-4.507708549499511719e-02
2.135615348815917969e+00,-9.682198166847229004e-01,-4.246590137481689453e-01,-1.246558353304862976e-01,3.830084800720214844e-01,-1.305036544799804688e-01,5.988185405731201172e-01,6.286123394966125488e-02
1.737182497978210449e+00,-1.232201337814331055e+00,-5.195002555847167969e-01,1.965228468179702759e-02,5.956170558929443359e-01,-9.144244343042373657e-02,8.517090678215026855e-01,-1.333257406949996948e-01
2.603166997432708740e-01,-1.985913753509521484e+00,-8.084945082664489746e-01,1.423436105251312256e-01,4.904474318027496338e-02,1.101361736655235291e-01,1.139613151550292969e+00,-5.163996815681457520e-01
1.955734133720397949e+00,-8.040282130241394043e-01,-5.526318550109863281e-01,-4.196988791227340698e-02,9.320269823074340820e-01,-8.835472166538238525e-03,4.448588490486145020e-01,1.257183253765106201e-01
1.229259252548217773e+00,-3.279429674148559570e-01,-7.347085475921630859e-01,-6.288215517997741699e-04,1.934790492057800293e+00,1.968692541122436523e-01,3.477817773818969727e-02,1.361588835716247559e-01
6.806441545486450195e-01,-1.486235260963439941e-01,-9.634917378425598145e-01,-2.429423630237579346e-01,2.243349313735961914e+00,1.863744556903839111e-01,-1.634796857833862305e-01,4.645080566406250000e-01
7.085936069488525391e-01,-1.745140552520751953e-01,-8.556262850761413574e-01,-1.776394844055175781e-01,2.097035169601440430e+00,1.478421986103057861e-01,-1.164257526397705078e-01,4.018685817718505859e-01
-4.649494290351867676e-01,-9.066839218139648438e-01,-1.043601036071777344e+00,2.219880521297454834e-01,1.525032162666320801e+00,3.986622393131256104e-01,4.793094992637634277e-01,-5.686159729957580566e-01
1.283616065979003906e+00,-3.511640429496765137e-01,-7.055018544197082520e-01,-2.738820761442184448e-02,1.677498579025268555e+00,1.536276340484619141e-01,4.248291254043579102e-02,1.318632960319519043e-01
-1.443758726119995117e+00,-7.783719301223754883e-01,-1.317751646041870117e+00,-2.177011221647262573e-02,1.671433568000793457e+00,5.440165400505065918e-01,3.469239473342895508e-01,-2.850632071495056152e-01
1.430539727210998535e+00,-4.498978853225708008e-01,-6.746941208839416504e-01,9.921267628669738770e-04,1.603747129440307617e+00,1.466093659400939941e-01,1.469632983207702637e-01,1.142535209655761719e-01
-4.917228221893310547e-01,-2.143120050430297852e+00,-1.024887681007385254e+00,-1.434390991926193237e-02,1.337021738290786743e-01,3.290961682796478271e-01,1.216587781906127930e+00,-3.939037919044494629e-01
2.101563453674316406e+00,-1.027734279632568359e+00,-5.911972522735595703e-01,-9.414549916982650757e-02,8.067093491554260254e-01,-9.870380908250808716e-02,5.724505186080932617e-01,1.037401556968688965e-01
6.503373384475708008e-01,-4.158607721328735352e-01,-7.291398048400878906e-01,6.878314167261123657e-02,1.865295529365539551e+00,1.417589485645294189e-01,1.435155868530273438e-01,-6.090635061264038086e-02
-1.416107296943664551e+00,-1.121108770370483398e+00,-1.282589673995971680e+00,8.828512579202651978e-02,1.441612124443054199e+00,6.748311519622802734e-01,4.644570946693420410e-01,-5.107833147048950195e-01
1.379592180252075195e+00,-5.827783346176147461e-01,-6.855631470680236816e-01,9.876765310764312744e-03,1.597438812255859375e+00,1.026836484670639038e-01,2.426690459251403809e-01,4.006057977676391602e-02
2.574133872985839844e+00,-7.936329245567321777e-01,-3.403571844100952148e-01,-1.514422893524169922e-01,6.950187683105468750e-02,-8.654222637414932251e-02,5.109825730323791504e-01,4.658378958702087402e-01
-7.566699981689453125e-01,-1.437435150146484375e+00,-1.302778005599975586e+00,2.080443799495697021e-01,-8.322849273681640625e-01,2.072855085134506226e-02,-5.220758318901062012e-01,1.999019980430603027e-01
-1.247930884361267090e+00,-1.323892354965209961e+00,-1.307122468948364258e+00,8.337021619081497192e-02,-4.187107086181640625e-01,1.884002983570098877e-01,-3.534416556358337402e-01,1.681773960590362549e-01
6.975356340408325195e-01,-1.672629863023757935e-01,-8.694228529930114746e-01,-1.508789062500000000e-01,2.127988100051879883e+00,1.593616604804992676e-01,-1.151006221771240234e-01,3.870174288749694824e-01
1.602553963661193848e+00,-9.217265248298645020e-01,-6.721341013908386230e-01,-1.525371521711349487e-02,1.162424206733703613e+00,-3.205060213804244995e-02,4.878027439117431641e-01,-4.412648081779479980e-02
1.648190617561340332e+00,-8.127461075782775879e-01,-6.064701080322265625e-01,-3.894745558500289917e-02,8.956201076507568359e-01,-3.844625502824783325e-02,4.197244644165039062e-01,1.701751351356506348e-02
-8.127439618110656738e-01,-1.086766958236694336e+00,-1.110813140869140625e+00,1.783949136734008789e-01,1.180782437324523926e+00,4.641972482204437256e-01,4.071196615695953369e-01,-5.575003623962402344e-01
1.321309208869934082e-01,-1.549359083175659180e+00,-7.751574516296386719e-01,2.050375342369079590e-01,3.021228909492492676e-01,1.029431447386741638e-01,7.888887524604797363e-01,-4.944391250610351562e-01
1.158309817314147949e+00,-3.967702090740203857e-01,-6.851873993873596191e-01,2.411048859357833862e-02,1.550709366798400879e+00,1.374926865100860596e-01,1.001783013343811035e-01,2.704930305480957031e-02
1.217398047447204590e+00,-4.177292287349700928e-01,-6.152120828628540039e-01,6.460771709680557251e-02,1.368888735771179199e+00,1.379415690898895264e-01,1.648261547088623047e-01,3.153055906295776367e-03
-1.415143489837646484e+00,-6.628655791282653809e-01,-1.323197841644287109e+00,-4.535102099180221558e-02,1.596704721450805664e+00,5.335157513618469238e-01,2.393400669097900391e-01,-2.471448481082916260e-01
-1.127732515335083008e+00,-1.001725673675537109e+00,-1.158273220062255859e+00,1.319298446178436279e-01,1.391637444496154785e+00,5.460254549980163574e-01,4.296988248825073242e-01,-5.124191045761108398e-01
-5.493426322937011719e-01,-1.113448381423950195e+00,-9.883321523666381836e-01,2.220448553562164307e-01,8.910745978355407715e-01,3.683311641216278076e-01,4.242959320545196533e-01,-5.002795457839965820e-01
2.590864658355712891e+00,-9.427633881568908691e-01,-6.039364337921142578e-01,-8.358807116746902466e-02,-6.142072081565856934e-01,1.009228080511093140e-02,7.115976214408874512e-01,3.434367179870605469e-01
-1.989468216896057129e+00,8.593568205833435059e-01,1.046527862548828125e+00,-3.133386075496673584e-01,-3.911741971969604492e-01,-1.098885014653205872e-01,-3.891012668609619141e-01,7.397949695587158203e-03
1.323132216930389404e-02,3.702996373176574707e-01,6.118972897529602051e-01,-2.702288031578063965e-01,-2.091356992721557617e+00,5.606283992528915405e-02,2.838403582572937012e-01,-1.477369666099548340e-02
1.094711184501647949e+00,7.732800245285034180e-01,2.484573721885681152e-01,3.757995367050170898e-01,-9.931068122386932373e-02,-1.617850959300994873e-01,-5.307589173316955566e-01,1.349680423736572266e-01
-4.947337210178375244e-01,1.214478015899658203e+00,1.119425773620605469e+00,-4.602365195751190186e-02,6.478583812713623047e-01,-5.192325711250305176e-01,-6.433250904083251953e-01,-2.364150881767272949e-01
8.968778848648071289e-01,6.695320010185241699e-01,3.992663025856018066e-01,1.343242824077606201e-01,-9.727338552474975586e-01,-1.853003501892089844e-01,-4.580008387565612793e-01,-2.928710281848907471e-01
-2.025198459625244141e+00,9.610746502876281738e-01,1.138098716735839844e+00,-4.539948999881744385e-01,-6.573590040206909180e-01,-2.856666594743728638e-02,-3.051975369453430176e-01,-1.040849089622497559e-02
2.884626388549804688e-01,-3.988827764987945557e-01,-3.415238857269287109e-01,-7.807894796133041382e-02,-2.376623630523681641e+00,1.867373883724212646e-01,5.021556019783020020e-01,2.597270011901855469e-01
6.744107604026794434e-01,1.365189313888549805e+00,1.107471227645874023e+00,1.480842828750610352e-01,-8.981477022171020508e-01,-4.001654982566833496e-01,-8.780949711799621582e-01,-5.705659389495849609e-01
8.431601524353027344e-01,6.275051832199096680e-01,4.008697867393493652e-01,1.725637316703796387e-01,-8.185897469520568848e-01,-1.649270355701446533e-01,-3.953385949134826660e-01,-2.394357919692993164e-01
-7.921836972236633301e-01,1.078414440155029297e+00,1.219163656234741211e+00,-1.421875506639480591e-02,1.580234915018081665e-01,-3.042494952678680420e-01,-2.573465704917907715e-01,-9.764397144317626953e-02
1.008690834045410156e+00,-3.847457468509674072e-01,-5.121757984161376953e-01,3.573642373085021973e-01,-1.860137343406677246e+00,1.416439116001129150e-01,4.964279830455780029e-01,2.851251959800720215e-01
4.549239277839660645e-01,-2.002653181552886963e-01,-1.668002605438232422e-01,-7.437068969011306763e-02,-2.084832429885864258e+00,1.829399168491363525e-01,4.724626541137695312e-01,8.539402484893798828e-02
1.198492527008056641e+00,8.701955676078796387e-01,4.613719582557678223e-01,2.902120351791381836e-01,-5.414941310882568359e-01,-1.947348117828369141e-01,-6.276727914810180664e-01,-1.246640980243682861e-01
1.508399128913879395e+00,6.735676527023315430e-01,1.677493453025817871e-01,2.356803417205810547e-01,-3.172312676906585693e-02,-1.430666744709014893e-01,-5.083582997322082520e-01,4.185292124748229980e-01
4.638727307319641113e-01,1.045259475708007812e+00,9.247855544090270996e-01,1.360245794057846069e-02,-1.174368858337402344e+00,-2.449871003627777100e-01,-5.378485321998596191e-01,-4.497415721416473389e-01
-1.389455318450927734e+00,5.296655893325805664e-01,5.986728072166442871e-01,-1.979792416095733643e-01,-8.937311768531799316e-01,1.585688441991806030e-02,-1.987531781196594238e-01,6.263560056686401367e-02
3.440852165222167969e-01,-5.861809253692626953e-01,-4.302994012832641602e-01,-2.343906462192535400e-01,-2.586663246154785156e+00,1.064920052886009216e-01,5.143653750419616699e-01,3.721325397491455078e-01
3.758761882781982422e-01,6.580973267555236816e-01,7.722003459930419922e-01,-1.334864646196365356e-02,-1.653379559516906738e+00,-1.489407122135162354e-01,-7.393294572830200195e-02,-1.341225802898406982e-01
1.854806542396545410e-01,9.408153891563415527e-01,2.861685156822204590e-01,4.574081301689147949e-01,8.322570323944091797e-01,-1.462033390998840332e-01,-5.296061038970947266e-01,1.259569525718688965e-01
2.023182511329650879e-01,2.904169261455535889e-01,2.618373036384582520e-01,6.290251761674880981e-02,-1.370905876159667969e+00,7.731958478689193726e-02,1.442155689001083374e-01,-7.277286052703857422e-02
8.686243295669555664e-01,2.683768272399902344e-01,1.945374608039855957e-01,2.137943506240844727e-01,-9.679883718490600586e-01,-1.648762524127960205e-01,-1.169104278087615967e-01,-3.265005052089691162e-01
8.525333404541015625e-01,-3.683838844299316406e-01,-4.317480921745300293e-01,1.630169451236724854e-01,-1.906264543533325195e+00,1.627037227153778076e-01,4.956867694854736328e-01,1.734711527824401855e-01
-2.442922145128250122e-01,5.852648019790649414e-01,6.126562952995300293e-01,-6.462021917104721069e-02,-1.410734415054321289e+00,1.158979162573814392e-01,9.964507818222045898e-02,-1.010951995849609375e-01
1.644047498703002930e-01,1.616432666778564453e+00,7.836496233940124512e-01,2.255152165889739990e-01,1.673253536224365234e+00,-2.969935536384582520e-01,-9.234849810600280762e-01,4.819716215133666992e-01
1.587000131607055664e+00,7.296488285064697266e-01,3.881593346595764160e-01,2.136547267436981201e-01,-6.416429281234741211e-01,-2.517341673374176025e-01,-5.673967003822326660e-01,1.274153292179107666e-01
-2.156823158264160156e+00,2.361333608627319336e+00,2.525874853134155273e+00,-4.834794700145721436e-01,1.615211129188537598e+00,-7.200828790664672852e-01,-7.628495097160339355e-01,2.342329025268554688e-01
-1.933199286460876465e+00,1.006690025329589844e+00,1.296484231948852539e+00,-3.122521340847015381e-01,-2.283233255147933960e-01,-2.017793655395507812e-01,-3.296658992767333984e-01,2.045461535453796387e-02
-2.574965953826904297e-01,7.027164697647094727e-01,1.064157009124755859e+00,-4.081742167472839355e-01,-2.142560243606567383e+00,-3.954396396875381470e-02,1.513960063457489014e-01,-9.004560112953186035e-02
7.234407663345336914e-01,7.030919194221496582e-01,5.598719716072082520e-01,7.721630483865737915e-02,-1.449298262596130371e+00,-1.759779751300811768e-01,-3.461313843727111816e-01,-3.316802382469177246e-01
1.101175844669342041e-01,1.625746011734008789e+00,1.458018302917480469e+00,2.875427901744842529e-01,8.076126575469970703e-01,-7.711906433105468750e-01,-9.843924641609191895e-01,-8.522918820381164551e-02
-1.217362761497497559e+00,1.643317699432373047e+00,1.834943056106567383e+00,-1.532526314258575439e-01,1.063732028007507324e+00,-6.891550421714782715e-01,-6.231191754341125488e-01,-2.296671271324157715e-02
1.455421566963195801e+00,9.396665692329406738e-01,4.014170765876770020e-01,3.276529014110565186e-01,-2.418527454137802124e-01,-1.416806280612945557e-01,-6.675809025764465332e-01,1.470054388046264648e-01
7.898499965667724609e-01,-2.098572254180908203e-02,-1.446256637573242188e-01,2.130545675754547119e-01,-1.660059690475463867e+00,6.179025024175643921e-02,2.232557982206344604e-01,4.340547323226928711e-02
7.548807859420776367e-01,1.046474218368530273e+00,7.586462497711181641e-01,2.042495608329772949e-01,-6.876274943351745605e-01,-2.972219288349151611e-01,-7.065193653106689453e-01,-4.186993837356567383e-01
9.026914834976196289e-01,1.424206018447875977e+00,4.940435290336608887e-01,2.159885168075561523e-01,1.702917695045471191e+00,-2.023208439350128174e-01,-9.184595942497253418e-01,7.862871885299682617e-01
5.186754465103149414e-01,1.016267061233520508e+00,7.938258647918701172e-01,1.860289871692657471e-01,-8.070195913314819336e-01,-2.850835025310516357e-01,-6.366454362869262695e-01,-5.052916407585144043e-01
-1.140370368957519531e+00,1.039449453353881836e+00,1.278122186660766602e+00,-2.063735425472259521e-01,-2.659642696380615234e-01,-1.556127071380615234e-01,-8.098989725112915039e-02,-7.312975823879241943e-02
9.347198009490966797e-01,-2.730277180671691895e-01,-3.576720356941223145e-01,2.547283172607421875e-01,-1.937871098518371582e+00,1.292924582958221436e-01,4.249544143676757812e-01,1.626673340797424316e-01
-1.143702507019042969e+00,2.053386449813842773e+00,2.464770317077636719e+00,-5.132533907890319824e-01,-1.535138010978698730e+00,5.376418679952621460e-02,-5.069271326065063477e-01,6.783366203308105469e-02
7.123577594757080078e-02,1.396975040435791016e+00,6.615446209907531738e-01,2.097781598567962646e-01,1.451833486557006836e+00,-2.426782250404357910e-01,-7.728270888328552246e-01,3.795688152313232422e-01
-1.161461114883422852e+00,1.350669622421264648e+00,1.594138622283935547e+00,-1.194348856806755066e-01,7.969410419464111328e-01,-5.371471047401428223e-01,-4.033465385437011719e-01,-3.074574470520019531e-02
-3.395801484584808350e-01,1.070981025695800781e+00,8.695412874221801758e-01,3.091581165790557861e-01,7.243429422378540039e-01,-3.490957319736480713e-01,-4.509628415107727051e-01,-2.335736155509948730e-02
5.018377304077148438e-01,-8.389621973037719727e-02,-1.850171685218811035e-01,1.477839052677154541e-01,-1.739482879638671875e+00,1.838059127330780029e-01,3.719011545181274414e-01,1.126922070980072021e-01
1.322734653949737549e-01,2.771481275558471680e-01,5.037106275558471680e-01,-1.694286465644836426e-01,-2.224340200424194336e+00,5.870708078145980835e-02,3.588048815727233887e-01,1.043329238891601562e-01
6.781798601150512695e-02,1.719014883041381836e+00,1.724727153778076172e+00,-2.526061981916427612e-02,-9.925693273544311523e-01,-4.041520059108734131e-01,-8.087813258171081543e-01,-4.544013738632202148e-01
5.811136364936828613e-01,8.480359911918640137e-01,2.881832122802734375e-01,4.257809519767761230e-01,7.352509498596191406e-01,-1.680335998535156250e-01,-5.123302340507507324e-01,2.823268175125122070e-01
-1.426247239112854004e+00,1.585221290588378906e+00,1.825122356414794922e+00,-2.049740254878997803e-01,1.041361927986145020e+00,-5.523915886878967285e-01,-4.519415497779846191e-01,4.855340719223022461e-02
-1.721855700016021729e-01,5.240415334701538086e-01,4.242035150527954102e-01,1.638839542865753174e-01,-7.742866277694702148e-01,7.052420824766159058e-02,4.864120483398437500e-02,-3.411012887954711914e-02
-5.159866809844970703e-02,8.694958686828613281e-02,2.202612757682800293e-01,-5.051106959581375122e-02,-1.939863562583923340e+00,-1.364327967166900635e-03,2.453845441341400146e-01,3.432570099830627441e-01
-7.499023079872131348e-01,9.688704609870910645e-01,1.157016038894653320e+00,-1.477096974849700928e-02,-7.595726847648620605e-01,-7.586289197206497192e-02,-5.194443464279174805e-02,-1.078742891550064087e-01
6.999719142913818359e-01,1.799503862857818604e-01,-1.452779769897460938e-02,3.711437880992889404e-01,-1.102529764175415039e+00,-1.897004991769790649e-02,5.295687913894653320e-02,9.253591299057006836e-03
1.512521028518676758e+00,6.130324006080627441e-01,5.372077226638793945e-01,-1.637249439954757690e-02,-5.591404438018798828e-01,-4.181834161281585693e-01,-5.472845435142517090e-01,-2.750059962272644043e-01
-2.124127149581909180e-01,-2.903361618518829346e-02,2.249226272106170654e-01,8.583098649978637695e-03,-1.063883751630783081e-01,1.515101641416549683e-02,-8.549919724464416504e-02,-4.645285010337829590e-01
-5.660791397094726562e-01,-1.159319639205932617e+00,-1.155189514160156250e+00,2.801402509212493896e-01,1.763736128807067871e+00,5.186373591423034668e-01,7.530691027641296387e-01,-6.671345233917236328e-01
6.371335983276367188e-01,-3.713093400001525879e-01,-8.701865077018737793e-01,-2.048777937889099121e-01,2.263247251510620117e+00,1.874600350856781006e-01,8.459472656250000000e-02,4.116387963294982910e-01
-5.415548682212829590e-01,-1.492743730545043945e+00,-1.011304378509521484e+00,1.255396604537963867e-01,5.819736123085021973e-01,4.252009689807891846e-01,7.980660796165466309e-01,-4.778787791728973389e-01
-3.404861688613891602e-02,-1.777033567428588867e+00,-8.770962953567504883e-01,1.258839964866638184e-01,5.093328356742858887e-01,1.937848627567291260e-01,1.080514669418334961e+00,-5.560861825942993164e-01
-7.687054872512817383e-01,-6.090101003646850586e-01,-1.448583126068115234e+00,-1.649145781993865967e-01,1.731924057006835938e+00,5.658096671104431152e-01,3.792777657508850098e-01,-9.135161340236663818e-02
5.938894748687744141e-01,-9.669350832700729370e-02,-1.073620319366455078e+00,-2.795232534408569336e-01,2.316929101943969727e+00,2.425332069396972656e-01,-2.110951542854309082e-01,5.060576796531677246e-01
-1.254265904426574707e+00,-7.966580986976623535e-01,-1.308108329772949219e+00,5.512610822916030884e-02,1.630733132362365723e+00,4.823785126209259033e-01,2.618561387062072754e-01,-3.306083083152770996e-01
6.819735765457153320e-01,-1.014164388179779053e-01,-1.043328404426574707e+00,-2.755805253982543945e-01,2.324753046035766602e+00,2.234629392623901367e-01,-2.142969369888305664e-01,5.291208028793334961e-01
1.003198981285095215e+00,-2.430794537067413330e-01,-7.481754422187805176e-01,-6.409635394811630249e-02,1.802079558372497559e+00,1.596624255180358887e-01,-4.872989654541015625e-02,1.893764734268188477e-01
-9.621484279632568359e-01,-1.586588621139526367e+00,-1.161437034606933594e+00,5.927982181310653687e-02,6.066876053810119629e-01,5.048500895500183105e-01,6.699429750442504883e-01,-4.220835268497467041e-01
6.854446530342102051e-01,-2.218857407569885254e-01,-8.881785869598388672e-01,-1.528030335903167725e-01,2.165158271789550781e+00,1.443054080009460449e-01,-9.307783842086791992e-02,3.425824642181396484e-01
-1.167927503585815430e+00,-9.135789871215820312e-01,-1.217691898345947266e+00,1.011025831103324890e-01,1.424419879913330078e+00,5.253491997718811035e-01,3.376792669296264648e-01,-4.438332915306091309e-01
2.039771080017089844e+00,-9.608946442604064941e-01,-5.949587821960449219e-01,-9.111040085554122925e-02,6.773739457130432129e-01,-9.564039856195449829e-02,5.160494446754455566e-01,9.971645474433898926e-02
1.927998423576354980e+00,-1.079649329185485840e+00,-5.931521058082580566e-01,-5.025438964366912842e-03,8.957713842391967773e-01,-7.993585616350173950e-02,6.451019644737243652e-01,-3.142294287681579590e-02
2.719664573669433594e-02,-1.396543264389038086e+00,-8.400548696517944336e-01,2.250173091888427734e-01,5.829091668128967285e-01,1.776960194110870361e-01,7.137231230735778809e-01,-5.523060560226440430e-01
3.285253047943115234e-02,-1.598736524581909180e+00,-8.936644792556762695e-01,1.880914866924285889e-01,1.770902425050735474e-01,1.777447164058685303e-01,7.329609990119934082e-01,-4.468298852443695068e-01
-2.827785015106201172e-01,-6.401726007461547852e-01,-8.947936892509460449e-01,1.574525833129882812e-01,1.315961837768554688e+00,3.192278146743774414e-01,2.441356182098388672e-01,-3.836346864700317383e-01
-4.909019470214843750e-01,-1.306197643280029297e+00,-1.131669282913208008e+00,3.132728338241577148e-01,-7.217798829078674316e-01,-1.737818866968154907e-02,-5.153627991676330566e-01,9.045791625976562500e-02
-1.154204964637756348e+00,-1.107374548912048340e+00,-1.418469190597534180e+00,2.600521445274353027e-01,-7.669854164123535156e-01,9.895940870046615601e-02,-1.036781549453735352e+00,2.643749117851257324e-01
2.662211418151855469e+00,-8.675406575202941895e-01,-2.591918110847473145e-01,-7.178493589162826538e-02,2.675494551658630371e-01,-2.222062647342681885e-01,5.238559842109680176e-01,-2.833046615123748779e-01
2.862500548362731934e-01,-1.658740282058715820e+00,-7.990342378616333008e-01,1.308628469705581665e-01,5.669953227043151855e-01,2.060893476009368896e-01,1.357915639877319336e+00,-5.963721275329589844e-01
-8.356179594993591309e-01,-1.229794263839721680e+00,-1.094774007797241211e+00,1.473200768232345581e-01,1.272096276283264160e+00,5.836164951324462891e-01,8.350621461868286133e-01,-5.818873643875122070e-01
2.727664709091186523e-01,-1.325411558151245117e+00,-8.753168582916259766e-01,1.723647266626358032e-01,9.047399759292602539e-01,2.465414702892303467e-01,9.950818419456481934e-01,-5.577983856201171875e-01
-3.830034136772155762e-01,-1.440272808074951172e+00,-9.352198839187622070e-01,1.504324376583099365e-01,7.262024283409118652e-01,3.186590671539306641e-01,8.170549273490905762e-01,-5.064473152160644531e-01
-8.037614822387695312e-01,-1.575931072235107422e+00,-1.080071687698364258e+00,6.338252872228622437e-02,7.036595344543457031e-01,4.542272090911865234e-01,8.320181965827941895e-01,-4.517953693866729736e-01
-2.626088261604309082e-01,-1.399143934249877930e+00,-9.378644824028015137e-01,1.915340423583984375e-01,8.379634618759155273e-01,2.923639714717864990e-01,7.681810259819030762e-01,-5.715870857238769531e-01
7.076930403709411621e-01,-2.145410031080245972e-01,-9.180434346199035645e-01,-2.109432220458984375e-01,2.220703125000000000e+00,1.511121094226837158e-01,-1.156719923019409180e-01,4.037156701087951660e-01
8.622382879257202148e-01,-2.104608565568923950e-01,-8.336583375930786133e-01,-1.698253452777862549e-01,2.138177871704101562e+00,1.529693901538848877e-01,-9.138429164886474609e-02,3.935528397560119629e-01
8.188875913619995117e-01,-1.306241750717163086e-01,-8.885451555252075195e-01,-2.466540038585662842e-01,2.196795463562011719e+00,1.653952598571777344e-01,-1.688730716705322266e-01,5.314455628395080566e-01
1.934646487236022949e+00,-9.050163030624389648e-01,-6.309016346931457520e-01,-8.688389509916305542e-02,1.072349190711975098e+00,-2.772743254899978638e-02,4.795776605606079102e-01,1.257282495498657227e-01
1.698948264122009277e+00,-1.365103960037231445e+00,-4.705847799777984619e-01,1.722124963998794556e-02,2.337451428174972534e-01,-1.374193727970123291e-01,9.920139312744140625e-01,-1.364469379186630249e-01
1.525368571281433105e+00,-1.918325722217559814e-01,-1.887453198432922363e-01,3.694640100002288818e-02,-2.623742222785949707e-01,-2.427088916301727295e-01,2.414610981941223145e-02,-4.595282673835754395e-02
8.707509040832519531e-01,-3.239004313945770264e-02,-2.255856394767761230e-01,3.067108094692230225e-01,-1.374788641929626465e+00,8.885167539119720459e-03,1.551989465951919556e-01,4.968658089637756348e-02
-1.794992327690124512e+00,1.942748785018920898e+00,2.141445398330688477e+00,-3.502658307552337646e-01,1.279149889945983887e+00,-6.256143450736999512e-01,-5.938263535499572754e-01,1.385507285594940186e-01
-2.021278381347656250e+00,9.967386126518249512e-01,1.255017995834350586e+00,-3.608417212963104248e-01,-3.445624113082885742e-01,-1.615869104862213135e-01,-3.769047260284423828e-01,6.492733955383300781e-03
-7.412321865558624268e-02,5.125305056571960449e-01,7.790344357490539551e-01,-3.581494987010955811e-01,-2.263899326324462891e+00,8.284004777669906616e-02,2.517087459564208984e-01,5.408525466918945312e-02
1.024582624435424805e+00,2.697348296642303467e-01,1.649987697601318359e-01,2.176565527915954590e-01,-1.145121693611145020e+00,-1.062792912125587463e-01,-1.078836619853973389e-01,-2.161647677421569824e-01
4.798439741134643555e-01,8.841379284858703613e-01,5.364008545875549316e-01,3.792778253555297852e-01,7.760383188724517822e-02,-2.278751432895660400e-01,-5.110301971435546875e-01,-1.005667448043823242e-01
7.918637990951538086e-01,1.122047185897827148e+00,9.673007130622863770e-01,1.112220659852027893e-01,-1.071278572082519531e+00,-4.822867512702941895e-01,-7.687366604804992676e-01,-5.080165863037109375e-01
-2.521424770355224609e+00,1.241639375686645508e+00,1.459370374679565430e+00,-5.444484949111938477e-01,-6.266655921936035156e-01,-9.940544515848159790e-02,-5.417564511299133301e-01,6.129235029220581055e-02
3.069632649421691895e-01,-4.449119567871093750e-01,-4.461630582809448242e-01,-3.316137939691543579e-02,-2.190026044845581055e+00,1.905178725719451904e-01,4.830330610275268555e-01,2.705672383308410645e-01
-4.179978370666503906e-01,1.778877496719360352e+00,1.960928678512573242e+00,-2.492786049842834473e-01,-1.448132276535034180e+00,-1.516170203685760498e-01,-5.532253980636596680e-01,-2.437244504690170288e-01
2.215373516082763672e-01,8.556857705116271973e-01,5.910822749137878418e-01,3.626432716846466064e-01,-1.932010054588317871e-03,-2.494960725307464600e-01,-4.547744989395141602e-01,-2.091104537248611450e-01
-1.056787371635437012e+00,1.230154275894165039e+00,1.485279321670532227e+00,-9.716611355543136597e-02,5.221507549285888672e-01,-4.576738774776458740e-01,-3.222838044166564941e-01,-6.379106640815734863e-02
-7.563829421997070312e-03,6.331986188888549805e-01,2.592267394065856934e-01,4.973996877670288086e-01,-3.080783784389495850e-02,4.409866780042648315e-02,-1.266503930091857910e-01,4.016721248626708984e-02
9.896358251571655273e-01,-5.340519547462463379e-01,-5.581876039505004883e-01,2.032654881477355957e-01,-2.240786075592041016e+00,1.852959096431732178e-01,6.563023328781127930e-01,3.224641680717468262e-01
1.213653206825256348e+00,8.616747260093688965e-01,4.376987218856811523e-01,2.474798262119293213e-01,-5.211706161499023438e-01,-2.342026233673095703e-01,-6.581234335899353027e-01,-1.243763267993927002e-01
1.672264695167541504e+00,4.135044217109680176e-01,3.193341493606567383e-01,6.790129095315933228e-02,-6.184797286987304688e-01,-3.100825548171997070e-01,-3.878350853919982910e-01,3.240168094635009766e-03
8.428610563278198242e-01,6.452940106391906738e-01,4.544956088066101074e-01,1.627106219530105591e-01,-1.237928152084350586e+00,-2.557067573070526123e-01,-4.173232913017272949e-01,-3.530997931957244873e-01
-2.467562675476074219e+00,1.226637363433837891e+00,1.423021078109741211e+00,-5.392584800720214844e-01,-4.770984649658203125e-01,-1.067886129021644592e-01,-5.206047296524047852e-01,6.296768784523010254e-02
7.751154899597167969e-02,2.474265396595001221e-01,1.091039776802062988e-01,2.016879022121429443e-01,-9.790731668472290039e-01,1.026889011263847351e-01,1.891416758298873901e-01,9.096816182136535645e-02
-5.390875935554504395e-01,2.658201456069946289e+00,3.114635229110717773e+00,-2.597226500511169434e-01,-1.097014307975769043e+00,-5.258055329322814941e-01,-1.169335365295410156e+00,-6.367099285125732422e-02
1.729421615600585938e-01,1.852799892425537109e+00,8.317969441413879395e-01,4.438780248165130615e-03,1.960117220878601074e+00,-2.604149878025054932e-01,-1.067709922790527344e+00,7.942557334899902344e-01
-1.162707209587097168e+00,1.981412172317504883e+00,1.982167482376098633e+00,-1.297210156917572021e-01,1.577529430389404297e+00,-7.789950966835021973e-01,-8.840076327323913574e-01,1.474952697753906250e-02
-4.638373851776123047e-02,1.090410947799682617e+00,9.510805010795593262e-01,2.976387441158294678e-01,1.511104255914688110e-01,-3.786163330078125000e-01,-5.215893983840942383e-01,-1.896048337221145630e-01
5.436739921569824219e-01,7.260832786560058594e-01,5.819126367568969727e-01,-7.977276295423507690e-02,-1.647582173347473145e+00,-1.390624344348907471e-01,-3.097807168960571289e-01,-2.903011441230773926e-01
1.266147017478942871e+00,1.041182041168212891e+00,7.405006885528564453e-01,1.139819696545600891e-01,-4.048082232475280762e-01,-3.149293065071105957e-01,-7.746958136558532715e-01,-1.663402915000915527e-01
1.513121008872985840e+00,1.248599052429199219e+00,7.917691469192504883e-01,-3.223046660423278809e-04,-1.434241384267807007e-01,-4.220134913921356201e-01,-1.055777549743652344e+00,-1.140698045492172241e-01
5.604100227355957031e-01,1.301538944244384766e+00,1.048390388488769531e+00,7.765159755945205688e-02,-6.436021327972412109e-01,-4.403877556324005127e-01,-8.888170123100280762e-01,-5.560219883918762207e-01
-1.695549607276916504e+00,1.669196367263793945e+00,2.018537521362304688e+00,-3.466094434261322021e-01,-2.017334550619125366e-01,-2.734230458736419678e-01,-2.144202589988708496e-01,8.927261829376220703e-02
8.143094778060913086e-01,6.758754253387451172e-01,4.533053636550903320e-01,9.214552491903305054e-02,-1.249625802040100098e+00,-2.620920836925506592e-01,-4.619793295860290527e-01,-3.809387385845184326e-01
9.836598634719848633e-01,1.172872781753540039e+00,5.734283328056335449e-01,2.183084189891815186e-01,6.645394563674926758e-01,-2.710322737693786621e-01,-8.136498332023620605e-01,2.697062492370605469e-01
-8.220438957214355469e-01,1.125799655914306641e+00,1.393261194229125977e+00,-2.298463135957717896e-02,2.983099818229675293e-01,-4.339334070682525635e-01,-2.986515760421752930e-01,-1.286758184432983398e-01
-3.287624716758728027e-01,1.475875139236450195e+00,1.467719554901123047e+00,5.503410845994949341e-02,4.664553999900817871e-01,-6.758145689964294434e-01,-7.996255755424499512e-01,-2.712545990943908691e-01
1.406870722770690918e+00,1.064990997314453125e+00,5.173771381378173828e-01,1.695777177810668945e-01,-1.301421374082565308e-01,-2.655213177204132080e-01,-8.408357501029968262e-01,7.358425855636596680e-02
3.642770051956176758e-01,1.065123319625854492e+00,6.919234395027160645e-01,3.413122594356536865e-01,8.858636021614074707e-03,-3.503635823726654053e-01,-6.843754649162292480e-01,-2.847816348075866699e-01
1.031829714775085449e+00,1.150131464004516602e+00,7.723927497863769531e-01,-1.734965294599533081e-02,-6.905460953712463379e-01,-4.694073498249053955e-01,-9.405313134193420410e-01,-4.404238164424896240e-01
7.898389101028442383e-01,1.775227785110473633e+00,9.590435624122619629e-01,1.032271161675453186e-01,1.970768570899963379e+00,-5.443288087844848633e-01,-1.232147932052612305e+00,6.595301628112792969e-01
1.121339678764343262e+00,1.441735029220581055e+00,1.110548019409179688e+00,2.013305723667144775e-01,-7.211694717407226562e-01,-5.189185738563537598e-01,-1.070550441741943359e+00,-4.346497058868408203e-01
-1.446641325950622559e+00,1.967101812362670898e+00,2.365798950195312500e+00,-1.264945864677429199e-01,8.506068587303161621e-01,-8.036608695983886719e-01,-6.435940265655517578e-01,6.265926361083984375e-02
-1.306437969207763672e+00,6.118460297584533691e-01,7.760178446769714355e-01,-2.467912137508392334e-01,-1.082324385643005371e+00,-8.788414299488067627e-03,-1.005734801292419434e-01,7.121327519416809082e-02
-9.248456358909606934e-01,2.008073568344116211e+00,2.425407648086547852e+00,-3.951890766620635986e-01,-1.562433481216430664e+00,-2.518574148416519165e-02,-5.247358679771423340e-01,-9.639680385589599609e-03
6.285390853881835938e-01,1.726625919342041016e+00,1.073684453964233398e+00,1.903949975967407227e-01,1.753608107566833496e+00,-5.817116498947143555e-01,-1.137226343154907227e+00,5.235450267791748047e-01
-1.278620362281799316e+00,1.587377309799194336e+00,1.853039741516113281e+00,-1.393456459045410156e-01,9.328721761703491211e-01,-6.400563120841979980e-01,-5.171655416488647461e-01,4.923313856124877930e-03
7.699832916259765625e-01,1.121373891830444336e+00,8.688754439353942871e-01,1.123694851994514465e-01,-3.601027727127075195e-01,-3.870752155780792236e-01,-7.782841324806213379e-01,-2.917273938655853271e-01
2.475887537002563477e-02,7.405191659927368164e-01,9.456607699394226074e-01,-1.241659149527549744e-01,-1.683692097663879395e+00,-1.093737259507179260e-01,-1.714055240154266357e-02,-1.330982744693756104e-01
4.992145299911499023e-02,1.157523632049560547e+00,1.081581115722656250e+00,2.226785421371459961e-01,-2.077880948781967163e-01,-3.987962305545806885e-01,-5.731908679008483887e-01,-3.013224601745605469e-01
1.680735945701599121e+00,1.031600713729858398e+00,4.683563113212585449e-01,1.829915046691894531e-01,6.577517092227935791e-02,-2.543426752090454102e-01,-8.220786452293395996e-01,3.452801108360290527e-01
1.598291158676147461e+00,1.455049037933349609e+00,9.007728695869445801e-01,1.822816729545593262e-01,2.117899209260940552e-01,-4.597022533416748047e-01,-1.133539199829101562e+00,1.474257707595825195e-01
-1.420101404190063477e+00,1.724673748016357422e+00,2.080553293228149414e+00,-1.487988829612731934e-01,7.880532741546630859e-01,-6.499351859092712402e-01,-4.935380816459655762e-01,5.258491635322570801e-02
8.357838392257690430e-01,-3.645998239517211914e-01,-3.506810069084167480e-01,1.940562725067138672e-01,-1.692610263824462891e+00,1.060728058218955994e-01,4.694969058036804199e-01,4.589921236038208008e-02
7.040642499923706055e-01,1.428755998611450195e+00,1.212788581848144531e+00,1.232374086976051331e-01,-9.648312330245971680e-01,-4.619237482547760010e-01,-9.227352738380432129e-01,-5.850459337234497070e-01
4.201853275299072266e-01,9.070252776145935059e-01,5.797199606895446777e-01,3.079193234443664551e-01,9.562726318836212158e-02,-2.730685174465179443e-01,-5.515561699867248535e-01,-1.437162309885025024e-01
-2.906376123428344727e-01,1.355315446853637695e+00,1.153060913085937500e+00,-1.241664811968803406e-01,4.300209283828735352e-01,-5.431156158447265625e-01,-8.275244832038879395e-01,-3.644344806671142578e-01
2.091962814331054688e+00,-7.445154786109924316e-01,-2.193065285682678223e-01,-1.548020243644714355e-01,2.439413219690322876e-01,-2.548727095127105713e-01,4.086261391639709473e-01,-1.828342080116271973e-01
1.582841277122497559e+00,-6.267102360725402832e-01,-6.516030430793762207e-01,-8.260145038366317749e-02,1.226466894149780273e+00,6.757623702287673950e-02,2.876534461975097656e-01,1.353506445884704590e-01
7.621147632598876953e-01,-3.995946049690246582e-01,-6.968325972557067871e-01,-9.379211813211441040e-02,1.987164139747619629e+00,1.964684426784515381e-01,1.794230937957763672e-01,2.234086990356445312e-01
-9.940060377120971680e-01,-1.133429765701293945e+00,-1.150476455688476562e+00,1.488616913557052612e-01,1.207391500473022461e+00,5.378081202507019043e-01,4.905732870101928711e-01,-5.111132264137268066e-01
7.966090440750122070e-01,-5.897058248519897461e-01,-6.824026107788085938e-01,1.420948803424835205e-01,1.654964685440063477e+00,1.372905075550079346e-01,3.089647293090820312e-01,-2.146138399839401245e-01
1.485298991203308105e+00,-5.645173788070678711e-01,-6.848118901252746582e-01,-2.385210245847702026e-02,1.518748879432678223e+00,9.694468230009078979e-02,2.169563770294189453e-01,9.703171253204345703e-02
3.976632356643676758e-01,-1.766592502593994141e+00,-7.825434803962707520e-01,1.929890215396881104e-01,7.508315145969390869e-02,5.393882840871810913e-02,9.442699551582336426e-01,-5.086833238601684570e-01
1.418945193290710449e-01,-1.830567121505737305e+00,-8.116348981857299805e-01,1.412792354822158813e-01,2.684611082077026367e-01,1.314961314201354980e-01,1.092576742172241211e+00,-5.173048973083496094e-01
1.954848885536193848e+00,-9.988032579421997070e-01,-5.858585834503173828e-01,-3.421940654516220093e-02,8.798204660415649414e-01,-6.387759000062942505e-02,5.793262124061584473e-01,3.429985046386718750e-02
-2.660414576530456543e-01,-1.766250133514404297e+00,-8.938251733779907227e-01,1.085866764187812805e-01,2.892863750457763672e-01,2.724757492542266846e-01,1.024455547332763672e+00,-4.167107343673706055e-01
-9.178978204727172852e-02,-1.611459970474243164e+00,-9.234030246734619141e-01,1.653130054473876953e-01,5.939836502075195312e-01,2.626342475414276123e-01,9.166335463523864746e-01,-5.852801799774169922e-01
-7.974041700363159180e-01,-1.442536115646362305e+00,-1.110124468803405762e+00,1.287326812744140625e-01,8.671243190765380859e-01,4.860422015190124512e-01,6.934146285057067871e-01,-5.021981000900268555e-01
1.781971335411071777e+00,-6.559603810310363770e-01,-5.858357548713684082e-01,-4.409941285848617554e-02,9.783389568328857422e-01,3.667279332876205444e-02,3.210180997848510742e-01,1.350123882293701172e-01
1.507121920585632324e-01,-1.777717113494873047e+00,-8.049257397651672363e-01,1.348587274551391602e-01,2.072414904832839966e-01,8.959340304136276245e-02,9.658897519111633301e-01,-5.122604370117187500e-01
-2.114580273628234863e-01,-1.287474155426025391e+00,-9.101532101631164551e-01,2.182858884334564209e-01,8.715365529060363770e-01,2.518598139286041260e-01,6.538367867469787598e-01,-5.746688842773437500e-01
1.414317011833190918e+00,-4.007413387298583984e-01,-6.945071816444396973e-01,-2.681063860654830933e-02,1.671606183052062988e+00,1.430813074111938477e-01,8.331853151321411133e-02,1.468642652034759521e-01
1.872700810432434082e+00,-8.441800475120544434e-01,-5.877945423126220703e-01,-3.790821880102157593e-02,1.085427403450012207e+00,-1.118326932191848755e-02,4.618317484855651855e-01,9.177485108375549316e-02
1.147363305091857910e+00,-3.101180195808410645e-01,-6.966100335121154785e-01,-1.013907045125961304e-02,1.902304530143737793e+00,1.930415332317352295e-01,4.995304346084594727e-02,1.670485138893127441e-01
5.003514289855957031e-01,-4.975337982177734375e-01,-7.470249533653259277e-01,1.195738539099693298e-01,1.678319931030273438e+00,1.925535500049591064e-01,2.500358819961547852e-01,-1.961581707000732422e-01
-6.214034557342529297e-02,-1.702703475952148438e+00,-8.384414315223693848e-01,1.388628184795379639e-01,3.151577711105346680e-01,2.178314328193664551e-01,1.014623165130615234e+00,-4.831288456916809082e-01
-4.062213897705078125e-01,-8.141356706619262695e-01,-1.122052788734436035e+00,1.224256977438926697e-01,1.702917218208312988e+00,3.740589618682861328e-01,4.794526696205139160e-01,-3.992521762847900391e-01
-6.450580358505249023e-01,-2.011261701583862305e+00,-1.184677124023437500e+00,-1.830796152353286743e-02,-6.172595024108886719e-01,1.490129530429840088e-01,3.721513748168945312e-01,-1.034306883811950684e-01
-8.683886528015136719e-01,-1.048616170883178711e+00,-1.432377338409423828e+00,4.234181940555572510e-01,-1.144060969352722168e+00,3.915783017873764038e-02,-1.343537807464599609e+00,3.327819705009460449e-01
-3.247060298919677734e+00,-9.382243156433105469e-01,-1.390361547470092773e+00,-4.855170100927352905e-02,2.430211454629898071e-01,4.179562032222747803e-01,-1.297192811965942383e+00,2.940168976783752441e-01
-2.516018867492675781e+00,-8.135031461715698242e-01,-1.281669139862060547e+00,2.696529775857925415e-02,-7.095454633235931396e-02,2.500273883342742920e-01,-1.271792411804199219e+00,2.975088357925415039e-01
-2.102650642395019531e+00,-1.307160139083862305e+00,-1.525865316390991211e+00,-9.858443588018417358e-02,-1.018687963485717773e+00,9.141286462545394897e-02,-1.225329399108886719e+00,5.243088603019714355e-01
-3.014938354492187500e+00,-1.030379056930541992e+00,-1.456673145294189453e+00,-7.578047364950180054e-02,-1.621620804071426392e-01,2.847290933132171631e-01,-1.460302352905273438e+00,4.014381170272827148e-01
-1.721301317214965820e+00,-1.100687026977539062e+00,-1.462525844573974609e+00,-6.738247722387313843e-02,-1.233468413352966309e+00,9.721811860799789429e-02,-1.200628995895385742e+00,5.097644925117492676e-01
-2.825067520141601562e+00,-9.254401326179504395e-01,-1.382242918014526367e+00,-1.721742004156112671e-02,-6.658561527729034424e-02,2.829841077327728271e-01,-1.367167711257934570e+00,3.523215055465698242e-01
-2.679375648498535156e+00,-9.566058516502380371e-01,-1.357205152511596680e+00,-3.184439986944198608e-02,-1.903611868619918823e-01,2.438943088054656982e-01,-1.311560153961181641e+00,3.569633960723876953e-01
-2.533669471740722656e+00,-9.318678975105285645e-01,-1.297350168228149414e+00,-2.628567069768905640e-02,-2.145438939332962036e-01,2.321085035800933838e-01,-1.217973232269287109e+00,3.209431171417236328e-01
-1.441343307495117188e+00,-1.316953659057617188e+00,-1.505742311477661133e+00,-2.528550475835800171e-02,-1.215924859046936035e+00,1.084940060973167419e-01,-9.903691411018371582e-01,3.717597723007202148e-01
-2.154817819595336914e+00,-1.428753852844238281e+00,-1.538431644439697266e+00,-4.864891618490219116e-02,-8.310759067535400391e-01,8.633311837911605835e-02,-1.164983987808227539e+00,4.572576284408569336e-01
-2.074671745300292969e+00,-1.642545938491821289e+00,-1.684299707412719727e+00,-1.482863724231719971e-01,-1.247358560562133789e+00,7.382174581289291382e-02,-1.187345504760742188e+00,5.386996269226074219e-01
-2.209794521331787109e+00,-1.256996393203735352e+00,-1.501885175704956055e+00,-1.048468574881553650e-01,-8.572601079940795898e-01,1.454937160015106201e-01,-1.245556116104125977e+00,4.445893764495849609e-01
-3.176161289215087891e+00,-7.579812407493591309e-01,-1.297127008438110352e+00,-9.449206292629241943e-03,3.680234551429748535e-01,4.372032880783081055e-01,-1.313662290573120117e+00,2.219762206077575684e-01
-1.654527544975280762e+00,-1.155977725982666016e+00,-1.431913614273071289e+00,1.073584705591201782e-02,-9.776318073272705078e-01,8.749481290578842163e-02,-1.137681007385253906e+00,3.838896751403808594e-01
-3.044795036315917969e+00,-7.347183823585510254e-01,-1.280459642410278320e+00,7.085002958774566650e-03,3.488579392433166504e-01,4.159229099750518799e-01,-1.296881437301635742e+00,2.135565280914306641e-01
-1.999891042709350586e+00,-1.485324621200561523e+00,-1.585394859313964844e+00,-1.461429297924041748e-01,-1.158807635307312012e+00,1.109639629721641541e-01,-1.150832891464233398e+00,4.548574686050415039e-01
-2.011411666870117188e+00,-1.021796226501464844e+00,-1.386256456375122070e+00,-6.716134399175643921e-02,-1.013621091842651367e+00,1.179755553603172302e-01,-1.230866193771362305e+00,4.938615560531616211e-01
