3.737482428550720215e-02,1.157398596405982971e-01,3.055698275566101074e-01,-1.754840135574340820e+00,2.381278872489929199e-01,2.528113842010498047e+00,2.419967651367187500e+00,9.069107472896575928e-03
3.541602287441492081e-03,-2.792059630155563354e-02,2.569262981414794922e+00,1.531871795654296875e+00,-1.120907187461853027e+00,4.385244250297546387e-01,-7.677129507064819336e-01,-2.648300409317016602e+00
9.993533790111541748e-02,-7.947335243225097656e-01,5.628270506858825684e-01,-9.264645576477050781e-01,2.284803986549377441e-02,1.954787015914916992e+00,-1.575236082077026367e+00,-5.119862556457519531e-01
6.023351848125457764e-02,-9.266731142997741699e-01,2.880252599716186523e-01,-1.073438405990600586e+00,1.703881323337554932e-01,1.747748374938964844e+00,-1.588343501091003418e+00,-6.417313963174819946e-02
1.010798662900924683e-01,-5.821887254714965820e-01,2.601101994514465332e-01,-1.260744690895080566e+00,1.354307234287261963e-01,2.048531770706176758e+00,-1.179532289505004883e+00,-8.306214958429336548e-02
8.530613780021667480e-02,-4.278198480606079102e-01,-1.229533553123474121e-01,-1.241444349288940430e+00,-4.043966531753540039e-03,1.704279899597167969e+00,-8.463596105575561523e-01,1.168026551604270935e-01
2.360120229423046112e-02,-8.940700292587280273e-01,1.218123733997344971e-02,-1.175990343093872070e+00,1.140970289707183838e-01,1.811680316925048828e+00,-1.182288646697998047e+00,1.066851839423179626e-01
3.390453755855560303e-02,-1.074644804000854492e+00,1.016462594270706177e-01,-1.208766579627990723e+00,2.845725715160369873e-01,1.799404144287109375e+00,-1.593731999397277832e+00,1.697125136852264404e-01
2.224008552730083466e-02,-9.395466446876525879e-01,-1.019557267427444458e-01,-9.946434497833251953e-01,1.568987071514129639e-01,1.447507381439208984e+00,-1.386962056159973145e+00,1.074249967932701111e-01
-2.466155774891376495e-02,-9.030465483665466309e-01,-2.619538903236389160e-01,-6.245834231376647949e-01,2.654802501201629639e-01,5.497860312461853027e-01,-1.741273283958435059e+00,1.973477900028228760e-01
-1.102475225925445557e-01,-3.539900183677673340e-01,-8.674775958061218262e-01,1.046335026621818542e-01,6.570156812667846680e-01,-1.338056564331054688e+00,7.315874099731445312e-01,2.463366687297821045e-01
-1.252195835113525391e-01,-1.671946883201599121e+00,-9.844829440116882324e-01,-5.142097473144531250e-01,4.280836880207061768e-01,6.569787859916687012e-02,5.755535364151000977e-01,2.771344482898712158e-01
-1.501539349555969238e-01,-1.633441329002380371e+00,-1.072988748550415039e+00,-5.861716270446777344e-01,4.540077745914459229e-01,-6.757518649101257324e-02,2.334045767784118652e-01,4.076897203922271729e-01
-1.184264123439788818e-01,-1.829241633415222168e+00,-7.807874679565429688e-01,-2.626380920410156250e-01,3.090897202491760254e-02,6.150296330451965332e-02,6.016415953636169434e-01,4.513107240200042725e-03
-6.740245223045349121e-02,-1.708804249763488770e+00,-1.060853004455566406e+00,-1.006662622094154358e-01,7.314641475677490234e-01,-8.270156383514404297e-01,9.188301861286163330e-03,4.993387311697006226e-02
-9.564301371574401855e-02,-1.911040067672729492e+00,-5.205975770950317383e-01,6.977989524602890015e-02,-2.590862810611724854e-01,-7.977059483528137207e-02,5.351440906524658203e-01,-3.090019524097442627e-01
1.413061916828155518e-01,-1.970082759857177734e+00,-7.588676810264587402e-01,3.302558362483978271e-01,1.032950639724731445e+00,-1.449611186981201172e+00,-4.561859369277954102e-01,-1.893692910671234131e-01
-1.177569180727005005e-01,-1.751789331436157227e+00,-8.327787518501281738e-01,-5.143846273422241211e-01,-7.786378264427185059e-02,4.764252007007598877e-01,7.425616979598999023e-01,1.732141077518463135e-01
-1.035917550325393677e-01,-1.697048544883728027e+00,-1.187425136566162109e+00,-7.779291868209838867e-01,7.050843238830566406e-01,1.297919154167175293e-01,3.912708759307861328e-01,4.740188419818878174e-01
-1.060254499316215515e-01,-1.620887517929077148e+00,-5.445401072502136230e-01,-4.018974006175994873e-01,-3.222616612911224365e-01,6.104929447174072266e-01,5.794504880905151367e-01,6.854339689016342163e-02
-7.703737914562225342e-02,-1.643413543701171875e+00,-8.610064387321472168e-01,-1.976001560688018799e-01,4.908658564090728760e-01,-3.662220835685729980e-01,2.891066074371337891e-01,4.791941493749618530e-02
-7.376725971698760986e-02,-1.477423906326293945e+00,-1.367790400981903076e-01,-1.751818358898162842e-01,-7.610718011856079102e-01,6.327543854713439941e-01,1.972044110298156738e-01,-2.244970202445983887e-01
-1.733736880123615265e-02,8.785519599914550781e-01,-1.082424595952033997e-01,-3.925543725490570068e-01,5.269179344177246094e-01,-3.602063655853271484e-02,4.054543972015380859e-01,1.391105949878692627e-01
-1.077243834733963013e-01,1.047496199607849121e+00,-6.173974871635437012e-01,-1.119099259376525879e+00,7.027055025100708008e-01,5.701589584350585938e-01,1.645858764648437500e+00,7.909529805183410645e-01
-1.098391562700271606e-01,5.528948903083801270e-01,-1.341620087623596191e+00,-1.032843589782714844e+00,1.308483123779296875e+00,-8.216876387596130371e-01,-1.123664379119873047e+00,1.404295921325683594e+00
-1.056869924068450928e-01,7.762356400489807129e-01,-1.016772240400314331e-01,-1.433477401733398438e+00,6.378226280212402344e-01,1.681100130081176758e+00,4.473602771759033203e-01,6.118534207344055176e-01
1.596699468791484833e-02,-5.776392668485641479e-02,-1.384049296379089355e+00,-1.242936372756958008e+00,1.112984061241149902e+00,1.454808712005615234e-01,7.973943948745727539e-01,1.093790054321289062e+00
1.778496429324150085e-02,-1.972370147705078125e-01,-4.255067110061645508e-01,-1.168817758560180664e+00,3.151346743106842041e-01,1.354158163070678711e+00,1.134768605232238770e+00,4.257479310035705566e-01
1.189314424991607666e-01,-1.050274252891540527e+00,-8.356280922889709473e-01,-1.527796089649200439e-01,8.697378635406494141e-01,-5.846119523048400879e-01,1.064935684204101562e+00,3.598372638225555420e-01
3.861245512962341309e-02,1.217458620667457581e-01,-4.584767222404479980e-01,-1.088559389114379883e+00,6.720935106277465820e-01,1.147525310516357422e+00,1.024037241935729980e+00,4.149148464202880859e-01
3.198279533535242081e-03,8.053510785102844238e-01,-9.882509112358093262e-01,-8.338614702224731445e-01,1.441429138183593750e+00,-2.444133758544921875e-01,1.296442747116088867e+00,7.857747077941894531e-01
-5.885219573974609375e-02,-5.679329037666320801e-01,-4.906346201896667480e-01,-8.900329470634460449e-01,3.775906264781951904e-01,8.153960108757019043e-01,2.902349233627319336e-01,4.954276382923126221e-01
9.157101809978485107e-02,1.080428361892700195e+00,-2.490380555391311646e-01,-8.757366538047790527e-01,1.455302357673645020e+00,5.870125293731689453e-01,1.412898182868957520e+00,2.128930687904357910e-01
-6.006085872650146484e-02,8.946471214294433594e-01,-2.222105711698532104e-01,-6.566115617752075195e-01,1.059233546257019043e+00,-9.372076392173767090e-02,-8.406917750835418701e-02,4.302836358547210693e-01
-1.059924997389316559e-02,3.912151753902435303e-01,-4.150275588035583496e-01,-4.973218739032745361e-01,9.229291677474975586e-01,3.101621270179748535e-01,2.224274635314941406e+00,1.653556525707244873e-01
-1.057916954159736633e-01,4.524911642074584961e-01,-3.133022189140319824e-01,-9.915071725845336914e-01,7.103973627090454102e-01,7.993926405906677246e-01,8.001106977462768555e-01,5.830198526382446289e-01
-1.599931865930557251e-01,6.581169962882995605e-01,-3.385682106018066406e-01,-9.665235280990600586e-01,7.934216260910034180e-01,9.526403546333312988e-01,1.959702730178833008e+00,4.851672053337097168e-01
-4.604029655456542969e-02,7.778233885765075684e-01,-3.851852416992187500e-01,-1.083609461784362793e+00,1.073993086814880371e+00,6.228957772254943848e-01,5.070355534553527832e-01,6.703391671180725098e-01
3.615380823612213135e-02,1.847828507423400879e+00,6.089755892753601074e-01,-1.174675107002258301e+00,1.211828470230102539e+00,1.690256118774414062e+00,5.004553794860839844e-01,3.176205605268478394e-02
7.215453777462244034e-03,1.906063795089721680e+00,-3.306493163108825684e-01,-1.090284943580627441e+00,1.223408222198486328e+00,-3.262776136398315430e-02,-3.387452065944671631e-01,7.733938097953796387e-01
9.074486792087554932e-02,4.859949946403503418e-01,6.387274861335754395e-01,-5.126569271087646484e-01,5.280429124832153320e-02,1.359317541122436523e+00,1.257109165191650391e+00,-5.639135241508483887e-01
-1.816775090992450714e-02,-1.243912801146507263e-01,3.265849947929382324e-01,-5.935958623886108398e-01,-3.313472867012023926e-01,1.235823869705200195e+00,4.508132934570312500e-01,-1.964312493801116943e-01
7.098136935383081436e-03,6.433730721473693848e-01,-1.089173108339309692e-01,-9.356174468994140625e-01,7.064250707626342773e-01,1.119065761566162109e+00,1.371305704116821289e+00,2.222819328308105469e-01
2.093375660479068756e-04,3.862924575805664062e-01,-5.429469347000122070e-01,-9.184745550155639648e-01,6.294091939926147461e-01,5.092899203300476074e-01,1.112529277801513672e+00,5.604076385498046875e-01
-3.267435729503631592e-02,1.144940137863159180e+00,-4.446455240249633789e-01,-1.030922055244445801e+00,1.154947519302368164e+00,5.039204359054565430e-01,1.493747591972351074e+00,5.678372979164123535e-01
-3.178156912326812744e-02,1.599805951118469238e+00,-3.177878856658935547e-01,-8.278098106384277344e-01,7.854973077774047852e-01,-2.525666654109954834e-01,-2.200523018836975098e-01,6.668739318847656250e-01
-2.230659276247024536e-01,8.691186904907226562e-01,-8.654480576515197754e-01,-1.779350519180297852e+00,9.730908870697021484e-01,1.221398591995239258e+00,1.247969031333923340e+00,1.363565802574157715e+00
-6.666663289070129395e-02,4.619752764701843262e-01,-1.355399608612060547e+00,-1.361288785934448242e+00,2.054312229156494141e+00,-3.196074664592742920e-01,-2.182883918285369873e-01,1.419664502143859863e+00
4.776845872402191162e-02,7.182694226503372192e-02,8.757870793342590332e-01,-5.911856889724731445e-01,-6.022590398788452148e-01,1.718188285827636719e+00,2.838998734951019287e-01,-6.577980518341064453e-01
-8.671461045742034912e-02,1.256197690963745117e+00,-1.710560619831085205e-01,-4.105513989925384521e-01,4.520491659641265869e-01,-8.173413872718811035e-01,-9.958670139312744141e-01,4.572485387325286865e-01
-1.037563681602478027e-01,1.869760453701019287e-01,-5.643087625503540039e-01,-1.196197986602783203e+00,4.469654262065887451e-01,1.072749137878417969e+00,1.838381886482238770e+00,7.097694277763366699e-01
2.986095659434795380e-02,-7.516243308782577515e-02,-1.102040633559226990e-01,1.017161831259727478e-01,2.325679659843444824e-01,-3.784083724021911621e-01,4.037828445434570312e-01,-2.411877214908599854e-01
6.077750120311975479e-03,-3.001953065395355225e-01,2.330342978239059448e-01,-4.495479762554168701e-01,-2.638130784034729004e-01,1.047381997108459473e+00,7.928705215454101562e-01,-2.776454985141754150e-01
-5.740508809685707092e-02,3.942659199237823486e-01,-6.964555978775024414e-01,-6.029113531112670898e-01,7.848489284515380859e-01,-3.571078479290008545e-01,5.256912708282470703e-01,6.905403733253479004e-01
4.057236015796661377e-02,1.359748542308807373e-01,6.859986484050750732e-02,-1.121648311614990234e+00,4.171840250492095947e-01,1.463430881500244141e+00,-6.801313757896423340e-01,1.894900500774383545e-01
-6.130425631999969482e-02,1.657804965972900391e+00,8.638653159141540527e-02,-1.065958499908447266e+00,6.824591159820556641e-01,8.302624821662902832e-01,-3.238098919391632080e-01,5.260922908782958984e-01
-4.601113498210906982e-02,1.763291120529174805e+00,-6.507923007011413574e-01,-1.905348181724548340e+00,1.973090648651123047e+00,1.324552297592163086e+00,1.197413921356201172e+00,1.092213273048400879e+00
-1.728682965040206909e-01,1.684876799583435059e+00,-9.445428848266601562e-01,-1.949231863021850586e+00,1.727060079574584961e+00,8.834753632545471191e-01,7.177525758743286133e-01,1.540675401687622070e+00
-1.097358763217926025e-01,1.182185530662536621e+00,-1.364209294319152832e+00,-2.004967689514160156e+00,1.900721311569213867e+00,5.196886062622070312e-01,3.709415495395660400e-01,1.795347809791564941e+00
-6.206659972667694092e-02,2.298972368240356445e+00,-9.960603117942810059e-01,-1.858862876892089844e+00,2.234802246093750000e+00,1.455897092819213867e-01,4.960177093744277954e-02,1.548201918601989746e+00
-1.736405342817306519e-01,7.597857713699340820e-01,-9.698395133018493652e-01,-1.974463701248168945e+00,1.329344391822814941e+00,1.413394689559936523e+00,1.017239093780517578e+00,1.405583381652832031e+00
-1.226453632116317749e-01,5.639432668685913086e-01,-9.142229557037353516e-01,-8.454389572143554688e-01,1.551625251770019531e+00,-5.306318402290344238e-01,-6.739726066589355469e-01,1.105743885040283203e+00
2.145350165665149689e-02,-2.558855712413787842e-01,-4.988305568695068359e-01,-6.375244855880737305e-01,4.483156502246856689e-01,6.337810754776000977e-01,2.086795568466186523e+00,2.036226689815521240e-01
2.044321410357952118e-02,3.830637335777282715e-01,9.437879920005798340e-01,4.391487538814544678e-01,-4.018013775348663330e-01,-1.230305433273315430e-01,-6.466451883316040039e-01,-8.967117667198181152e-01
-6.449531018733978271e-02,-1.992133259773254395e-01,-5.293317437171936035e-01,-1.114271044731140137e+00,5.190219879150390625e-01,1.202534437179565430e+00,1.697189927101135254e+00,4.965986907482147217e-01
-2.614987455308437347e-02,-3.023230284452438354e-02,-3.192743957042694092e-01,-4.470081627368927002e-01,8.660274744033813477e-02,2.288100123405456543e-01,1.429752111434936523e+00,2.442905306816101074e-01
-4.694806039333343506e-02,1.090483069419860840e+00,-7.405030131340026855e-01,-1.770755290985107422e+00,1.891838788986206055e+00,1.216676950454711914e+00,3.497546911239624023e-01,1.048956274986267090e+00
-8.102877438068389893e-02,1.228124022483825684e+00,-5.656274557113647461e-01,-1.658650159835815430e+00,1.531763672828674316e+00,1.248129606246948242e+00,5.369169116020202637e-01,1.019786596298217773e+00
-1.475493796169757843e-02,-7.877712696790695190e-02,-1.215024948120117188e+00,-1.018205761909484863e+00,1.350019454956054688e+00,-2.289032638072967529e-01,-2.633627057075500488e-01,9.817043542861938477e-01
-1.217104196548461914e-01,1.515994668006896973e-01,-9.487906098365783691e-01,-1.557084798812866211e+00,1.032406926155090332e+00,9.984800219535827637e-01,1.821225583553314209e-01,1.197152733802795410e+00
-1.866476424038410187e-02,-1.498462855815887451e-01,-8.149390816688537598e-01,-6.814583539962768555e-01,9.625728130340576172e-01,-1.601121127605438232e-01,-8.296744823455810547e-01,7.281410694122314453e-01
9.992940351366996765e-03,1.249082326889038086e+00,3.277302980422973633e-01,-1.090698599815368652e+00,7.021250724792480469e-01,1.562341213226318359e+00,6.716052889823913574e-01,1.528463959693908691e-01
-1.906274445354938507e-02,5.331725627183914185e-02,1.440671920776367188e+00,1.102291107177734375e+00,-4.191994071006774902e-01,-5.315071344375610352e-01,-1.348098278045654297e+00,-1.509002327919006348e+00
-1.204163283109664917e-01,-9.869545698165893555e-01,1.696322202682495117e+00,5.927979946136474609e-01,-1.052809476852416992e+00,1.348478078842163086e+00,-9.928849935531616211e-01,-1.889057636260986328e+00
1.034392863512039185e-01,-1.878080368041992188e+00,1.739356368780136108e-01,9.783958792686462402e-01,-6.468379497528076172e-01,-9.258267283439636230e-01,-7.495718598365783691e-01,-1.178625822067260742e+00
-8.715424686670303345e-02,-1.696741461753845215e+00,-6.590944528579711914e-01,-7.821816802024841309e-01,-3.566901981830596924e-01,1.013965845108032227e+00,7.164363861083984375e-01,2.016220986843109131e-01
1.066997945308685303e-01,-1.209972381591796875e+00,-1.394829303026199341e-01,1.386707723140716553e-01,1.678099930286407471e-01,-4.183784127235412598e-01,-1.517402648925781250e+00,-3.643285036087036133e-01
-5.135072022676467896e-02,-8.978615999221801758e-01,-2.129609435796737671e-01,-1.206584572792053223e+00,-2.901640534400939941e-02,1.774904727935791016e+00,-8.144949674606323242e-01,2.633070647716522217e-01
1.024846881628036499e-01,-8.856105208396911621e-01,2.541499137878417969e-01,-1.114322781562805176e+00,3.827891051769256592e-01,1.488685846328735352e+00,-1.872042655944824219e+00,1.307704150676727295e-01
1.449523419141769409e-01,-6.470766067504882812e-01,1.466926932334899902e-01,-1.492031574249267578e+00,-8.129945397377014160e-02,2.351465940475463867e+00,-6.990514993667602539e-01,-2.724454551935195923e-02
-5.479660630226135254e-02,-7.044655680656433105e-01,6.328336894512176514e-02,-1.605175256729125977e+00,5.438255071640014648e-01,2.130055427551269531e+00,-1.184586882591247559e+00,5.761676430702209473e-01
1.389290541410446167e-01,-3.600218296051025391e-01,4.735844731330871582e-01,-2.012615442276000977e+00,8.452463150024414062e-02,2.926283836364746094e+00,-2.815553545951843262e-01,1.851622164249420166e-01
-1.260405331850051880e-01,9.065374732017517090e-03,-3.944455385208129883e-01,-9.940311908721923828e-01,5.385974645614624023e-01,1.134130239486694336e+00,3.498084306716918945e+00,2.720675170421600342e-01
5.658165737986564636e-02,-9.844966530799865723e-01,-9.767230153083801270e-01,-2.165791511535644531e+00,3.714626729488372803e-01,2.295904874801635742e+00,2.757519245147705078e+00,6.163067221641540527e-01
-2.120028622448444366e-02,-4.049334526062011719e-01,3.167517900466918945e+00,2.594483375549316406e+00,-1.408351182937622070e+00,-6.345795989036560059e-01,-1.749162673950195312e+00,-3.552822589874267578e+00
-8.482263982295989990e-02,-6.002039313316345215e-01,4.722362160682678223e-01,4.714402258396148682e-01,2.468163371086120605e-01,-6.482301354408264160e-01,-2.379693031311035156e+00,-5.238626599311828613e-01
-3.764496743679046631e-02,-9.578468799591064453e-01,1.536181122064590454e-01,-1.585171371698379517e-02,3.513910472393035889e-01,-9.846580028533935547e-02,-2.235567808151245117e+00,-1.763125360012054443e-01
2.646326832473278046e-02,-8.987873196601867676e-01,2.878577709197998047e-01,-5.593232065439224243e-02,3.268235027790069580e-01,1.048350334167480469e-02,-2.171488523483276367e+00,-2.568456232547760010e-01
-2.890639193356037140e-02,-9.725189805030822754e-01,1.518202871084213257e-01,-4.705069214105606079e-02,4.237719476222991943e-01,-9.682375192642211914e-02,-2.336802244186401367e+00,-1.430906951427459717e-01
-2.305858023464679718e-02,-1.038299679756164551e+00,2.896295785903930664e-01,6.828775256872177124e-02,2.116530835628509521e-01,-2.476441860198974609e-02,-2.122896194458007812e+00,-3.439996540546417236e-01
5.808320641517639160e-02,-1.064907670021057129e+00,3.022106289863586426e-01,-3.452167659997940063e-02,3.062429130077362061e-01,2.547228336334228516e-02,-2.376374721527099609e+00,-3.395937979221343994e-01
-4.393988847732543945e-02,-1.144892573356628418e+00,-4.794116318225860596e-02,-2.731426656246185303e-01,5.607229471206665039e-01,4.630810022354125977e-02,-2.559075117111206055e+00,6.998869031667709351e-02
-1.394300311803817749e-01,6.159145385026931763e-02,-7.809456586837768555e-01,-1.699619591236114502e-01,6.439778804779052734e-01,-1.306188106536865234e+00,-1.256991505622863770e+00,7.097823619842529297e-01
-2.200780957937240601e-01,2.730450332164764404e-01,-1.056943893432617188e+00,2.828358709812164307e-01,8.960617780685424805e-01,-2.543889045715332031e+00,-3.420358151197433472e-02,6.456501483917236328e-01
-1.344806551933288574e-01,-6.588182449340820312e-01,-1.119994521141052246e+00,3.860644698143005371e-01,1.208321213722229004e+00,-2.566308975219726562e+00,-6.957424879074096680e-01,5.630999207496643066e-01
2.058380655944347382e-02,-1.510386824607849121e+00,-6.258056759834289551e-01,8.708578348159790039e-01,7.689981460571289062e-01,-2.205673933029174805e+00,6.112138032913208008e-01,-1.527415513992309570e-01
-1.137054935097694397e-01,-8.490855097770690918e-01,-8.068767189979553223e-01,7.397880405187606812e-02,7.528706789016723633e-01,-1.135767459869384766e+00,6.439384222030639648e-01,1.376734077930450439e-01
-4.843088984489440918e-02,-6.049951314926147461e-01,-3.535671234130859375e-01,5.722962319850921631e-03,6.115698814392089844e-02,-6.156334280967712402e-01,2.237463742494583130e-02,-1.753733307123184204e-02
-5.188451614230871201e-03,6.032450199127197266e-01,3.500834107398986816e-01,1.275971233844757080e-01,-1.056794524192810059e-01,-2.890951037406921387e-01,-2.225643396377563477e-01,-3.114134371280670166e-01
-3.949807584285736084e-02,1.312139391899108887e+00,-4.658123850822448730e-01,-2.646129727363586426e-01,1.927685141563415527e-01,-1.252130746841430664e+00,-7.380821555852890015e-02,5.167143940925598145e-01
-1.057569868862628937e-02,5.927677750587463379e-01,6.458702683448791504e-01,1.214540600776672363e+00,-3.758031129837036133e-01,-2.185082435607910156e+00,-1.494626760482788086e+00,-9.544691443443298340e-01
1.097833663225173950e-01,-2.860751152038574219e-01,5.522643923759460449e-01,1.600949048995971680e+00,3.611278235912322998e-01,-2.401892423629760742e+00,-1.852194547653198242e+00,-1.254994988441467285e+00
-1.436696853488683701e-03,2.285016179084777832e-01,1.430594921112060547e+00,1.553500652313232422e+00,-3.936153650283813477e-01,-1.887497901916503906e+00,-1.950808167457580566e+00,-1.688735246658325195e+00
-1.117350906133651733e-01,1.316073298454284668e+00,3.728404641151428223e-01,4.224725961685180664e-01,-1.970252394676208496e-02,-1.654114961624145508e+00,-1.042519569396972656e+00,-3.524798750877380371e-01
-6.183256208896636963e-02,1.965268373489379883e+00,-1.114837378263473511e-01,-8.122483640909194946e-02,1.259320974349975586e-01,-1.594925642013549805e+00,-5.407719612121582031e-01,2.290968596935272217e-01
-2.844785340130329132e-02,1.272693872451782227e+00,3.982341885566711426e-01,2.740578949451446533e-01,-9.044237434864044189e-02,-1.117528915405273438e+00,-6.068034768104553223e-01,-3.405741155147552490e-01
-2.126471884548664093e-02,2.027956008911132812e+00,9.401548504829406738e-01,7.226230949163436890e-02,-4.130983352661132812e-02,-4.188292622566223145e-01,-3.598390221595764160e-01,-6.635301113128662109e-01
-1.218371279537677765e-02,1.152936816215515137e+00,8.275772929191589355e-01,4.198976457118988037e-01,-2.411487400531768799e-01,-6.602103114128112793e-01,-5.579493045806884766e-01,-7.515739798545837402e-01
-1.527787931263446808e-02,1.892807483673095703e+00,3.428929448127746582e-01,-3.325574845075607300e-02,1.349849402904510498e-01,-9.732906222343444824e-01,-4.739049077033996582e-01,-1.465804576873779297e-01
-8.021818473935127258e-03,1.875769734382629395e+00,-2.193228453397750854e-01,-5.499904751777648926e-01,7.273600101470947266e-01,-6.991027593612670898e-01,-1.716222167015075684e-01,4.387970268726348877e-01
-8.206640183925628662e-02,1.407378911972045898e+00,1.821241229772567749e-01,-2.652683556079864502e-01,2.709676325321197510e-01,-4.429542422294616699e-01,-8.467832803726196289e-01,1.084392368793487549e-01
2.615399472415447235e-02,1.549063682556152344e+00,2.217068225145339966e-01,-4.353175461292266846e-01,5.016555786132812500e-01,-1.328255832195281982e-01,2.470597326755523682e-01,-2.593042701482772827e-02
-5.153034627437591553e-02,9.429640769958496094e-01,6.844862103462219238e-01,2.590538561344146729e-01,2.904578149318695068e-01,-6.246647834777832031e-01,-1.512532830238342285e+00,-4.855601489543914795e-01
-6.044636666774749756e-02,6.973003745079040527e-01,3.908295631408691406e-01,7.264080643653869629e-01,1.671814918518066406e-02,-1.957994937896728516e+00,-1.644453525543212891e+00,-4.906664192676544189e-01
-7.797954976558685303e-02,2.883676052093505859e+00,2.260612696409225464e-01,-2.908415496349334717e-01,4.346392452716827393e-01,-1.398226261138916016e+00,-6.271417737007141113e-01,1.166184768080711365e-01
8.084012195467948914e-03,8.972904682159423828e-01,8.605725169181823730e-01,5.367341637611389160e-01,-3.027179241180419922e-01,-6.772387623786926270e-01,-6.315131783485412598e-01,-8.420752882957458496e-01
5.242363549768924713e-04,1.204256892204284668e+00,1.568624138832092285e+00,7.744606733322143555e-01,-4.822281002998352051e-01,-2.387476563453674316e-01,-6.642826199531555176e-01,-1.492875933647155762e+00
-1.084457524120807648e-02,2.089701175689697266e+00,2.247494310140609741e-01,-1.929496526718139648e-01,2.757428586483001709e-01,-1.187399148941040039e+00,-6.145082712173461914e-01,1.815365999937057495e-02
-8.107747137546539307e-02,1.760087490081787109e+00,1.188852190971374512e-01,-2.742139995098114014e-01,2.564598023891448975e-01,-7.414855360984802246e-01,-5.215992331504821777e-01,1.641305983066558838e-01
-7.137516140937805176e-02,1.342259168624877930e+00,-5.716338157653808594e-01,-3.640446662902832031e-01,4.133431017398834229e-01,-1.461932659149169922e+00,-5.131478309631347656e-01,7.012828588485717773e-01
6.178666651248931885e-02,-5.253403633832931519e-02,8.252163529396057129e-01,3.872331082820892334e-01,-4.424775838851928711e-01,-2.064031362533569336e-02,-7.659701108932495117e-01,-9.256581664085388184e-01
-8.140112459659576416e-02,1.040710687637329102e+00,-4.123696684837341309e-02,-3.312311470508575439e-01,7.223538160324096680e-01,-4.729081988334655762e-01,-6.884779930114746094e-01,2.529407441616058350e-01
-8.581723272800445557e-02,7.158700227737426758e-01,3.151486515998840332e-01,8.299883455038070679e-02,6.547707319259643555e-01,-7.342545986175537109e-01,-1.799651980400085449e+00,-1.003856733441352844e-01
7.358999550342559814e-02,-1.433301448822021484e+00,4.383741021156311035e-01,1.452008605003356934e+00,-7.484148740768432617e-01,-1.568203687667846680e+00,-9.605880975723266602e-01,-1.344483494758605957e+00
-1.094429045915603638e-01,-3.767278790473937988e-01,2.402503788471221924e-02,3.693914115428924561e-01,4.130452871322631836e-02,-9.560974240303039551e-01,-1.561197519302368164e+00,-1.381259858608245850e-01
-5.117933452129364014e-02,6.705164909362792969e-01,4.014309048652648926e-01,-5.504051595926284790e-02,4.579599797725677490e-01,-2.335661053657531738e-01,-1.061004400253295898e+00,-1.966961920261383057e-01
-7.084803190082311630e-03,1.018671035766601562e+00,7.017388343811035156e-01,-1.516901552677154541e-01,2.359961569309234619e-01,3.233473002910614014e-01,-8.384643495082855225e-02,-4.866475760936737061e-01
-1.482521183788776398e-02,2.246063232421875000e+00,-1.482554376125335693e-01,-8.478384017944335938e-01,7.142870426177978516e-01,-5.230667591094970703e-01,-5.507349967956542969e-01,6.081494688987731934e-01
-1.388441212475299835e-02,1.070091247558593750e+00,-1.605631113052368164e-01,-1.346625685691833496e-01,3.816865384578704834e-01,-8.965832591056823730e-01,-2.819653749465942383e-01,1.997193247079849243e-01
8.845293521881103516e-02,4.587126374244689941e-01,-8.052139878273010254e-01,3.274109363555908203e-01,1.331546545028686523e+00,-1.919773340225219727e+00,1.221560597419738770e+00,1.722058057785034180e-01
-1.005457341670989990e-01,1.086646541953086853e-01,-4.460458159446716309e-01,2.502014935016632080e-01,6.491605043411254883e-01,-1.392423868179321289e+00,6.673181653022766113e-01,1.118353605270385742e-01
-5.384232848882675171e-02,-6.173174977302551270e-01,-8.695043921470642090e-01,-3.840468078851699829e-02,8.014057874679565430e-01,-1.099345684051513672e+00,-1.793698668479919434e-01,2.720934450626373291e-01
-1.581981927156448364e-01,3.811232447624206543e-01,-1.106989502906799316e+00,-3.125395476818084717e-01,1.192911863327026367e+00,-1.568116903305053711e+00,-3.706644475460052490e-01,9.187620282173156738e-01
4.898215830326080322e-02,-2.316614985466003418e-01,3.830653429031372070e-01,1.322202086448669434e+00,-1.871249079704284668e-02,-1.998200654983520508e+00,-1.394505262374877930e+00,-9.503961205482482910e-01
5.390597973018884659e-03,-6.868411302566528320e-01,9.550943970680236816e-03,4.384007751941680908e-01,5.215142965316772461e-01,-1.112199783325195312e+00,-2.119824171066284180e+00,-2.985803782939910889e-01
-2.260960824787616730e-02,1.070372104644775391e+00,1.188804060220718384e-01,2.244060337543487549e-01,5.805035829544067383e-01,-1.481955051422119141e+00,-1.290153741836547852e+00,-1.100438013672828674e-01
-6.076650321483612061e-02,1.033909440040588379e+00,-9.508374929428100586e-01,-2.683052420616149902e-01,8.529055118560791016e-01,-1.649716615676879883e+00,1.098423078656196594e-01,7.796777486801147461e-01
-1.326809078454971313e-01,4.040719866752624512e-01,-8.453412652015686035e-01,1.384260058403015137e-01,8.701875209808349609e-01,-1.924751996994018555e+00,-6.386929005384445190e-02,5.599692463874816895e-01
-5.318136420100927353e-03,-1.045256257057189941e+00,-5.169568657875061035e-01,6.070235967636108398e-01,1.959819495677947998e-01,-1.419866323471069336e+00,1.589316129684448242e-01,-4.424282610416412354e-01
6.301219761371612549e-02,-9.257087707519531250e-01,-3.544249534606933594e-01,1.337558507919311523e+00,3.221130073070526123e-01,-2.734915018081665039e+00,-5.217206478118896484e-01,-9.217897057533264160e-01
-1.442196518182754517e-01,-1.577208638191223145e+00,-8.390550017356872559e-01,-8.182547241449356079e-02,3.107928931713104248e-01,-5.397632718086242676e-01,5.034962296485900879e-01,2.923163026571273804e-02
-1.132466793060302734e-01,-1.168941378593444824e+00,-8.602254986763000488e-01,6.099330782890319824e-01,6.547133922576904297e-01,-1.961810350418090820e+00,4.311015605926513672e-01,-1.409051716327667236e-01
-1.475216746330261230e-01,-8.236566781997680664e-01,-8.435108065605163574e-01,1.547872722148895264e-01,5.414838790893554688e-01,-1.216612100601196289e+00,1.050211071968078613e+00,4.693088680505752563e-02
-7.470282167196273804e-02,-1.048326969146728516e+00,-9.575511813163757324e-01,3.327604234218597412e-01,8.604766130447387695e-01,-1.722046852111816406e+00,9.257982373237609863e-01,1.203633919358253479e-01
-6.900161504745483398e-02,-1.112375497817993164e+00,-7.083247303962707520e-01,2.930161356925964355e-01,5.384070873260498047e-01,-1.100795507431030273e+00,8.841137290000915527e-01,-1.987223923206329346e-01
5.336402449756860733e-03,-1.113359570503234863e+00,-6.539272665977478027e-01,6.091424226760864258e-01,5.305111408233642578e-01,-1.663599967956542969e+00,-9.549664705991744995e-02,-2.371476888656616211e-01
-2.801720984280109406e-02,-6.400461196899414062e-01,-4.957097172737121582e-01,-2.773042023181915283e-01,3.483850657939910889e-01,-1.118087172508239746e-01,-8.577078580856323242e-01,2.601761817932128906e-01
1.808376424014568329e-02,-1.070728421211242676e+00,2.771508097648620605e-01,-6.433290243148803711e-01,2.994206547737121582e-02,1.289756059646606445e+00,-1.677442789077758789e+00,-3.139379322528839111e-01
9.766248986124992371e-03,-9.647467136383056641e-01,1.633555740118026733e-01,-4.656672179698944092e-01,2.773810923099517822e-01,6.856896281242370605e-01,-1.939350962638854980e+00,-1.368450224399566650e-01
2.307359687983989716e-02,-9.588540792465209961e-01,2.010747641324996948e-01,-6.340951323509216309e-01,2.480200231075286865e-01,1.084898471832275391e+00,-1.929852247238159180e+00,-2.137081921100616455e-01
5.917157232761383057e-02,-1.045962333679199219e+00,2.268206626176834106e-01,-7.661195993423461914e-01,2.930149734020233154e-01,1.250865697860717773e+00,-2.091763257980346680e+00,-1.972574889659881592e-01
6.163506302982568741e-03,-8.954008221626281738e-01,2.810762822628021240e-02,-7.433738708496093750e-01,3.857764899730682373e-01,9.739410877227783203e-01,-1.927931070327758789e+00,7.934294641017913818e-03
-3.685127198696136475e-02,1.594358444213867188e+00,3.014759302139282227e+00,1.336066484451293945e+00,-9.916009902954101562e-01,5.825867652893066406e-01,-7.140766382217407227e-01,-2.868394613265991211e+00
-8.429609239101409912e-02,2.162629127502441406e+00,1.456452488899230957e+00,1.220493435859680176e+00,-3.422021865844726562e-01,-2.245736360549926758e+00,-1.601361870765686035e+00,-1.533393025398254395e+00
6.781937181949615479e-02,-9.151641130447387695e-01,7.627729773521423340e-01,2.642021477222442627e-01,-2.329913675785064697e-01,8.808878064155578613e-02,-2.025344610214233398e+00,-8.458242416381835938e-01
-5.624750256538391113e-02,-9.440634250640869141e-01,-2.727720141410827637e-01,-8.908262848854064941e-01,3.377151191234588623e-01,9.611968398094177246e-01,-1.534524321556091309e+00,3.557475507259368896e-01
5.049439519643783569e-02,-1.031062483787536621e+00,-6.214557588100433350e-02,-8.846195936203002930e-01,2.027162909507751465e-01,1.097968339920043945e+00,-1.672661662101745605e+00,1.502560675144195557e-01
8.357331901788711548e-02,-1.036905527114868164e+00,-8.949054777622222900e-02,-9.623478651046752930e-01,3.943142592906951904e-01,1.149574518203735352e+00,-1.909695148468017578e+00,1.997833549976348877e-01
3.905197232961654663e-02,-9.861059784889221191e-01,-1.971806138753890991e-01,-1.060407876968383789e+00,3.987644016742706299e-01,1.272559642791748047e+00,-1.766533851623535156e+00,2.885133326053619385e-01
4.431866854429244995e-02,-1.017389059066772461e+00,-1.875714808702468872e-01,-1.037004470825195312e+00,4.035221040248870850e-01,1.226687908172607422e+00,-1.781777381896972656e+00,3.003827631473541260e-01
8.482240140438079834e-02,-8.957418203353881836e-01,-3.519664704799652100e-02,-1.093004345893859863e+00,4.798748195171356201e-01,1.171192646026611328e+00,-1.960240721702575684e+00,3.178670704364776611e-01
9.975773096084594727e-02,-9.606621265411376953e-01,-2.566752433776855469e-01,-9.647811651229858398e-01,4.590962827205657959e-01,1.013580083847045898e+00,-1.955687522888183594e+00,2.351467907428741455e-01
-4.172910004854202271e-02,-1.329784274101257324e+00,-8.011375665664672852e-01,-9.348769187927246094e-01,8.378806710243225098e-02,9.666603207588195801e-01,6.926453113555908203e-01,4.170273542404174805e-01
4.946938157081604004e-02,-1.479321599006652832e+00,-8.798787593841552734e-01,4.712238311767578125e-01,1.356170654296875000e+00,-1.904917478561401367e+00,1.908495664596557617e+00,2.695199251174926758e-01
7.326827943325042725e-02,-1.245875835418701172e+00,-6.464734673500061035e-01,5.116653442382812500e-01,1.152153611183166504e+00,-1.893839120864868164e+00,1.397252678871154785e+00,1.901918947696685791e-01
9.716819971799850464e-02,-1.330669760704040527e+00,-6.685285568237304688e-01,5.111235976219177246e-01,1.219547867774963379e+00,-1.875823736190795898e+00,1.527375698089599609e+00,1.984064579010009766e-01
-1.242091059684753418e-01,-6.086499094963073730e-01,-1.217173695564270020e+00,-3.879592120647430420e-01,9.890339374542236328e-01,-1.169207096099853516e+00,7.922523021697998047e-01,6.324332952499389648e-01
8.587558567523956299e-02,-2.181747913360595703e+00,-8.988485336303710938e-01,8.360428810119628906e-01,1.077429294586181641e+00,-2.526019334793090820e+00,8.044552206993103027e-01,4.235085099935531616e-02
3.237661719322204590e-02,-9.718015193939208984e-01,-8.632496595382690430e-01,2.128004729747772217e-01,1.313452839851379395e+00,-1.440617799758911133e+00,2.049603700637817383e+00,2.015415728092193604e-01
5.127508565783500671e-02,-4.079080373048782349e-02,-5.594817399978637695e-01,8.980000764131546021e-02,8.911942243576049805e-01,-1.123045206069946289e+00,1.387047410011291504e+00,1.648283898830413818e-01
-4.255335032939910889e-02,2.389188706874847412e-01,3.389583826065063477e-01,7.153407335281372070e-01,7.903429865837097168e-02,-1.404085159301757812e+00,-1.159019351005554199e+00,-5.113817453384399414e-01
-7.487834990024566650e-02,-1.745498180389404297e+00,-4.120488464832305908e-02,5.358216166496276855e-01,-6.497788429260253906e-01,-4.604997634887695312e-01,-2.239280939102172852e-01,-6.496224999427795410e-01
-2.739691920578479767e-02,-1.648231387138366699e+00,-1.302300542593002319e-01,5.494751781225204468e-02,-3.710291087627410889e-01,1.130567193031311035e-01,-7.919096350669860840e-01,-3.027322292327880859e-01
7.815731689333915710e-03,-7.909796237945556641e-01,-6.060644388198852539e-01,-7.917876839637756348e-01,2.731789052486419678e-01,6.868303418159484863e-01,2.412516623735427856e-02,3.449504673480987549e-01
2.118016220629215240e-02,1.372945308685302734e-02,-5.391599535942077637e-01,-5.092397332191467285e-01,7.093616724014282227e-01,-2.725355327129364014e-02,1.115404367446899414e+00,3.715427219867706299e-01
-2.824013121426105499e-02,9.122521877288818359e-01,2.892145514488220215e-01,-6.160917282104492188e-01,2.846089899539947510e-01,9.008439183235168457e-01,7.384712696075439453e-01,-5.202420055866241455e-03
1.753029786050319672e-02,-3.086987733840942383e-01,-5.950514972209930420e-02,-5.280165076255798340e-01,7.854342460632324219e-03,8.963320851325988770e-01,8.315413594245910645e-01,-6.056123226881027222e-02
4.777120798826217651e-02,3.177428245544433594e-01,-5.936655402183532715e-01,-2.777397036552429199e-01,8.060566186904907227e-01,-5.217170715332031250e-01,1.582479834556579590e+00,2.610087096691131592e-01
1.470421701669692993e-01,4.967580437660217285e-01,-4.595936536788940430e-01,-1.356381177902221680e-01,1.111125707626342773e+00,-7.434166073799133301e-01,1.576717376708984375e+00,1.217374652624130249e-01
-7.066038902848958969e-03,-3.369933366775512695e-01,-8.608908653259277344e-01,-1.923472285270690918e-01,7.496774196624755859e-01,-6.312189102172851562e-01,1.477445721626281738e+00,2.100749611854553223e-01
3.407442569732666016e-02,-9.115941524505615234e-01,-6.146142482757568359e-01,7.772948741912841797e-01,9.691519737243652344e-01,-1.960243463516235352e+00,1.074988842010498047e+00,-2.235361337661743164e-01
-8.485189825296401978e-02,-7.547973990440368652e-01,6.380140781402587891e-03,3.558304011821746826e-01,-2.575129866600036621e-01,-4.872922301292419434e-01,5.505326986312866211e-01,-3.328112363815307617e-01
-3.908564150333404541e-02,-9.236651062965393066e-01,1.730023473501205444e-01,4.697277396917343140e-02,4.765877127647399902e-02,-5.647546052932739258e-02,-1.837752342224121094e+00,-2.872641980648040771e-01
-8.342398703098297119e-02,1.398148417472839355e+00,-3.133813440799713135e-01,-4.919531047344207764e-01,6.762595176696777344e-01,-7.844802737236022949e-01,-7.196401357650756836e-01,5.790528655052185059e-01
-7.266329135745763779e-03,3.672022521495819092e-01,-5.094696283340454102e-01,-3.059761524200439453e-01,6.494083404541015625e-01,-4.451041817665100098e-01,6.488414406776428223e-01,3.235384225845336914e-01
-1.416451632976531982e-01,-1.231904849410057068e-01,-1.006409645080566406e+00,-7.400844097137451172e-01,7.664557695388793945e-01,-4.116946458816528320e-01,-1.275119185447692871e-01,9.359390139579772949e-01
-1.123310402035713196e-01,-1.454980850219726562e+00,-5.789473056793212891e-01,1.277004182338714600e-01,2.057924866676330566e-02,-3.729474544525146484e-01,8.524896502494812012e-01,-1.806760430335998535e-01
-2.622263040393590927e-03,-1.122645378112792969e+00,-9.743180274963378906e-01,-3.672016561031341553e-01,8.201909065246582031e-01,-4.729570746421813965e-01,2.092134952545166016e-01,2.414012551307678223e-01
-1.545652151107788086e-01,5.604978650808334351e-02,-1.090853691101074219e+00,-6.827093362808227539e-01,1.307692527770996094e+00,-8.763257861137390137e-01,-6.040190458297729492e-01,1.085756659507751465e+00
-1.042558178305625916e-01,-8.187709003686904907e-02,-8.205763697624206543e-01,-5.136328339576721191e-01,5.951467752456665039e-01,-4.818180203437805176e-01,-4.047452658414840698e-02,7.164686322212219238e-01
-8.680514991283416748e-02,6.889865398406982422e-01,-7.469360232353210449e-01,-2.325507104396820068e-01,5.049040317535400391e-01,-1.220551013946533203e+00,-1.752962768077850342e-01,6.817143559455871582e-01
1.410703808069229126e-01,-1.948640346527099609e+00,1.470731645822525024e-01,1.011983275413513184e+00,-5.347294807434082031e-01,-8.472856879234313965e-01,-2.596813440322875977e-01,-1.281323313713073730e+00
-1.198402345180511475e-01,-1.957725882530212402e+00,-3.090679049491882324e-01,-1.658872514963150024e-02,-4.655730426311492920e-01,2.112606167793273926e-01,-1.080481931567192078e-01,-2.530299723148345947e-01
-7.898296415805816650e-02,-1.373547792434692383e+00,2.117968052625656128e-01,-1.125914826989173889e-01,-6.138843894004821777e-01,7.327870130538940430e-01,-8.221743106842041016e-01,-4.412257969379425049e-01
-1.067554950714111328e-01,-1.266012907028198242e+00,-3.536109626293182373e-02,-2.761265337467193604e-01,-5.230461359024047852e-01,5.985827445983886719e-01,-3.206470608711242676e-01,-1.041285172104835510e-01
-7.152031362056732178e-02,1.464028835296630859e+00,-8.544220924377441406e-01,-5.678684711456298828e-01,4.309088289737701416e-01,-1.355330705642700195e+00,2.708345651626586914e-01,9.196603298187255859e-01
3.028337471187114716e-02,-8.256398439407348633e-01,-3.650433421134948730e-01,4.922043383121490479e-01,9.345942735671997070e-02,-1.024135828018188477e+00,4.688454866409301758e-01,-4.239778816699981689e-01
5.397705826908349991e-03,-1.025394201278686523e+00,-7.438375353813171387e-01,4.840469658374786377e-01,9.595830440521240234e-01,-1.831732511520385742e+00,1.116476893424987793e+00,3.442860394716262817e-02
3.591111395508050919e-03,-6.947873830795288086e-01,-7.250574827194213867e-01,-3.242439031600952148e-01,5.315065383911132812e-01,-3.789970278739929199e-02,1.870119452476501465e+00,8.051165193319320679e-02
-6.433752924203872681e-02,2.859227359294891357e-03,-7.296603322029113770e-01,1.776573807001113892e-02,6.517556905746459961e-01,-1.158215999603271484e+00,1.093922019004821777e+00,2.139726877212524414e-01
-4.589184746146202087e-02,3.448730111122131348e-01,-6.031542420387268066e-01,-1.944588720798492432e-01,5.776543617248535156e-01,-7.640725374221801758e-01,1.169172406196594238e+00,3.591738939285278320e-01
-1.099590510129928589e-01,-1.038066148757934570e+00,-6.681701540946960449e-01,2.265394032001495361e-01,1.197111010551452637e-01,-9.027152657508850098e-01,4.419787526130676270e-01,-8.027521520853042603e-02
2.864023856818675995e-02,-1.705374479293823242e+00,-6.424118876457214355e-01,8.867337703704833984e-01,7.712588310241699219e-01,-2.264323472976684570e+00,7.011214494705200195e-01,-2.671609222888946533e-01
7.616116199642419815e-03,-5.239747762680053711e-01,7.837261557579040527e-01,5.756883025169372559e-01,-5.427916049957275391e-01,-1.648927330970764160e-01,-2.193756401538848877e-01,-9.869291186332702637e-01
1.795168034732341766e-02,-5.665027499198913574e-01,3.116811513900756836e-01,8.865226507186889648e-01,5.892971158027648926e-02,-1.209959030151367188e+00,-1.092443227767944336e+00,-7.596519589424133301e-01
-1.236742585897445679e-01,6.832253932952880859e-01,-2.021689563989639282e-01,-5.238319635391235352e-01,9.419754147529602051e-02,-4.696154594421386719e-02,-2.395535409450531006e-01,4.923727810382843018e-01
3.903311863541603088e-02,5.792284011840820312e-01,-3.228435516357421875e-01,-6.262632608413696289e-01,2.815353572368621826e-01,2.840200364589691162e-01,1.508856534957885742e+00,2.949576377868652344e-01
-8.077937364578247070e-02,1.268819570541381836e+00,-9.392275214195251465e-01,-7.065601944923400879e-01,8.946866989135742188e-01,-1.015425920486450195e+00,-2.583436071872711182e-01,1.069253444671630859e+00
3.887812793254852295e-02,-1.907227516174316406e+00,-1.667044460773468018e-01,4.674669206142425537e-01,-4.078854024410247803e-01,-2.526451647281646729e-01,2.500876784324645996e-01,-7.733630537986755371e-01
2.186187915503978729e-02,-1.770166039466857910e+00,-6.848835945129394531e-01,1.635529845952987671e-02,3.328243196010589600e-01,-4.066199660301208496e-01,2.179618477821350098e-01,-1.979181766510009766e-01
4.138620197772979736e-02,-1.306332945823669434e+00,1.564863026142120361e-01,4.080739319324493408e-01,-5.744188427925109863e-01,-6.478255987167358398e-02,2.261922359466552734e-01,-7.214879393577575684e-01
-4.852704703807830811e-02,-1.017637610435485840e+00,3.495504856109619141e-01,1.210736855864524841e-01,-7.215876579284667969e-01,4.394440650939941406e-01,-3.539975732564926147e-02,-5.574342608451843262e-01
-1.319160610437393188e-01,-2.042519152164459229e-01,-1.898117959499359131e-01,-4.728191196918487549e-01,5.827829241752624512e-02,2.829226255416870117e-01,-2.874616682529449463e-01,3.237605988979339600e-01
-1.187513321638107300e-01,-1.316211342811584473e+00,-7.947059273719787598e-01,-6.646539568901062012e-01,1.066410839557647705e-01,3.834996819496154785e-01,1.287375092506408691e-01,4.372076690196990967e-01
-1.900431066751480103e-01,-1.611743271350860596e-01,-1.222828626632690430e+00,-6.392301917076110840e-01,1.361949443817138672e+00,-1.255397081375122070e+00,-1.304867744445800781e+00,1.132590055465698242e+00
-1.251205950975418091e-01,-1.190970659255981445e+00,-1.151226520538330078e+00,-7.759843468666076660e-01,5.756788253784179688e-01,2.687134444713592529e-01,9.071201682090759277e-01,6.150003671646118164e-01
7.476375997066497803e-02,-8.169679641723632812e-01,-2.682559192180633545e-02,-1.470995783805847168e+00,3.639557063579559326e-01,2.020002603530883789e+00,-1.355772137641906738e+00,3.367871940135955811e-01
1.204604655504226685e-01,-6.441895961761474609e-01,2.103986889123916626e-01,-1.476292490959167480e+00,1.513836085796356201e-01,2.246628284454345703e+00,-9.564958810806274414e-01,9.717180579900741577e-02
6.193375587463378906e-02,-8.518266677856445312e-01,2.503951191902160645e-01,-1.395125150680541992e+00,1.838151514530181885e-01,2.250313282012939453e+00,-1.256858468055725098e+00,1.935162395238876343e-02
4.744929075241088867e-02,-8.117269873619079590e-01,2.067105025053024292e-01,-1.336788892745971680e+00,1.512044966220855713e-01,2.153330087661743164e+00,-1.160589337348937988e+00,4.036416858434677124e-02
1.905730180442333221e-02,-8.372259140014648438e-01,4.118119180202484131e-02,-1.269511818885803223e+00,3.165158629417419434e-02,2.017696380615234375e+00,-9.754470586776733398e-01,8.263441175222396851e-02
1.340125314891338348e-02,-1.018691539764404297e+00,1.915193051099777222e-01,-1.328967094421386719e+00,2.813637554645538330e-01,2.158484697341918945e+00,-1.633912205696105957e+00,2.659829705953598022e-02
1.958940736949443817e-02,-1.022732257843017578e+00,1.922751516103744507e-01,-1.362229347229003906e+00,2.995689213275909424e-01,2.183387517929077148e+00,-1.615687727928161621e+00,6.538375467061996460e-02
-5.681981146335601807e-02,1.940385401248931885e-01,1.173308014869689941e+00,3.647472709417343140e-02,-8.278226852416992188e-01,1.174533128738403320e+00,5.838371515274047852e-01,-9.393622279167175293e-01
5.342109501361846924e-02,-3.551327437162399292e-02,2.416720628738403320e+00,1.490469574928283691e+00,-1.022634744644165039e+00,3.496137261390686035e-01,-9.138654470443725586e-01,-2.562910795211791992e+00
9.302039444446563721e-02,-1.104185461997985840e+00,5.164221525192260742e-01,-2.814844995737075806e-02,-8.838140964508056641e-02,1.095911860466003418e-01,-2.248184442520141602e+00,-5.286828875541687012e-01
4.224701318889856339e-03,-9.863632917404174805e-01,-1.700242012739181519e-01,-5.753509998321533203e-01,2.786885201930999756e-01,3.939417302608489990e-01,-1.854189872741699219e+00,2.005017697811126709e-01
6.032125651836395264e-02,-8.663679957389831543e-01,-2.719571590423583984e-01,-6.251351237297058105e-01,4.989850223064422607e-01,-1.648643612861633301e-02,-2.208203554153442383e+00,4.534524977207183838e-01
2.994619868695735931e-02,-1.123646736145019531e+00,-1.399006694555282593e-01,-5.743702650070190430e-01,2.786811292171478271e-01,3.814999461174011230e-01,-1.959042787551879883e+00,1.972731649875640869e-01
1.042517833411693573e-02,-9.549241065979003906e-01,-1.399166882038116455e-02,-5.547164082527160645e-01,3.982113897800445557e-01,5.442269444465637207e-01,-1.965274095535278320e+00,8.318784087896347046e-02
-1.245223172008991241e-02,-1.062429308891296387e+00,-2.019483298063278198e-01,-4.847047030925750732e-01,2.173823416233062744e-01,2.093207240104675293e-01,-1.799845457077026367e+00,2.308173477649688721e-01
1.940450519323348999e-01,-1.861549139022827148e+00,7.633087038993835449e-01,4.269129931926727295e-01,-2.309060096740722656e-02,-8.360927700996398926e-01,-3.332160711288452148e+00,-5.193086266517639160e-01
-1.113313883543014526e-01,-1.388593316078186035e-01,-6.059463024139404297e-01,2.409947216510772705e-01,4.781047999858856201e-01,-1.585715055465698242e+00,-1.221342325210571289e+00,3.252597153186798096e-01
6.477130949497222900e-02,-2.041577816009521484e+00,-8.339664936065673828e-01,1.103735685348510742e+00,1.184028625488281250e+00,-3.150778532028198242e+00,1.430116891860961914e-01,-2.455510199069976807e-03
1.877794973552227020e-02,-1.886367559432983398e+00,-1.044004201889038086e+00,8.995524048805236816e-01,1.804859399795532227e+00,-3.209604024887084961e+00,1.922074794769287109e+00,4.758447110652923584e-01
-9.175322949886322021e-02,-1.192317485809326172e+00,-7.193142771720886230e-01,5.802485346794128418e-01,8.255171775817871094e-01,-2.060902833938598633e+00,1.012911915779113770e+00,2.958732545375823975e-01
-5.339986830949783325e-02,-7.944133281707763672e-01,-8.568899035453796387e-01,2.715663313865661621e-01,8.776769638061523438e-01,-1.479473352432250977e+00,1.301373243331909180e+00,2.445596158504486084e-01
-9.058821201324462891e-02,-1.117485761642456055e+00,-1.080612778663635254e+00,3.031153976917266846e-01,1.252964138984680176e+00,-1.998407840728759766e+00,1.104750156402587891e+00,3.587931692600250244e-01
3.172899782657623291e-02,-1.508369445800781250e+00,-7.662449479103088379e-01,6.106878519058227539e-01,1.034465074539184570e+00,-2.107078552246093750e+00,1.208951473236083984e+00,1.485012471675872803e-01
1.186870858073234558e-01,-3.178951144218444824e-01,-8.641982674598693848e-01,5.423974245786666870e-02,1.371841549873352051e+00,-1.486497163772583008e+00,1.165613651275634766e+00,3.843887448310852051e-01
-4.772929847240447998e-02,-1.393460929393768311e-01,-1.135489225387573242e+00,-4.580546319484710693e-01,1.483137965202331543e+00,-1.156306028366088867e+00,-1.234909653663635254e+00,8.703147172927856445e-01
1.071319729089736938e-01,-5.126541852951049805e-01,-2.355195730924606323e-01,8.466651439666748047e-01,2.793700397014617920e-01,-2.162633657455444336e+00,-1.459127187728881836e+00,-5.265468358993530273e-01
9.388966485857963562e-03,1.590069293975830078e+00,-7.927456498146057129e-01,-4.220295846462249756e-01,7.547042369842529297e-01,-1.408191919326782227e+00,1.367666721343994141e-01,7.210929989814758301e-01
-2.751109190285205841e-02,4.693750739097595215e-01,-7.047579884529113770e-01,-6.753955036401748657e-02,1.105531573295593262e+00,-1.375577449798583984e+00,-1.726795136928558350e-01,4.653086066246032715e-01
-1.106334626674652100e-01,-1.237469077110290527e+00,-8.355377912521362305e-01,-7.939922809600830078e-01,1.193437576293945312e-01,4.387162625789642334e-01,4.858718514442443848e-01,4.437054395675659180e-01
-5.974012985825538635e-02,-8.727595806121826172e-01,-1.074111104011535645e+00,-5.041275620460510254e-01,6.162074804306030273e-01,-3.976125717163085938e-01,1.082279086112976074e+00,3.997620642185211182e-01
-5.218901485204696655e-02,-9.704859256744384766e-01,-1.070124149322509766e+00,-4.890944063663482666e-01,9.200837612152099609e-01,-3.040938377380371094e-01,1.339171648025512695e+00,3.337825834751129150e-01
6.801501661539077759e-02,-5.645158290863037109e-01,-1.167246341705322266e+00,-3.519931733608245850e-01,1.538844466209411621e+00,-1.116426467895507812e+00,1.097117543220520020e+00,5.577563643455505371e-01
1.082122176885604858e-01,-1.828149318695068359e+00,-9.636988639831542969e-01,8.644666075706481934e-01,1.382481575012207031e+00,-2.945057153701782227e+00,6.837046891450881958e-02,2.331826090812683105e-01
-1.669444330036640167e-02,-1.549187898635864258e+00,-9.975758194923400879e-01,1.702056825160980225e-01,1.316328048706054688e+00,-1.710259914398193359e+00,4.970824718475341797e-01,3.365167975425720215e-01
4.346983879804611206e-02,-8.845387697219848633e-01,-1.085794568061828613e+00,-3.677792549133300781e-01,1.053127169609069824e+00,-5.927352905273437500e-01,1.080203533172607422e+00,3.863485753536224365e-01
-2.231833525002002716e-02,-4.977098703384399414e-01,-3.016446530818939209e-02,5.023344606161117554e-02,2.570417821407318115e-01,-3.869675099849700928e-01,-1.014304161071777344e+00,-1.546810567378997803e-01
-6.738574709743261337e-03,-1.082342743873596191e+00,-1.956654936075210571e-01,2.514730989933013916e-01,1.694548428058624268e-01,-7.537908554077148438e-01,-1.838987112045288086e+00,-1.277234256267547607e-01
-1.802213676273822784e-02,-2.982780337333679199e-01,5.095316767692565918e-01,4.426527321338653564e-01,-4.600426554679870605e-02,-4.395951032638549805e-01,-1.683034658432006836e+00,-6.163024902343750000e-01
-1.397989541292190552e-01,6.380894780158996582e-01,-7.367541193962097168e-01,-1.329684257507324219e-01,6.115064620971679688e-01,-1.391472339630126953e+00,3.035410046577453613e-01,6.153193116188049316e-01
-1.658634394407272339e-01,6.939917206764221191e-01,-1.044394135475158691e+00,-5.601369142532348633e-01,8.814020156860351562e-01,-1.115667343139648438e+00,-2.623338401317596436e-01,1.106407761573791504e+00
-1.085400767624378204e-02,-2.012987434864044189e-01,-1.167451024055480957e+00,-5.282726287841796875e-01,9.804430007934570312e-01,-6.550948023796081543e-01,7.128375768661499023e-01,6.233854889869689941e-01
-1.911111325025558472e-01,2.835620939731597900e-01,-1.087425708770751953e+00,-3.097487241029739380e-02,9.353461265563964844e-01,-1.922913312911987305e+00,2.299399971961975098e-01,6.839265227317810059e-01
-3.179930150508880615e-02,-1.105015516281127930e+00,-7.524954676628112793e-01,2.999648749828338623e-01,5.670822858810424805e-01,-1.303156137466430664e+00,8.831588029861450195e-01,-6.492637842893600464e-02
-3.685356583446264267e-03,-1.062857747077941895e+00,-7.641547918319702148e-01,5.377751588821411133e-01,1.001682877540588379e+00,-2.105406761169433594e+00,1.028939366340637207e+00,2.235490679740905762e-01
-1.564900726079940796e-01,4.805172681808471680e-01,-8.089654445648193359e-01,2.718903869390487671e-02,7.285102605819702148e-01,-1.611201524734497070e+00,9.009238481521606445e-01,4.836338162422180176e-01
-5.535358190536499023e-02,4.563529491424560547e-01,-8.260340094566345215e-01,-1.509445905685424805e-01,9.319424629211425781e-01,-1.260798454284667969e+00,1.056470394134521484e+00,4.707013666629791260e-01
-1.681946404278278351e-02,2.121575772762298584e-01,-1.311608195304870605e+00,-1.954313218593597412e-01,1.878154993057250977e+00,-2.064491033554077148e+00,-1.441788673400878906e+00,8.737445473670959473e-01
-3.837561607360839844e-02,-8.631133437156677246e-01,-5.107784271240234375e-01,1.090624555945396423e-01,4.478069245815277100e-01,-9.109353423118591309e-01,-1.383411645889282227e+00,1.244870051741600037e-01
-3.695030510425567627e-02,-1.338600367307662964e-02,-3.288816213607788086e-01,7.760739326477050781e-01,4.662320911884307861e-01,-2.319888591766357422e+00,-1.829475045204162598e+00,-5.780719965696334839e-02
-3.012399561703205109e-02,-3.612741082906723022e-02,-8.652915358543395996e-01,3.763487637042999268e-01,1.112150907516479492e+00,-2.257994651794433594e+00,-1.116560339927673340e+00,2.728297114372253418e-01
-1.113823987543582916e-02,-1.179828643798828125e+00,-1.184970974922180176e+00,-5.150448083877563477e-01,1.264484882354736328e+00,-6.537002921104431152e-01,-2.202264964580535889e-03,4.383494555950164795e-01
-9.044948965311050415e-02,5.706035345792770386e-02,-9.978817105293273926e-01,-2.025793492794036865e-01,7.378932237625122070e-01,-1.053018093109130859e+00,1.015125513076782227e+00,5.082147717475891113e-01
-1.097552478313446045e-01,3.258252441883087158e-01,-1.128669023513793945e+00,-2.764056622982025146e-01,1.263171911239624023e+00,-1.533359050750732422e+00,2.853264212608337402e-01,7.640080451965332031e-01
-7.897342741489410400e-02,-2.486179471015930176e-01,-1.111766099929809570e+00,3.834447562694549561e-01,1.142561912536621094e+00,-2.628593683242797852e+00,-3.629894852638244629e-01,5.920588374137878418e-01
-1.519931703805923462e-01,-7.635063529014587402e-01,-1.101420164108276367e+00,-7.543141394853591919e-02,7.854830026626586914e-01,-1.428219318389892578e+00,6.078987717628479004e-01,3.947396874427795410e-01
-5.699573457241058350e-02,-1.304607868194580078e+00,-1.115881085395812988e+00,1.719871163368225098e-01,1.143724799156188965e+00,-1.689421892166137695e+00,8.337599635124206543e-01,2.976163029670715332e-01
4.347695410251617432e-02,-5.847971439361572266e-01,-8.267538547515869141e-01,1.185308471322059631e-01,9.239413738250732422e-01,-1.159329175949096680e+00,1.054191112518310547e+00,1.733929216861724854e-01
-4.934871103614568710e-03,-7.320708632469177246e-01,-1.008835911750793457e+00,-2.185492217540740967e-01,9.822809696197509766e-01,-7.772803306579589844e-01,1.226971626281738281e+00,2.826671004295349121e-01
-7.710771262645721436e-02,-5.164279341697692871e-01,-9.143258631229400635e-02,-3.344572484493255615e-01,2.287856042385101318e-01,8.159071207046508789e-02,-1.656397581100463867e+00,9.245922416448593140e-02
2.528500370681285858e-02,-8.853749632835388184e-01,1.439869850873947144e-01,-1.871682703495025635e-01,1.444355547428131104e-01,3.559440076351165771e-01,-1.849820017814636230e+00,-2.521949708461761475e-01
-1.091863960027694702e-01,9.247834235429763794e-02,7.093779742717742920e-03,3.375141322612762451e-01,1.783206462860107422e-01,-9.987576603889465332e-01,-1.246916055679321289e+00,-3.951238840818405151e-02
-9.416145086288452148e-02,-1.628943681716918945e-01,-1.191615939140319824e+00,-1.178374648094177246e+00,9.971545934677124023e-01,7.182186841964721680e-02,1.106475964188575745e-01,1.135189175605773926e+00
1.297542266547679901e-02,-9.617862105369567871e-01,-1.338643670082092285e+00,-4.124924838542938232e-01,1.335614323616027832e+00,-1.059998989105224609e+00,4.805224537849426270e-01,6.371207833290100098e-01
-1.699665486812591553e-01,-9.050107598304748535e-01,-1.208902239799499512e+00,-4.564844071865081787e-01,8.065860271453857422e-01,-7.349009513854980469e-01,4.493460059165954590e-01,5.901601314544677734e-01
6.676857173442840576e-02,-2.042788743972778320e+00,-7.258287072181701660e-01,1.131922364234924316e+00,9.283202886581420898e-01,-2.764027833938598633e+00,-4.066526144742965698e-02,-2.943462133407592773e-01
-4.532887786626815796e-02,-8.003824949264526367e-01,-1.001631736755371094e+00,-2.023243904113769531e-01,7.361509799957275391e-01,-5.203613042831420898e-01,1.458705902099609375e+00,2.557844221591949463e-01
-1.062861979007720947e-01,-9.295822978019714355e-01,-1.008687734603881836e+00,-2.145259082317352295e-01,7.094054222106933594e-01,-6.155639886856079102e-01,9.904233217239379883e-01,2.928808331489562988e-01
-3.340478241443634033e-02,-1.143943309783935547e+00,-8.239461779594421387e-01,2.811084985733032227e-01,1.002951145172119141e+00,-1.620714664459228516e+00,-4.629850983619689941e-01,2.069356441497802734e-01
-2.722741570323705673e-03,-1.425653696060180664e+00,-9.937315583229064941e-01,7.533454149961471558e-02,8.730739355087280273e-01,-1.249729156494140625e+00,4.692328572273254395e-01,1.816394627094268799e-01
5.993174016475677490e-02,-1.484387159347534180e+00,-7.995621562004089355e-01,2.919980138540267944e-02,7.588844299316406250e-01,-9.111991524696350098e-01,-1.537300348281860352e-01,-9.826935827732086182e-03
3.307108581066131592e-02,-1.524378299713134766e+00,-7.399858832359313965e-01,-3.884533792734146118e-02,4.833507835865020752e-01,-5.500522255897521973e-01,-4.211896061897277832e-01,1.836516708135604858e-02
1.858161948621273041e-02,-5.341279506683349609e-01,-3.503928780555725098e-01,-5.913133621215820312e-01,3.612941205501556396e-01,4.490574300289154053e-01,-9.918924570083618164e-01,2.745673358440399170e-01
7.009947299957275391e-02,-1.092225670814514160e+00,-1.736856251955032349e-01,-8.625387549400329590e-01,3.408673703670501709e-01,9.674166440963745117e-01,-1.862102985382080078e+00,2.087142169475555420e-01
7.873299717903137207e-02,-1.084351539611816406e+00,-4.496659338474273682e-02,-8.818972706794738770e-01,3.173888623714447021e-01,1.088741302490234375e+00,-1.880941867828369141e+00,1.500941812992095947e-01
2.583250217139720917e-02,-1.009514212608337402e+00,-2.692230939865112305e-01,-9.073841571807861328e-01,3.450923860073089600e-01,9.548470377922058105e-01,-1.658093690872192383e+00,3.399172723293304443e-01
3.176274243742227554e-03,-1.013637781143188477e+00,-3.233935236930847168e-01,-9.528825283050537109e-01,3.696756064891815186e-01,9.715752601623535156e-01,-1.635792016983032227e+00,4.044835269451141357e-01
5.807632952928543091e-02,-1.093955993652343750e+00,-2.789151072502136230e-01,-7.961646914482116699e-01,3.283230960369110107e-01,7.890704870223999023e-01,-1.785331249237060547e+00,2.624510824680328369e-01
-1.692317612469196320e-02,1.165201187133789062e+00,2.313403129577636719e+00,7.816849946975708008e-01,-5.343503952026367188e-01,8.865053653717041016e-01,-7.008875012397766113e-01,-2.056405544281005859e+00
-2.589987125247716904e-03,7.610101699829101562e-01,1.841304898262023926e+00,1.036378026008605957e+00,-7.218393087387084961e-01,8.852648735046386719e-02,-6.552855372428894043e-01,-1.835480570793151855e+00
-2.760838158428668976e-02,8.685585260391235352e-01,2.121066808700561523e+00,1.328561782836914062e+00,-7.437068223953247070e-01,-3.749093413352966309e-01,-1.000812768936157227e+00,-2.155219554901123047e+00
3.428699076175689697e-02,-1.165824294090270996e+00,2.200667560100555420e-02,-2.481683194637298584e-01,3.405582606792449951e-01,1.630365252494812012e-01,-2.257294178009033203e+00,-1.054015532135963440e-01
-1.809972710907459259e-02,-1.070623755455017090e+00,9.316273033618927002e-02,-1.539558470249176025e-01,2.759836018085479736e-01,1.497516036033630371e-01,-2.072993516921997070e+00,-1.498959362506866455e-01
3.994970116764307022e-03,-1.108222484588623047e+00,8.700923621654510498e-02,-2.902388274669647217e-01,2.398954331874847412e-01,3.745151758193969727e-01,-2.021888256072998047e+00,-1.454438269138336182e-01
-2.687564678490161896e-02,-1.054317951202392578e+00,-7.409526407718658447e-02,-3.805539906024932861e-01,3.102826178073883057e-01,2.905340790748596191e-01,-1.886725664138793945e+00,8.611585944890975952e-02
5.405259132385253906e-02,-9.132109284400939941e-01,-5.556772649288177490e-02,-6.071727871894836426e-01,1.938602030277252197e-01,3.062423765659332275e-01,-1.783366918563842773e+00,2.388517558574676514e-01
-7.964526116847991943e-02,1.215538620948791504e+00,2.239986509084701538e-01,1.989640295505523682e-01,4.619205892086029053e-01,-1.108368396759033203e+00,-1.152814030647277832e+00,-1.580839157104492188e-01
-1.924805529415607452e-02,1.522056579589843750e+00,-1.669168770313262939e-01,-1.394554972648620605e-01,4.297789633274078369e-01,-1.388317346572875977e+00,-7.620158791542053223e-01,2.530529797077178955e-01
-4.691110458225011826e-03,-2.677763700485229492e-01,-3.071339726448059082e-01,4.699395596981048584e-01,4.173116981983184814e-01,-1.558422565460205078e+00,-1.284799456596374512e+00,-1.518498063087463379e-01
-8.451409637928009033e-02,-1.047493144869804382e-01,1.458945572376251221e-01,-3.075051605701446533e-01,-3.026663959026336670e-01,3.909568190574645996e-01,-7.137630134820938110e-02,-1.803990453481674194e-02
6.461574230343103409e-03,1.615463376045227051e+00,6.392193436622619629e-01,-2.808982431888580322e-01,2.015760838985443115e-01,3.215670585632324219e-02,-6.462736725807189941e-01,-2.826901376247406006e-01
-3.212670981884002686e-02,1.994039058685302734e+00,-2.319444715976715088e-02,-4.962922632694244385e-01,4.573436677455902100e-01,-7.081539630889892578e-01,-7.933157086372375488e-01,3.579914569854736328e-01
2.093149814754724503e-03,1.795942187309265137e+00,7.978518605232238770e-01,1.227675154805183411e-01,-4.607579112052917480e-02,-4.446949362754821777e-01,-4.029061496257781982e-01,-5.859453678131103516e-01
-1.843725331127643585e-02,1.888001918792724609e+00,2.760661244392395020e-01,-1.060624480247497559e+00,9.241985082626342773e-01,8.539185523986816406e-01,-4.026106595993041992e-01,3.234052360057830811e-01
-1.111384481191635132e-01,1.530955314636230469e+00,3.775532245635986328e-01,-4.686646163463592529e-01,7.108417749404907227e-01,-3.446781635284423828e-02,-1.387891292572021484e+00,1.229239776730537415e-01
8.865729905664920807e-04,1.063240885734558105e+00,7.396216988563537598e-01,1.036887645721435547e+00,-3.390934765338897705e-01,-2.162238359451293945e+00,-1.411828398704528809e+00,-9.611951708793640137e-01
6.889809668064117432e-02,1.500944137573242188e+00,1.192259073257446289e+00,1.008856177330017090e+00,-2.663446664810180664e-01,-1.276975154876708984e+00,-1.070521354675292969e+00,-1.403232693672180176e+00
-2.690987475216388702e-02,2.508820056915283203e+00,7.260961532592773438e-01,-2.197622954845428467e-01,2.459111809730529785e-01,-4.547386169433593750e-01,-4.501653313636779785e-01,-3.400569558143615723e-01
-1.317207701504230499e-02,3.362516641616821289e+00,8.768975734710693359e-03,-1.357052326202392578e+00,9.987825155258178711e-01,2.447652220726013184e-01,8.425811529159545898e-01,5.656182169914245605e-01
-1.395089477300643921e-01,2.379125356674194336e+00,-9.517109394073486328e-01,-1.885227918624877930e+00,2.016287088394165039e+00,1.874648928642272949e-01,-4.189334213733673096e-01,1.654146552085876465e+00
-1.914213784039020538e-02,2.479893922805786133e+00,-2.962391823530197144e-02,-9.270480871200561523e-01,8.254404067993164062e-01,-4.914479255676269531e-01,-8.996649384498596191e-01,5.785300135612487793e-01
-5.058132112026214600e-02,2.993781328201293945e+00,-3.287421911954879761e-02,-1.379920005798339844e+00,1.220399498939514160e+00,2.349293828010559082e-01,-4.511217474937438965e-01,7.570274472236633301e-01
-3.778223693370819092e-02,2.229631900787353516e+00,-4.382549971342086792e-02,-7.870018482208251953e-01,7.382180690765380859e-01,-5.128757357597351074e-01,-9.575739502906799316e-01,5.234490633010864258e-01
-3.010998852550983429e-02,1.021908760070800781e+00,1.428455471992492676e+00,3.766367733478546143e-01,-6.122961640357971191e-02,3.250145912170410156e-01,-1.251587033271789551e+00,-1.160831928253173828e+00
-2.457265742123126984e-02,6.896848082542419434e-01,9.001551270484924316e-01,6.664687991142272949e-01,1.765697896480560303e-01,-9.598984122276306152e-01,-1.754614472389221191e+00,-8.567892909049987793e-01
2.938325516879558563e-02,1.190835237503051758e+00,1.422136545181274414e+00,7.421207427978515625e-01,-2.204584181308746338e-01,-6.266143321990966797e-01,-1.171118259429931641e+00,-1.348816990852355957e+00
-1.062936037778854370e-01,1.947671175003051758e+00,3.860693573951721191e-01,-1.615790426731109619e-01,2.631507813930511475e-01,-6.691806912422180176e-01,-7.005468606948852539e-01,-6.811542063951492310e-02
-1.715366728603839874e-02,2.234616994857788086e+00,1.036563962697982788e-01,-2.407191693782806396e-01,3.229393661022186279e-01,-1.278916120529174805e+00,-7.215203046798706055e-01,1.360939443111419678e-01
4.417897760868072510e-02,1.783931493759155273e+00,1.058237195014953613e+00,-4.116723686456680298e-02,1.227045357227325439e-01,-5.462062358856201172e-02,-7.385539412498474121e-01,-7.221516370773315430e-01
-4.852794110774993896e-02,2.521122217178344727e+00,4.083210229873657227e-01,-7.142577767372131348e-01,5.044181346893310547e-01,1.163914799690246582e-01,-4.204260408878326416e-01,1.410937905311584473e-01
-8.267359435558319092e-02,2.404191255569458008e+00,-5.130797624588012695e-01,-1.268862962722778320e+00,1.295248031616210938e+00,-2.878017425537109375e-01,-5.718981623649597168e-01,1.082498192787170410e+00
-2.705832011997699738e-02,2.126816987991333008e+00,-7.656419277191162109e-02,-1.120772123336791992e+00,1.183245420455932617e+00,4.295285046100616455e-01,-1.552985906600952148e-01,5.932544469833374023e-01
-1.769845373928546906e-02,3.157524824142456055e+00,-2.959862947463989258e-01,-1.333365201950073242e+00,1.430098891258239746e+00,-8.488050103187561035e-02,2.842499017715454102e-01,8.236666321754455566e-01
-4.767064750194549561e-02,3.234882593154907227e+00,1.398084014654159546e-01,-1.191366434097290039e+00,1.108925104141235352e+00,1.971841156482696533e-01,-1.267146468162536621e-01,5.209532976150512695e-01
-4.955039825290441513e-03,1.039208173751831055e+00,1.658069491386413574e+00,5.307734608650207520e-01,-4.519208073616027832e-01,6.546978950500488281e-01,-4.143082499504089355e-01,-1.453352570533752441e+00
-2.286176569759845734e-02,1.206273555755615234e+00,6.236965060234069824e-01,6.554074883460998535e-01,5.188280344009399414e-02,-1.529617309570312500e+00,-1.456052064895629883e+00,-6.643868088722229004e-01
-8.908183872699737549e-02,1.398184299468994141e+00,-7.607476413249969482e-02,-5.419807434082031250e-01,4.847670495510101318e-01,-4.505876302719116211e-01,-8.798990249633789062e-01,4.334606826305389404e-01
-2.195407636463642120e-02,1.795616149902343750e+00,6.668572127819061279e-02,-1.666745841503143311e-01,6.359677314758300781e-01,-8.932124972343444824e-01,-3.937932848930358887e-01,5.921568721532821655e-02
-3.305540978908538818e-02,1.523530483245849609e+00,7.908548712730407715e-01,-1.765393018722534180e-01,2.209090292453765869e-01,1.721170544624328613e-01,-7.746399641036987305e-01,-4.122967720031738281e-01
-3.531412780284881592e-02,2.118845701217651367e+00,7.162030935287475586e-01,-2.027600258588790894e-02,2.395129501819610596e-01,-6.684394478797912598e-01,-7.756913900375366211e-01,-4.098111987113952637e-01
7.578505668789148331e-03,1.904623150825500488e+00,5.656026601791381836e-01,2.291271686553955078e-01,1.905360817909240723e-02,-1.154635667800903320e+00,-7.098988890647888184e-01,-4.497810304164886475e-01
-1.629893667995929718e-02,2.033017873764038086e+00,2.159604579210281372e-01,-4.385127723217010498e-01,4.634620845317840576e-01,-5.553420782089233398e-01,-6.692132949829101562e-01,1.549912393093109131e-01
6.262604892253875732e-02,2.145436763763427734e+00,3.748955726623535156e-01,-7.386053800582885742e-01,6.056756973266601562e-01,2.865711152553558350e-01,1.226260289549827576e-01,3.133612126111984253e-02
-1.037074774503707886e-01,1.937739610671997070e+00,1.298539787530899048e-01,-7.260376811027526855e-01,7.606128454208374023e-01,-4.102599620819091797e-02,-9.842890501022338867e-01,4.189945757389068604e-01
7.520453073084354401e-04,1.584373712539672852e-01,1.181424617767333984e+00,6.032367944717407227e-01,-6.164731979370117188e-01,2.426211833953857422e-01,-2.637876570224761963e-01,-1.206881403923034668e+00
-4.722104873508214951e-03,7.415231466293334961e-01,1.040663957595825195e+00,1.074779272079467773e+00,-1.163149029016494751e-01,-1.660946130752563477e+00,-1.901087522506713867e+00,-1.164221882820129395e+00
-9.783922135829925537e-02,-6.718609929084777832e-01,6.451372504234313965e-01,-1.574436128139495850e-01,-8.368397951126098633e-01,1.169082403182983398e+00,8.735693246126174927e-02,-6.382625102996826172e-01
-6.284593045711517334e-02,1.333963632583618164e+00,-1.257446557283401489e-01,-1.939389854669570923e-02,3.562770783901214600e-01,-1.669147491455078125e+00,-1.148731112480163574e+00,2.469323873519897461e-01
5.013976991176605225e-02,4.512463808059692383e-01,1.307913541793823242e+00,1.078512296080589294e-01,-5.023718476295471191e-01,1.089139938354492188e+00,4.399757087230682373e-01,-1.140123844146728516e+00
4.764579236507415771e-02,2.339258670806884766e+00,-2.596837878227233887e-01,-9.439327716827392578e-01,9.571323394775390625e-01,-4.729253053665161133e-01,1.016613617539405823e-01,6.039657592773437500e-01
4.411379992961883545e-02,9.518673419952392578e-01,3.854196071624755859e-01,-6.012527942657470703e-01,3.801058232784271240e-01,1.001102685928344727e+00,1.107752323150634766e+00,-2.273441255092620850e-01
3.965242207050323486e-02,1.002788320183753967e-01,-6.988748311996459961e-01,8.193712681531906128e-02,7.910156250000000000e-01,-1.260777950286865234e+00,3.641006350517272949e-01,1.848155558109283447e-01
7.376991212368011475e-02,4.018960595130920410e-01,-8.038944005966186523e-01,-1.952578127384185791e-01,1.188033342361450195e+00,-1.038176298141479492e+00,1.044550895690917969e+00,3.597323894500732422e-01
-2.558852918446063995e-02,-6.884939968585968018e-03,-7.574734687805175781e-01,4.094613194465637207e-01,1.067757368087768555e+00,-1.977278470993041992e+00,9.046387672424316406e-01,4.502517580986022949e-01
-1.810497492551803589e-01,-1.179539039731025696e-01,-1.315164446830749512e+00,-6.565747410058975220e-02,1.265159368515014648e+00,-2.071274995803833008e+00,-4.232778251171112061e-01,8.384577631950378418e-01
-9.802060201764106750e-03,-1.019699931144714355e+00,-7.242118716239929199e-01,7.837218046188354492e-01,8.137106895446777344e-01,-2.405160665512084961e+00,-4.981470108032226562e-01,1.141802147030830383e-01
2.257980220019817352e-02,-6.800572872161865234e-01,-3.688318729400634766e-01,4.568921625614166260e-01,8.181028366088867188e-01,-1.654621362686157227e+00,-1.456869363784790039e+00,2.812411785125732422e-01
2.098908573389053345e-01,-1.342276930809020996e+00,7.462208867073059082e-01,9.156380295753479004e-01,-6.531360745429992676e-02,-1.796169042587280273e+00,-2.967617034912109375e+00,-5.571314096450805664e-01
6.884783506393432617e-02,-1.216397881507873535e+00,-2.440560907125473022e-01,-5.474809408187866211e-01,3.333452641963958740e-01,2.612424492835998535e-01,-2.084306001663208008e+00,2.553851306438446045e-01
-2.532848622649908066e-03,-1.076963543891906738e+00,-2.611247897148132324e-01,-6.088132858276367188e-01,3.713943064212799072e-01,4.408431053161621094e-01,-1.827291488647460938e+00,3.127591907978057861e-01
-2.795475907623767853e-02,-7.941865921020507812e-01,-4.574364423751831055e-01,-6.325081586837768555e-01,5.395054817199707031e-01,1.335842013359069824e-01,-1.930199623107910156e+00,5.093208551406860352e-01
5.823982506990432739e-02,-1.200327873229980469e+00,-2.033837288618087769e-01,-6.620701551437377930e-01,3.114870488643646240e-01,5.268126726150512695e-01,-1.985181093215942383e+00,2.387496531009674072e-01
1.608729511499404907e-01,-1.284187555313110352e+00,3.092395663261413574e-01,-2.300450950860977173e-02,3.076574504375457764e-01,-5.032395720481872559e-01,-2.935830593109130859e+00,-1.043900027871131897e-01
