0.000000000000000000e+00,0.000000000000000000e+00,1.455098628997802734e+01,2.373668670654296875e+00,2.873498916625976562e+00,1.174440383911132812e+01,3.004969024658203125e+01,3.008372116088867188e+01
0.000000000000000000e+00,0.000000000000000000e+00,9.915197372436523438e+00,8.949100375175476074e-01,7.924257278442382812e+00,7.226374149322509766e+00,2.667260932922363281e+01,1.543765163421630859e+01
0.000000000000000000e+00,0.000000000000000000e+00,2.682172393798828125e+01,1.083752870559692383e+00,0.000000000000000000e+00,1.556257438659667969e+01,5.589303588867187500e+01,4.937274551391601562e+01
0.000000000000000000e+00,0.000000000000000000e+00,1.150764369964599609e+01,0.000000000000000000e+00,1.343951344490051270e+00,4.883348941802978516e+00,2.632057189941406250e+01,2.269804382324218750e+01
0.000000000000000000e+00,0.000000000000000000e+00,1.962276268005371094e+01,0.000000000000000000e+00,1.831106758117675781e+01,8.193983435630798340e-01,5.577935028076171875e+01,4.353765106201171875e+01
0.000000000000000000e+00,0.000000000000000000e+00,2.057915878295898438e+01,0.000000000000000000e+00,1.668377876281738281e+01,2.278503894805908203e+00,5.823511886596679688e+01,4.578102493286132812e+01
0.000000000000000000e+00,0.000000000000000000e+00,3.086660957336425781e+01,0.000000000000000000e+00,2.425788497924804688e+01,0.000000000000000000e+00,8.307371520996093750e+01,6.975851440429687500e+01
0.000000000000000000e+00,0.000000000000000000e+00,2.215666198730468750e+01,0.000000000000000000e+00,2.081837463378906250e+01,0.000000000000000000e+00,6.516447448730468750e+01,5.165986633300781250e+01
0.000000000000000000e+00,0.000000000000000000e+00,3.312918472290039062e+01,0.000000000000000000e+00,3.103892898559570312e+01,0.000000000000000000e+00,9.744560241699218750e+01,8.024368286132812500e+01
0.000000000000000000e+00,0.000000000000000000e+00,3.340095901489257812e+01,0.000000000000000000e+00,3.221235275268554688e+01,0.000000000000000000e+00,9.495879364013671875e+01,7.906732177734375000e+01
0.000000000000000000e+00,0.000000000000000000e+00,3.839126968383789062e+01,0.000000000000000000e+00,3.862463760375976562e+01,0.000000000000000000e+00,1.070249023437500000e+02,8.936195373535156250e+01
0.000000000000000000e+00,0.000000000000000000e+00,2.620660018920898438e+01,0.000000000000000000e+00,2.727479743957519531e+01,0.000000000000000000e+00,7.927146911621093750e+01,6.473451995849609375e+01
0.000000000000000000e+00,0.000000000000000000e+00,3.302396392822265625e+01,0.000000000000000000e+00,2.326529502868652344e+01,4.194339513778686523e-01,8.357061767578125000e+01,7.086344146728515625e+01
0.000000000000000000e+00,0.000000000000000000e+00,5.141568183898925781e+00,3.336520195007324219e+00,1.293510437011718750e+01,8.939038276672363281e+00,1.509876441955566406e+01,7.893219947814941406e+00
0.000000000000000000e+00,0.000000000000000000e+00,2.527940750122070312e+00,3.853515148162841797e+00,4.180955410003662109e+00,8.095149993896484375e+00,7.149896621704101562e+00,1.789924025535583496e+00
0.000000000000000000e+00,0.000000000000000000e+00,6.987354755401611328e+00,2.208761692047119141e+00,1.552922630310058594e+01,1.128266429901123047e+01,1.703910827636718750e+01,2.640032768249511719e+00
0.000000000000000000e+00,0.000000000000000000e+00,4.917019844055175781e+00,1.629507064819335938e+00,1.445380210876464844e+00,4.866100788116455078e+00,1.053601455688476562e+01,9.585675239562988281e+00
0.000000000000000000e+00,0.000000000000000000e+00,3.392228126525878906e+00,2.684491872787475586e+00,8.536060333251953125e+00,6.492370605468750000e+00,9.646483421325683594e+00,5.730682373046875000e+00
0.000000000000000000e+00,0.000000000000000000e+00,7.263176918029785156e+00,7.833485603332519531e-01,8.666841506958007812e+00,7.403633594512939453e+00,1.577050495147705078e+01,1.045107173919677734e+01
0.000000000000000000e+00,0.000000000000000000e+00,2.031231880187988281e+00,4.202508926391601562e+00,8.420587539672851562e+00,6.628307819366455078e+00,8.423444747924804688e+00,4.486307144165039062e+00
0.000000000000000000e+00,0.000000000000000000e+00,4.565947055816650391e+00,2.544155836105346680e+00,0.000000000000000000e+00,4.557172775268554688e+00,1.182464885711669922e+01,1.103971767425537109e+01
0.000000000000000000e+00,0.000000000000000000e+00,1.447575283050537109e+01,6.163441658020019531e+00,0.000000000000000000e+00,1.324573516845703125e+01,3.440671920776367188e+01,2.444846343994140625e+01
0.000000000000000000e+00,0.000000000000000000e+00,9.430440902709960938e+00,5.525122880935668945e-01,0.000000000000000000e+00,5.781062602996826172e+00,1.960229873657226562e+01,1.749715805053710938e+01
0.000000000000000000e+00,0.000000000000000000e+00,5.683126926422119141e+00,1.085007429122924805e+00,4.546644687652587891e+00,5.405838966369628906e+00,1.302069187164306641e+01,1.006869125366210938e+01
0.000000000000000000e+00,0.000000000000000000e+00,1.124227237701416016e+01,0.000000000000000000e+00,2.496361434459686279e-01,5.045654773712158203e+00,2.001628494262695312e+01,1.813019180297851562e+01
0.000000000000000000e+00,0.000000000000000000e+00,2.372073936462402344e+01,0.000000000000000000e+00,1.587187767028808594e+01,3.352157354354858398e+00,4.866172027587890625e+01,4.099945449829101562e+01
0.000000000000000000e+00,0.000000000000000000e+00,7.886169433593750000e+00,0.000000000000000000e+00,1.504441380500793457e+00,6.050116062164306641e+00,1.325684070587158203e+01,9.080333709716796875e+00
0.000000000000000000e+00,0.000000000000000000e+00,5.036270618438720703e+00,0.000000000000000000e+00,0.000000000000000000e+00,2.778651475906372070e+00,8.720230102539062500e+00,7.742303848266601562e+00
0.000000000000000000e+00,0.000000000000000000e+00,0.000000000000000000e+00,7.274857997894287109e+00,9.833917021751403809e-01,8.691132545471191406e+00,0.000000000000000000e+00,0.000000000000000000e+00
0.000000000000000000e+00,0.000000000000000000e+00,5.757886886596679688e+00,9.987781941890716553e-02,2.212845087051391602e-01,3.820943593978881836e+00,1.099566268920898438e+01,8.779314041137695312e+00
0.000000000000000000e+00,0.000000000000000000e+00,8.483492851257324219e+00,1.763129532337188721e-01,1.315791511535644531e+01,8.712880134582519531e+00,1.872495269775390625e+01,9.329616546630859375e+00
0.000000000000000000e+00,0.000000000000000000e+00,1.051010417938232422e+01,0.000000000000000000e+00,1.642771959304809570e-01,5.344074726104736328e+00,1.868349647521972656e+01,1.723124122619628906e+01
0.000000000000000000e+00,0.000000000000000000e+00,4.774109840393066406e+00,3.784788131713867188e+00,3.352298021316528320e+00,6.144883632659912109e+00,1.486603164672851562e+01,1.415095329284667969e+01
0.000000000000000000e+00,0.000000000000000000e+00,3.988461494445800781e+00,2.869984149932861328e+00,6.195894718170166016e+00,6.231619358062744141e+00,1.118576717376708984e+01,6.977396488189697266e+00
0.000000000000000000e+00,0.000000000000000000e+00,1.188452339172363281e+01,0.000000000000000000e+00,2.282273292541503906e+00,7.995731830596923828e+00,2.008356857299804688e+01,1.447331237792968750e+01
0.000000000000000000e+00,0.000000000000000000e+00,1.118818569183349609e+01,0.000000000000000000e+00,5.199206829071044922e+00,4.829138278961181641e+00,2.011708831787109375e+01,1.509942531585693359e+01
0.000000000000000000e+00,0.000000000000000000e+00,1.050310897827148438e+01,0.000000000000000000e+00,3.653467893600463867e+00,2.772202968597412109e+00,2.410600471496582031e+01,2.077344512939453125e+01
0.000000000000000000e+00,0.000000000000000000e+00,8.260534286499023438e+00,1.840476244688034058e-01,0.000000000000000000e+00,4.591823101043701172e+00,1.826707267761230469e+01,1.598980331420898438e+01
0.000000000000000000e+00,0.000000000000000000e+00,6.666456222534179688e+00,2.020917892456054688e+00,0.000000000000000000e+00,5.573906421661376953e+00,1.508082771301269531e+01,1.241184329986572266e+01
0.000000000000000000e+00,0.000000000000000000e+00,6.744743824005126953e+00,4.156192779541015625e+00,2.929504513740539551e-01,1.355673122406005859e+01,6.923709869384765625e+00,0.000000000000000000e+00
0.000000000000000000e+00,0.000000000000000000e+00,1.045255374908447266e+01,0.000000000000000000e+00,1.623543620109558105e+00,4.112462520599365234e+00,2.325002288818359375e+01,2.015715980529785156e+01
0.000000000000000000e+00,0.000000000000000000e+00,7.582272529602050781e+00,2.469950437545776367e+00,1.078656077384948730e+00,6.806330680847167969e+00,1.720222854614257812e+01,1.683010673522949219e+01
0.000000000000000000e+00,0.000000000000000000e+00,1.009343624114990234e+01,1.671958208084106445e+00,1.434200406074523926e+00,7.754047393798828125e+00,2.171888732910156250e+01,2.096995544433593750e+01
0.000000000000000000e+00,0.000000000000000000e+00,1.278718852996826172e+01,0.000000000000000000e+00,1.671144366264343262e-01,7.449804782867431641e+00,2.440416336059570312e+01,2.262988281250000000e+01
0.000000000000000000e+00,0.000000000000000000e+00,0.000000000000000000e+00,1.214430046081542969e+01,0.000000000000000000e+00,1.459233093261718750e+01,0.000000000000000000e+00,0.000000000000000000e+00
0.000000000000000000e+00,0.000000000000000000e+00,8.697197914123535156e+00,1.642906427383422852e+00,1.306168198585510254e+00,7.318976879119873047e+00,1.749492645263671875e+01,1.295653247833251953e+01
0.000000000000000000e+00,0.000000000000000000e+00,0.000000000000000000e+00,6.158991813659667969e+00,3.994525432586669922e+00,4.991818904876708984e+00,3.475737571716308594e+00,1.853002429008483887e+00
0.000000000000000000e+00,0.000000000000000000e+00,6.935855388641357422e+00,0.000000000000000000e+00,3.586516141891479492e+00,4.409427642822265625e+00,1.447251319885253906e+01,9.472706794738769531e+00
0.000000000000000000e+00,0.000000000000000000e+00,6.781972408294677734e+00,0.000000000000000000e+00,1.561337709426879883e+00,3.462228536605834961e+00,1.443302536010742188e+01,1.157453727722167969e+01
0.000000000000000000e+00,0.000000000000000000e+00,9.024831771850585938e+00,0.000000000000000000e+00,0.000000000000000000e+00,4.747127056121826172e+00,1.714257240295410156e+01,1.531919765472412109e+01
0.000000000000000000e+00,0.000000000000000000e+00,1.231299591064453125e+01,0.000000000000000000e+00,7.409926891326904297e+00,6.037165641784667969e+00,2.419632911682128906e+01,1.723363494873046875e+01
0.000000000000000000e+00,0.000000000000000000e+00,1.072622489929199219e+01,0.000000000000000000e+00,7.514663785696029663e-02,4.903754234313964844e+00,1.826281547546386719e+01,1.671746253967285156e+01
0.000000000000000000e+00,0.000000000000000000e+00,8.460512161254882812e+00,2.981231927871704102e+00,2.183125257492065430e+00,7.949621677398681641e+00,1.971572685241699219e+01,1.971122169494628906e+01
0.000000000000000000e+00,0.000000000000000000e+00,1.044603729248046875e+01,0.000000000000000000e+00,4.625399410724639893e-02,4.951904773712158203e+00,1.810703086853027344e+01,1.657624435424804688e+01
0.000000000000000000e+00,0.000000000000000000e+00,8.407594680786132812e+00,0.000000000000000000e+00,6.182305812835693359e-01,4.888929367065429688e+00,1.534502506256103516e+01,1.452719402313232422e+01
0.000000000000000000e+00,0.000000000000000000e+00,4.283057689666748047e+00,1.288537979125976562e+00,2.239199638366699219e+00,4.822853565216064453e+00,7.854822158813476562e+00,4.408823490142822266e+00
0.000000000000000000e+00,0.000000000000000000e+00,7.851613998413085938e+00,6.777588129043579102e-01,0.000000000000000000e+00,5.184203624725341797e+00,1.631591224670410156e+01,1.491661357879638672e+01
0.000000000000000000e+00,0.000000000000000000e+00,1.428411960601806641e+01,0.000000000000000000e+00,1.275574684143066406e+01,2.206019401550292969e+00,3.425816726684570312e+01,2.562701797485351562e+01
0.000000000000000000e+00,0.000000000000000000e+00,7.378682136535644531e+00,0.000000000000000000e+00,1.048855632543563843e-01,4.464169025421142578e+00,1.425477409362792969e+01,1.318253898620605469e+01
0.000000000000000000e+00,0.000000000000000000e+00,6.302474021911621094e+00,2.716814517974853516e+00,7.266958236694335938e+00,7.600941658020019531e+00,1.719857406616210938e+01,6.229264736175537109e+00
0.000000000000000000e+00,0.000000000000000000e+00,6.666712760925292969e+00,5.123519897460937500e-01,5.020107746124267578e+00,6.448695659637451172e+00,1.216357898712158203e+01,4.625121593475341797e+00
0.000000000000000000e+00,0.000000000000000000e+00,6.179204463958740234e+00,0.000000000000000000e+00,9.875994682312011719e+00,4.450985908508300781e+00,1.524871540069580078e+01,5.410948276519775391e+00
0.000000000000000000e+00,0.000000000000000000e+00,1.098683166503906250e+01,4.602501988410949707e-01,0.000000000000000000e+00,6.402757644653320312e+00,2.286426925659179688e+01,2.008449172973632812e+01
0.000000000000000000e+00,0.000000000000000000e+00,6.778506755828857422e+00,3.214603066444396973e-01,3.127548694610595703e-01,4.525706768035888672e+00,1.352821159362792969e+01,1.269550991058349609e+01
0.000000000000000000e+00,0.000000000000000000e+00,1.389441490173339844e+01,0.000000000000000000e+00,4.638458192348480225e-01,6.546353340148925781e+00,2.360814476013183594e+01,2.192410087585449219e+01
0.000000000000000000e+00,0.000000000000000000e+00,1.095955467224121094e+01,0.000000000000000000e+00,2.674670815467834473e-01,5.582688331604003906e+00,1.939357185363769531e+01,1.795862007141113281e+01
0.000000000000000000e+00,0.000000000000000000e+00,1.662464714050292969e+01,0.000000000000000000e+00,8.482287406921386719e+00,1.978251457214355469e+00,3.401585388183593750e+01,2.992909622192382812e+01
0.000000000000000000e+00,0.000000000000000000e+00,6.277164936065673828e+00,2.806499242782592773e+00,0.000000000000000000e+00,5.541351318359375000e+00,1.576683521270751953e+01,1.433179283142089844e+01
0.000000000000000000e+00,0.000000000000000000e+00,4.699937343597412109e+00,2.389540433883666992e+00,1.389550924301147461e+00,5.520428180694580078e+00,1.015032863616943359e+01,5.092666625976562500e+00
0.000000000000000000e+00,0.000000000000000000e+00,5.247319221496582031e+00,4.130544185638427734e+00,3.814969360828399658e-01,6.217774868011474609e+00,1.479532146453857422e+01,1.420268917083740234e+01
0.000000000000000000e+00,0.000000000000000000e+00,5.008464813232421875e+00,5.485909461975097656e+00,4.162437915802001953e+00,8.470817565917968750e+00,1.486040687561035156e+01,7.874581336975097656e+00
0.000000000000000000e+00,0.000000000000000000e+00,7.555913925170898438e+00,2.007382154464721680e+00,5.251045227050781250e+00,9.180840492248535156e+00,1.205858898162841797e+01,2.382812023162841797e+00
0.000000000000000000e+00,0.000000000000000000e+00,2.529669284820556641e+00,6.440133571624755859e+00,2.231871128082275391e+00,6.005046367645263672e+00,1.438200092315673828e+01,5.991898536682128906e+00
0.000000000000000000e+00,0.000000000000000000e+00,7.553885936737060547e+00,2.565187692642211914e+00,0.000000000000000000e+00,6.322702884674072266e+00,1.783467674255371094e+01,1.652647209167480469e+01
0.000000000000000000e+00,0.000000000000000000e+00,1.765026473999023438e+01,0.000000000000000000e+00,1.814668083190917969e+01,5.957580208778381348e-01,4.150865173339843750e+01,3.200743484497070312e+01
0.000000000000000000e+00,0.000000000000000000e+00,7.057094573974609375e+00,1.152619123458862305e+00,4.945394098758697510e-01,5.338735580444335938e+00,1.493964672088623047e+01,1.420186328887939453e+01
0.000000000000000000e+00,0.000000000000000000e+00,3.187944412231445312e+00,2.088016510009765625e+00,4.057874679565429688e+00,4.183578014373779297e+00,1.013315010070800781e+01,3.626308441162109375e+00
0.000000000000000000e+00,0.000000000000000000e+00,7.412331104278564453e+00,8.153983354568481445e-01,0.000000000000000000e+00,4.601921558380126953e+00,1.604957962036132812e+01,1.398627662658691406e+01
0.000000000000000000e+00,0.000000000000000000e+00,4.032635211944580078e+00,3.634306192398071289e+00,2.514107227325439453e+00,6.352497100830078125e+00,1.004831027984619141e+01,5.266106605529785156e+00
0.000000000000000000e+00,0.000000000000000000e+00,8.041159629821777344e+00,9.288186430931091309e-01,0.000000000000000000e+00,4.596368312835693359e+00,1.961929512023925781e+01,1.674661064147949219e+01
0.000000000000000000e+00,0.000000000000000000e+00,7.814713478088378906e+00,1.526718854904174805e+00,8.691504001617431641e-01,5.415947437286376953e+00,1.941276550292968750e+01,1.477521038055419922e+01
0.000000000000000000e+00,0.000000000000000000e+00,9.112697601318359375e+00,1.083811163902282715e+00,0.000000000000000000e+00,5.816461086273193359e+00,1.972281646728515625e+01,1.742259216308593750e+01
0.000000000000000000e+00,0.000000000000000000e+00,8.141037940979003906e+00,7.679048180580139160e-01,8.478682518005371094e+00,5.608902454376220703e+00,2.490129280090332031e+01,1.884097862243652344e+01
0.000000000000000000e+00,0.000000000000000000e+00,8.774025917053222656e+00,1.823002576828002930e+00,0.000000000000000000e+00,6.748449802398681641e+00,1.881969642639160156e+01,1.435903072357177734e+01
0.000000000000000000e+00,0.000000000000000000e+00,1.326865291595458984e+01,0.000000000000000000e+00,1.027454566955566406e+01,9.899576187133789062e+00,3.021759033203125000e+01,1.625293731689453125e+01
0.000000000000000000e+00,0.000000000000000000e+00,1.986708450317382812e+01,0.000000000000000000e+00,1.507153606414794922e+01,1.684725582599639893e-01,5.619211196899414062e+01,4.677032089233398438e+01
0.000000000000000000e+00,0.000000000000000000e+00,2.834471130371093750e+01,0.000000000000000000e+00,2.629790306091308594e+01,0.000000000000000000e+00,8.307059478759765625e+01,6.882659149169921875e+01
0.000000000000000000e+00,0.000000000000000000e+00,2.515178489685058594e+01,0.000000000000000000e+00,2.434737968444824219e+01,0.000000000000000000e+00,7.645652008056640625e+01,6.306381225585937500e+01
0.000000000000000000e+00,0.000000000000000000e+00,2.965767097473144531e+01,0.000000000000000000e+00,3.068673324584960938e+01,0.000000000000000000e+00,8.739278411865234375e+01,7.151313018798828125e+01
0.000000000000000000e+00,0.000000000000000000e+00,2.271457290649414062e+01,0.000000000000000000e+00,2.335317039489746094e+01,0.000000000000000000e+00,7.026911163330078125e+01,5.628171539306640625e+01
0.000000000000000000e+00,0.000000000000000000e+00,3.606838226318359375e+01,0.000000000000000000e+00,3.646197128295898438e+01,0.000000000000000000e+00,9.781674957275390625e+01,8.200215911865234375e+01
0.000000000000000000e+00,0.000000000000000000e+00,3.640513992309570312e+01,0.000000000000000000e+00,3.727051162719726562e+01,0.000000000000000000e+00,1.004281768798828125e+02,8.397711944580078125e+01
0.000000000000000000e+00,0.000000000000000000e+00,3.476772308349609375e+01,0.000000000000000000e+00,3.570343017578125000e+01,0.000000000000000000e+00,9.696588134765625000e+01,8.095061492919921875e+01
0.000000000000000000e+00,0.000000000000000000e+00,3.506456375122070312e+01,0.000000000000000000e+00,3.514955520629882812e+01,0.000000000000000000e+00,9.879733276367187500e+01,8.236325836181640625e+01
0.000000000000000000e+00,0.000000000000000000e+00,2.625827026367187500e+01,0.000000000000000000e+00,2.467736053466796875e+01,0.000000000000000000e+00,7.409098815917968750e+01,6.175563812255859375e+01
0.000000000000000000e+00,0.000000000000000000e+00,2.955913543701171875e+01,0.000000000000000000e+00,0.000000000000000000e+00,1.460855770111083984e+01,5.485409927368164062e+01,4.932315826416015625e+01
0.000000000000000000e+00,0.000000000000000000e+00,3.205960845947265625e+01,0.000000000000000000e+00,2.891682147979736328e+00,1.541503906250000000e+01,5.309867095947265625e+01,5.077841186523437500e+01
0.000000000000000000e+00,0.000000000000000000e+00,2.038927268981933594e+01,0.000000000000000000e+00,6.311819553375244141e+00,8.533003807067871094e+00,4.677842712402343750e+01,3.763842391967773438e+01
0.000000000000000000e+00,0.000000000000000000e+00,2.226511383056640625e+01,0.000000000000000000e+00,1.850258255004882812e+01,4.016228675842285156e+00,5.878455734252929688e+01,4.442701339721679688e+01
0.000000000000000000e+00,0.000000000000000000e+00,2.744606018066406250e+01,0.000000000000000000e+00,2.273340606689453125e+01,0.000000000000000000e+00,7.581270599365234375e+01,6.260913085937500000e+01
0.000000000000000000e+00,0.000000000000000000e+00,4.205127334594726562e+01,0.000000000000000000e+00,3.985523223876953125e+01,0.000000000000000000e+00,1.091632080078125000e+02,9.214361572265625000e+01
0.000000000000000000e+00,0.000000000000000000e+00,4.082781982421875000e+01,0.000000000000000000e+00,3.745653152465820312e+01,0.000000000000000000e+00,1.043973388671875000e+02,8.750368499755859375e+01
0.000000000000000000e+00,0.000000000000000000e+00,3.499520111083984375e+01,0.000000000000000000e+00,3.797063827514648438e+01,0.000000000000000000e+00,9.646101379394531250e+01,8.018402099609375000e+01
0.000000000000000000e+00,0.000000000000000000e+00,3.258638000488281250e+01,0.000000000000000000e+00,3.339020156860351562e+01,0.000000000000000000e+00,9.257223510742187500e+01,7.599588012695312500e+01
0.000000000000000000e+00,0.000000000000000000e+00,2.783364295959472656e+01,0.000000000000000000e+00,2.562462234497070312e+01,0.000000000000000000e+00,7.946442413330078125e+01,6.539925384521484375e+01
0.000000000000000000e+00,0.000000000000000000e+00,3.461161041259765625e+01,0.000000000000000000e+00,3.766742706298828125e+01,0.000000000000000000e+00,9.619283294677734375e+01,7.846834564208984375e+01
0.000000000000000000e+00,0.000000000000000000e+00,2.581874847412109375e+01,0.000000000000000000e+00,2.535687828063964844e+01,0.000000000000000000e+00,7.596486663818359375e+01,6.097687530517578125e+01
0.000000000000000000e+00,0.000000000000000000e+00,2.516548347473144531e+01,0.000000000000000000e+00,2.225793457031250000e+01,0.000000000000000000e+00,7.261668395996093750e+01,5.888983917236328125e+01
0.000000000000000000e+00,0.000000000000000000e+00,9.187995910644531250e+00,0.000000000000000000e+00,4.848483085632324219e+00,3.274175405502319336e+00,2.356498336791992188e+01,1.827078819274902344e+01
0.000000000000000000e+00,0.000000000000000000e+00,6.293360710144042969e+00,2.011577844619750977e+00,2.756061077117919922e+00,6.738608837127685547e+00,1.247054100036621094e+01,9.401393890380859375e+00
0.000000000000000000e+00,0.000000000000000000e+00,6.439103603363037109e+00,1.397625446319580078e+00,2.637088775634765625e+00,6.226761817932128906e+00,1.249566555023193359e+01,1.114740943908691406e+01
0.000000000000000000e+00,0.000000000000000000e+00,3.677584171295166016e+00,3.044488430023193359e+00,3.042234420776367188e+00,5.307562351226806641e+00,1.044624805450439453e+01,1.074933338165283203e+01
0.000000000000000000e+00,0.000000000000000000e+00,1.573918628692626953e+01,0.000000000000000000e+00,1.437280273437500000e+01,8.119928359985351562e+00,3.201885604858398438e+01,1.815409088134765625e+01
0.000000000000000000e+00,0.000000000000000000e+00,6.935902118682861328e+00,0.000000000000000000e+00,3.487699031829833984e+00,4.348843097686767578e+00,1.453895664215087891e+01,1.006819057464599609e+01
0.000000000000000000e+00,0.000000000000000000e+00,6.955512046813964844e+00,1.487485408782958984e+00,1.456308364868164062e-01,5.368644714355468750e+00,1.524135208129882812e+01,1.403937053680419922e+01
0.000000000000000000e+00,0.000000000000000000e+00,1.104628443717956543e+00,5.349321365356445312e+00,3.250874996185302734e+00,7.617631912231445312e+00,1.766089439392089844e+00,0.000000000000000000e+00
0.000000000000000000e+00,0.000000000000000000e+00,3.932287216186523438e+00,3.858458757400512695e+00,3.300042629241943359e+00,6.634367465972900391e+00,1.011098670959472656e+01,1.006860923767089844e+01
0.000000000000000000e+00,0.000000000000000000e+00,0.000000000000000000e+00,9.262375831604003906e+00,0.000000000000000000e+00,4.693874359130859375e+00,8.178861618041992188e+00,2.301797389984130859e+00
0.000000000000000000e+00,0.000000000000000000e+00,1.221366024017333984e+01,0.000000000000000000e+00,2.022890853881835938e+01,6.915841102600097656e+00,2.034927177429199219e+01,3.841226577758789062e+00
0.000000000000000000e+00,0.000000000000000000e+00,1.017814445495605469e+01,1.779151111841201782e-01,1.434790611267089844e+00,6.975828647613525391e+00,1.956920623779296875e+01,1.912417030334472656e+01
0.000000000000000000e+00,0.000000000000000000e+00,6.246408462524414062e+00,2.312648534774780273e+00,3.731503725051879883e+00,7.382812023162841797e+00,1.218497753143310547e+01,7.149429321289062500e+00
0.000000000000000000e+00,0.000000000000000000e+00,2.609269142150878906e+00,3.397817850112915039e+00,9.356859207153320312e+00,6.273792743682861328e+00,1.043773555755615234e+01,6.961834430694580078e+00
0.000000000000000000e+00,0.000000000000000000e+00,3.592519998550415039e+00,1.273373365402221680e+00,3.779824018478393555e+00,3.987201452255249023e+00,9.320275306701660156e+00,4.666279792785644531e+00
0.000000000000000000e+00,0.000000000000000000e+00,3.272278308868408203e+00,4.988344669342041016e+00,5.619770288467407227e-01,8.029239654541015625e+00,7.386833667755126953e+00,4.792796134948730469e+00
0.000000000000000000e+00,0.000000000000000000e+00,9.037200927734375000e+00,1.393099069595336914e+00,4.795297145843505859e+00,7.619694232940673828e+00,2.035236167907714844e+01,1.694953536987304688e+01
0.000000000000000000e+00,0.000000000000000000e+00,5.228373527526855469e+00,5.921571731567382812e+00,0.000000000000000000e+00,1.398018836975097656e+01,5.356658935546875000e+00,0.000000000000000000e+00
0.000000000000000000e+00,0.000000000000000000e+00,1.127525520324707031e+01,5.331045389175415039e-01,3.649277687072753906e+00,9.502963066101074219e+00,1.919109153747558594e+01,1.107540035247802734e+01
0.000000000000000000e+00,0.000000000000000000e+00,5.247472763061523438e+00,1.229828596115112305e+00,1.058560252189636230e+00,4.922347545623779297e+00,1.040233135223388672e+01,8.421689033508300781e+00
0.000000000000000000e+00,0.000000000000000000e+00,7.682840347290039062e+00,4.938389658927917480e-01,2.194342136383056641e+00,5.125136852264404297e+00,1.765641975402832031e+01,1.270117950439453125e+01
0.000000000000000000e+00,0.000000000000000000e+00,7.630764961242675781e+00,6.082278490066528320e-02,1.517363786697387695e+00,4.191124916076660156e+00,1.831420135498046875e+01,1.632915878295898438e+01
0.000000000000000000e+00,0.000000000000000000e+00,2.726792335510253906e+00,1.514461040496826172e+00,4.305352687835693359e+00,2.491778850555419922e+00,1.212946414947509766e+01,6.336063385009765625e+00
0.000000000000000000e+00,5.669314414262771606e-02,0.000000000000000000e+00,6.612058639526367188e+00,0.000000000000000000e+00,8.397101402282714844e+00,0.000000000000000000e+00,0.000000000000000000e+00
0.000000000000000000e+00,0.000000000000000000e+00,6.617815017700195312e+00,9.621180295944213867e-01,0.000000000000000000e+00,4.806246757507324219e+00,1.382968330383300781e+01,1.140602016448974609e+01
0.000000000000000000e+00,0.000000000000000000e+00,3.941169738769531250e+00,1.633663177490234375e+00,1.016202831268310547e+01,6.288490295410156250e+00,1.056275463104248047e+01,5.192918300628662109e+00
0.000000000000000000e+00,0.000000000000000000e+00,2.380789756774902344e+00,1.563077211380004883e+00,7.942980289459228516e+00,4.082278728485107422e+00,7.555579662322998047e+00,0.000000000000000000e+00
0.000000000000000000e+00,0.000000000000000000e+00,5.852238655090332031e+00,2.270298480987548828e+00,1.530271649360656738e+00,5.662846565246582031e+00,1.386601924896240234e+01,1.306839656829833984e+01
0.000000000000000000e+00,0.000000000000000000e+00,6.225346565246582031e+00,2.011199951171875000e+00,1.376376914978027344e+01,9.172113418579101562e+00,1.544904327392578125e+01,6.258565902709960938e+00
0.000000000000000000e+00,0.000000000000000000e+00,6.277029514312744141e+00,3.559643268585205078e+00,5.508848667144775391e+00,8.256871223449707031e+00,1.531089115142822266e+01,1.184926986694335938e+01
0.000000000000000000e+00,0.000000000000000000e+00,5.436074256896972656e+00,6.260742545127868652e-01,8.533706665039062500e+00,5.777972698211669922e+00,1.317208385467529297e+01,8.622808456420898438e+00
0.000000000000000000e+00,0.000000000000000000e+00,1.097972011566162109e+01,0.000000000000000000e+00,1.384892845153808594e+01,7.694252490997314453e+00,2.248481178283691406e+01,1.127451515197753906e+01
0.000000000000000000e+00,0.000000000000000000e+00,3.741464614868164062e+00,1.869544744491577148e+00,8.010384440422058105e-02,3.080724000930786133e+00,1.122332954406738281e+01,9.715032577514648438e+00
0.000000000000000000e+00,0.000000000000000000e+00,2.328531265258789062e+00,2.351297855377197266e+00,4.471198558807373047e+00,3.239258289337158203e+00,1.078631305694580078e+01,3.960990905761718750e+00
0.000000000000000000e+00,0.000000000000000000e+00,4.681565284729003906e+00,2.985499858856201172e+00,2.705386638641357422e+00,6.719958782196044922e+00,9.535571098327636719e+00,2.643754959106445312e+00
0.000000000000000000e+00,0.000000000000000000e+00,4.495865821838378906e+00,2.914916992187500000e+00,4.595634937286376953e-01,5.173562526702880859e+00,1.129630184173583984e+01,8.025076866149902344e+00
0.000000000000000000e+00,0.000000000000000000e+00,3.741871833801269531e+00,1.823382139205932617e+00,7.357825756072998047e+00,4.825753211975097656e+00,1.247214698791503906e+01,7.719447135925292969e+00
0.000000000000000000e+00,0.000000000000000000e+00,5.690514564514160156e+00,8.007782101631164551e-01,1.302478790283203125e+00,4.795310974121093750e+00,1.094571590423583984e+01,8.587483406066894531e+00
0.000000000000000000e+00,0.000000000000000000e+00,9.610665440559387207e-01,4.776504516601562500e+00,6.424274444580078125e+00,5.938589572906494141e+00,6.623759269714355469e+00,5.030530452728271484e+00
0.000000000000000000e+00,0.000000000000000000e+00,8.783013343811035156e+00,3.389273583889007568e-01,1.069914054870605469e+01,8.185755729675292969e+00,1.973765945434570312e+01,1.297373199462890625e+01
0.000000000000000000e+00,0.000000000000000000e+00,3.937678337097167969e+00,4.714630603790283203e+00,3.054624557495117188e+00,7.016295433044433594e+00,1.149285507202148438e+01,1.261300373077392578e+01
0.000000000000000000e+00,0.000000000000000000e+00,7.075947761535644531e+00,9.934691190719604492e-01,2.427118062973022461e+00,6.079486370086669922e+00,1.388087844848632812e+01,1.462274456024169922e+01
0.000000000000000000e+00,0.000000000000000000e+00,7.162447452545166016e+00,0.000000000000000000e+00,8.271329879760742188e+00,6.171713352203369141e+00,1.618223953247070312e+01,1.384245109558105469e+01
0.000000000000000000e+00,0.000000000000000000e+00,1.321665096282958984e+01,0.000000000000000000e+00,2.517893600463867188e+01,7.934370040893554688e+00,2.890042877197265625e+01,1.357161331176757812e+01
0.000000000000000000e+00,0.000000000000000000e+00,0.000000000000000000e+00,1.209289741516113281e+01,0.000000000000000000e+00,2.433002471923828125e+00,4.652831554412841797e+00,0.000000000000000000e+00
0.000000000000000000e+00,0.000000000000000000e+00,1.159975719451904297e+01,0.000000000000000000e+00,1.098549652099609375e+01,8.488426208496093750e+00,2.475242424011230469e+01,1.757761383056640625e+01
0.000000000000000000e+00,0.000000000000000000e+00,9.326600074768066406e+00,0.000000000000000000e+00,1.386056900024414062e+01,5.261559009552001953e+00,2.035949325561523438e+01,7.995014190673828125e+00
0.000000000000000000e+00,0.000000000000000000e+00,8.276315689086914062e+00,0.000000000000000000e+00,7.224695682525634766e+00,8.835216522216796875e+00,1.482656478881835938e+01,5.427124500274658203e+00
0.000000000000000000e+00,0.000000000000000000e+00,7.781785011291503906e+00,0.000000000000000000e+00,1.818371891975402832e+00,5.344066143035888672e+00,1.275307655334472656e+01,8.935823440551757812e+00
0.000000000000000000e+00,0.000000000000000000e+00,2.719931125640869141e+00,3.266452312469482422e+00,1.893992543220520020e+00,6.082255840301513672e+00,6.414378166198730469e+00,1.911248087882995605e+00
0.000000000000000000e+00,0.000000000000000000e+00,3.105153560638427734e+00,1.343278884887695312e+00,5.074078083038330078e+00,3.551479816436767578e+00,1.016280460357666016e+01,3.361307621002197266e+00
0.000000000000000000e+00,0.000000000000000000e+00,1.234410166740417480e+00,5.089595317840576172e+00,7.168677806854248047e+00,6.384643554687500000e+00,7.865294456481933594e+00,5.057440757751464844e+00
0.000000000000000000e+00,0.000000000000000000e+00,1.538505196571350098e+00,6.027791023254394531e+00,1.006605625152587891e+00,5.198842048645019531e+00,1.040762138366699219e+01,1.025503921508789062e+01
0.000000000000000000e+00,0.000000000000000000e+00,5.730786323547363281e+00,4.897789478302001953e+00,9.709813117980957031e+00,7.993181705474853516e+00,2.261417007446289062e+01,1.713667869567871094e+01
0.000000000000000000e+00,0.000000000000000000e+00,6.423548221588134766e+00,3.041352987289428711e+00,1.655711174011230469e+01,1.033433246612548828e+01,1.810284996032714844e+01,1.132581901550292969e+01
0.000000000000000000e+00,0.000000000000000000e+00,0.000000000000000000e+00,1.308704280853271484e+01,0.000000000000000000e+00,4.886789798736572266e+00,1.286883163452148438e+01,8.354493141174316406e+00
0.000000000000000000e+00,0.000000000000000000e+00,1.587496280670166016e+01,0.000000000000000000e+00,1.888408088684082031e+01,7.464321136474609375e+00,3.395785522460937500e+01,2.203544425964355469e+01
0.000000000000000000e+00,0.000000000000000000e+00,3.568812370300292969e+00,3.801127910614013672e+00,1.076587963104248047e+01,8.050675392150878906e+00,1.077465152740478516e+01,5.327446460723876953e+00
0.000000000000000000e+00,0.000000000000000000e+00,2.360819131135940552e-01,1.005414962768554688e+01,0.000000000000000000e+00,1.410750007629394531e+01,0.000000000000000000e+00,0.000000000000000000e+00
0.000000000000000000e+00,0.000000000000000000e+00,1.006844615936279297e+01,3.399544954299926758e-01,1.370490932464599609e+01,9.820398330688476562e+00,2.243231773376464844e+01,1.397181892395019531e+01
0.000000000000000000e+00,0.000000000000000000e+00,5.421417236328125000e+00,0.000000000000000000e+00,1.116359138488769531e+01,5.837769985198974609e+00,1.314172649383544922e+01,5.183263778686523438e+00
0.000000000000000000e+00,0.000000000000000000e+00,2.347295045852661133e+00,2.784610509872436523e+00,4.625205516815185547e+00,4.290588378906250000e+00,9.219312667846679688e+00,7.224484443664550781e+00
0.000000000000000000e+00,0.000000000000000000e+00,4.795702934265136719e+00,2.629466533660888672e+00,4.211037635803222656e+00,6.559280872344970703e+00,1.236025238037109375e+01,5.262460708618164062e+00
0.000000000000000000e+00,0.000000000000000000e+00,4.221676826477050781e+00,2.821852684020996094e+00,2.449369192123413086e+00,6.040607929229736328e+00,9.065345764160156250e+00,2.751115322113037109e+00
0.000000000000000000e+00,0.000000000000000000e+00,7.952805519104003906e+00,1.005123853683471680e+00,1.544153785705566406e+01,8.669007301330566406e+00,2.183315086364746094e+01,9.582231521606445312e+00
0.000000000000000000e+00,0.000000000000000000e+00,1.087466907501220703e+01,0.000000000000000000e+00,1.324636077880859375e+01,4.517747402191162109e+00,3.683111572265625000e+01,2.600820159912109375e+01
0.000000000000000000e+00,0.000000000000000000e+00,2.248600769042968750e+01,0.000000000000000000e+00,2.158507347106933594e+01,0.000000000000000000e+00,7.055173492431640625e+01,5.732942962646484375e+01
0.000000000000000000e+00,0.000000000000000000e+00,2.188133239746093750e+01,0.000000000000000000e+00,1.818488121032714844e+01,0.000000000000000000e+00,6.357325363159179688e+01,5.277807617187500000e+01
0.000000000000000000e+00,0.000000000000000000e+00,2.732282829284667969e+01,0.000000000000000000e+00,2.456425285339355469e+01,0.000000000000000000e+00,8.172438812255859375e+01,6.685622406005859375e+01
0.000000000000000000e+00,0.000000000000000000e+00,2.262060356140136719e+01,0.000000000000000000e+00,1.935390472412109375e+01,6.323722600936889648e-01,6.443592834472656250e+01,5.171100616455078125e+01
0.000000000000000000e+00,0.000000000000000000e+00,2.372195053100585938e+01,0.000000000000000000e+00,2.194305610656738281e+01,0.000000000000000000e+00,6.915273284912109375e+01,5.670585250854492188e+01
0.000000000000000000e+00,0.000000000000000000e+00,2.905373382568359375e+01,0.000000000000000000e+00,3.119499015808105469e+01,0.000000000000000000e+00,8.676092529296875000e+01,6.892008972167968750e+01
0.000000000000000000e+00,0.000000000000000000e+00,2.403804588317871094e+01,0.000000000000000000e+00,2.431121635437011719e+01,0.000000000000000000e+00,7.404635620117187500e+01,5.931557846069335938e+01
0.000000000000000000e+00,0.000000000000000000e+00,2.361819076538085938e+01,0.000000000000000000e+00,2.504962158203125000e+01,0.000000000000000000e+00,7.039145660400390625e+01,5.744138336181640625e+01
0.000000000000000000e+00,0.000000000000000000e+00,2.213600730895996094e+01,0.000000000000000000e+00,0.000000000000000000e+00,1.047861862182617188e+01,3.954350280761718750e+01,3.582978057861328125e+01
0.000000000000000000e+00,0.000000000000000000e+00,3.052962493896484375e+01,0.000000000000000000e+00,1.784944653511047363e+00,1.609315299987792969e+01,5.407967758178710938e+01,5.110341644287109375e+01
0.000000000000000000e+00,0.000000000000000000e+00,1.824146842956542969e+01,0.000000000000000000e+00,9.576678276062011719e+00,2.249986410140991211e+00,4.100766372680664062e+01,3.546995925903320312e+01
0.000000000000000000e+00,0.000000000000000000e+00,3.108985328674316406e+01,0.000000000000000000e+00,3.359954071044921875e+01,0.000000000000000000e+00,8.352831268310546875e+01,6.389359664916992188e+01
0.000000000000000000e+00,0.000000000000000000e+00,2.377611160278320312e+01,0.000000000000000000e+00,2.345938110351562500e+01,0.000000000000000000e+00,6.809570312500000000e+01,5.341417312622070312e+01
0.000000000000000000e+00,0.000000000000000000e+00,3.177149009704589844e+01,0.000000000000000000e+00,3.004539489746093750e+01,0.000000000000000000e+00,8.806345367431640625e+01,7.129083251953125000e+01
0.000000000000000000e+00,0.000000000000000000e+00,2.390446853637695312e+01,0.000000000000000000e+00,2.796868896484375000e+01,0.000000000000000000e+00,7.370895385742187500e+01,5.729930877685546875e+01
0.000000000000000000e+00,0.000000000000000000e+00,2.337216377258300781e+01,0.000000000000000000e+00,2.803248214721679688e+01,0.000000000000000000e+00,7.192963409423828125e+01,5.449728393554687500e+01
0.000000000000000000e+00,0.000000000000000000e+00,2.767718887329101562e+01,0.000000000000000000e+00,2.676267433166503906e+01,0.000000000000000000e+00,8.276874542236328125e+01,6.802188110351562500e+01
0.000000000000000000e+00,0.000000000000000000e+00,2.448897933959960938e+01,0.000000000000000000e+00,1.980459785461425781e+01,2.068455934524536133e+00,6.838462066650390625e+01,5.434214019775390625e+01
0.000000000000000000e+00,0.000000000000000000e+00,1.287682628631591797e+01,0.000000000000000000e+00,8.212924003601074219e+00,7.356273174285888672e+00,3.259636306762695312e+01,2.163434410095214844e+01
0.000000000000000000e+00,0.000000000000000000e+00,7.350370407104492188e+00,1.886121749877929688e+00,2.566326856613159180e+00,6.834578037261962891e+00,1.563528633117675781e+01,1.631059455871582031e+01
0.000000000000000000e+00,0.000000000000000000e+00,1.246771526336669922e+01,0.000000000000000000e+00,7.095875263214111328e+00,4.873360633850097656e+00,2.683795928955078125e+01,2.286591339111328125e+01
0.000000000000000000e+00,0.000000000000000000e+00,2.114285469055175781e+00,4.184181213378906250e+00,4.244268417358398438e+00,5.590618133544921875e+00,8.338502883911132812e+00,7.972065925598144531e+00
0.000000000000000000e+00,0.000000000000000000e+00,7.016285896301269531e+00,1.267636418342590332e-01,2.370792388916015625e+00,4.644165515899658203e+00,1.542484474182128906e+01,1.415560626983642578e+01
0.000000000000000000e+00,0.000000000000000000e+00,7.674034118652343750e+00,1.473279714584350586e+00,7.210791110992431641e+00,7.094753742218017578e+00,1.924543952941894531e+01,1.672304534912109375e+01
0.000000000000000000e+00,0.000000000000000000e+00,1.079427123069763184e+00,6.723507881164550781e+00,0.000000000000000000e+00,5.155479907989501953e+00,1.004533863067626953e+01,6.619116783142089844e+00
0.000000000000000000e+00,0.000000000000000000e+00,8.473359107971191406e+00,6.231682300567626953e-01,8.567502975463867188e+00,8.514471054077148438e+00,1.633138465881347656e+01,9.749827384948730469e+00
0.000000000000000000e+00,0.000000000000000000e+00,2.805888652801513672e+00,2.249962329864501953e+00,4.048311710357666016e+00,4.175395488739013672e+00,9.143443107604980469e+00,4.047898769378662109e+00
0.000000000000000000e+00,0.000000000000000000e+00,5.306872367858886719e+00,5.673396587371826172e+00,4.177694320678710938e+00,1.210331344604492188e+01,1.067215919494628906e+01,2.147431373596191406e+00
0.000000000000000000e+00,0.000000000000000000e+00,4.271576881408691406e+00,3.939696073532104492e+00,4.305204868316650391e+00,5.587637901306152344e+00,1.612022399902343750e+01,1.603699684143066406e+01
0.000000000000000000e+00,0.000000000000000000e+00,2.866454362869262695e+00,3.183716535568237305e+00,2.858743190765380859e+00,4.018984794616699219e+00,1.175445747375488281e+01,1.145837306976318359e+01
0.000000000000000000e+00,0.000000000000000000e+00,9.307105064392089844e+00,0.000000000000000000e+00,0.000000000000000000e+00,4.490310668945312500e+00,1.649579238891601562e+01,1.495264530181884766e+01
0.000000000000000000e+00,0.000000000000000000e+00,1.245328712463378906e+01,0.000000000000000000e+00,1.194230079650878906e+01,9.517912864685058594e+00,2.548843574523925781e+01,1.416297149658203125e+01
0.000000000000000000e+00,0.000000000000000000e+00,1.162220287322998047e+01,0.000000000000000000e+00,1.446657943725585938e+01,1.018911647796630859e+01,2.625760269165039062e+01,1.613011360168457031e+01
0.000000000000000000e+00,0.000000000000000000e+00,6.096056938171386719e+00,1.010092973709106445e+00,1.849458098411560059e+00,5.464232444763183594e+00,1.160248088836669922e+01,8.997699737548828125e+00
0.000000000000000000e+00,0.000000000000000000e+00,9.694771766662597656e+00,0.000000000000000000e+00,1.982560515403747559e+00,5.683494567871093750e+00,1.724454307556152344e+01,1.434511184692382812e+01
0.000000000000000000e+00,0.000000000000000000e+00,8.039514541625976562e+00,1.316821694374084473e+00,1.108356475830078125e+00,6.397845268249511719e+00,1.661921882629394531e+01,1.193693256378173828e+01
0.000000000000000000e+00,0.000000000000000000e+00,3.928502082824707031e+00,3.979219675064086914e+00,4.833345413208007812e+00,7.709008216857910156e+00,8.590806007385253906e+00,1.609744906425476074e+00
0.000000000000000000e+00,0.000000000000000000e+00,3.173719406127929688e+00,4.383993148803710938e+00,3.643453598022460938e+00,6.667056560516357422e+00,9.082614898681640625e+00,9.595257759094238281e+00
0.000000000000000000e+00,0.000000000000000000e+00,7.798684120178222656e+00,0.000000000000000000e+00,1.178512668609619141e+01,6.832252979278564453e+00,1.866646575927734375e+01,7.459053039550781250e+00
0.000000000000000000e+00,0.000000000000000000e+00,6.726521492004394531e+00,1.277951002120971680e+00,1.470781207084655762e+00,5.919335842132568359e+00,1.317758083343505859e+01,9.429599761962890625e+00
0.000000000000000000e+00,0.000000000000000000e+00,1.063670825958251953e+01,0.000000000000000000e+00,1.158567333221435547e+01,8.268293380737304688e+00,2.094971656799316406e+01,8.434911727905273438e+00
0.000000000000000000e+00,0.000000000000000000e+00,6.930985450744628906e+00,3.270762920379638672e+00,8.715238571166992188e+00,8.221005439758300781e+00,2.005948638916015625e+01,1.950379943847656250e+01
0.000000000000000000e+00,0.000000000000000000e+00,5.809713363647460938e+00,1.497380018234252930e+00,4.785295963287353516e+00,5.600606918334960938e+00,1.443566036224365234e+01,1.388393402099609375e+01
0.000000000000000000e+00,0.000000000000000000e+00,6.857919216156005859e+00,3.579105615615844727e+00,1.768650412559509277e+00,7.420530319213867188e+00,1.670219802856445312e+01,1.695224380493164062e+01
0.000000000000000000e+00,0.000000000000000000e+00,6.409169673919677734e+00,4.304265022277832031e+00,3.672579050064086914e+00,8.159553527832031250e+00,1.675479125976562500e+01,1.801855468750000000e+01
0.000000000000000000e+00,0.000000000000000000e+00,5.095400333404541016e+00,1.324397087097167969e+00,1.042777442932128906e+01,7.019659519195556641e+00,1.191885852813720703e+01,3.976263523101806641e+00
0.000000000000000000e+00,0.000000000000000000e+00,5.094096183776855469e+00,1.744892835617065430e+00,1.503249049186706543e+00,5.350147247314453125e+00,1.020211315155029297e+01,5.461535453796386719e+00
0.000000000000000000e+00,0.000000000000000000e+00,3.086534023284912109e+00,2.648636341094970703e+00,4.307174682617187500e+00,6.267075061798095703e+00,4.789196968078613281e+00,0.000000000000000000e+00
0.000000000000000000e+00,0.000000000000000000e+00,2.719805479049682617e+00,4.192697048187255859e+00,2.097565889358520508e+00,4.726298332214355469e+00,1.153191757202148438e+01,1.074555778503417969e+01
0.000000000000000000e+00,0.000000000000000000e+00,8.332776069641113281e+00,1.564913272857666016e+00,9.800913810729980469e+00,7.316921710968017578e+00,2.420261001586914062e+01,1.185390663146972656e+01
0.000000000000000000e+00,0.000000000000000000e+00,1.085817909240722656e+01,8.016636967658996582e-01,4.953592777252197266e+00,1.001104259490966797e+01,1.776573562622070312e+01,9.317638397216796875e+00
0.000000000000000000e+00,0.000000000000000000e+00,3.601402282714843750e+00,1.187374830245971680e+00,5.050720691680908203e+00,3.482712984085083008e+00,1.197989749908447266e+01,5.919986248016357422e+00
0.000000000000000000e+00,0.000000000000000000e+00,1.569481182098388672e+01,0.000000000000000000e+00,1.852571678161621094e+01,8.203784942626953125e+00,3.241183853149414062e+01,1.622317123413085938e+01
0.000000000000000000e+00,0.000000000000000000e+00,1.043098640441894531e+01,1.763109922409057617e+00,5.330253124237060547e+00,8.684439659118652344e+00,2.413159370422363281e+01,2.140721893310546875e+01
0.000000000000000000e+00,0.000000000000000000e+00,8.608780503273010254e-01,1.118676662445068359e+01,0.000000000000000000e+00,1.646109580993652344e+01,4.311174750328063965e-01,0.000000000000000000e+00
0.000000000000000000e+00,0.000000000000000000e+00,4.375963687896728516e+00,2.545518875122070312e+00,2.994711995124816895e-01,4.679424285888671875e+00,1.100536918640136719e+01,9.036543846130371094e+00
0.000000000000000000e+00,0.000000000000000000e+00,0.000000000000000000e+00,8.678072929382324219e+00,0.000000000000000000e+00,2.562326669692993164e+00,2.899679183959960938e+00,0.000000000000000000e+00
0.000000000000000000e+00,0.000000000000000000e+00,8.152846336364746094e+00,8.469700813293457031e-03,2.431025981903076172e+00,5.677793502807617188e+00,1.620591163635253906e+01,1.496657562255859375e+01
0.000000000000000000e+00,0.000000000000000000e+00,1.284793758392333984e+01,0.000000000000000000e+00,1.747793006896972656e+01,9.179355621337890625e+00,3.101125144958496094e+01,2.068264389038085938e+01
0.000000000000000000e+00,0.000000000000000000e+00,4.935372352600097656e+00,1.654952049255371094e+00,7.337281703948974609e+00,6.307505130767822266e+00,1.175660610198974609e+01,7.420743942260742188e+00
0.000000000000000000e+00,0.000000000000000000e+00,7.451416492462158203e+00,2.602019786834716797e+00,0.000000000000000000e+00,8.070400238037109375e+00,1.429255104064941406e+01,1.078582096099853516e+01
0.000000000000000000e+00,0.000000000000000000e+00,7.968041419982910156e+00,0.000000000000000000e+00,4.610783100128173828e+00,5.294131755828857422e+00,1.386202335357666016e+01,8.123074531555175781e+00
0.000000000000000000e+00,0.000000000000000000e+00,7.004308700561523438e+00,5.913676023483276367e-01,6.964824199676513672e-01,3.909578084945678711e+00,1.775627326965332031e+01,1.537837219238281250e+01
0.000000000000000000e+00,0.000000000000000000e+00,9.227653503417968750e+00,0.000000000000000000e+00,7.172673702239990234e+00,7.108285427093505859e+00,1.956790161132812500e+01,1.482061386108398438e+01
0.000000000000000000e+00,0.000000000000000000e+00,8.973669052124023438e+00,1.383288860321044922e+00,1.098684501647949219e+01,9.138783454895019531e+00,2.116664695739746094e+01,1.432556915283203125e+01
0.000000000000000000e+00,0.000000000000000000e+00,7.340628147125244141e+00,1.574484348297119141e+00,1.799712896347045898e+00,6.363249301910400391e+00,1.536333465576171875e+01,1.558355712890625000e+01
0.000000000000000000e+00,0.000000000000000000e+00,7.259963035583496094e+00,1.108944177627563477e+00,1.073883628845214844e+01,7.895064830780029297e+00,1.726918792724609375e+01,1.101936340332031250e+01
0.000000000000000000e+00,0.000000000000000000e+00,4.259267807006835938e+00,0.000000000000000000e+00,4.520548343658447266e+00,3.075376987457275391e+00,9.736007690429687500e+00,4.706424713134765625e+00
0.000000000000000000e+00,0.000000000000000000e+00,1.957165837287902832e+00,4.373651981353759766e+00,2.093538522720336914e+00,6.973210334777832031e+00,3.295140266418457031e+00,0.000000000000000000e+00
0.000000000000000000e+00,0.000000000000000000e+00,4.015191555023193359e+00,4.552387714385986328e+00,3.934370517730712891e+00,6.782078266143798828e+00,1.286606788635253906e+01,1.408057975769042969e+01
0.000000000000000000e+00,0.000000000000000000e+00,1.011023807525634766e+01,0.000000000000000000e+00,1.614947128295898438e+01,9.125687599182128906e+00,2.557335472106933594e+01,1.869101715087890625e+01
0.000000000000000000e+00,0.000000000000000000e+00,3.299875497817993164e+00,3.052311658859252930e+00,2.096479177474975586e+00,4.039973258972167969e+00,1.225439262390136719e+01,1.089795017242431641e+01
0.000000000000000000e+00,0.000000000000000000e+00,0.000000000000000000e+00,5.278768539428710938e+00,0.000000000000000000e+00,2.398474931716918945e+00,3.201311588287353516e+00,0.000000000000000000e+00
0.000000000000000000e+00,0.000000000000000000e+00,1.084714031219482422e+01,0.000000000000000000e+00,7.168690204620361328e+00,5.455031871795654297e+00,2.019103813171386719e+01,1.305604553222656250e+01
0.000000000000000000e+00,0.000000000000000000e+00,1.486684513092041016e+01,0.000000000000000000e+00,2.763968706130981445e+00,6.364834785461425781e+00,2.831236648559570312e+01,2.402236938476562500e+01
0.000000000000000000e+00,0.000000000000000000e+00,1.925300598144531250e+01,0.000000000000000000e+00,1.916106986999511719e+01,1.183150577545166016e+01,3.580545806884765625e+01,1.889126777648925781e+01
0.000000000000000000e+00,0.000000000000000000e+00,6.809255599975585938e+00,0.000000000000000000e+00,1.575640797615051270e+00,4.784887313842773438e+00,1.131143474578857422e+01,7.879906654357910156e+00
0.000000000000000000e+00,0.000000000000000000e+00,1.955030709505081177e-01,5.062156200408935547e+00,1.184717178344726562e+00,5.948244571685791016e+00,9.689403176307678223e-01,0.000000000000000000e+00
0.000000000000000000e+00,0.000000000000000000e+00,4.956763267517089844e+00,1.491004228591918945e+00,0.000000000000000000e+00,4.065354824066162109e+00,1.141451072692871094e+01,1.056019973754882812e+01
0.000000000000000000e+00,0.000000000000000000e+00,3.550465106964111328e+00,2.674690723419189453e+00,3.939892292022705078e+00,3.838651180267333984e+00,1.456290149688720703e+01,7.748625755310058594e+00
0.000000000000000000e+00,0.000000000000000000e+00,6.026050567626953125e+00,2.209954023361206055e+00,3.625681638717651367e+00,6.278516769409179688e+00,1.438136672973632812e+01,1.278336143493652344e+01
0.000000000000000000e+00,0.000000000000000000e+00,5.484062671661376953e+00,2.624192953109741211e+00,1.755784153938293457e+00,5.060137271881103516e+00,1.579078197479248047e+01,1.480038642883300781e+01
0.000000000000000000e+00,0.000000000000000000e+00,5.983490943908691406e+00,2.609915971755981445e+00,2.430134057998657227e+00,5.422742366790771484e+00,1.718309211730957031e+01,1.627530097961425781e+01
0.000000000000000000e+00,0.000000000000000000e+00,1.011399173736572266e+01,0.000000000000000000e+00,1.596714878082275391e+01,3.910376548767089844e+00,3.068367576599121094e+01,2.106348419189453125e+01
0.000000000000000000e+00,0.000000000000000000e+00,1.551147651672363281e+01,0.000000000000000000e+00,1.956624984741210938e+01,1.284011960029602051e+00,4.824654006958007812e+01,3.377985000610351562e+01
0.000000000000000000e+00,0.000000000000000000e+00,2.344184494018554688e+01,0.000000000000000000e+00,1.976875305175781250e+01,0.000000000000000000e+00,6.678310394287109375e+01,5.531426620483398438e+01
0.000000000000000000e+00,0.000000000000000000e+00,2.236692428588867188e+01,0.000000000000000000e+00,2.148089218139648438e+01,0.000000000000000000e+00,6.435554504394531250e+01,5.114131927490234375e+01
0.000000000000000000e+00,0.000000000000000000e+00,2.321668624877929688e+01,0.000000000000000000e+00,2.181951332092285156e+01,7.101996243000030518e-02,6.717176818847656250e+01,5.313137054443359375e+01
0.000000000000000000e+00,0.000000000000000000e+00,3.001500701904296875e+01,0.000000000000000000e+00,3.068653488159179688e+01,0.000000000000000000e+00,8.500883483886718750e+01,6.989690399169921875e+01
0.000000000000000000e+00,0.000000000000000000e+00,2.121757698059082031e+01,0.000000000000000000e+00,2.248449897766113281e+01,4.599364101886749268e-02,6.615453338623046875e+01,5.067378234863281250e+01
0.000000000000000000e+00,0.000000000000000000e+00,2.791662788391113281e+01,0.000000000000000000e+00,2.720794296264648438e+01,0.000000000000000000e+00,8.335974121093750000e+01,6.892718505859375000e+01
0.000000000000000000e+00,0.000000000000000000e+00,2.010760498046875000e+01,0.000000000000000000e+00,1.919391250610351562e+01,1.001231193542480469e+00,5.869761657714843750e+01,4.538639068603515625e+01
0.000000000000000000e+00,0.000000000000000000e+00,1.671400642395019531e+01,0.000000000000000000e+00,3.924128532409667969e+00,5.398578643798828125e+00,3.632080459594726562e+01,3.162332534790039062e+01
0.000000000000000000e+00,0.000000000000000000e+00,1.644331741333007812e+01,0.000000000000000000e+00,0.000000000000000000e+00,8.257873535156250000e+00,2.994075012207031250e+01,2.725381851196289062e+01
0.000000000000000000e+00,0.000000000000000000e+00,2.216478157043457031e+01,0.000000000000000000e+00,1.357882595062255859e+01,1.804699540138244629e+00,5.600149917602539062e+01,4.749986648559570312e+01
0.000000000000000000e+00,0.000000000000000000e+00,2.578853416442871094e+01,0.000000000000000000e+00,2.640243721008300781e+01,3.432595968246459961e+00,6.935920715332031250e+01,5.026768875122070312e+01
0.000000000000000000e+00,0.000000000000000000e+00,2.301303482055664062e+01,0.000000000000000000e+00,2.127579307556152344e+01,3.852274894714355469e+00,6.217293930053710938e+01,4.588079452514648438e+01
0.000000000000000000e+00,0.000000000000000000e+00,2.675184822082519531e+01,0.000000000000000000e+00,3.008957099914550781e+01,3.876584172248840332e-01,7.882312774658203125e+01,5.874153518676757812e+01
0.000000000000000000e+00,0.000000000000000000e+00,3.002134132385253906e+01,0.000000000000000000e+00,3.783776092529296875e+01,0.000000000000000000e+00,8.652047729492187500e+01,6.374373245239257812e+01
0.000000000000000000e+00,0.000000000000000000e+00,2.153589439392089844e+01,0.000000000000000000e+00,2.487616729736328125e+01,1.603226065635681152e+00,6.488061523437500000e+01,4.682318115234375000e+01
0.000000000000000000e+00,0.000000000000000000e+00,2.428115463256835938e+01,0.000000000000000000e+00,2.613186073303222656e+01,0.000000000000000000e+00,7.282093811035156250e+01,5.580266189575195312e+01
0.000000000000000000e+00,0.000000000000000000e+00,2.106654548645019531e+01,0.000000000000000000e+00,1.312581634521484375e+01,5.229171752929687500e+00,5.422588729858398438e+01,4.251384353637695312e+01
0.000000000000000000e+00,0.000000000000000000e+00,2.710056114196777344e+01,0.000000000000000000e+00,1.246972751617431641e+01,4.047222614288330078e+00,5.624530410766601562e+01,4.938367843627929688e+01
0.000000000000000000e+00,0.000000000000000000e+00,6.213143825531005859e+00,6.436226367950439453e-01,5.035836219787597656e+00,4.813781738281250000e+00,1.596524906158447266e+01,1.586738395690917969e+01
0.000000000000000000e+00,0.000000000000000000e+00,7.567392826080322266e+00,1.515018224716186523e+00,5.497425079345703125e+00,7.111140727996826172e+00,1.724567604064941406e+01,1.515458869934082031e+01
0.000000000000000000e+00,0.000000000000000000e+00,6.336406707763671875e+00,1.994886875152587891e+00,1.476332283020019531e+01,9.178700447082519531e+00,1.630721664428710938e+01,8.854826927185058594e+00
0.000000000000000000e+00,0.000000000000000000e+00,9.307661652565002441e-01,3.888006448745727539e+00,4.853965759277343750e+00,5.567995548248291016e+00,1.935533523559570312e+00,0.000000000000000000e+00
0.000000000000000000e+00,0.000000000000000000e+00,0.000000000000000000e+00,7.168214321136474609e+00,5.688890069723129272e-02,8.550530433654785156e+00,0.000000000000000000e+00,0.000000000000000000e+00
0.000000000000000000e+00,0.000000000000000000e+00,4.470806121826171875e+00,3.730743408203125000e+00,1.874279499053955078e+00,7.274593830108642578e+00,9.978339195251464844e+00,6.983635425567626953e+00
0.000000000000000000e+00,0.000000000000000000e+00,7.005874633789062500e+00,1.404169797897338867e+00,2.252414703369140625e+00,6.069947719573974609e+00,1.491689300537109375e+01,1.308790683746337891e+01
0.000000000000000000e+00,0.000000000000000000e+00,1.135106372833251953e+01,0.000000000000000000e+00,0.000000000000000000e+00,6.399487972259521484e+00,1.888175964355468750e+01,1.739581680297851562e+01
0.000000000000000000e+00,0.000000000000000000e+00,0.000000000000000000e+00,7.258831977844238281e+00,4.742363929748535156e+00,5.431467056274414062e+00,2.714231610298156738e-01,0.000000000000000000e+00
0.000000000000000000e+00,0.000000000000000000e+00,1.117956066131591797e+01,0.000000000000000000e+00,1.004201698303222656e+01,5.322417736053466797e+00,2.241793632507324219e+01,1.324006843566894531e+01
0.000000000000000000e+00,0.000000000000000000e+00,9.148817062377929688e+00,0.000000000000000000e+00,4.892586231231689453e+00,4.881215572357177734e+00,1.606365394592285156e+01,1.080910301208496094e+01
0.000000000000000000e+00,0.000000000000000000e+00,4.642851829528808594e+00,3.367838382720947266e+00,7.903150081634521484e+00,1.060787296295166016e+01,6.946458339691162109e+00,0.000000000000000000e+00
0.000000000000000000e+00,0.000000000000000000e+00,2.836962223052978516e+00,4.485858440399169922e+00,0.000000000000000000e+00,6.948925495147705078e+00,6.192327499389648438e+00,2.550470352172851562e+00
0.000000000000000000e+00,0.000000000000000000e+00,6.668647289276123047e+00,1.080719828605651855e+00,4.962074756622314453e+00,5.394076824188232422e+00,1.727452659606933594e+01,1.700443649291992188e+01
0.000000000000000000e+00,0.000000000000000000e+00,1.066951179504394531e+01,5.642467737197875977e-02,4.111091613769531250e+00,7.306792736053466797e+00,2.269174575805664062e+01,1.910158348083496094e+01
0.000000000000000000e+00,0.000000000000000000e+00,5.921814918518066406e+00,2.264721393585205078e+00,1.150725555419921875e+01,8.435568809509277344e+00,1.479957294464111328e+01,9.620325088500976562e+00
0.000000000000000000e+00,0.000000000000000000e+00,1.702125072479248047e+00,1.562333345413208008e+00,4.353460788726806641e+00,2.927126169204711914e+00,6.500293254852294922e+00,1.946969389915466309e+00
0.000000000000000000e+00,0.000000000000000000e+00,3.510776996612548828e+00,2.559306025505065918e-01,5.373706817626953125e+00,3.407773494720458984e+00,8.780629158020019531e+00,2.392171382904052734e+00
0.000000000000000000e+00,0.000000000000000000e+00,2.686717271804809570e+00,6.151322364807128906e+00,2.619121074676513672e+00,5.989182949066162109e+00,1.438279628753662109e+01,5.782756805419921875e+00
0.000000000000000000e+00,0.000000000000000000e+00,5.596254348754882812e+00,2.644257307052612305e+00,1.001876831054687500e+01,7.911420822143554688e+00,1.497610855102539062e+01,1.301291561126708984e+01
0.000000000000000000e+00,0.000000000000000000e+00,0.000000000000000000e+00,7.932423591613769531e+00,4.241861104965209961e-01,4.830886363983154297e+00,6.396513462066650391e+00,0.000000000000000000e+00
0.000000000000000000e+00,0.000000000000000000e+00,1.263962459564208984e+01,0.000000000000000000e+00,1.511581230163574219e+01,1.016893100738525391e+01,2.701486778259277344e+01,1.886700057983398438e+01
0.000000000000000000e+00,0.000000000000000000e+00,7.255575180053710938e+00,1.863603591918945312e+00,5.566375255584716797e+00,7.094682216644287109e+00,1.730417060852050781e+01,1.516458797454833984e+01
0.000000000000000000e+00,0.000000000000000000e+00,5.416544914245605469e+00,5.448432445526123047e+00,0.000000000000000000e+00,1.190930843353271484e+01,7.366772651672363281e+00,1.820349574089050293e+00
0.000000000000000000e+00,0.000000000000000000e+00,2.760157108306884766e+00,4.251952171325683594e+00,6.429842472076416016e+00,7.143691539764404297e+00,8.227273941040039062e+00,5.188810348510742188e+00
0.000000000000000000e+00,0.000000000000000000e+00,3.616798400878906250e+00,1.727047204971313477e+00,8.371324539184570312e+00,5.683813571929931641e+00,9.779650688171386719e+00,6.690239906311035156e+00
0.000000000000000000e+00,0.000000000000000000e+00,4.820933341979980469e+00,3.909190893173217773e+00,5.201808929443359375e+00,7.460947990417480469e+00,1.297022533416748047e+01,1.153745269775390625e+01
0.000000000000000000e+00,0.000000000000000000e+00,7.883974075317382812e+00,2.865728855133056641e+00,6.547330856323242188e+00,8.275238990783691406e+00,2.022962379455566406e+01,1.873226737976074219e+01
0.000000000000000000e+00,0.000000000000000000e+00,8.468273162841796875e+00,0.000000000000000000e+00,1.414836645126342773e+00,4.751174449920654297e+00,1.681116676330566406e+01,1.395026206970214844e+01
0.000000000000000000e+00,0.000000000000000000e+00,1.640510559082031250e+00,7.846119880676269531e+00,0.000000000000000000e+00,4.808149337768554688e+00,1.378784751892089844e+01,1.057793331146240234e+01
0.000000000000000000e+00,0.000000000000000000e+00,1.227494716644287109e+01,0.000000000000000000e+00,9.496010780334472656e+00,6.768995285034179688e+00,2.483871841430664062e+01,1.764009666442871094e+01
0.000000000000000000e+00,0.000000000000000000e+00,0.000000000000000000e+00,1.338467311859130859e+01,0.000000000000000000e+00,8.200230598449707031e+00,0.000000000000000000e+00,0.000000000000000000e+00
0.000000000000000000e+00,0.000000000000000000e+00,7.767191886901855469e+00,1.171342611312866211e+00,1.678107643127441406e+01,1.039147663116455078e+01,1.853197288513183594e+01,6.912589073181152344e+00
0.000000000000000000e+00,0.000000000000000000e+00,7.063296318054199219e+00,2.104473590850830078e+00,1.381647586822509766e+01,9.394810676574707031e+00,1.792118835449218750e+01,1.094735145568847656e+01
0.000000000000000000e+00,0.000000000000000000e+00,3.634656190872192383e+00,3.203573942184448242e+00,7.947335243225097656e+00,6.914080619812011719e+00,1.035214424133300781e+01,8.355236053466796875e+00
0.000000000000000000e+00,0.000000000000000000e+00,2.396057128906250000e+00,5.130827426910400391e+00,3.826078176498413086e+00,8.383961677551269531e+00,6.838537693023681641e+00,0.000000000000000000e+00
0.000000000000000000e+00,0.000000000000000000e+00,1.385324835777282715e+00,4.874037265777587891e+00,7.342385768890380859e+00,6.718863964080810547e+00,7.075245380401611328e+00,6.508148670196533203e+00
0.000000000000000000e+00,0.000000000000000000e+00,9.841982841491699219e+00,1.956761121749877930e+00,3.816010475158691406e+00,8.309390068054199219e+00,2.220748138427734375e+01,1.979063224792480469e+01
0.000000000000000000e+00,0.000000000000000000e+00,1.410878372192382812e+01,0.000000000000000000e+00,6.630149364471435547e+00,5.325467109680175781e+00,3.202570724487304688e+01,2.924972343444824219e+01
0.000000000000000000e+00,0.000000000000000000e+00,1.020108413696289062e+01,0.000000000000000000e+00,1.224161243438720703e+01,8.448727607727050781e+00,2.220141220092773438e+01,1.303863906860351562e+01
0.000000000000000000e+00,0.000000000000000000e+00,8.554377555847167969e+00,2.184603452682495117e+00,2.980902910232543945e+00,8.026134490966796875e+00,1.790289497375488281e+01,1.885532379150390625e+01
0.000000000000000000e+00,0.000000000000000000e+00,1.240571308135986328e+01,0.000000000000000000e+00,0.000000000000000000e+00,7.038316726684570312e+00,2.420330047607421875e+01,2.206225395202636719e+01
0.000000000000000000e+00,0.000000000000000000e+00,9.186016082763671875e+00,0.000000000000000000e+00,1.554414033889770508e+00,9.071087837219238281e+00,1.308276367187500000e+01,8.127483367919921875e+00
0.000000000000000000e+00,0.000000000000000000e+00,9.753359794616699219e+00,0.000000000000000000e+00,1.050364971160888672e+01,1.116861152648925781e+01,1.609378242492675781e+01,2.190000534057617188e+00
0.000000000000000000e+00,0.000000000000000000e+00,2.851488113403320312e+00,1.359820604324340820e+00,3.342619895935058594e+00,3.274396896362304688e+00,8.585049629211425781e+00,3.935596466064453125e+00
0.000000000000000000e+00,0.000000000000000000e+00,2.725166320800781250e+00,1.860785722732543945e+00,7.146113395690917969e+00,4.427570819854736328e+00,9.330245018005371094e+00,3.338866233825683594e+00
0.000000000000000000e+00,0.000000000000000000e+00,1.831206917762756348e+00,4.531741142272949219e+00,1.984340071678161621e+00,5.931948661804199219e+00,5.659904479980468750e+00,4.283918857574462891e+00
0.000000000000000000e+00,0.000000000000000000e+00,7.693516731262207031e+00,8.053704500198364258e-01,3.443965435028076172e+00,6.120550155639648438e+00,1.663255310058593750e+01,1.401529979705810547e+01
0.000000000000000000e+00,0.000000000000000000e+00,6.265352249145507812e+00,2.081957340240478516e+00,2.789341449737548828e+00,6.056730270385742188e+00,1.477807712554931641e+01,1.461271476745605469e+01
0.000000000000000000e+00,0.000000000000000000e+00,5.238059043884277344e+00,4.412077903747558594e+00,4.172334194183349609e+00,8.109145164489746094e+00,1.321280002593994141e+01,1.132195758819580078e+01
0.000000000000000000e+00,0.000000000000000000e+00,7.598511695861816406e+00,0.000000000000000000e+00,1.325884723663330078e+01,5.613065242767333984e+00,1.705716705322265625e+01,6.926408290863037109e+00
0.000000000000000000e+00,0.000000000000000000e+00,6.113803863525390625e+00,2.632602691650390625e+00,3.822559595108032227e+00,7.740572452545166016e+00,1.166304969787597656e+01,6.276681900024414062e+00
0.000000000000000000e+00,0.000000000000000000e+00,3.857822418212890625e-01,7.262225627899169922e+00,5.599389076232910156e-01,1.002821826934814453e+01,7.924528717994689941e-01,0.000000000000000000e+00
0.000000000000000000e+00,0.000000000000000000e+00,7.158843040466308594e+00,9.642636775970458984e-02,2.482959628105163574e-01,4.706332683563232422e+00,1.367803859710693359e+01,1.091753673553466797e+01
0.000000000000000000e+00,0.000000000000000000e+00,3.003428220748901367e+00,5.078373432159423828e+00,7.095402240753173828e+00,6.937602043151855469e+00,1.324213600158691406e+01,1.173073196411132812e+01
0.000000000000000000e+00,0.000000000000000000e+00,2.874687910079956055e+00,5.697812080383300781e+00,5.034636020660400391e+00,7.701134204864501953e+00,1.027381801605224609e+01,1.083889484405517578e+01
0.000000000000000000e+00,0.000000000000000000e+00,8.067339897155761719e+00,6.985285878181457520e-02,6.805142760276794434e-01,5.295482158660888672e+00,1.562135887145996094e+01,1.489280128479003906e+01
0.000000000000000000e+00,0.000000000000000000e+00,4.598941326141357422e+00,3.465374708175659180e+00,4.558773994445800781e+00,7.766411304473876953e+00,9.090320587158203125e+00,3.651431083679199219e+00
0.000000000000000000e+00,0.000000000000000000e+00,3.752874851226806641e+00,2.450905799865722656e+00,2.940390586853027344e+00,5.178086280822753906e+00,9.233057022094726562e+00,3.740940093994140625e+00
0.000000000000000000e+00,0.000000000000000000e+00,2.824403762817382812e+00,2.737675189971923828e+00,5.105305194854736328e+00,4.354031085968017578e+00,1.129880714416503906e+01,5.931328773498535156e+00
0.000000000000000000e+00,0.000000000000000000e+00,4.029468059539794922e+00,9.790841341018676758e-01,2.716166734695434570e+00,2.964736461639404297e+00,1.231469345092773438e+01,9.988274574279785156e+00
0.000000000000000000e+00,0.000000000000000000e+00,5.608410835266113281e+00,3.635070800781250000e+00,3.635453224182128906e+00,7.486088752746582031e+00,1.377027225494384766e+01,5.185067653656005859e+00
0.000000000000000000e+00,0.000000000000000000e+00,4.308300971984863281e+00,5.066219806671142578e+00,1.157386541366577148e+00,6.900345802307128906e+00,1.282546806335449219e+01,9.056337356567382812e+00
0.000000000000000000e+00,0.000000000000000000e+00,1.276259708404541016e+01,0.000000000000000000e+00,1.151038360595703125e+01,6.032135009765625000e+00,3.590980529785156250e+01,2.391170120239257812e+01
0.000000000000000000e+00,0.000000000000000000e+00,1.586113071441650391e+01,0.000000000000000000e+00,1.145536804199218750e+01,9.657758712768554688e+00,4.144756317138671875e+01,2.616675186157226562e+01
0.000000000000000000e+00,0.000000000000000000e+00,2.972224044799804688e+01,0.000000000000000000e+00,2.801533699035644531e+01,0.000000000000000000e+00,8.512396240234375000e+01,7.080446624755859375e+01
0.000000000000000000e+00,0.000000000000000000e+00,3.044635772705078125e+01,0.000000000000000000e+00,3.045297050476074219e+01,0.000000000000000000e+00,8.954846191406250000e+01,7.273917388916015625e+01
0.000000000000000000e+00,0.000000000000000000e+00,2.301524734497070312e+01,0.000000000000000000e+00,2.187447738647460938e+01,0.000000000000000000e+00,6.981034088134765625e+01,5.731982803344726562e+01
0.000000000000000000e+00,0.000000000000000000e+00,2.174829673767089844e+01,0.000000000000000000e+00,2.034693908691406250e+01,0.000000000000000000e+00,6.538867187500000000e+01,5.311100769042968750e+01
0.000000000000000000e+00,0.000000000000000000e+00,2.918375778198242188e+01,0.000000000000000000e+00,2.651185989379882812e+01,0.000000000000000000e+00,8.194924926757812500e+01,6.737461090087890625e+01
0.000000000000000000e+00,0.000000000000000000e+00,3.350017929077148438e+01,0.000000000000000000e+00,3.054820251464843750e+01,0.000000000000000000e+00,9.004830932617187500e+01,7.560725402832031250e+01
0.000000000000000000e+00,0.000000000000000000e+00,3.441887664794921875e+01,0.000000000000000000e+00,3.198447990417480469e+01,0.000000000000000000e+00,9.237291717529296875e+01,7.757464599609375000e+01
0.000000000000000000e+00,0.000000000000000000e+00,1.577628993988037109e+01,0.000000000000000000e+00,1.455048918724060059e+00,9.447034835815429688e+00,3.282194137573242188e+01,2.612814521789550781e+01
0.000000000000000000e+00,0.000000000000000000e+00,2.068181800842285156e+01,0.000000000000000000e+00,6.012536525726318359e+00,1.427203464508056641e+01,3.644428253173828125e+01,3.805607223510742188e+01
0.000000000000000000e+00,0.000000000000000000e+00,2.155314254760742188e+01,0.000000000000000000e+00,7.450769901275634766e+00,6.621904850006103516e+00,5.386893844604492188e+01,4.627468490600585938e+01
0.000000000000000000e+00,0.000000000000000000e+00,2.587186431884765625e+01,0.000000000000000000e+00,3.040655899047851562e+01,1.349134802818298340e+00,6.873468780517578125e+01,4.912295913696289062e+01
0.000000000000000000e+00,0.000000000000000000e+00,2.969936561584472656e+01,0.000000000000000000e+00,4.268217086791992188e+01,2.917903184890747070e+00,8.356006622314453125e+01,5.436519241333007812e+01
0.000000000000000000e+00,0.000000000000000000e+00,2.426705741882324219e+01,0.000000000000000000e+00,3.042501258850097656e+01,0.000000000000000000e+00,7.119274139404296875e+01,5.143742370605468750e+01
0.000000000000000000e+00,0.000000000000000000e+00,2.622290420532226562e+01,0.000000000000000000e+00,3.366557693481445312e+01,0.000000000000000000e+00,7.736410522460937500e+01,5.685710525512695312e+01
0.000000000000000000e+00,0.000000000000000000e+00,2.398849296569824219e+01,0.000000000000000000e+00,2.936271667480468750e+01,0.000000000000000000e+00,7.162558746337890625e+01,5.233036804199218750e+01
0.000000000000000000e+00,0.000000000000000000e+00,3.509348678588867188e+01,0.000000000000000000e+00,4.474036026000976562e+01,0.000000000000000000e+00,9.314316558837890625e+01,6.798359680175781250e+01
0.000000000000000000e+00,0.000000000000000000e+00,1.292805576324462891e+01,0.000000000000000000e+00,1.366934490203857422e+01,5.972239017486572266e+00,3.204429244995117188e+01,1.916208457946777344e+01
0.000000000000000000e+00,0.000000000000000000e+00,1.720658874511718750e+01,0.000000000000000000e+00,9.285429000854492188e+00,2.472787141799926758e+00,4.497317504882812500e+01,3.794436264038085938e+01
0.000000000000000000e+00,0.000000000000000000e+00,6.084904670715332031e+00,1.690179347991943359e+00,7.328746318817138672e-01,5.218134403228759766e+00,1.351218032836914062e+01,1.308876895904541016e+01
0.000000000000000000e+00,0.000000000000000000e+00,5.935292243957519531e+00,0.000000000000000000e+00,9.499635696411132812e+00,5.787516117095947266e+00,1.171334362030029297e+01,3.065569400787353516e+00
0.000000000000000000e+00,0.000000000000000000e+00,1.422309207916259766e+01,0.000000000000000000e+00,4.509418487548828125e+00,1.016174316406250000e+01,2.512494850158691406e+01,2.647927665710449219e+01
0.000000000000000000e+00,0.000000000000000000e+00,7.093113422393798828e+00,1.229042530059814453e+00,1.375786399841308594e+01,7.938767910003662109e+00,1.970796585083007812e+01,1.611865615844726562e+01
0.000000000000000000e+00,0.000000000000000000e+00,5.613575935363769531e+00,3.361968517303466797e+00,3.312393188476562500e+00,7.445716381072998047e+00,1.251280879974365234e+01,1.051716899871826172e+01
0.000000000000000000e+00,0.000000000000000000e+00,5.729201316833496094e+00,0.000000000000000000e+00,2.112067937850952148e+00,4.601882457733154297e+00,9.510235786437988281e+00,5.759473800659179688e+00
0.000000000000000000e+00,0.000000000000000000e+00,5.879900932312011719e+00,2.048547983169555664e+00,1.049243736267089844e+01,7.891048908233642578e+00,1.469821548461914062e+01,9.896313667297363281e+00
0.000000000000000000e+00,0.000000000000000000e+00,1.223548030853271484e+01,0.000000000000000000e+00,6.631813526153564453e+00,7.424773693084716797e+00,2.499699974060058594e+01,1.911705207824707031e+01
0.000000000000000000e+00,0.000000000000000000e+00,0.000000000000000000e+00,6.855329036712646484e+00,1.478115797042846680e+00,3.952615261077880859e+00,2.345518350601196289e+00,6.629196405410766602e-01
0.000000000000000000e+00,0.000000000000000000e+00,7.616840839385986328e+00,0.000000000000000000e+00,2.668431758880615234e+00,4.921298027038574219e+00,1.475628089904785156e+01,1.136417007446289062e+01
0.000000000000000000e+00,0.000000000000000000e+00,1.513961911201477051e+00,4.511819362640380859e+00,3.330348014831542969e+00,5.549803733825683594e+00,5.903542041778564453e+00,5.512714862823486328e+00
0.000000000000000000e+00,0.000000000000000000e+00,3.289988517761230469e+00,2.165584564208984375e+00,7.588122844696044922e+00,5.653607845306396484e+00,9.329375267028808594e+00,5.273448944091796875e+00
0.000000000000000000e+00,0.000000000000000000e+00,1.568251490592956543e+00,6.967366218566894531e+00,0.000000000000000000e+00,9.804663658142089844e+00,2.229520559310913086e+00,0.000000000000000000e+00
0.000000000000000000e+00,0.000000000000000000e+00,3.867323875427246094e+00,4.457189559936523438e+00,4.684532642364501953e+00,7.392966747283935547e+00,1.070855808258056641e+01,1.112834930419921875e+01
0.000000000000000000e+00,0.000000000000000000e+00,7.876126289367675781e+00,3.286698341369628906e+00,9.202274322509765625e+00,1.008037281036376953e+01,1.839884567260742188e+01,1.227895545959472656e+01
0.000000000000000000e+00,0.000000000000000000e+00,7.485540390014648438e+00,4.614367187023162842e-01,1.068369865417480469e+01,7.534388065338134766e+00,1.709472274780273438e+01,1.148037528991699219e+01
0.000000000000000000e+00,0.000000000000000000e+00,2.464394569396972656e+00,3.291578292846679688e+00,3.919986486434936523e+00,6.258185863494873047e+00,8.356258392333984375e+00,2.833866596221923828e+00
0.000000000000000000e+00,0.000000000000000000e+00,3.681696653366088867e+00,2.648167848587036133e+00,3.987433195114135742e+00,5.431796550750732422e+00,9.806727409362792969e+00,3.868576049804687500e+00
0.000000000000000000e+00,0.000000000000000000e+00,6.977912425994873047e+00,1.677104949951171875e+00,1.784179878234863281e+01,9.557062149047851562e+00,1.957081413269042969e+01,9.945241928100585938e+00
0.000000000000000000e+00,0.000000000000000000e+00,5.969384670257568359e+00,7.709318399429321289e-01,1.497124290466308594e+01,7.535731315612792969e+00,1.632123184204101562e+01,8.530059814453125000e+00
0.000000000000000000e+00,0.000000000000000000e+00,0.000000000000000000e+00,1.583800125122070312e+01,0.000000000000000000e+00,7.253825664520263672e+00,0.000000000000000000e+00,0.000000000000000000e+00
0.000000000000000000e+00,0.000000000000000000e+00,0.000000000000000000e+00,9.173419952392578125e+00,0.000000000000000000e+00,3.728833436965942383e+00,6.921513080596923828e+00,4.851499080657958984e+00
0.000000000000000000e+00,0.000000000000000000e+00,3.361354827880859375e+00,3.510837554931640625e+00,1.181916999816894531e+01,8.300243377685546875e+00,9.886244773864746094e+00,1.669418692588806152e+00
0.000000000000000000e+00,0.000000000000000000e+00,8.555189132690429688e+00,0.000000000000000000e+00,1.232762455940246582e+00,5.800335407257080078e+00,1.512897682189941406e+01,1.125115966796875000e+01
0.000000000000000000e+00,0.000000000000000000e+00,9.307433128356933594e+00,0.000000000000000000e+00,1.269400954246520996e+00,4.514714717864990234e+00,1.811608314514160156e+01,1.560021972656250000e+01
0.000000000000000000e+00,0.000000000000000000e+00,7.775048255920410156e+00,0.000000000000000000e+00,1.366584396362304688e+01,7.305652618408203125e+00,1.870002746582031250e+01,1.079610824584960938e+01
0.000000000000000000e+00,0.000000000000000000e+00,5.117090225219726562e+00,2.025329351425170898e+00,1.339435458183288574e+00,5.328350067138671875e+00,1.109322547912597656e+01,8.390577316284179688e+00
0.000000000000000000e+00,0.000000000000000000e+00,7.934258460998535156e+00,0.000000000000000000e+00,8.824541091918945312e+00,5.248545169830322266e+00,1.595343112945556641e+01,6.901022434234619141e+00
0.000000000000000000e+00,0.000000000000000000e+00,6.901681423187255859e+00,2.492458820343017578e+00,1.987894296646118164e+00,6.803000450134277344e+00,1.544888401031494141e+01,1.586822891235351562e+01
0.000000000000000000e+00,0.000000000000000000e+00,2.087849617004394531e+00,9.417184829711914062e+00,5.140165805816650391e+00,9.319302558898925781e+00,1.466217422485351562e+01,8.231186866760253906e+00
0.000000000000000000e+00,0.000000000000000000e+00,3.058146953582763672e+00,5.447632312774658203e+00,5.824165821075439453e+00,7.333693027496337891e+00,1.220955371856689453e+01,9.582026481628417969e+00
0.000000000000000000e+00,0.000000000000000000e+00,6.395214080810546875e+00,1.366010308265686035e-01,1.158825492858886719e+01,5.581312656402587891e+00,1.863235282897949219e+01,5.612329006195068359e+00
0.000000000000000000e+00,0.000000000000000000e+00,3.611691474914550781e+00,1.051699161529541016e+00,8.874021530151367188e+00,4.866243839263916016e+00,1.071091079711914062e+01,5.295899391174316406e+00
0.000000000000000000e+00,0.000000000000000000e+00,4.324090480804443359e+00,1.567465305328369141e+00,9.814247131347656250e+00,5.975991725921630859e+00,1.215188694000244141e+01,3.547995090484619141e+00
0.000000000000000000e+00,0.000000000000000000e+00,2.561776161193847656e+00,1.903434753417968750e+00,2.875531673431396484e+00,3.274646997451782227e+00,8.790803909301757812e+00,4.976842403411865234e+00
0.000000000000000000e+00,0.000000000000000000e+00,4.636725425720214844e+00,2.162337779998779297e+00,4.165111064910888672e+00,5.581464290618896484e+00,1.151071453094482422e+01,1.020953655242919922e+01
0.000000000000000000e+00,0.000000000000000000e+00,5.140288829803466797e+00,4.106124877929687500e+00,8.954856872558593750e+00,8.551091194152832031e+00,1.496585369110107422e+01,1.303232192993164062e+01
0.000000000000000000e+00,0.000000000000000000e+00,4.440940856933593750e+00,1.973407506942749023e+00,7.742569446563720703e+00,5.722806453704833984e+00,1.316893768310546875e+01,8.926893234252929688e+00
0.000000000000000000e+00,0.000000000000000000e+00,4.345427989959716797e+00,1.634713411331176758e+00,9.646734237670898438e+00,6.196691036224365234e+00,1.197804546356201172e+01,6.324927330017089844e+00
0.000000000000000000e+00,0.000000000000000000e+00,9.952902197837829590e-01,5.784123897552490234e+00,3.649692773818969727e+00,6.355587959289550781e+00,5.908338546752929688e+00,4.552363872528076172e+00
0.000000000000000000e+00,0.000000000000000000e+00,4.109874248504638672e+00,2.952657938003540039e+00,9.321117401123046875e+00,6.403018474578857422e+00,1.448001766204833984e+01,9.061546325683593750e+00
0.000000000000000000e+00,0.000000000000000000e+00,6.349248886108398438e+00,4.246821880340576172e+00,5.423956871032714844e+00,8.976333618164062500e+00,1.540547657012939453e+01,1.439194393157958984e+01
0.000000000000000000e+00,0.000000000000000000e+00,5.515011310577392578e+00,0.000000000000000000e+00,1.080606555938720703e+01,4.115293502807617188e+00,1.667030525207519531e+01,1.166186046600341797e+01
0.000000000000000000e+00,0.000000000000000000e+00,3.993895530700683594e+00,3.433964967727661133e+00,3.228654146194458008e+00,5.920631885528564453e+00,1.127032279968261719e+01,8.396172523498535156e+00
0.000000000000000000e+00,0.000000000000000000e+00,1.069989681243896484e+01,0.000000000000000000e+00,1.565141105651855469e+01,6.161705970764160156e+00,2.275043296813964844e+01,9.404287338256835938e+00
0.000000000000000000e+00,0.000000000000000000e+00,2.544672966003417969e+00,3.684846878051757812e+00,7.485064268112182617e-01,4.434861183166503906e+00,8.759854316711425781e+00,8.827768325805664062e+00
0.000000000000000000e+00,0.000000000000000000e+00,3.810620307922363281e+00,2.611521720886230469e+00,1.577243685722351074e+00,4.841767311096191406e+00,9.625358581542968750e+00,1.001836204528808594e+01
0.000000000000000000e+00,0.000000000000000000e+00,9.043516159057617188e+00,0.000000000000000000e+00,4.569756984710693359e+00,6.196594715118408203e+00,1.934580230712890625e+01,1.697887992858886719e+01
0.000000000000000000e+00,0.000000000000000000e+00,6.068072319030761719e+00,3.235208511352539062e+00,1.089520215988159180e+00,6.413350582122802734e+00,1.506763935089111328e+01,1.490946006774902344e+01
0.000000000000000000e+00,0.000000000000000000e+00,5.078049659729003906e+00,2.507227897644042969e+00,4.053224563598632812e+00,6.267150402069091797e+00,1.206297969818115234e+01,1.094087219238281250e+01
0.000000000000000000e+00,0.000000000000000000e+00,5.235110282897949219e+00,2.453655481338500977e+00,9.747138977050781250e+00,6.256973743438720703e+00,1.817954254150390625e+01,1.157225608825683594e+01
0.000000000000000000e+00,0.000000000000000000e+00,4.236532688140869141e+00,8.168536424636840820e-01,1.026442337036132812e+01,5.303491115570068359e+00,1.231734657287597656e+01,6.534624099731445312e+00
0.000000000000000000e+00,0.000000000000000000e+00,4.881150245666503906e+00,2.591450691223144531e+00,5.203794002532958984e+00,6.593235015869140625e+00,1.164557743072509766e+01,9.219713211059570312e+00
0.000000000000000000e+00,0.000000000000000000e+00,2.584857463836669922e+00,3.862878799438476562e+00,1.296340942382812500e+00,4.225071430206298828e+00,1.074683856964111328e+01,1.025733757019042969e+01
0.000000000000000000e+00,0.000000000000000000e+00,4.717613697052001953e+00,7.361128926277160645e-01,2.608000487089157104e-02,2.686413526535034180e+00,1.252950382232666016e+01,1.053733253479003906e+01
0.000000000000000000e+00,0.000000000000000000e+00,1.695107078552246094e+01,0.000000000000000000e+00,2.230753707885742188e+01,1.441960144042968750e+01,3.246349334716796875e+01,1.027301788330078125e+01
0.000000000000000000e+00,0.000000000000000000e+00,5.958758354187011719e+00,9.105423688888549805e-01,9.147431850433349609e-01,4.938081264495849609e+00,1.157341670989990234e+01,7.854828834533691406e+00
0.000000000000000000e+00,0.000000000000000000e+00,0.000000000000000000e+00,5.019710540771484375e+00,5.010574311017990112e-02,4.177079677581787109e+00,0.000000000000000000e+00,0.000000000000000000e+00
0.000000000000000000e+00,0.000000000000000000e+00,4.019928932189941406e+00,9.615944027900695801e-01,3.036794900894165039e+00,4.644392013549804688e+00,7.112189292907714844e+00,2.001756668090820312e+00
0.000000000000000000e+00,0.000000000000000000e+00,3.525648117065429688e+00,2.437407255172729492e+00,7.968194484710693359e+00,5.578479766845703125e+00,1.178964519500732422e+01,7.686645030975341797e+00
0.000000000000000000e+00,0.000000000000000000e+00,5.136885643005371094e+00,1.190760970115661621e+00,0.000000000000000000e+00,3.789462804794311523e+00,1.151949310302734375e+01,9.376925468444824219e+00
0.000000000000000000e+00,0.000000000000000000e+00,8.943948745727539062e+00,0.000000000000000000e+00,3.683669805526733398e+00,3.924034357070922852e+00,2.544805145263671875e+01,2.197458267211914062e+01
0.000000000000000000e+00,0.000000000000000000e+00,8.591956138610839844e+00,1.936362028121948242e+00,4.538118094205856323e-02,6.854260444641113281e+00,1.837338829040527344e+01,1.363559341430664062e+01
0.000000000000000000e+00,0.000000000000000000e+00,8.924276351928710938e+00,0.000000000000000000e+00,1.019978427886962891e+01,2.527806043624877930e+00,2.957138633728027344e+01,2.279265022277832031e+01
0.000000000000000000e+00,0.000000000000000000e+00,1.689102745056152344e+01,0.000000000000000000e+00,1.722462081909179688e+01,1.186525583267211914e+00,5.222442245483398438e+01,3.941673660278320312e+01
0.000000000000000000e+00,0.000000000000000000e+00,2.588043212890625000e+01,0.000000000000000000e+00,2.373807144165039062e+01,0.000000000000000000e+00,7.362004089355468750e+01,5.878007507324218750e+01
0.000000000000000000e+00,0.000000000000000000e+00,2.816103553771972656e+01,0.000000000000000000e+00,2.382299232482910156e+01,0.000000000000000000e+00,7.635846710205078125e+01,6.320653533935546875e+01
0.000000000000000000e+00,0.000000000000000000e+00,2.851520729064941406e+01,0.000000000000000000e+00,2.946781539916992188e+01,0.000000000000000000e+00,8.405835723876953125e+01,6.739439392089843750e+01
0.000000000000000000e+00,0.000000000000000000e+00,3.307555770874023438e+01,0.000000000000000000e+00,3.272357940673828125e+01,0.000000000000000000e+00,9.383944702148437500e+01,7.634710693359375000e+01
0.000000000000000000e+00,0.000000000000000000e+00,2.648015975952148438e+01,0.000000000000000000e+00,2.292259216308593750e+01,0.000000000000000000e+00,7.740853118896484375e+01,6.420999145507812500e+01
0.000000000000000000e+00,0.000000000000000000e+00,2.243845176696777344e+01,0.000000000000000000e+00,1.830047798156738281e+01,0.000000000000000000e+00,6.532132720947265625e+01,5.421707534790039062e+01
0.000000000000000000e+00,0.000000000000000000e+00,2.242388916015625000e+01,0.000000000000000000e+00,2.217019081115722656e+01,0.000000000000000000e+00,6.708887481689453125e+01,5.418359375000000000e+01
0.000000000000000000e+00,0.000000000000000000e+00,2.127545738220214844e+01,0.000000000000000000e+00,2.202475929260253906e+01,5.785687923431396484e+00,5.576432418823242188e+01,3.744057464599609375e+01
0.000000000000000000e+00,0.000000000000000000e+00,2.460341453552246094e+01,0.000000000000000000e+00,0.000000000000000000e+00,1.299300098419189453e+01,4.802272415161132812e+01,4.274137115478515625e+01
