0.000000000000000000e+00,0.000000000000000000e+00,3.619407272338867188e+01,5.280345916748046875e+01,2.496799850463867188e+01,0.000000000000000000e+00,1.069204902648925781e+01,1.242893695831298828e+00
0.000000000000000000e+00,0.000000000000000000e+00,3.233795547485351562e+01,4.483025360107421875e+01,1.784301948547363281e+01,0.000000000000000000e+00,8.836649894714355469e+00,1.220291376113891602e+00
0.000000000000000000e+00,0.000000000000000000e+00,3.385601425170898438e+01,4.799640655517578125e+01,2.051218032836914062e+01,0.000000000000000000e+00,9.896821975708007812e+00,1.551979184150695801e+00
0.000000000000000000e+00,0.000000000000000000e+00,3.342926788330078125e+01,4.761573410034179688e+01,2.331490135192871094e+01,0.000000000000000000e+00,1.094397926330566406e+01,2.057910680770874023e+00
0.000000000000000000e+00,0.000000000000000000e+00,3.329963302612304688e+01,4.641504287719726562e+01,1.878630828857421875e+01,0.000000000000000000e+00,8.864332199096679688e+00,9.769065976142883301e-01
0.000000000000000000e+00,0.000000000000000000e+00,3.485100173950195312e+01,4.964595794677734375e+01,2.285219955444335938e+01,0.000000000000000000e+00,1.048978328704833984e+01,1.573536992073059082e+00
0.000000000000000000e+00,0.000000000000000000e+00,2.388678932189941406e+01,3.692348480224609375e+01,2.934757041931152344e+01,0.000000000000000000e+00,1.492768859863281250e+01,5.646879196166992188e+00
0.000000000000000000e+00,0.000000000000000000e+00,2.896713829040527344e+01,3.708529281616210938e+01,7.314593791961669922e+00,0.000000000000000000e+00,1.450662374496459961e+00,3.056476116180419922e+00
0.000000000000000000e+00,0.000000000000000000e+00,2.456956481933593750e+01,0.000000000000000000e+00,1.317474937438964844e+01,2.551013565063476562e+01,2.747097206115722656e+01,7.628650188446044922e+00
0.000000000000000000e+00,0.000000000000000000e+00,2.017229080200195312e+01,0.000000000000000000e+00,8.322309494018554688e+00,3.019802474975585938e+01,2.515618705749511719e+01,5.667563438415527344e+00
0.000000000000000000e+00,0.000000000000000000e+00,3.735515213012695312e+01,0.000000000000000000e+00,1.721613883972167969e+01,3.396788406372070312e+01,4.076079940795898438e+01,7.755178451538085938e+00
0.000000000000000000e+00,0.000000000000000000e+00,3.592050552368164062e+01,0.000000000000000000e+00,1.667266273498535156e+01,3.100333976745605469e+01,3.840690231323242188e+01,6.287897109985351562e+00
0.000000000000000000e+00,0.000000000000000000e+00,2.820662498474121094e+01,0.000000000000000000e+00,7.874490261077880859e+00,3.918022537231445312e+01,2.829718399047851562e+01,5.886942386627197266e+00
0.000000000000000000e+00,0.000000000000000000e+00,3.698542785644531250e+01,0.000000000000000000e+00,1.726573562622070312e+01,3.625002670288085938e+01,3.879057312011718750e+01,9.345814704895019531e+00
0.000000000000000000e+00,0.000000000000000000e+00,2.736424255371093750e+01,2.270962476730346680e+00,1.357991600036621094e+01,2.857440185546875000e+01,2.619289970397949219e+01,8.039699554443359375e+00
0.000000000000000000e+00,0.000000000000000000e+00,4.208781814575195312e+01,0.000000000000000000e+00,1.586573505401611328e+01,4.318904495239257812e+01,4.471694183349609375e+01,9.109290122985839844e+00
0.000000000000000000e+00,0.000000000000000000e+00,4.049610137939453125e+01,0.000000000000000000e+00,2.042439270019531250e+01,3.777470779418945312e+01,4.413745880126953125e+01,9.620046615600585938e+00
0.000000000000000000e+00,0.000000000000000000e+00,3.977882766723632812e+01,0.000000000000000000e+00,1.427991485595703125e+01,4.872014236450195312e+01,4.274687957763671875e+01,1.041553020477294922e+01
0.000000000000000000e+00,0.000000000000000000e+00,3.361960983276367188e+01,0.000000000000000000e+00,9.557518005371093750e+00,3.800358963012695312e+01,3.427210998535156250e+01,4.755371570587158203e+00
0.000000000000000000e+00,0.000000000000000000e+00,5.127864074707031250e+01,0.000000000000000000e+00,2.196957588195800781e+01,4.414982604980468750e+01,5.395032882690429688e+01,8.903414726257324219e+00
0.000000000000000000e+00,0.000000000000000000e+00,3.700130081176757812e+01,0.000000000000000000e+00,1.435031127929687500e+01,3.778144454956054688e+01,3.793413925170898438e+01,8.272537231445312500e+00
0.000000000000000000e+00,0.000000000000000000e+00,2.774347686767578125e+01,0.000000000000000000e+00,1.329477405548095703e+01,2.508115005493164062e+01,2.942185592651367188e+01,4.768470764160156250e+00
0.000000000000000000e+00,0.000000000000000000e+00,1.652189826965332031e+01,0.000000000000000000e+00,8.253573417663574219e+00,2.887874984741210938e+01,2.614612960815429688e+01,3.490415573120117188e+00
0.000000000000000000e+00,0.000000000000000000e+00,2.998721885681152344e+01,0.000000000000000000e+00,1.868412399291992188e+01,2.536582946777343750e+01,3.159229278564453125e+01,6.785702228546142578e+00
0.000000000000000000e+00,0.000000000000000000e+00,2.432547569274902344e+01,0.000000000000000000e+00,1.193304061889648438e+01,2.342258453369140625e+01,2.514908218383789062e+01,5.555462837219238281e+00
0.000000000000000000e+00,0.000000000000000000e+00,2.091193199157714844e+01,0.000000000000000000e+00,1.404316234588623047e+01,1.407723140716552734e+01,2.099737167358398438e+01,3.150589466094970703e+00
0.000000000000000000e+00,0.000000000000000000e+00,2.014960479736328125e+01,0.000000000000000000e+00,9.925940513610839844e+00,2.157984352111816406e+01,2.467576026916503906e+01,5.292971611022949219e+00
0.000000000000000000e+00,0.000000000000000000e+00,2.881938934326171875e+01,0.000000000000000000e+00,1.682563781738281250e+01,2.541987419128417969e+01,3.388381576538085938e+01,6.708299636840820312e+00
0.000000000000000000e+00,0.000000000000000000e+00,2.999198341369628906e+01,0.000000000000000000e+00,1.298203468322753906e+01,3.053749847412109375e+01,3.424971771240234375e+01,6.782969474792480469e+00
0.000000000000000000e+00,0.000000000000000000e+00,3.013245010375976562e+01,0.000000000000000000e+00,8.116453170776367188e+00,4.271257781982421875e+01,3.298750686645507812e+01,4.524921417236328125e+00
0.000000000000000000e+00,0.000000000000000000e+00,4.525495529174804688e+01,0.000000000000000000e+00,1.912628364562988281e+01,4.255493927001953125e+01,5.002831268310546875e+01,9.927969932556152344e+00
0.000000000000000000e+00,0.000000000000000000e+00,2.494042015075683594e+01,0.000000000000000000e+00,1.470290184020996094e+01,2.139577484130859375e+01,2.601001548767089844e+01,5.734594345092773438e+00
0.000000000000000000e+00,0.000000000000000000e+00,2.953883552551269531e+01,0.000000000000000000e+00,2.280532646179199219e+01,1.894265937805175781e+01,3.354141998291015625e+01,5.751216888427734375e+00
0.000000000000000000e+00,0.000000000000000000e+00,3.112126541137695312e+01,0.000000000000000000e+00,1.708433914184570312e+01,2.417181777954101562e+01,3.353203964233398438e+01,4.831110000610351562e+00
0.000000000000000000e+00,0.000000000000000000e+00,1.976040267944335938e+01,0.000000000000000000e+00,8.487400054931640625e+00,2.322202301025390625e+01,2.377814292907714844e+01,5.621163368225097656e+00
0.000000000000000000e+00,0.000000000000000000e+00,2.017702674865722656e+01,0.000000000000000000e+00,1.047556972503662109e+01,1.913396263122558594e+01,2.143035507202148438e+01,4.169625282287597656e+00
0.000000000000000000e+00,0.000000000000000000e+00,3.623107147216796875e+01,0.000000000000000000e+00,1.895390510559082031e+01,2.864992713928222656e+01,3.804540634155273438e+01,5.698996543884277344e+00
0.000000000000000000e+00,0.000000000000000000e+00,3.161814117431640625e+01,0.000000000000000000e+00,1.003791904449462891e+01,3.620075607299804688e+01,3.336531448364257812e+01,6.649362564086914062e+00
0.000000000000000000e+00,0.000000000000000000e+00,3.432524490356445312e+01,0.000000000000000000e+00,2.249947547912597656e+01,2.853689193725585938e+01,4.114736938476562500e+01,9.192914009094238281e+00
0.000000000000000000e+00,0.000000000000000000e+00,2.575002861022949219e+01,0.000000000000000000e+00,1.184940719604492188e+01,2.642827987670898438e+01,3.016050529479980469e+01,5.491440773010253906e+00
0.000000000000000000e+00,0.000000000000000000e+00,3.008610534667968750e+01,0.000000000000000000e+00,9.840978622436523438e+00,3.206501770019531250e+01,2.999173545837402344e+01,5.596306324005126953e+00
0.000000000000000000e+00,0.000000000000000000e+00,3.672735595703125000e+01,0.000000000000000000e+00,1.640406799316406250e+01,3.209068298339843750e+01,3.875701141357421875e+01,6.823871135711669922e+00
0.000000000000000000e+00,0.000000000000000000e+00,2.522130775451660156e+01,0.000000000000000000e+00,6.517284870147705078e+00,3.636185073852539062e+01,2.714322280883789062e+01,4.182294845581054688e+00
0.000000000000000000e+00,0.000000000000000000e+00,3.368484497070312500e+01,0.000000000000000000e+00,1.210963439941406250e+01,3.693335342407226562e+01,3.632859802246093750e+01,6.848836421966552734e+00
0.000000000000000000e+00,0.000000000000000000e+00,2.713063621520996094e+01,0.000000000000000000e+00,1.241447544097900391e+01,3.031161880493164062e+01,3.193337821960449219e+01,6.503542900085449219e+00
0.000000000000000000e+00,0.000000000000000000e+00,2.431147384643554688e+01,0.000000000000000000e+00,7.832513332366943359e+00,3.728407287597656250e+01,2.971451377868652344e+01,3.615020036697387695e+00
0.000000000000000000e+00,0.000000000000000000e+00,2.404517555236816406e+01,0.000000000000000000e+00,6.039847850799560547e+00,3.571951675415039062e+01,2.697688865661621094e+01,2.309317588806152344e+00
0.000000000000000000e+00,0.000000000000000000e+00,3.860481643676757812e+01,0.000000000000000000e+00,1.333284378051757812e+01,3.516814804077148438e+01,3.950171661376953125e+01,5.200346469879150391e+00
0.000000000000000000e+00,0.000000000000000000e+00,2.343759918212890625e+01,0.000000000000000000e+00,7.368537902832031250e+00,3.302186584472656250e+01,2.574514007568359375e+01,4.242186546325683594e+00
0.000000000000000000e+00,0.000000000000000000e+00,2.149946784973144531e+01,0.000000000000000000e+00,1.023953342437744141e+01,2.114862632751464844e+01,2.441372489929199219e+01,4.247759342193603516e+00
0.000000000000000000e+00,0.000000000000000000e+00,1.624454116821289062e+01,0.000000000000000000e+00,1.133095741271972656e+01,1.503686428070068359e+01,2.309696197509765625e+01,3.125227928161621094e+00
0.000000000000000000e+00,0.000000000000000000e+00,3.191530990600585938e+01,0.000000000000000000e+00,1.190686893463134766e+01,3.562034988403320312e+01,3.186368751525878906e+01,8.590983390808105469e+00
0.000000000000000000e+00,0.000000000000000000e+00,2.897811317443847656e+01,0.000000000000000000e+00,1.559251785278320312e+01,2.705345535278320312e+01,3.243590927124023438e+01,7.047015666961669922e+00
0.000000000000000000e+00,0.000000000000000000e+00,2.564646720886230469e+01,1.114043951034545898e+00,1.813033676147460938e+01,2.194820213317871094e+01,2.682358169555664062e+01,7.393677234649658203e+00
0.000000000000000000e+00,0.000000000000000000e+00,1.300638103485107422e+01,2.754581272602081299e-01,3.297959136962890625e+01,0.000000000000000000e+00,2.326153182983398438e+01,2.269237041473388672e+00
0.000000000000000000e+00,0.000000000000000000e+00,1.110141754150390625e+01,1.542987918853759766e+01,4.012647628784179688e+01,0.000000000000000000e+00,1.995566749572753906e+01,4.474476337432861328e+00
0.000000000000000000e+00,0.000000000000000000e+00,7.456552982330322266e+00,8.251055717468261719e+00,2.992437934875488281e+01,0.000000000000000000e+00,1.561362457275390625e+01,3.288635730743408203e+00
0.000000000000000000e+00,0.000000000000000000e+00,1.236971950531005859e+01,0.000000000000000000e+00,1.016106700897216797e+01,7.677962303161621094e+00,1.491314601898193359e+01,0.000000000000000000e+00
0.000000000000000000e+00,0.000000000000000000e+00,7.863805294036865234e+00,1.432766628265380859e+01,2.006410980224609375e+01,0.000000000000000000e+00,9.169776916503906250e+00,5.708343505859375000e+00
0.000000000000000000e+00,0.000000000000000000e+00,2.968552970886230469e+01,4.866374969482421875e+01,4.757713699340820312e+01,0.000000000000000000e+00,2.106864166259765625e+01,1.136005878448486328e+01
0.000000000000000000e+00,0.000000000000000000e+00,3.062799835205078125e+01,4.569421386718750000e+01,2.836017036437988281e+01,0.000000000000000000e+00,1.399977684020996094e+01,4.250481605529785156e+00
0.000000000000000000e+00,0.000000000000000000e+00,3.622938919067382812e+01,5.205889892578125000e+01,2.352988815307617188e+01,0.000000000000000000e+00,1.077478790283203125e+01,1.565104007720947266e+00
0.000000000000000000e+00,0.000000000000000000e+00,3.916593933105468750e+01,5.617985916137695312e+01,2.424312782287597656e+01,0.000000000000000000e+00,1.063912677764892578e+01,1.000664234161376953e+00
0.000000000000000000e+00,0.000000000000000000e+00,3.655664443969726562e+01,5.156647491455078125e+01,1.988712310791015625e+01,0.000000000000000000e+00,8.954374313354492188e+00,5.151208043098449707e-01
0.000000000000000000e+00,0.000000000000000000e+00,3.599594116210937500e+01,5.031176757812500000e+01,2.053463745117187500e+01,0.000000000000000000e+00,9.383609771728515625e+00,8.514791131019592285e-01
0.000000000000000000e+00,0.000000000000000000e+00,1.646440505981445312e+01,2.410255813598632812e+01,1.994186782836914062e+01,0.000000000000000000e+00,9.482161521911621094e+00,3.151773214340209961e+00
0.000000000000000000e+00,0.000000000000000000e+00,3.834822082519531250e+01,3.189273071289062500e+01,4.992085647583007812e+01,0.000000000000000000e+00,2.955776596069335938e+01,7.327198982238769531e+00
0.000000000000000000e+00,0.000000000000000000e+00,3.530101394653320312e+01,5.036684799194335938e+01,2.127691078186035156e+01,0.000000000000000000e+00,9.556376457214355469e+00,9.538665413856506348e-01
0.000000000000000000e+00,0.000000000000000000e+00,3.485823822021484375e+01,4.997767257690429688e+01,2.317136764526367188e+01,0.000000000000000000e+00,1.058071804046630859e+01,1.599590897560119629e+00
0.000000000000000000e+00,0.000000000000000000e+00,3.581718063354492188e+01,5.111722946166992188e+01,2.276556587219238281e+01,0.000000000000000000e+00,1.020360183715820312e+01,1.224978446960449219e+00
0.000000000000000000e+00,0.000000000000000000e+00,3.307856369018554688e+01,4.571220016479492188e+01,1.723628234863281250e+01,0.000000000000000000e+00,8.040972709655761719e+00,5.247810482978820801e-01
0.000000000000000000e+00,0.000000000000000000e+00,3.333024978637695312e+01,4.659318923950195312e+01,1.954404258728027344e+01,0.000000000000000000e+00,9.048545837402343750e+00,1.008292317390441895e+00
0.000000000000000000e+00,0.000000000000000000e+00,4.060445785522460938e+01,5.625202560424804688e+01,1.945758056640625000e+01,0.000000000000000000e+00,7.985088825225830078e+00,0.000000000000000000e+00
0.000000000000000000e+00,0.000000000000000000e+00,3.001614952087402344e+01,4.044369125366210938e+01,1.020077896118164062e+01,0.000000000000000000e+00,3.583498954772949219e+00,0.000000000000000000e+00
0.000000000000000000e+00,0.000000000000000000e+00,2.133634757995605469e+01,0.000000000000000000e+00,1.142197036743164062e+01,2.547395706176757812e+01,2.756217193603515625e+01,7.659699440002441406e+00
0.000000000000000000e+00,0.000000000000000000e+00,1.299643898010253906e+01,0.000000000000000000e+00,1.445769906044006348e+00,4.702026367187500000e+01,2.112266540527343750e+01,0.000000000000000000e+00
0.000000000000000000e+00,0.000000000000000000e+00,3.127980232238769531e+01,0.000000000000000000e+00,3.329736232757568359e+00,6.829737091064453125e+01,3.702045440673828125e+01,4.993932247161865234e+00
0.000000000000000000e+00,0.000000000000000000e+00,5.286310195922851562e+01,0.000000000000000000e+00,1.445663452148437500e+01,6.620360565185546875e+01,5.211569213867187500e+01,1.437914657592773438e+01
0.000000000000000000e+00,0.000000000000000000e+00,3.920307540893554688e+01,0.000000000000000000e+00,1.204469871520996094e+01,4.187936401367187500e+01,3.969078826904296875e+01,7.184890747070312500e+00
0.000000000000000000e+00,0.000000000000000000e+00,5.921321487426757812e+01,0.000000000000000000e+00,2.012758064270019531e+01,5.581900405883789062e+01,5.987424087524414062e+01,1.028710556030273438e+01
0.000000000000000000e+00,0.000000000000000000e+00,4.466029357910156250e+01,0.000000000000000000e+00,1.320703887939453125e+01,5.370634078979492188e+01,4.544288635253906250e+01,1.022482681274414062e+01
0.000000000000000000e+00,0.000000000000000000e+00,4.029715728759765625e+01,0.000000000000000000e+00,1.545637702941894531e+01,3.754363250732421875e+01,4.232740783691406250e+01,7.386049747467041016e+00
0.000000000000000000e+00,0.000000000000000000e+00,2.923225021362304688e+01,0.000000000000000000e+00,2.127179908752441406e+01,1.953080749511718750e+01,3.240928649902343750e+01,5.563370704650878906e+00
0.000000000000000000e+00,0.000000000000000000e+00,4.304521179199218750e+01,0.000000000000000000e+00,2.331376457214355469e+01,3.871924209594726562e+01,4.527743148803710938e+01,1.052858352661132812e+01
0.000000000000000000e+00,0.000000000000000000e+00,4.412527084350585938e+01,0.000000000000000000e+00,2.646544837951660156e+01,3.572172546386718750e+01,4.970399856567382812e+01,9.952568054199218750e+00
0.000000000000000000e+00,0.000000000000000000e+00,3.797372055053710938e+01,0.000000000000000000e+00,1.601785087585449219e+01,3.513391113281250000e+01,3.991048812866210938e+01,7.627892494201660156e+00
0.000000000000000000e+00,0.000000000000000000e+00,3.671429061889648438e+01,0.000000000000000000e+00,1.467621707916259766e+01,3.752336120605468750e+01,3.869313812255859375e+01,8.364990234375000000e+00
0.000000000000000000e+00,0.000000000000000000e+00,2.989429855346679688e+01,0.000000000000000000e+00,1.523962020874023438e+01,2.736281967163085938e+01,3.146661567687988281e+01,6.627255439758300781e+00
0.000000000000000000e+00,0.000000000000000000e+00,3.095026588439941406e+01,0.000000000000000000e+00,1.417265319824218750e+01,3.181202316284179688e+01,3.349316787719726562e+01,7.486555576324462891e+00
0.000000000000000000e+00,0.000000000000000000e+00,3.620594406127929688e+01,0.000000000000000000e+00,1.530875396728515625e+01,3.194466781616210938e+01,3.737194442749023438e+01,5.901576995849609375e+00
0.000000000000000000e+00,0.000000000000000000e+00,2.615705108642578125e+01,0.000000000000000000e+00,1.140520954132080078e+01,3.168845367431640625e+01,3.152155494689941406e+01,6.510096549987792969e+00
0.000000000000000000e+00,0.000000000000000000e+00,3.662268447875976562e+01,0.000000000000000000e+00,1.921746635437011719e+01,3.362309265136718750e+01,4.153347396850585938e+01,8.779446601867675781e+00
0.000000000000000000e+00,0.000000000000000000e+00,1.764629936218261719e+01,0.000000000000000000e+00,8.474796295166015625e+00,1.595518398284912109e+01,2.007633781433105469e+01,2.880215883255004883e+00
0.000000000000000000e+00,0.000000000000000000e+00,1.960750389099121094e+01,0.000000000000000000e+00,4.998791694641113281e+00,4.168150711059570312e+01,2.719932746887207031e+01,1.270246267318725586e+00
0.000000000000000000e+00,0.000000000000000000e+00,4.351191711425781250e+01,0.000000000000000000e+00,1.823528861999511719e+01,4.286472702026367188e+01,4.499615478515625000e+01,1.011462020874023438e+01
0.000000000000000000e+00,0.000000000000000000e+00,2.512184143066406250e+01,0.000000000000000000e+00,8.702560424804687500e+00,3.229418563842773438e+01,2.760226249694824219e+01,5.818778038024902344e+00
0.000000000000000000e+00,0.000000000000000000e+00,3.389926528930664062e+01,0.000000000000000000e+00,1.891238594055175781e+01,3.011632919311523438e+01,3.902199935913085938e+01,7.255247592926025391e+00
0.000000000000000000e+00,0.000000000000000000e+00,2.633684349060058594e+01,0.000000000000000000e+00,1.245084381103515625e+01,2.909068679809570312e+01,2.999175643920898438e+01,8.841576576232910156e+00
0.000000000000000000e+00,0.000000000000000000e+00,3.833388519287109375e+01,0.000000000000000000e+00,1.614658164978027344e+01,3.885943222045898438e+01,3.997550201416015625e+01,9.043226242065429688e+00
0.000000000000000000e+00,0.000000000000000000e+00,4.568529129028320312e+01,0.000000000000000000e+00,1.709920501708984375e+01,4.093543624877929688e+01,4.808933258056640625e+01,7.382062911987304688e+00
0.000000000000000000e+00,0.000000000000000000e+00,3.228763198852539062e+01,0.000000000000000000e+00,1.016984558105468750e+01,4.710744094848632812e+01,3.797711563110351562e+01,6.076056480407714844e+00
0.000000000000000000e+00,0.000000000000000000e+00,2.445236396789550781e+01,0.000000000000000000e+00,1.184532928466796875e+01,2.755464553833007812e+01,3.049655342102050781e+01,6.234188079833984375e+00
0.000000000000000000e+00,0.000000000000000000e+00,2.966441917419433594e+01,0.000000000000000000e+00,2.123069572448730469e+01,2.483383178710937500e+01,3.421017837524414062e+01,7.772503852844238281e+00
0.000000000000000000e+00,0.000000000000000000e+00,4.254595565795898438e+01,0.000000000000000000e+00,1.963959312438964844e+01,4.347259902954101562e+01,4.434389495849609375e+01,1.183713436126708984e+01
0.000000000000000000e+00,0.000000000000000000e+00,2.513742256164550781e+01,0.000000000000000000e+00,1.292967033386230469e+01,1.958392333984375000e+01,2.653115653991699219e+01,3.231528282165527344e+00
0.000000000000000000e+00,0.000000000000000000e+00,3.246119308471679688e+01,0.000000000000000000e+00,1.477612304687500000e+01,2.939446067810058594e+01,3.574145889282226562e+01,5.657554149627685547e+00
0.000000000000000000e+00,0.000000000000000000e+00,2.596446418762207031e+01,0.000000000000000000e+00,1.527774715423583984e+01,2.657870101928710938e+01,3.363793182373046875e+01,7.707292079925537109e+00
0.000000000000000000e+00,0.000000000000000000e+00,1.470922470092773438e+01,0.000000000000000000e+00,5.308447360992431641e+00,1.228608512878417969e+01,1.454128360748291016e+01,8.146944642066955566e-01
0.000000000000000000e+00,0.000000000000000000e+00,2.456785774230957031e+01,0.000000000000000000e+00,1.360970306396484375e+01,2.239295768737792969e+01,2.731505966186523438e+01,5.294353485107421875e+00
0.000000000000000000e+00,0.000000000000000000e+00,2.130608177185058594e+01,0.000000000000000000e+00,1.355664062500000000e+01,1.887002944946289062e+01,2.456874465942382812e+01,5.174987792968750000e+00
0.000000000000000000e+00,0.000000000000000000e+00,1.034499359130859375e+01,0.000000000000000000e+00,3.633710384368896484e+00,2.362487411499023438e+01,1.586834144592285156e+01,1.016669154167175293e+00
0.000000000000000000e+00,0.000000000000000000e+00,2.474143981933593750e+01,0.000000000000000000e+00,1.245810031890869141e+01,1.989194679260253906e+01,2.680286216735839844e+01,2.191459894180297852e+00
0.000000000000000000e+00,0.000000000000000000e+00,1.754704093933105469e+01,0.000000000000000000e+00,9.663719177246093750e+00,1.797880744934082031e+01,2.112468528747558594e+01,4.583732128143310547e+00
0.000000000000000000e+00,0.000000000000000000e+00,1.529672050476074219e+01,0.000000000000000000e+00,1.245264434814453125e+01,1.045404338836669922e+01,1.881083297729492188e+01,2.665324211120605469e+00
0.000000000000000000e+00,0.000000000000000000e+00,1.831841468811035156e+01,0.000000000000000000e+00,1.076812553405761719e+01,1.545082378387451172e+01,1.964117240905761719e+01,3.114526748657226562e+00
0.000000000000000000e+00,0.000000000000000000e+00,2.560104179382324219e+01,0.000000000000000000e+00,1.496534442901611328e+01,2.134930801391601562e+01,2.818962860107421875e+01,5.103200435638427734e+00
0.000000000000000000e+00,0.000000000000000000e+00,2.023706626892089844e+01,0.000000000000000000e+00,1.474715232849121094e+01,1.377899646759033203e+01,2.362286186218261719e+01,3.633594274520874023e+00
0.000000000000000000e+00,0.000000000000000000e+00,3.037286376953125000e+01,0.000000000000000000e+00,1.506326007843017578e+01,2.974854087829589844e+01,3.344871520996093750e+01,7.357365608215332031e+00
0.000000000000000000e+00,0.000000000000000000e+00,2.906624984741210938e+01,0.000000000000000000e+00,1.440360832214355469e+01,2.575751495361328125e+01,2.927971458435058594e+01,4.809988021850585938e+00
0.000000000000000000e+00,0.000000000000000000e+00,1.973101234436035156e+01,0.000000000000000000e+00,9.954582214355468750e+00,1.929520416259765625e+01,2.283847427368164062e+01,4.012321949005126953e+00
0.000000000000000000e+00,0.000000000000000000e+00,1.610927963256835938e+01,0.000000000000000000e+00,1.429796218872070312e+01,1.649212265014648438e+01,2.617587661743164062e+01,5.377710819244384766e+00
0.000000000000000000e+00,0.000000000000000000e+00,1.339959812164306641e+01,0.000000000000000000e+00,1.305411911010742188e+01,1.296584796905517578e+01,2.279729843139648438e+01,2.995792865753173828e+00
0.000000000000000000e+00,0.000000000000000000e+00,7.560732364654541016e+00,0.000000000000000000e+00,1.374069023132324219e+01,8.996798515319824219e+00,2.123895835876464844e+01,5.339626312255859375e+00
0.000000000000000000e+00,0.000000000000000000e+00,1.024783897399902344e+01,0.000000000000000000e+00,1.260483169555664062e+01,2.297894668579101562e+01,2.821102714538574219e+01,4.270951271057128906e+00
0.000000000000000000e+00,0.000000000000000000e+00,5.408146381378173828e+00,0.000000000000000000e+00,2.068312835693359375e+01,5.192364454269409180e-01,1.885121726989746094e+01,5.405488491058349609e+00
0.000000000000000000e+00,0.000000000000000000e+00,2.200372886657714844e+01,3.416252517700195312e+01,2.872945213317871094e+01,0.000000000000000000e+00,1.421779441833496094e+01,7.280330657958984375e+00
0.000000000000000000e+00,0.000000000000000000e+00,2.843004798889160156e+01,4.828649520874023438e+01,4.830074691772460938e+01,0.000000000000000000e+00,2.438874816894531250e+01,1.264060401916503906e+01
0.000000000000000000e+00,0.000000000000000000e+00,3.446563339233398438e+01,4.874802398681640625e+01,2.089546775817871094e+01,0.000000000000000000e+00,1.007362556457519531e+01,1.579525470733642578e+00
0.000000000000000000e+00,0.000000000000000000e+00,3.904215240478515625e+01,5.480264282226562500e+01,1.813348960876464844e+01,0.000000000000000000e+00,7.944018363952636719e+00,0.000000000000000000e+00
0.000000000000000000e+00,0.000000000000000000e+00,3.376041793823242188e+01,4.780910491943359375e+01,2.204687118530273438e+01,0.000000000000000000e+00,1.055658626556396484e+01,1.892367601394653320e+00
0.000000000000000000e+00,0.000000000000000000e+00,3.530665206909179688e+01,5.096398162841796875e+01,2.468202400207519531e+01,0.000000000000000000e+00,1.165744781494140625e+01,2.263836622238159180e+00
0.000000000000000000e+00,0.000000000000000000e+00,4.790840148925781250e+01,6.274028778076171875e+01,1.102605819702148438e+01,0.000000000000000000e+00,3.034245491027832031e+00,0.000000000000000000e+00
0.000000000000000000e+00,0.000000000000000000e+00,6.937418365478515625e+01,8.148059082031250000e+01,3.140908718109130859e+00,0.000000000000000000e+00,5.997581481933593750e+00,0.000000000000000000e+00
0.000000000000000000e+00,0.000000000000000000e+00,3.417564773559570312e+01,4.855594253540039062e+01,2.159576797485351562e+01,0.000000000000000000e+00,9.994709968566894531e+00,1.416936635971069336e+00
0.000000000000000000e+00,0.000000000000000000e+00,3.614846801757812500e+01,5.259365081787109375e+01,2.587788963317871094e+01,0.000000000000000000e+00,1.161794185638427734e+01,1.928401589393615723e+00
0.000000000000000000e+00,0.000000000000000000e+00,3.689258193969726562e+01,5.319610214233398438e+01,2.440618896484375000e+01,0.000000000000000000e+00,1.080245876312255859e+01,1.365599036216735840e+00
0.000000000000000000e+00,0.000000000000000000e+00,3.470605850219726562e+01,4.934497833251953125e+01,2.175307846069335938e+01,0.000000000000000000e+00,9.917439460754394531e+00,1.262173891067504883e+00
0.000000000000000000e+00,0.000000000000000000e+00,3.715865707397460938e+01,5.275501632690429688e+01,2.257674026489257812e+01,0.000000000000000000e+00,9.735548973083496094e+00,6.886940598487854004e-01
0.000000000000000000e+00,0.000000000000000000e+00,4.104968261718750000e+01,5.568178558349609375e+01,1.485277557373046875e+01,0.000000000000000000e+00,4.510017395019531250e+00,0.000000000000000000e+00
0.000000000000000000e+00,2.831362485885620117e-01,1.616294288635253906e+01,8.202464103698730469e+00,0.000000000000000000e+00,7.374475955963134766e+00,4.536822795867919922e+00,0.000000000000000000e+00
0.000000000000000000e+00,0.000000000000000000e+00,1.511020278930664062e+01,0.000000000000000000e+00,5.973987102508544922e+00,1.144149303436279297e+01,1.285203933715820312e+01,0.000000000000000000e+00
0.000000000000000000e+00,0.000000000000000000e+00,2.466299057006835938e+01,0.000000000000000000e+00,1.213217639923095703e+01,2.571556472778320312e+01,2.696700668334960938e+01,6.669603347778320312e+00
0.000000000000000000e+00,0.000000000000000000e+00,3.497459793090820312e+01,0.000000000000000000e+00,2.030246925354003906e+01,2.597581863403320312e+01,3.836789321899414062e+01,5.530317783355712891e+00
0.000000000000000000e+00,0.000000000000000000e+00,3.987709808349609375e+01,0.000000000000000000e+00,2.513844108581542969e+01,3.125386047363281250e+01,4.346812438964843750e+01,9.118968009948730469e+00
0.000000000000000000e+00,0.000000000000000000e+00,3.204343032836914062e+01,0.000000000000000000e+00,1.856340408325195312e+01,2.534831809997558594e+01,3.554809951782226562e+01,5.763174533843994141e+00
0.000000000000000000e+00,0.000000000000000000e+00,2.066404533386230469e+01,0.000000000000000000e+00,1.801978874206542969e+01,1.371561050415039062e+01,2.672404289245605469e+01,4.877397060394287109e+00
0.000000000000000000e+00,0.000000000000000000e+00,1.069381427764892578e+01,0.000000000000000000e+00,2.832998275756835938e+00,9.859939575195312500e+00,8.334645271301269531e+00,0.000000000000000000e+00
0.000000000000000000e+00,0.000000000000000000e+00,3.476852798461914062e+01,0.000000000000000000e+00,2.054056739807128906e+01,2.829084777832031250e+01,3.688495635986328125e+01,6.712714672088623047e+00
0.000000000000000000e+00,0.000000000000000000e+00,2.756570243835449219e+01,0.000000000000000000e+00,2.235084533691406250e+01,1.811000251770019531e+01,3.042465400695800781e+01,6.198271274566650391e+00
0.000000000000000000e+00,0.000000000000000000e+00,2.910321998596191406e+01,0.000000000000000000e+00,1.850940513610839844e+01,2.218866348266601562e+01,3.152411460876464844e+01,5.608272552490234375e+00
0.000000000000000000e+00,0.000000000000000000e+00,2.332177925109863281e+01,0.000000000000000000e+00,1.205066585540771484e+01,2.111429023742675781e+01,2.448735046386718750e+01,4.522412300109863281e+00
0.000000000000000000e+00,0.000000000000000000e+00,2.141615676879882812e+01,0.000000000000000000e+00,1.190097236633300781e+01,1.749815750122070312e+01,2.205379676818847656e+01,3.280308961868286133e+00
0.000000000000000000e+00,0.000000000000000000e+00,2.348199653625488281e+01,0.000000000000000000e+00,1.236705875396728516e+01,1.853129196166992188e+01,2.487080764770507812e+01,2.980726480484008789e+00
0.000000000000000000e+00,0.000000000000000000e+00,2.056394577026367188e+01,0.000000000000000000e+00,6.933843135833740234e+00,3.272304916381835938e+01,2.638119888305664062e+01,2.984755516052246094e+00
0.000000000000000000e+00,0.000000000000000000e+00,2.430383300781250000e+01,0.000000000000000000e+00,1.182831764221191406e+01,2.778783035278320312e+01,2.984230804443359375e+01,5.128905296325683594e+00
0.000000000000000000e+00,0.000000000000000000e+00,2.692759323120117188e+01,0.000000000000000000e+00,1.979213905334472656e+01,1.888116836547851562e+01,3.033709716796875000e+01,4.940217018127441406e+00
0.000000000000000000e+00,0.000000000000000000e+00,4.491082000732421875e+01,0.000000000000000000e+00,1.829675483703613281e+01,4.430610656738281250e+01,4.651482391357421875e+01,1.004018402099609375e+01
0.000000000000000000e+00,0.000000000000000000e+00,4.493116378784179688e+01,0.000000000000000000e+00,2.233553123474121094e+01,4.316025543212890625e+01,4.708532333374023438e+01,1.179761123657226562e+01
0.000000000000000000e+00,0.000000000000000000e+00,3.530560684204101562e+01,0.000000000000000000e+00,1.057480335235595703e+01,4.178303909301757812e+01,3.676269149780273438e+01,6.370537757873535156e+00
0.000000000000000000e+00,0.000000000000000000e+00,4.508461380004882812e+01,0.000000000000000000e+00,2.181955528259277344e+01,4.316160202026367188e+01,5.162339019775390625e+01,1.077467823028564453e+01
0.000000000000000000e+00,0.000000000000000000e+00,2.869172477722167969e+01,0.000000000000000000e+00,1.453535366058349609e+01,3.643798446655273438e+01,3.749724578857421875e+01,8.429934501647949219e+00
0.000000000000000000e+00,0.000000000000000000e+00,2.685038185119628906e+01,0.000000000000000000e+00,8.463018417358398438e+00,2.960609054565429688e+01,2.734274291992187500e+01,4.163319110870361328e+00
0.000000000000000000e+00,0.000000000000000000e+00,4.555252838134765625e+01,0.000000000000000000e+00,1.577676773071289062e+01,4.097514343261718750e+01,4.639157867431640625e+01,6.905419349670410156e+00
0.000000000000000000e+00,0.000000000000000000e+00,5.202853775024414062e+01,0.000000000000000000e+00,1.514434051513671875e+01,6.064771652221679688e+01,5.505369186401367188e+01,1.061996269226074219e+01
0.000000000000000000e+00,0.000000000000000000e+00,3.742573165893554688e+01,0.000000000000000000e+00,1.576816177368164062e+01,3.616222000122070312e+01,4.047726821899414062e+01,7.828038692474365234e+00
0.000000000000000000e+00,0.000000000000000000e+00,3.512974166870117188e+01,0.000000000000000000e+00,2.082261085510253906e+01,2.870805740356445312e+01,3.898273086547851562e+01,7.722187995910644531e+00
0.000000000000000000e+00,0.000000000000000000e+00,3.695110702514648438e+01,0.000000000000000000e+00,1.659268569946289062e+01,3.525902557373046875e+01,4.164308929443359375e+01,7.829545021057128906e+00
0.000000000000000000e+00,0.000000000000000000e+00,3.393771362304687500e+01,0.000000000000000000e+00,1.364250373840332031e+01,3.409601974487304688e+01,3.552754974365234375e+01,7.703708648681640625e+00
0.000000000000000000e+00,0.000000000000000000e+00,2.520412063598632812e+01,0.000000000000000000e+00,1.590875625610351562e+01,2.014786338806152344e+01,2.450458908081054688e+01,4.679966926574707031e+00
0.000000000000000000e+00,0.000000000000000000e+00,3.213893890380859375e+01,0.000000000000000000e+00,1.834046173095703125e+01,2.852389144897460938e+01,3.539490127563476562e+01,7.270765781402587891e+00
0.000000000000000000e+00,0.000000000000000000e+00,2.331967735290527344e+01,0.000000000000000000e+00,1.521948432922363281e+01,2.295756912231445312e+01,3.173687744140625000e+01,6.321347236633300781e+00
0.000000000000000000e+00,0.000000000000000000e+00,2.012267684936523438e+01,0.000000000000000000e+00,9.537254333496093750e+00,1.870978164672851562e+01,2.097640228271484375e+01,3.635946989059448242e+00
0.000000000000000000e+00,0.000000000000000000e+00,1.808375930786132812e+01,0.000000000000000000e+00,6.832634449005126953e+00,1.703191757202148438e+01,1.811266517639160156e+01,1.658351540565490723e+00
0.000000000000000000e+00,0.000000000000000000e+00,1.968899345397949219e+01,0.000000000000000000e+00,8.948696136474609375e+00,3.195283889770507812e+01,2.773775482177734375e+01,5.245861053466796875e+00
0.000000000000000000e+00,0.000000000000000000e+00,2.114964485168457031e+01,0.000000000000000000e+00,1.724963760375976562e+01,1.477311038970947266e+01,2.785693359375000000e+01,4.835042476654052734e+00
0.000000000000000000e+00,0.000000000000000000e+00,1.361068820953369141e+01,0.000000000000000000e+00,5.278611660003662109e+00,1.279608058929443359e+01,1.474669933319091797e+01,0.000000000000000000e+00
0.000000000000000000e+00,0.000000000000000000e+00,1.197370529174804688e+01,0.000000000000000000e+00,6.558363437652587891e+00,1.001750850677490234e+01,1.162933254241943359e+01,1.671559333801269531e+00
0.000000000000000000e+00,0.000000000000000000e+00,9.290141105651855469e+00,0.000000000000000000e+00,1.168016147613525391e+01,1.449475765228271484e+01,2.317428016662597656e+01,5.935012817382812500e+00
0.000000000000000000e+00,0.000000000000000000e+00,1.214063835144042969e+01,0.000000000000000000e+00,1.449190616607666016e+01,1.017349529266357422e+01,2.111455726623535156e+01,3.901338100433349609e+00
0.000000000000000000e+00,0.000000000000000000e+00,1.188921928405761719e+01,0.000000000000000000e+00,8.198830604553222656e+00,1.549981212615966797e+01,2.037037658691406250e+01,2.800523281097412109e+00
0.000000000000000000e+00,0.000000000000000000e+00,1.052603816986083984e+01,0.000000000000000000e+00,8.714343070983886719e+00,1.032747173309326172e+01,1.655664634704589844e+01,1.725351214408874512e+00
0.000000000000000000e+00,0.000000000000000000e+00,1.442902469635009766e+01,0.000000000000000000e+00,7.541577816009521484e+00,1.136386013031005859e+01,1.446190738677978516e+01,1.644727945327758789e+00
0.000000000000000000e+00,0.000000000000000000e+00,2.001390075683593750e+01,0.000000000000000000e+00,1.040069198608398438e+01,1.860951614379882812e+01,2.368956565856933594e+01,3.873416900634765625e+00
0.000000000000000000e+00,0.000000000000000000e+00,2.062857627868652344e+01,0.000000000000000000e+00,1.253293323516845703e+01,1.747544479370117188e+01,2.548755264282226562e+01,3.266602754592895508e+00
0.000000000000000000e+00,0.000000000000000000e+00,1.708260726928710938e+01,0.000000000000000000e+00,4.605356693267822266e+00,2.129715347290039062e+01,1.769489097595214844e+01,1.533870339393615723e+00
0.000000000000000000e+00,0.000000000000000000e+00,1.466587352752685547e+01,0.000000000000000000e+00,3.392360925674438477e+00,1.494178771972656250e+01,1.406978416442871094e+01,0.000000000000000000e+00
0.000000000000000000e+00,0.000000000000000000e+00,1.387874507904052734e+01,0.000000000000000000e+00,6.792347431182861328e+00,1.425502490997314453e+01,1.768756103515625000e+01,1.425358057022094727e+00
0.000000000000000000e+00,0.000000000000000000e+00,1.630605888366699219e+01,0.000000000000000000e+00,1.135830593109130859e+01,1.143930912017822266e+01,1.876100540161132812e+01,2.429439544677734375e+00
0.000000000000000000e+00,0.000000000000000000e+00,1.197705841064453125e+01,0.000000000000000000e+00,7.280086994171142578e+00,1.258259582519531250e+01,1.540428638458251953e+01,2.942349433898925781e+00
0.000000000000000000e+00,0.000000000000000000e+00,8.110193252563476562e+00,0.000000000000000000e+00,1.099418258666992188e+01,7.058537483215332031e+00,1.480575752258300781e+01,3.108357429504394531e+00
0.000000000000000000e+00,0.000000000000000000e+00,3.254743099212646484e+00,6.843463897705078125e+00,2.580473518371582031e+01,0.000000000000000000e+00,1.250814247131347656e+01,5.313519001007080078e+00
0.000000000000000000e+00,0.000000000000000000e+00,2.261587142944335938e+01,3.416284942626953125e+01,2.348736953735351562e+01,0.000000000000000000e+00,1.129995346069335938e+01,4.206559181213378906e+00
0.000000000000000000e+00,0.000000000000000000e+00,4.021929550170898438e+01,5.900214385986328125e+01,2.952164077758789062e+01,0.000000000000000000e+00,1.219678020477294922e+01,3.350985050201416016e+00
0.000000000000000000e+00,0.000000000000000000e+00,3.577675247192382812e+01,5.200157165527343750e+01,2.396140861511230469e+01,0.000000000000000000e+00,1.067172718048095703e+01,1.449283123016357422e+00
0.000000000000000000e+00,0.000000000000000000e+00,3.684588241577148438e+01,5.326750183105468750e+01,2.265562438964843750e+01,0.000000000000000000e+00,9.931145668029785156e+00,8.864760994911193848e-01
0.000000000000000000e+00,0.000000000000000000e+00,3.571522521972656250e+01,5.179529953002929688e+01,2.406638908386230469e+01,0.000000000000000000e+00,1.076266574859619141e+01,1.516014814376831055e+00
0.000000000000000000e+00,0.000000000000000000e+00,3.512510681152343750e+01,5.046224975585937500e+01,2.337507247924804688e+01,0.000000000000000000e+00,1.092653751373291016e+01,2.061705112457275391e+00
0.000000000000000000e+00,0.000000000000000000e+00,2.137401962280273438e+01,3.259075927734375000e+01,2.136564445495605469e+01,0.000000000000000000e+00,1.056491184234619141e+01,4.176620006561279297e+00
0.000000000000000000e+00,0.000000000000000000e+00,4.072656631469726562e+01,6.703256988525390625e+01,5.884455871582031250e+01,0.000000000000000000e+00,3.012146377563476562e+01,1.865209007263183594e+01
0.000000000000000000e+00,0.000000000000000000e+00,3.843634796142578125e+01,5.489165496826171875e+01,2.378693199157714844e+01,0.000000000000000000e+00,1.042635440826416016e+01,9.660082459449768066e-01
0.000000000000000000e+00,0.000000000000000000e+00,3.461847686767578125e+01,4.850654602050781250e+01,1.931195640563964844e+01,0.000000000000000000e+00,8.995955467224121094e+00,8.622589707374572754e-01
0.000000000000000000e+00,0.000000000000000000e+00,3.686160659790039062e+01,5.317288970947265625e+01,2.419363212585449219e+01,0.000000000000000000e+00,1.082888412475585938e+01,1.430067181587219238e+00
0.000000000000000000e+00,0.000000000000000000e+00,3.491344833374023438e+01,5.036509323120117188e+01,2.452029228210449219e+01,0.000000000000000000e+00,1.133274555206298828e+01,2.040022850036621094e+00
0.000000000000000000e+00,0.000000000000000000e+00,3.199591255187988281e+01,4.504062652587890625e+01,2.096246719360351562e+01,0.000000000000000000e+00,1.021823978424072266e+01,1.965245723724365234e+00
0.000000000000000000e+00,0.000000000000000000e+00,3.895892715454101562e+01,4.980459213256835938e+01,6.444158077239990234e+00,0.000000000000000000e+00,2.976959705352783203e+00,0.000000000000000000e+00
0.000000000000000000e+00,0.000000000000000000e+00,1.836298751831054688e+01,1.508086872100830078e+01,0.000000000000000000e+00,3.872610330581665039e+00,3.751654148101806641e+00,0.000000000000000000e+00
0.000000000000000000e+00,0.000000000000000000e+00,2.876692771911621094e+01,0.000000000000000000e+00,1.255164527893066406e+01,3.148461532592773438e+01,3.137974357604980469e+01,8.700749397277832031e+00
0.000000000000000000e+00,0.000000000000000000e+00,2.949996566772460938e+01,0.000000000000000000e+00,1.508623313903808594e+01,2.456240844726562500e+01,3.297750473022460938e+01,5.464358329772949219e+00
0.000000000000000000e+00,0.000000000000000000e+00,2.715218734741210938e+01,0.000000000000000000e+00,1.559056663513183594e+01,2.344038391113281250e+01,3.053158569335937500e+01,6.143634796142578125e+00
0.000000000000000000e+00,0.000000000000000000e+00,3.198309707641601562e+01,0.000000000000000000e+00,1.621782493591308594e+01,2.582348251342773438e+01,3.426448059082031250e+01,4.721951484680175781e+00
0.000000000000000000e+00,0.000000000000000000e+00,1.557961559295654297e+01,0.000000000000000000e+00,1.836768913269042969e+01,9.569569587707519531e+00,2.309392929077148438e+01,4.383600234985351562e+00
0.000000000000000000e+00,0.000000000000000000e+00,3.195196723937988281e+01,0.000000000000000000e+00,1.696757507324218750e+01,2.599251174926757812e+01,3.406541442871093750e+01,5.106580734252929688e+00
0.000000000000000000e+00,0.000000000000000000e+00,3.045184326171875000e+01,0.000000000000000000e+00,1.730226325988769531e+01,2.515545654296875000e+01,3.281361007690429688e+01,6.649297714233398438e+00
0.000000000000000000e+00,0.000000000000000000e+00,2.151094055175781250e+01,0.000000000000000000e+00,8.566904067993164062e+00,2.122194290161132812e+01,2.102562141418457031e+01,3.950968980789184570e+00
0.000000000000000000e+00,0.000000000000000000e+00,2.325885963439941406e+01,0.000000000000000000e+00,2.794627189636230469e+00,5.007822036743164062e+01,2.823881340026855469e+01,0.000000000000000000e+00
0.000000000000000000e+00,0.000000000000000000e+00,4.003239059448242188e+01,0.000000000000000000e+00,1.315941524505615234e+01,3.946717071533203125e+01,4.136539077758789062e+01,7.536343097686767578e+00
0.000000000000000000e+00,0.000000000000000000e+00,2.961451339721679688e+01,0.000000000000000000e+00,1.476977157592773438e+01,2.838623809814453125e+01,3.202022171020507812e+01,6.506106376647949219e+00
0.000000000000000000e+00,0.000000000000000000e+00,3.327007293701171875e+01,0.000000000000000000e+00,1.896533203125000000e+01,2.753762054443359375e+01,3.638549423217773438e+01,6.345974922180175781e+00
0.000000000000000000e+00,0.000000000000000000e+00,2.778811836242675781e+01,0.000000000000000000e+00,1.697110557556152344e+01,2.244720649719238281e+01,3.095444488525390625e+01,5.739580154418945312e+00
0.000000000000000000e+00,0.000000000000000000e+00,4.076013946533203125e+01,0.000000000000000000e+00,1.863510322570800781e+01,4.052741622924804688e+01,4.178424453735351562e+01,1.029808521270751953e+01
0.000000000000000000e+00,0.000000000000000000e+00,3.513316726684570312e+01,0.000000000000000000e+00,1.949408531188964844e+01,2.676825714111328125e+01,3.792135620117187500e+01,5.789443016052246094e+00
0.000000000000000000e+00,0.000000000000000000e+00,2.012287712097167969e+01,0.000000000000000000e+00,7.978274822235107422e+00,2.618912887573242188e+01,2.352176666259765625e+01,3.556724548339843750e+00
0.000000000000000000e+00,0.000000000000000000e+00,2.283612251281738281e+01,0.000000000000000000e+00,1.468445205688476562e+01,2.487923812866210938e+01,3.180897903442382812e+01,7.226449966430664062e+00
0.000000000000000000e+00,0.000000000000000000e+00,3.467592239379882812e+01,0.000000000000000000e+00,1.711990547180175781e+01,3.283637619018554688e+01,3.852620315551757812e+01,8.300997734069824219e+00
0.000000000000000000e+00,0.000000000000000000e+00,3.158457756042480469e+01,0.000000000000000000e+00,1.035744476318359375e+01,3.289971160888671875e+01,3.109462547302246094e+01,6.091748237609863281e+00
0.000000000000000000e+00,0.000000000000000000e+00,5.161031723022460938e+01,0.000000000000000000e+00,2.120915794372558594e+01,5.063106155395507812e+01,5.411305618286132812e+01,1.252068233489990234e+01
0.000000000000000000e+00,0.000000000000000000e+00,1.977307701110839844e+01,0.000000000000000000e+00,4.006546497344970703e+00,4.352807998657226562e+01,2.615216064453125000e+01,1.764454603195190430e+00
0.000000000000000000e+00,0.000000000000000000e+00,1.917145347595214844e+01,0.000000000000000000e+00,6.914856910705566406e+00,3.333391189575195312e+01,2.640174293518066406e+01,1.410916805267333984e+00
0.000000000000000000e+00,0.000000000000000000e+00,1.712531089782714844e+01,0.000000000000000000e+00,9.459700584411621094e+00,1.670744323730468750e+01,2.109784317016601562e+01,3.649534702301025391e+00
0.000000000000000000e+00,0.000000000000000000e+00,1.749375343322753906e+01,0.000000000000000000e+00,9.401888847351074219e+00,2.351353836059570312e+01,2.419264030456542969e+01,2.993218660354614258e+00
0.000000000000000000e+00,0.000000000000000000e+00,2.870595550537109375e+01,0.000000000000000000e+00,1.162362480163574219e+01,2.871013832092285156e+01,2.931995582580566406e+01,6.264044284820556641e+00
0.000000000000000000e+00,0.000000000000000000e+00,1.960062408447265625e+01,0.000000000000000000e+00,6.587361812591552734e+00,2.039545822143554688e+01,1.935847282409667969e+01,3.346742630004882812e+00
0.000000000000000000e+00,0.000000000000000000e+00,3.022870063781738281e+01,0.000000000000000000e+00,2.060429000854492188e+01,2.435337066650390625e+01,3.743634414672851562e+01,7.239071846008300781e+00
0.000000000000000000e+00,0.000000000000000000e+00,3.883520889282226562e+01,0.000000000000000000e+00,1.599580955505371094e+01,3.952985763549804688e+01,4.217549896240234375e+01,9.512459754943847656e+00
0.000000000000000000e+00,0.000000000000000000e+00,4.650873184204101562e+01,0.000000000000000000e+00,2.125757026672363281e+01,4.631008529663085938e+01,4.911092376708984375e+01,1.193870258331298828e+01
0.000000000000000000e+00,0.000000000000000000e+00,2.944658470153808594e+01,0.000000000000000000e+00,1.315073394775390625e+01,3.377139663696289062e+01,3.119676971435546875e+01,7.985124588012695312e+00
0.000000000000000000e+00,0.000000000000000000e+00,1.301838588714599609e+01,0.000000000000000000e+00,6.538525223731994629e-01,3.554376602172851562e+01,1.607966041564941406e+01,0.000000000000000000e+00
0.000000000000000000e+00,0.000000000000000000e+00,8.798972129821777344e+00,0.000000000000000000e+00,3.518527984619140625e+00,2.187969017028808594e+01,1.469871234893798828e+01,0.000000000000000000e+00
0.000000000000000000e+00,0.000000000000000000e+00,1.558453655242919922e+01,0.000000000000000000e+00,3.821106433868408203e+00,3.099505615234375000e+01,2.041076660156250000e+01,0.000000000000000000e+00
0.000000000000000000e+00,0.000000000000000000e+00,1.978288841247558594e+01,0.000000000000000000e+00,7.832314014434814453e+00,1.729638862609863281e+01,2.000209045410156250e+01,1.908873677253723145e+00
0.000000000000000000e+00,0.000000000000000000e+00,1.746711158752441406e+01,0.000000000000000000e+00,7.748817920684814453e+00,2.626821136474609375e+01,2.304896545410156250e+01,3.908498287200927734e+00
0.000000000000000000e+00,0.000000000000000000e+00,1.981983757019042969e+01,0.000000000000000000e+00,1.344936370849609375e+01,1.500996208190917969e+01,2.220445823669433594e+01,3.362380266189575195e+00
0.000000000000000000e+00,0.000000000000000000e+00,2.518747901916503906e+01,0.000000000000000000e+00,1.370992851257324219e+01,2.141670417785644531e+01,2.773469924926757812e+01,4.807740211486816406e+00
0.000000000000000000e+00,0.000000000000000000e+00,2.093876075744628906e+01,0.000000000000000000e+00,8.022737503051757812e+00,1.875930786132812500e+01,2.018694686889648438e+01,6.667808890342712402e-01
0.000000000000000000e+00,0.000000000000000000e+00,2.393194770812988281e+01,0.000000000000000000e+00,1.121537208557128906e+01,2.280489730834960938e+01,2.537158203125000000e+01,4.535233497619628906e+00
0.000000000000000000e+00,0.000000000000000000e+00,1.528652477264404297e+01,0.000000000000000000e+00,1.016181278228759766e+01,1.270292186737060547e+01,1.577860546112060547e+01,2.896022081375122070e+00
0.000000000000000000e+00,0.000000000000000000e+00,1.562064933776855469e+01,0.000000000000000000e+00,3.979682445526123047e+00,2.186275482177734375e+01,1.562876033782958984e+01,1.384428143501281738e+00
0.000000000000000000e+00,0.000000000000000000e+00,1.542993450164794922e+01,0.000000000000000000e+00,6.868821620941162109e+00,2.172040176391601562e+01,2.139711570739746094e+01,1.517420411109924316e+00
0.000000000000000000e+00,0.000000000000000000e+00,1.521994972229003906e+01,0.000000000000000000e+00,1.163478374481201172e+01,1.267367935180664062e+01,1.965930747985839844e+01,3.226669788360595703e+00
0.000000000000000000e+00,0.000000000000000000e+00,1.512478542327880859e+01,0.000000000000000000e+00,9.356986999511718750e+00,2.109870910644531250e+01,2.202250099182128906e+01,2.906825065612792969e+00
0.000000000000000000e+00,0.000000000000000000e+00,1.827158164978027344e+01,0.000000000000000000e+00,1.163808345794677734e+01,1.927086639404296875e+01,2.590244483947753906e+01,4.984905242919921875e+00
0.000000000000000000e+00,0.000000000000000000e+00,1.554197025299072266e+01,0.000000000000000000e+00,9.396461486816406250e+00,1.360209178924560547e+01,1.852312469482421875e+01,2.578143358230590820e+00
0.000000000000000000e+00,0.000000000000000000e+00,2.144022560119628906e+01,0.000000000000000000e+00,9.658281326293945312e+00,2.346945953369140625e+01,2.581096458435058594e+01,5.513071537017822266e+00
0.000000000000000000e+00,0.000000000000000000e+00,2.335691642761230469e+01,0.000000000000000000e+00,1.197373199462890625e+01,2.857998275756835938e+01,3.275429916381835938e+01,5.358095645904541016e+00
0.000000000000000000e+00,0.000000000000000000e+00,1.590239810943603516e+01,0.000000000000000000e+00,1.262341117858886719e+01,1.407955455780029297e+01,2.201549911499023438e+01,3.958248138427734375e+00
0.000000000000000000e+00,0.000000000000000000e+00,1.257736873626708984e+01,0.000000000000000000e+00,8.319477081298828125e+00,1.807032012939453125e+01,2.171011924743652344e+01,3.222877025604248047e+00
0.000000000000000000e+00,0.000000000000000000e+00,2.420828056335449219e+01,0.000000000000000000e+00,1.684246635437011719e+01,1.849143791198730469e+01,2.782170486450195312e+01,4.619054317474365234e+00
0.000000000000000000e+00,0.000000000000000000e+00,2.160143089294433594e+01,0.000000000000000000e+00,1.158837890625000000e+01,1.870402908325195312e+01,2.296543693542480469e+01,3.710027694702148438e+00
0.000000000000000000e+00,0.000000000000000000e+00,1.767961692810058594e+01,2.599490737915039062e+01,1.869164466857910156e+01,0.000000000000000000e+00,8.394608497619628906e+00,2.253001689910888672e+00
0.000000000000000000e+00,0.000000000000000000e+00,3.159670257568359375e+01,4.555575561523437500e+01,2.376518058776855469e+01,0.000000000000000000e+00,1.104567432403564453e+01,2.269344329833984375e+00
0.000000000000000000e+00,0.000000000000000000e+00,3.776412582397460938e+01,5.490926742553710938e+01,2.444598770141601562e+01,0.000000000000000000e+00,1.076926517486572266e+01,1.234762191772460938e+00
0.000000000000000000e+00,0.000000000000000000e+00,3.436019134521484375e+01,4.922826385498046875e+01,2.328904724121093750e+01,0.000000000000000000e+00,1.079517745971679688e+01,1.827212691307067871e+00
0.000000000000000000e+00,0.000000000000000000e+00,3.153378105163574219e+01,4.441939544677734375e+01,2.134150695800781250e+01,0.000000000000000000e+00,1.052216053009033203e+01,2.224481582641601562e+00
0.000000000000000000e+00,0.000000000000000000e+00,3.419092178344726562e+01,4.922961807250976562e+01,2.259478950500488281e+01,0.000000000000000000e+00,1.101214504241943359e+01,2.163693428039550781e+00
0.000000000000000000e+00,0.000000000000000000e+00,2.119086647033691406e+01,3.101922225952148438e+01,1.865581130981445312e+01,0.000000000000000000e+00,8.980990409851074219e+00,2.412362337112426758e+00
0.000000000000000000e+00,0.000000000000000000e+00,2.622884750366210938e+01,4.257727432250976562e+01,3.976993179321289062e+01,0.000000000000000000e+00,1.823681259155273438e+01,7.815644264221191406e+00
0.000000000000000000e+00,0.000000000000000000e+00,3.466865921020507812e+01,4.486223983764648438e+01,1.088740158081054688e+01,0.000000000000000000e+00,5.257851123809814453e+00,0.000000000000000000e+00
0.000000000000000000e+00,0.000000000000000000e+00,3.492356491088867188e+01,4.631400299072265625e+01,1.492277145385742188e+01,0.000000000000000000e+00,7.112294197082519531e+00,0.000000000000000000e+00
0.000000000000000000e+00,0.000000000000000000e+00,3.705904769897460938e+01,5.134004974365234375e+01,2.022947311401367188e+01,0.000000000000000000e+00,9.251295089721679688e+00,6.699314713478088379e-01
0.000000000000000000e+00,0.000000000000000000e+00,3.491305923461914062e+01,4.837732315063476562e+01,2.071174430847167969e+01,0.000000000000000000e+00,9.834630966186523438e+00,1.346163272857666016e+00
0.000000000000000000e+00,0.000000000000000000e+00,3.868222045898437500e+01,5.286086273193359375e+01,1.707350921630859375e+01,0.000000000000000000e+00,7.477447032928466797e+00,0.000000000000000000e+00
0.000000000000000000e+00,0.000000000000000000e+00,6.391574096679687500e+01,7.919028472900390625e+01,8.579019546508789062e+00,0.000000000000000000e+00,3.198520660400390625e+00,0.000000000000000000e+00
0.000000000000000000e+00,0.000000000000000000e+00,1.923204612731933594e+01,2.833272552490234375e+01,2.142667579650878906e+01,0.000000000000000000e+00,9.960164070129394531e+00,3.027388572692871094e+00
0.000000000000000000e+00,0.000000000000000000e+00,1.062857246398925781e+01,0.000000000000000000e+00,7.429641246795654297e+00,8.451857566833496094e+00,1.058105659484863281e+01,1.761983156204223633e+00
0.000000000000000000e+00,0.000000000000000000e+00,2.714594841003417969e+01,0.000000000000000000e+00,1.137645053863525391e+01,3.579902648925781250e+01,3.291640472412109375e+01,6.188806533813476562e+00
0.000000000000000000e+00,0.000000000000000000e+00,2.940318679809570312e+01,0.000000000000000000e+00,1.078984451293945312e+01,3.200424957275390625e+01,3.043882369995117188e+01,7.156216144561767578e+00
0.000000000000000000e+00,0.000000000000000000e+00,3.709416198730468750e+01,0.000000000000000000e+00,1.297911071777343750e+01,3.659559249877929688e+01,3.752770233154296875e+01,7.070640087127685547e+00
0.000000000000000000e+00,0.000000000000000000e+00,3.805776214599609375e+01,0.000000000000000000e+00,1.530771827697753906e+01,3.385676193237304688e+01,3.938847351074218750e+01,5.840469837188720703e+00
0.000000000000000000e+00,0.000000000000000000e+00,2.191250801086425781e+01,0.000000000000000000e+00,7.084033966064453125e+00,3.261650848388671875e+01,2.319745445251464844e+01,4.218369483947753906e+00
0.000000000000000000e+00,0.000000000000000000e+00,3.056654930114746094e+01,0.000000000000000000e+00,1.020180702209472656e+01,3.131899261474609375e+01,3.228038406372070312e+01,3.144927024841308594e+00
0.000000000000000000e+00,0.000000000000000000e+00,1.877826499938964844e+01,0.000000000000000000e+00,7.606119632720947266e+00,2.002064514160156250e+01,2.100792503356933594e+01,2.984203577041625977e+00
0.000000000000000000e+00,0.000000000000000000e+00,4.095375061035156250e+01,0.000000000000000000e+00,1.819135475158691406e+01,3.810326766967773438e+01,4.437786102294921875e+01,8.582461357116699219e+00
0.000000000000000000e+00,0.000000000000000000e+00,3.004827880859375000e+01,0.000000000000000000e+00,1.315395164489746094e+01,3.150824356079101562e+01,3.198780632019042969e+01,6.579393863677978516e+00
0.000000000000000000e+00,0.000000000000000000e+00,2.513239097595214844e+01,0.000000000000000000e+00,1.876338005065917969e+01,1.586946010589599609e+01,2.777816581726074219e+01,4.071546554565429688e+00
0.000000000000000000e+00,0.000000000000000000e+00,1.851843070983886719e+01,0.000000000000000000e+00,1.477570247650146484e+01,1.146420383453369141e+01,2.002041435241699219e+01,2.783763408660888672e+00
0.000000000000000000e+00,0.000000000000000000e+00,1.872238731384277344e+01,0.000000000000000000e+00,5.634471893310546875e+00,2.592856216430664062e+01,2.110180091857910156e+01,3.412200927734375000e+00
0.000000000000000000e+00,0.000000000000000000e+00,2.766009712219238281e+01,0.000000000000000000e+00,1.650953292846679688e+01,2.109258079528808594e+01,3.119149971008300781e+01,4.712908744812011719e+00
0.000000000000000000e+00,0.000000000000000000e+00,1.420552730560302734e+01,0.000000000000000000e+00,1.518650650978088379e+00,3.617134475708007812e+01,1.741246414184570312e+01,0.000000000000000000e+00
0.000000000000000000e+00,0.000000000000000000e+00,1.695560455322265625e+01,0.000000000000000000e+00,4.738414287567138672e+00,2.733011245727539062e+01,1.937543869018554688e+01,1.007883787155151367e+00
0.000000000000000000e+00,0.000000000000000000e+00,1.170988559722900391e+01,0.000000000000000000e+00,3.230321645736694336e+00,2.995181274414062500e+01,1.825289726257324219e+01,0.000000000000000000e+00
0.000000000000000000e+00,0.000000000000000000e+00,3.657157516479492188e+01,0.000000000000000000e+00,1.446775817871093750e+01,3.746551895141601562e+01,3.837218475341796875e+01,8.212182998657226562e+00
0.000000000000000000e+00,0.000000000000000000e+00,1.670645713806152344e+01,0.000000000000000000e+00,4.291969299316406250e+00,3.106497764587402344e+01,2.149568176269531250e+01,2.414222717285156250e+00
0.000000000000000000e+00,0.000000000000000000e+00,2.267817878723144531e+01,0.000000000000000000e+00,6.548258304595947266e+00,2.938590812683105469e+01,2.425518798828125000e+01,4.207627296447753906e+00
0.000000000000000000e+00,0.000000000000000000e+00,2.445776939392089844e+01,0.000000000000000000e+00,1.692860221862792969e+01,2.212948799133300781e+01,3.309340667724609375e+01,6.476596832275390625e+00
0.000000000000000000e+00,0.000000000000000000e+00,2.987276649475097656e+01,0.000000000000000000e+00,7.871739864349365234e+00,6.219124221801757812e+01,4.161478805541992188e+01,4.858180999755859375e+00
0.000000000000000000e+00,0.000000000000000000e+00,3.611970520019531250e+01,0.000000000000000000e+00,1.607062530517578125e+01,3.093265533447265625e+01,3.867790222167968750e+01,6.142127513885498047e+00
0.000000000000000000e+00,0.000000000000000000e+00,2.438321685791015625e+01,0.000000000000000000e+00,9.301083564758300781e+00,2.697013473510742188e+01,2.579269027709960938e+01,4.447119235992431641e+00
0.000000000000000000e+00,0.000000000000000000e+00,2.551078033447265625e+01,0.000000000000000000e+00,1.751866149902343750e+01,2.053339958190917969e+01,3.043634605407714844e+01,5.736401081085205078e+00
0.000000000000000000e+00,0.000000000000000000e+00,3.284446334838867188e+01,0.000000000000000000e+00,1.824947738647460938e+01,2.725026130676269531e+01,3.699042129516601562e+01,6.046917915344238281e+00
0.000000000000000000e+00,0.000000000000000000e+00,1.949502944946289062e+01,0.000000000000000000e+00,6.111805915832519531e+00,2.977931594848632812e+01,2.293506431579589844e+01,3.764231920242309570e+00
0.000000000000000000e+00,0.000000000000000000e+00,1.529871654510498047e+01,0.000000000000000000e+00,9.518954277038574219e+00,1.398936748504638672e+01,1.782134628295898438e+01,3.134946584701538086e+00
0.000000000000000000e+00,0.000000000000000000e+00,6.694033622741699219e+00,0.000000000000000000e+00,3.001164913177490234e+00,3.601350021362304688e+01,1.838520812988281250e+01,0.000000000000000000e+00
0.000000000000000000e+00,0.000000000000000000e+00,1.411650371551513672e+01,0.000000000000000000e+00,7.053154468536376953e+00,2.038792037963867188e+01,1.998174858093261719e+01,3.456063747406005859e+00
0.000000000000000000e+00,0.000000000000000000e+00,2.382485389709472656e+01,0.000000000000000000e+00,1.119014072418212891e+01,2.338684082031250000e+01,2.605987548828125000e+01,5.294251441955566406e+00
0.000000000000000000e+00,0.000000000000000000e+00,1.477949619293212891e+01,0.000000000000000000e+00,5.034414768218994141e+00,2.912623596191406250e+01,2.174499320983886719e+01,8.411145210266113281e-01
0.000000000000000000e+00,0.000000000000000000e+00,1.854293060302734375e+01,0.000000000000000000e+00,8.286788940429687500e+00,1.682717514038085938e+01,1.964870262145996094e+01,2.212017059326171875e+00
0.000000000000000000e+00,0.000000000000000000e+00,1.211641216278076172e+01,0.000000000000000000e+00,5.933046817779541016e+00,3.141120910644531250e+01,2.263157272338867188e+01,1.323571324348449707e+00
0.000000000000000000e+00,0.000000000000000000e+00,1.482563877105712891e+01,0.000000000000000000e+00,1.163271141052246094e+01,1.477783775329589844e+01,2.362270355224609375e+01,4.372123718261718750e+00
0.000000000000000000e+00,0.000000000000000000e+00,1.267874717712402344e+01,0.000000000000000000e+00,4.996078968048095703e+00,2.183345794677734375e+01,1.794622993469238281e+01,1.153527855873107910e+00
0.000000000000000000e+00,0.000000000000000000e+00,1.985442543029785156e+01,0.000000000000000000e+00,8.450518608093261719e+00,1.991011810302734375e+01,2.153957557678222656e+01,3.376359939575195312e+00
0.000000000000000000e+00,0.000000000000000000e+00,3.128868293762207031e+01,0.000000000000000000e+00,1.516058254241943359e+01,3.058417320251464844e+01,3.665741348266601562e+01,7.215292453765869141e+00
0.000000000000000000e+00,0.000000000000000000e+00,2.903027915954589844e+01,0.000000000000000000e+00,1.116612625122070312e+01,3.152866744995117188e+01,3.159360504150390625e+01,5.962611198425292969e+00
0.000000000000000000e+00,0.000000000000000000e+00,1.145250415802001953e+01,0.000000000000000000e+00,6.474232196807861328e+00,3.025605010986328125e+01,2.284896659851074219e+01,0.000000000000000000e+00
0.000000000000000000e+00,0.000000000000000000e+00,1.078332233428955078e+01,0.000000000000000000e+00,7.616272449493408203e+00,2.174046325683593750e+01,2.135596847534179688e+01,2.158824205398559570e+00
0.000000000000000000e+00,0.000000000000000000e+00,1.969589805603027344e+01,0.000000000000000000e+00,1.118292808532714844e+01,2.086309242248535156e+01,2.649941635131835938e+01,4.407290458679199219e+00
0.000000000000000000e+00,0.000000000000000000e+00,2.181764411926269531e+01,0.000000000000000000e+00,1.940042686462402344e+01,1.604886436462402344e+01,2.915051460266113281e+01,5.707424163818359375e+00
0.000000000000000000e+00,0.000000000000000000e+00,1.692793083190917969e+01,0.000000000000000000e+00,1.128939628601074219e+01,2.286769485473632812e+01,2.700115394592285156e+01,4.970871925354003906e+00
0.000000000000000000e+00,0.000000000000000000e+00,2.168924522399902344e+01,0.000000000000000000e+00,7.171178817749023438e+00,2.482672882080078125e+01,2.194481658935546875e+01,4.482208251953125000e+00
0.000000000000000000e+00,0.000000000000000000e+00,1.022495746612548828e+01,0.000000000000000000e+00,2.754271507263183594e+00,1.646781158447265625e+01,1.194603824615478516e+01,1.111807823181152344e+00
0.000000000000000000e+00,0.000000000000000000e+00,1.369447231292724609e+01,0.000000000000000000e+00,6.402233600616455078e+00,2.071449279785156250e+01,1.907342147827148438e+01,1.951122760772705078e+00
0.000000000000000000e+00,0.000000000000000000e+00,2.188635444641113281e+01,0.000000000000000000e+00,1.163879013061523438e+01,2.350828552246093750e+01,3.075270271301269531e+01,4.818304061889648438e+00
0.000000000000000000e+00,0.000000000000000000e+00,1.254195785522460938e+01,0.000000000000000000e+00,1.436857414245605469e+01,1.289992427825927734e+01,2.415319442749023438e+01,5.170192241668701172e+00
0.000000000000000000e+00,0.000000000000000000e+00,1.523679065704345703e+01,0.000000000000000000e+00,1.375014305114746094e+01,1.844154357910156250e+01,2.879798889160156250e+01,6.042373657226562500e+00
0.000000000000000000e+00,0.000000000000000000e+00,8.253421783447265625e+00,1.069490551948547363e+00,1.909477615356445312e+01,1.634565442800521851e-01,1.473752593994140625e+01,4.113079071044921875e+00
0.000000000000000000e+00,0.000000000000000000e+00,1.389690685272216797e+01,1.635088729858398438e+01,1.599014854431152344e+01,0.000000000000000000e+00,8.213162422180175781e+00,2.101330995559692383e+00
0.000000000000000000e+00,0.000000000000000000e+00,2.861608886718750000e+01,4.422866058349609375e+01,3.011162567138671875e+01,0.000000000000000000e+00,1.422992420196533203e+01,6.566253662109375000e+00
0.000000000000000000e+00,0.000000000000000000e+00,3.829216766357421875e+01,5.584267425537109375e+01,2.546342658996582031e+01,0.000000000000000000e+00,1.110345745086669922e+01,1.698526620864868164e+00
0.000000000000000000e+00,0.000000000000000000e+00,3.584976196289062500e+01,5.079169464111328125e+01,1.949513816833496094e+01,0.000000000000000000e+00,8.738585472106933594e+00,4.642832577228546143e-01
0.000000000000000000e+00,0.000000000000000000e+00,3.824168395996093750e+01,5.608419799804687500e+01,2.708589744567871094e+01,0.000000000000000000e+00,1.198617553710937500e+01,2.073871135711669922e+00
0.000000000000000000e+00,0.000000000000000000e+00,3.741617202758789062e+01,5.485352706909179688e+01,2.714831542968750000e+01,0.000000000000000000e+00,1.199502563476562500e+01,1.978858470916748047e+00
0.000000000000000000e+00,0.000000000000000000e+00,2.016363143920898438e+01,3.011473846435546875e+01,2.093064117431640625e+01,0.000000000000000000e+00,1.062069034576416016e+01,4.007404804229736328e+00
