1.552627754211425781e+01,5.013741493225097656e+00,0.000000000000000000e+00,0.000000000000000000e+00,1.218651676177978516e+01,0.000000000000000000e+00,3.514473724365234375e+01,2.820819664001464844e+01
9.101900100708007812e+00,1.579017925262451172e+01,3.108631134033203125e+00,1.759646606445312500e+01,0.000000000000000000e+00,0.000000000000000000e+00,9.427769660949707031e+00,6.969586610794067383e-01
4.295937538146972656e+00,2.161205291748046875e+01,1.611675071716308594e+01,7.473513031005859375e+01,1.067584419250488281e+01,0.000000000000000000e+00,0.000000000000000000e+00,2.283010673522949219e+01
4.643471717834472656e+00,2.149056434631347656e+01,2.099609756469726562e+01,8.319178009033203125e+01,8.499394416809082031e+00,0.000000000000000000e+00,0.000000000000000000e+00,2.424397468566894531e+01
6.300505638122558594e+00,2.388683128356933594e+01,2.475396728515625000e+01,9.143441009521484375e+01,6.588698387145996094e+00,0.000000000000000000e+00,0.000000000000000000e+00,2.572740554809570312e+01
2.826623201370239258e+00,2.443489837646484375e+01,2.220304298400878906e+01,9.484403228759765625e+01,1.132522201538085938e+01,0.000000000000000000e+00,0.000000000000000000e+00,3.121377563476562500e+01
4.136872291564941406e+00,2.301520347595214844e+01,2.243909645080566406e+01,9.151371765136718750e+01,1.068089485168457031e+01,0.000000000000000000e+00,0.000000000000000000e+00,2.671084022521972656e+01
2.721289873123168945e+00,2.289030456542968750e+01,2.059957122802734375e+01,9.010569000244140625e+01,1.231330776214599609e+01,0.000000000000000000e+00,0.000000000000000000e+00,2.839801216125488281e+01
3.152243137359619141e+00,2.270497894287109375e+01,2.204044723510742188e+01,9.088233184814453125e+01,1.044712924957275391e+01,0.000000000000000000e+00,0.000000000000000000e+00,2.844242477416992188e+01
6.895033836364746094e+00,2.151708221435546875e+01,2.335643959045410156e+01,8.122953033447265625e+01,9.314432144165039062e-01,0.000000000000000000e+00,0.000000000000000000e+00,2.258103561401367188e+01
1.257155990600585938e+01,8.757757186889648438e+00,8.051720619201660156e+00,3.185117244720458984e+00,0.000000000000000000e+00,0.000000000000000000e+00,7.257717132568359375e+00,0.000000000000000000e+00
5.482017040252685547e+00,0.000000000000000000e+00,0.000000000000000000e+00,0.000000000000000000e+00,2.684397697448730469e+01,0.000000000000000000e+00,2.787433815002441406e+01,4.219280624389648438e+01
4.535924434661865234e+00,0.000000000000000000e+00,0.000000000000000000e+00,0.000000000000000000e+00,2.950856971740722656e+01,0.000000000000000000e+00,1.612175178527832031e+01,4.054644393920898438e+01
2.071051120758056641e+00,0.000000000000000000e+00,0.000000000000000000e+00,0.000000000000000000e+00,4.554978561401367188e+01,0.000000000000000000e+00,3.496358489990234375e+01,6.344179153442382812e+01
7.748894214630126953e+00,2.069425821304321289e+00,0.000000000000000000e+00,0.000000000000000000e+00,3.067973899841308594e+01,0.000000000000000000e+00,3.711417388916015625e+01,5.061228179931640625e+01
7.276075839996337891e+00,0.000000000000000000e+00,0.000000000000000000e+00,0.000000000000000000e+00,1.844292259216308594e+01,0.000000000000000000e+00,2.339389038085937500e+01,3.057821083068847656e+01
6.624833583831787109e+00,3.701324701309204102e+00,0.000000000000000000e+00,0.000000000000000000e+00,2.625100326538085938e+01,0.000000000000000000e+00,3.402046203613281250e+01,4.187351608276367188e+01
7.481176853179931641e+00,5.877846240997314453e+00,0.000000000000000000e+00,0.000000000000000000e+00,2.863010215759277344e+01,0.000000000000000000e+00,4.032195281982421875e+01,4.860781097412109375e+01
9.446811676025390625e+00,5.414211273193359375e+00,0.000000000000000000e+00,0.000000000000000000e+00,5.226529312133789062e+01,0.000000000000000000e+00,5.862734603881835938e+01,8.472580718994140625e+01
9.572450637817382812e+00,2.185932874679565430e+00,0.000000000000000000e+00,0.000000000000000000e+00,3.933212661743164062e+01,0.000000000000000000e+00,4.698882293701171875e+01,6.528312683105468750e+01
6.418439388275146484e+00,1.153805136680603027e+00,0.000000000000000000e+00,0.000000000000000000e+00,2.460115051269531250e+01,0.000000000000000000e+00,2.968698120117187500e+01,4.018930435180664062e+01
7.607269763946533203e+00,1.312091946601867676e+00,0.000000000000000000e+00,0.000000000000000000e+00,3.190028572082519531e+01,0.000000000000000000e+00,3.137116050720214844e+01,4.945297622680664062e+01
6.499048709869384766e+00,3.164680242538452148e+00,0.000000000000000000e+00,0.000000000000000000e+00,2.190189552307128906e+01,0.000000000000000000e+00,3.057269096374511719e+01,3.656398773193359375e+01
1.176165008544921875e+01,6.070345401763916016e+00,0.000000000000000000e+00,3.014597177505493164e+00,1.795112609863281250e+01,0.000000000000000000e+00,4.570067596435546875e+01,3.715912628173828125e+01
1.165066719055175781e+01,0.000000000000000000e+00,0.000000000000000000e+00,0.000000000000000000e+00,5.451734542846679688e+01,0.000000000000000000e+00,5.347010421752929688e+01,8.887120819091796875e+01
7.108570098876953125e+00,4.765946865081787109e+00,0.000000000000000000e+00,0.000000000000000000e+00,5.177233505249023438e+01,0.000000000000000000e+00,5.461430358886718750e+01,8.389154815673828125e+01
5.201647281646728516e+00,0.000000000000000000e+00,0.000000000000000000e+00,0.000000000000000000e+00,3.342634582519531250e+01,0.000000000000000000e+00,2.987486267089843750e+01,4.842315292358398438e+01
5.117273330688476562e+00,0.000000000000000000e+00,0.000000000000000000e+00,0.000000000000000000e+00,2.445805168151855469e+01,0.000000000000000000e+00,1.713363647460937500e+01,3.298590469360351562e+01
3.573111534118652344e+00,0.000000000000000000e+00,0.000000000000000000e+00,0.000000000000000000e+00,2.630411529541015625e+01,0.000000000000000000e+00,1.216646671295166016e+01,3.547588348388671875e+01
1.049736595153808594e+01,6.583376884460449219e+00,0.000000000000000000e+00,0.000000000000000000e+00,3.690359115600585938e+01,0.000000000000000000e+00,5.449692916870117188e+01,6.137174987792968750e+01
1.052718925476074219e+01,0.000000000000000000e+00,0.000000000000000000e+00,0.000000000000000000e+00,4.587043762207031250e+01,0.000000000000000000e+00,3.681884002685546875e+01,7.233934783935546875e+01
7.852344989776611328e+00,0.000000000000000000e+00,0.000000000000000000e+00,0.000000000000000000e+00,2.912230873107910156e+01,0.000000000000000000e+00,2.886296844482421875e+01,4.608881759643554688e+01
9.530452728271484375e+00,0.000000000000000000e+00,0.000000000000000000e+00,0.000000000000000000e+00,2.255498313903808594e+01,0.000000000000000000e+00,2.968084907531738281e+01,3.811389541625976562e+01
6.271654605865478516e+00,0.000000000000000000e+00,2.679858207702636719e+00,0.000000000000000000e+00,1.535517215728759766e+01,0.000000000000000000e+00,8.073796272277832031e+00,1.789780998229980469e+01
8.161258697509765625e+00,0.000000000000000000e+00,0.000000000000000000e+00,0.000000000000000000e+00,2.335437202453613281e+01,0.000000000000000000e+00,2.157272338867187500e+01,3.371430969238281250e+01
5.422862052917480469e+00,0.000000000000000000e+00,0.000000000000000000e+00,0.000000000000000000e+00,3.505467224121093750e+01,0.000000000000000000e+00,2.608430099487304688e+01,5.034736633300781250e+01
4.926483154296875000e+00,0.000000000000000000e+00,0.000000000000000000e+00,0.000000000000000000e+00,3.824327468872070312e+01,0.000000000000000000e+00,3.568118667602539062e+01,5.787696456909179688e+01
4.734424591064453125e+00,0.000000000000000000e+00,0.000000000000000000e+00,0.000000000000000000e+00,3.218677139282226562e+01,0.000000000000000000e+00,1.877375793457031250e+01,4.351000595092773438e+01
8.191192626953125000e+00,0.000000000000000000e+00,0.000000000000000000e+00,0.000000000000000000e+00,1.727864265441894531e+01,0.000000000000000000e+00,2.468953704833984375e+01,2.896638870239257812e+01
8.778158187866210938e+00,0.000000000000000000e+00,0.000000000000000000e+00,0.000000000000000000e+00,3.015574073791503906e+01,0.000000000000000000e+00,2.348145294189453125e+01,4.529588699340820312e+01
8.040935516357421875e+00,0.000000000000000000e+00,0.000000000000000000e+00,0.000000000000000000e+00,4.207334518432617188e+01,0.000000000000000000e+00,3.828345108032226562e+01,6.697963714599609375e+01
7.893221855163574219e+00,0.000000000000000000e+00,8.265810608863830566e-01,0.000000000000000000e+00,2.248977851867675781e+01,0.000000000000000000e+00,2.649007415771484375e+01,3.379338455200195312e+01
6.918421268463134766e+00,4.987510144710540771e-01,0.000000000000000000e+00,5.988908290863037109e+00,3.541545867919921875e+01,0.000000000000000000e+00,4.687048339843750000e+01,5.185615158081054688e+01
6.066508769989013672e+00,0.000000000000000000e+00,5.549706459045410156e+00,3.548652648925781250e+00,2.306891822814941406e+01,0.000000000000000000e+00,1.270458030700683594e+01,2.321498870849609375e+01
3.361201286315917969e+00,1.121078610420227051e+00,1.369681954383850098e-01,4.003890037536621094e+00,2.002137947082519531e+01,0.000000000000000000e+00,1.559644603729248047e+01,2.228882026672363281e+01
4.402399063110351562e-01,0.000000000000000000e+00,0.000000000000000000e+00,0.000000000000000000e+00,3.926647949218750000e+01,0.000000000000000000e+00,2.444170951843261719e+01,5.152398300170898438e+01
8.764566421508789062e+00,0.000000000000000000e+00,0.000000000000000000e+00,0.000000000000000000e+00,2.796512031555175781e+01,0.000000000000000000e+00,3.360662078857421875e+01,4.552408981323242188e+01
8.386919021606445312e+00,0.000000000000000000e+00,2.098643302917480469e+00,2.091747522354125977e+00,1.407917499542236328e+01,0.000000000000000000e+00,2.546161651611328125e+01,2.289962577819824219e+01
1.431520271301269531e+01,0.000000000000000000e+00,8.216402053833007812e+00,0.000000000000000000e+00,1.363682746887207031e+01,0.000000000000000000e+00,1.396735095977783203e+01,2.181987953186035156e+01
8.910156250000000000e+00,0.000000000000000000e+00,4.914516448974609375e+00,1.067013859748840332e+00,1.379473781585693359e+01,0.000000000000000000e+00,1.913086318969726562e+01,1.962192535400390625e+01
7.007641792297363281e+00,0.000000000000000000e+00,0.000000000000000000e+00,0.000000000000000000e+00,2.675219726562500000e+01,0.000000000000000000e+00,2.659985160827636719e+01,3.927415847778320312e+01
9.723346710205078125e+00,0.000000000000000000e+00,1.885862827301025391e+00,0.000000000000000000e+00,3.744607925415039062e+01,0.000000000000000000e+00,1.816062927246093750e+01,4.840914154052734375e+01
6.182757854461669922e+00,0.000000000000000000e+00,0.000000000000000000e+00,3.092881679534912109e+00,2.655734062194824219e+01,0.000000000000000000e+00,3.506326293945312500e+01,3.911648941040039062e+01
5.398200035095214844e+00,0.000000000000000000e+00,5.437679767608642578e+00,0.000000000000000000e+00,1.880563163757324219e+01,0.000000000000000000e+00,3.492886781692504883e+00,1.673717880249023438e+01
5.357999801635742188e+00,0.000000000000000000e+00,4.267928123474121094e+00,6.325014114379882812e+00,1.668916511535644531e+01,0.000000000000000000e+00,1.644468307495117188e+01,1.956235885620117188e+01
6.059482574462890625e+00,0.000000000000000000e+00,0.000000000000000000e+00,0.000000000000000000e+00,2.633915901184082031e+01,0.000000000000000000e+00,2.448329544067382812e+01,3.763277053833007812e+01
1.296726226806640625e+01,0.000000000000000000e+00,0.000000000000000000e+00,0.000000000000000000e+00,3.073663520812988281e+01,0.000000000000000000e+00,3.279047393798828125e+01,5.100107192993164062e+01
7.850815296173095703e+00,0.000000000000000000e+00,2.683556556701660156e+00,0.000000000000000000e+00,2.136220932006835938e+01,0.000000000000000000e+00,1.953701782226562500e+01,2.898152732849121094e+01
3.137177228927612305e+00,0.000000000000000000e+00,0.000000000000000000e+00,0.000000000000000000e+00,2.548092079162597656e+01,0.000000000000000000e+00,1.864396095275878906e+01,3.043951225280761719e+01
6.993204116821289062e+00,0.000000000000000000e+00,0.000000000000000000e+00,0.000000000000000000e+00,2.534765625000000000e+01,0.000000000000000000e+00,2.877446746826171875e+01,3.606934356689453125e+01
6.466739654541015625e+00,0.000000000000000000e+00,0.000000000000000000e+00,0.000000000000000000e+00,2.339359092712402344e+01,0.000000000000000000e+00,2.045045089721679688e+01,3.126762008666992188e+01
2.060291099548339844e+01,0.000000000000000000e+00,8.909764289855957031e+00,2.336400300264358521e-01,0.000000000000000000e+00,0.000000000000000000e+00,2.534556961059570312e+01,1.254085826873779297e+01
2.552088356018066406e+01,0.000000000000000000e+00,3.663824844360351562e+01,2.620501899719238281e+01,0.000000000000000000e+00,0.000000000000000000e+00,0.000000000000000000e+00,0.000000000000000000e+00
7.858111858367919922e+00,1.743208122253417969e+01,1.721751213073730469e+01,5.865236282348632812e+01,4.261381149291992188e+00,0.000000000000000000e+00,0.000000000000000000e+00,1.591939640045166016e+01
1.670859813690185547e+00,2.854753494262695312e+01,1.502533912658691406e+01,9.202783966064453125e+01,1.750567436218261719e+01,0.000000000000000000e+00,0.000000000000000000e+00,3.428464889526367188e+01
3.993150472640991211e+00,2.831292152404785156e+01,1.917968750000000000e+01,9.501247406005859375e+01,1.316593647003173828e+01,0.000000000000000000e+00,0.000000000000000000e+00,3.144828224182128906e+01
1.840005636215209961e+00,2.838683128356933594e+01,1.738058090209960938e+01,9.631986236572265625e+01,1.618124008178710938e+01,0.000000000000000000e+00,0.000000000000000000e+00,3.426070785522460938e+01
3.253498554229736328e+00,2.910195350646972656e+01,1.418979740142822266e+01,8.977886199951171875e+01,1.685597419738769531e+01,0.000000000000000000e+00,0.000000000000000000e+00,3.092057609558105469e+01
1.144144535064697266e+00,2.858028793334960938e+01,1.562931346893310547e+01,9.485628509521484375e+01,1.774731254577636719e+01,0.000000000000000000e+00,0.000000000000000000e+00,3.493974685668945312e+01
1.999680995941162109e+00,2.796747398376464844e+01,1.482816696166992188e+01,9.068350982666015625e+01,1.703318595886230469e+01,0.000000000000000000e+00,0.000000000000000000e+00,3.239163970947265625e+01
0.000000000000000000e+00,2.767345619201660156e+01,1.322533988952636719e+01,9.340012359619140625e+01,2.183537101745605469e+01,0.000000000000000000e+00,0.000000000000000000e+00,3.640490341186523438e+01
0.000000000000000000e+00,2.920922279357910156e+01,1.878500366210937500e+01,1.043090896606445312e+02,1.782336807250976562e+01,0.000000000000000000e+00,0.000000000000000000e+00,4.150509643554687500e+01
3.422741889953613281e-01,2.544031715393066406e+01,1.903268432617187500e+01,9.634477996826171875e+01,1.592989253997802734e+01,0.000000000000000000e+00,0.000000000000000000e+00,3.493385696411132812e+01
0.000000000000000000e+00,2.555077171325683594e+01,1.744743728637695312e+01,9.667002105712890625e+01,1.856218147277832031e+01,0.000000000000000000e+00,0.000000000000000000e+00,3.546774673461914062e+01
5.433378219604492188e-01,2.673717308044433594e+01,1.967419815063476562e+01,9.886959838867187500e+01,1.508523273468017578e+01,0.000000000000000000e+00,0.000000000000000000e+00,3.648881912231445312e+01
6.531958103179931641e+00,1.713391685485839844e+01,2.071387863159179688e+01,6.881084442138671875e+01,5.196232795715332031e+00,0.000000000000000000e+00,0.000000000000000000e+00,1.788468170166015625e+01
2.048605918884277344e+01,0.000000000000000000e+00,3.519490051269531250e+01,3.923314285278320312e+01,0.000000000000000000e+00,0.000000000000000000e+00,0.000000000000000000e+00,0.000000000000000000e+00
7.875372409820556641e+00,1.175149154663085938e+01,2.499892234802246094e+01,6.831754302978515625e+01,5.695003509521484375e+00,0.000000000000000000e+00,0.000000000000000000e+00,1.637508201599121094e+01
1.694649696350097656e+00,2.750162315368652344e+01,1.564044857025146484e+01,9.098241424560546875e+01,1.679618263244628906e+01,0.000000000000000000e+00,0.000000000000000000e+00,3.359482955932617188e+01
2.175396442413330078e+00,2.619393348693847656e+01,1.577983760833740234e+01,8.941309356689453125e+01,1.611920928955078125e+01,0.000000000000000000e+00,0.000000000000000000e+00,3.026856040954589844e+01
1.693556785583496094e+00,2.749221992492675781e+01,1.551458835601806641e+01,9.184447479248046875e+01,1.722736930847167969e+01,0.000000000000000000e+00,0.000000000000000000e+00,3.271307754516601562e+01
1.526954889297485352e+00,2.659173583984375000e+01,1.863896751403808594e+01,9.590714263916015625e+01,1.618298912048339844e+01,0.000000000000000000e+00,0.000000000000000000e+00,3.375069808959960938e+01
1.096358060836791992e+00,2.623584365844726562e+01,1.825073814392089844e+01,9.545259857177734375e+01,1.687902832031250000e+01,0.000000000000000000e+00,0.000000000000000000e+00,3.394888687133789062e+01
2.074088811874389648e+00,2.431065940856933594e+01,2.211067962646484375e+01,9.637921142578125000e+01,1.255560302734375000e+01,0.000000000000000000e+00,0.000000000000000000e+00,3.222489929199218750e+01
9.975721836090087891e-01,2.665354728698730469e+01,1.804304504394531250e+01,9.487445831298828125e+01,1.578771591186523438e+01,0.000000000000000000e+00,0.000000000000000000e+00,3.487974929809570312e+01
2.619825363159179688e+00,2.491564369201660156e+01,2.473240470886230469e+01,1.015344619750976562e+02,1.066861057281494141e+01,0.000000000000000000e+00,0.000000000000000000e+00,3.366149520874023438e+01
9.032738208770751953e-01,2.409446144104003906e+01,2.011368560791015625e+01,9.482718658447265625e+01,1.427167129516601562e+01,0.000000000000000000e+00,0.000000000000000000e+00,3.291625595092773438e+01
5.108768939971923828e-01,2.545389747619628906e+01,1.611105728149414062e+01,8.967813110351562500e+01,1.636160087585449219e+01,0.000000000000000000e+00,0.000000000000000000e+00,3.379879760742187500e+01
1.664154767990112305e+00,2.689859199523925781e+01,1.788641357421875000e+01,9.456766510009765625e+01,1.659925842285156250e+01,0.000000000000000000e+00,0.000000000000000000e+00,3.368698120117187500e+01
5.151591300964355469e-01,2.319492912292480469e+01,1.672858619689941406e+01,8.915151214599609375e+01,1.690925598144531250e+01,0.000000000000000000e+00,0.000000000000000000e+00,3.028096008300781250e+01
0.000000000000000000e+00,1.654248237609863281e+01,1.907545089721679688e+01,7.922666168212890625e+01,1.204621982574462891e+01,0.000000000000000000e+00,0.000000000000000000e+00,2.820165061950683594e+01
6.909963130950927734e+00,1.480617165565490723e+00,1.912570953369140625e+01,2.799141883850097656e+01,0.000000000000000000e+00,0.000000000000000000e+00,0.000000000000000000e+00,2.224655389785766602e+00
7.128281593322753906e+00,0.000000000000000000e+00,0.000000000000000000e+00,0.000000000000000000e+00,2.983715629577636719e+01,0.000000000000000000e+00,4.030338287353515625e+01,4.861944198608398438e+01
6.012073040008544922e+00,3.106164216995239258e+00,0.000000000000000000e+00,4.699320316314697266e+00,1.969072341918945312e+01,0.000000000000000000e+00,3.231436157226562500e+01,3.060029792785644531e+01
5.143894672393798828e+00,0.000000000000000000e+00,0.000000000000000000e+00,0.000000000000000000e+00,3.224990844726562500e+01,0.000000000000000000e+00,2.436081504821777344e+01,4.812778091430664062e+01
9.302515029907226562e+00,0.000000000000000000e+00,0.000000000000000000e+00,0.000000000000000000e+00,4.088639068603515625e+01,0.000000000000000000e+00,5.308792114257812500e+01,6.387145614624023438e+01
6.217600345611572266e+00,0.000000000000000000e+00,0.000000000000000000e+00,0.000000000000000000e+00,2.538503456115722656e+01,0.000000000000000000e+00,2.897788810729980469e+01,3.818581008911132812e+01
5.356948375701904297e+00,2.936328351497650146e-01,0.000000000000000000e+00,0.000000000000000000e+00,2.088192558288574219e+01,0.000000000000000000e+00,2.645163536071777344e+01,3.079879760742187500e+01
4.254158973693847656e+00,5.208566784858703613e-01,0.000000000000000000e+00,0.000000000000000000e+00,2.680074882507324219e+01,0.000000000000000000e+00,2.376489448547363281e+01,3.886719131469726562e+01
7.152878761291503906e+00,2.310439348220825195e+00,0.000000000000000000e+00,0.000000000000000000e+00,2.337733268737792969e+01,0.000000000000000000e+00,3.571749496459960938e+01,3.906510925292968750e+01
7.721338748931884766e+00,0.000000000000000000e+00,0.000000000000000000e+00,0.000000000000000000e+00,3.576868057250976562e+01,0.000000000000000000e+00,3.417768478393554688e+01,5.640641784667968750e+01
1.040415000915527344e+01,0.000000000000000000e+00,0.000000000000000000e+00,0.000000000000000000e+00,3.891923141479492188e+01,0.000000000000000000e+00,4.989874267578125000e+01,6.317416000366210938e+01
1.759518146514892578e+00,0.000000000000000000e+00,0.000000000000000000e+00,0.000000000000000000e+00,3.315840148925781250e+01,0.000000000000000000e+00,1.794027328491210938e+01,3.747422409057617188e+01
6.277552127838134766e+00,0.000000000000000000e+00,0.000000000000000000e+00,0.000000000000000000e+00,2.894186973571777344e+01,0.000000000000000000e+00,2.360389900207519531e+01,3.660702133178710938e+01
1.066613960266113281e+01,0.000000000000000000e+00,4.958653450012207031e+00,0.000000000000000000e+00,2.539141273498535156e+01,0.000000000000000000e+00,2.497412490844726562e+01,3.436725234985351562e+01
5.702822685241699219e+00,0.000000000000000000e+00,0.000000000000000000e+00,0.000000000000000000e+00,3.467555236816406250e+01,0.000000000000000000e+00,2.277243614196777344e+01,4.511688613891601562e+01
7.308781147003173828e+00,0.000000000000000000e+00,4.321823120117187500e+00,3.948698639869689941e-01,2.565494918823242188e+01,0.000000000000000000e+00,2.068121719360351562e+01,3.185210037231445312e+01
4.086260318756103516e+00,0.000000000000000000e+00,1.137394428253173828e+00,0.000000000000000000e+00,3.016365242004394531e+01,0.000000000000000000e+00,1.807984924316406250e+01,3.436569595336914062e+01
7.897101879119873047e+00,0.000000000000000000e+00,1.258758544921875000e+01,1.445736122131347656e+01,1.972559356689453125e+01,0.000000000000000000e+00,4.873392581939697266e+00,2.546141624450683594e+01
1.463396644592285156e+01,0.000000000000000000e+00,0.000000000000000000e+00,4.429216980934143066e-01,4.588689422607421875e+01,0.000000000000000000e+00,6.098876190185546875e+01,6.972798919677734375e+01
1.192539405822753906e+01,0.000000000000000000e+00,0.000000000000000000e+00,0.000000000000000000e+00,5.647148513793945312e+01,0.000000000000000000e+00,4.649888229370117188e+01,7.931235504150390625e+01
1.418594932556152344e+01,0.000000000000000000e+00,5.641049385070800781e+00,1.645656466484069824e+00,1.793104171752929688e+01,0.000000000000000000e+00,3.210255050659179688e+01,3.201846313476562500e+01
1.128251838684082031e+01,0.000000000000000000e+00,2.115728378295898438e+00,0.000000000000000000e+00,2.172039985656738281e+01,0.000000000000000000e+00,3.282933044433593750e+01,3.576681900024414062e+01
7.448420047760009766e+00,0.000000000000000000e+00,0.000000000000000000e+00,0.000000000000000000e+00,2.790580368041992188e+01,0.000000000000000000e+00,2.738150787353515625e+01,4.201099777221679688e+01
9.411748886108398438e+00,0.000000000000000000e+00,9.926774024963378906e+00,0.000000000000000000e+00,2.374698448181152344e+01,0.000000000000000000e+00,8.047903060913085938e+00,2.325335502624511719e+01
4.612287998199462891e+00,0.000000000000000000e+00,2.420388698577880859e+00,4.857100009918212891e+00,2.450766372680664062e+01,0.000000000000000000e+00,1.903524780273437500e+01,2.827342224121093750e+01
4.122502326965332031e+00,0.000000000000000000e+00,0.000000000000000000e+00,0.000000000000000000e+00,4.364254760742187500e+01,0.000000000000000000e+00,3.781914901733398438e+01,6.063330459594726562e+01
4.904264926910400391e+00,0.000000000000000000e+00,0.000000000000000000e+00,0.000000000000000000e+00,3.009508514404296875e+01,0.000000000000000000e+00,2.426429557800292969e+01,4.100981521606445312e+01
6.726920604705810547e+00,0.000000000000000000e+00,0.000000000000000000e+00,5.096895217895507812e+00,3.774078750610351562e+01,0.000000000000000000e+00,4.278307723999023438e+01,5.235871505737304688e+01
1.914140701293945312e+00,0.000000000000000000e+00,0.000000000000000000e+00,7.088776230812072754e-01,3.764118576049804688e+01,0.000000000000000000e+00,2.346884155273437500e+01,4.352724075317382812e+01
4.606850147247314453e+00,0.000000000000000000e+00,0.000000000000000000e+00,0.000000000000000000e+00,2.757069587707519531e+01,0.000000000000000000e+00,2.261183738708496094e+01,3.605466842651367188e+01
9.171148300170898438e+00,0.000000000000000000e+00,0.000000000000000000e+00,0.000000000000000000e+00,2.944062614440917969e+01,0.000000000000000000e+00,2.775515747070312500e+01,4.585467147827148438e+01
1.368775177001953125e+01,0.000000000000000000e+00,0.000000000000000000e+00,0.000000000000000000e+00,4.374523162841796875e+01,0.000000000000000000e+00,4.250260543823242188e+01,7.166306304931640625e+01
1.193435287475585938e+01,0.000000000000000000e+00,0.000000000000000000e+00,0.000000000000000000e+00,3.281962585449218750e+01,0.000000000000000000e+00,3.908964538574218750e+01,5.711606979370117188e+01
7.117089271545410156e+00,0.000000000000000000e+00,0.000000000000000000e+00,0.000000000000000000e+00,2.635087013244628906e+01,0.000000000000000000e+00,2.814555358886718750e+01,3.971432113647460938e+01
1.394286394119262695e+00,0.000000000000000000e+00,0.000000000000000000e+00,7.046023011207580566e-01,2.286931991577148438e+01,0.000000000000000000e+00,1.490699291229248047e+01,2.638206291198730469e+01
5.870857238769531250e+00,0.000000000000000000e+00,2.404336929321289062e+00,7.535090923309326172e+00,2.331286621093750000e+01,0.000000000000000000e+00,2.477219772338867188e+01,2.985816574096679688e+01
5.525381088256835938e+00,0.000000000000000000e+00,0.000000000000000000e+00,0.000000000000000000e+00,2.730648994445800781e+01,0.000000000000000000e+00,2.565748023986816406e+01,3.681205749511718750e+01
8.191776275634765625e+00,0.000000000000000000e+00,0.000000000000000000e+00,0.000000000000000000e+00,2.233965110778808594e+01,0.000000000000000000e+00,2.224151611328125000e+01,3.412178802490234375e+01
6.106949329376220703e+00,0.000000000000000000e+00,0.000000000000000000e+00,0.000000000000000000e+00,3.565760803222656250e+01,0.000000000000000000e+00,2.977971267700195312e+01,5.292598342895507812e+01
1.101835632324218750e+01,0.000000000000000000e+00,8.286588668823242188e+00,1.578793764114379883e+00,1.885969734191894531e+01,0.000000000000000000e+00,1.879625511169433594e+01,2.333962821960449219e+01
1.328505134582519531e+01,0.000000000000000000e+00,8.941437721252441406e+00,3.280224323272705078e+00,1.993290138244628906e+01,0.000000000000000000e+00,2.687677764892578125e+01,2.865770530700683594e+01
1.347690105438232422e+00,0.000000000000000000e+00,0.000000000000000000e+00,0.000000000000000000e+00,3.922298431396484375e+01,0.000000000000000000e+00,2.772220039367675781e+01,5.306389236450195312e+01
7.201212882995605469e+00,0.000000000000000000e+00,0.000000000000000000e+00,0.000000000000000000e+00,3.853574371337890625e+01,0.000000000000000000e+00,3.166610527038574219e+01,5.588076400756835938e+01
8.653816223144531250e+00,0.000000000000000000e+00,0.000000000000000000e+00,0.000000000000000000e+00,2.015252113342285156e+01,0.000000000000000000e+00,3.007233047485351562e+01,3.531276702880859375e+01
1.051444244384765625e+01,0.000000000000000000e+00,1.780483245849609375e+00,0.000000000000000000e+00,2.127925491333007812e+01,0.000000000000000000e+00,1.546205234527587891e+01,3.190086174011230469e+01
8.015443801879882812e+00,0.000000000000000000e+00,1.167136192321777344e+00,0.000000000000000000e+00,2.435234069824218750e+01,0.000000000000000000e+00,2.784018325805664062e+01,3.445436096191406250e+01
5.380899429321289062e+00,0.000000000000000000e+00,0.000000000000000000e+00,0.000000000000000000e+00,4.101998901367187500e+01,0.000000000000000000e+00,3.400344467163085938e+01,5.625573348999023438e+01
8.434164047241210938e+00,3.172566652297973633e+00,9.136492013931274414e-02,9.456067085266113281e+00,1.881537818908691406e+01,0.000000000000000000e+00,3.840684509277343750e+01,3.161569404602050781e+01
9.288415908813476562e+00,0.000000000000000000e+00,0.000000000000000000e+00,0.000000000000000000e+00,2.255390167236328125e+01,0.000000000000000000e+00,3.030650520324707031e+01,3.542310714721679688e+01
7.898782253265380859e+00,0.000000000000000000e+00,1.045184135437011719e+00,0.000000000000000000e+00,1.678209114074707031e+01,0.000000000000000000e+00,1.494845199584960938e+01,2.398945808410644531e+01
5.322869300842285156e+00,0.000000000000000000e+00,0.000000000000000000e+00,0.000000000000000000e+00,2.527221870422363281e+01,0.000000000000000000e+00,1.617457771301269531e+01,3.397006225585937500e+01
1.368926048278808594e+01,0.000000000000000000e+00,1.107828903198242188e+01,1.961614727973937988e+00,0.000000000000000000e+00,0.000000000000000000e+00,1.315595912933349609e+01,0.000000000000000000e+00
1.415371322631835938e+01,2.361377716064453125e+00,2.229538726806640625e+01,3.039616584777832031e+01,0.000000000000000000e+00,0.000000000000000000e+00,0.000000000000000000e+00,2.447345972061157227e+00
7.074210643768310547e+00,1.923439025878906250e+01,1.551860713958740234e+01,6.095336532592773438e+01,4.266743183135986328e+00,0.000000000000000000e+00,0.000000000000000000e+00,1.694256401062011719e+01
3.498757123947143555e+00,2.403697395324707031e+01,2.016106414794921875e+01,8.777852630615234375e+01,1.066495132446289062e+01,0.000000000000000000e+00,0.000000000000000000e+00,2.909470367431640625e+01
3.519883155822753906e-01,2.676713562011718750e+01,1.394473934173583984e+01,8.920121002197265625e+01,1.876863479614257812e+01,0.000000000000000000e+00,0.000000000000000000e+00,3.414930343627929688e+01
4.924271106719970703e-01,2.764200782775878906e+01,1.524257278442382812e+01,9.267600250244140625e+01,1.756111335754394531e+01,0.000000000000000000e+00,0.000000000000000000e+00,3.529865646362304688e+01
1.166153907775878906e+00,2.617190170288085938e+01,1.861758804321289062e+01,9.446541595458984375e+01,1.473614978790283203e+01,0.000000000000000000e+00,0.000000000000000000e+00,3.421607971191406250e+01
1.544581413269042969e+00,2.593425178527832031e+01,1.334645080566406250e+01,8.467507934570312500e+01,1.740280723571777344e+01,0.000000000000000000e+00,0.000000000000000000e+00,3.057355499267578125e+01
9.138816595077514648e-01,2.814708518981933594e+01,2.054189491271972656e+01,1.008963470458984375e+02,1.346100139617919922e+01,0.000000000000000000e+00,0.000000000000000000e+00,3.852334976196289062e+01
1.006203174591064453e+00,2.630153846740722656e+01,1.408828449249267578e+01,8.722306823730468750e+01,1.749334716796875000e+01,0.000000000000000000e+00,0.000000000000000000e+00,3.255164718627929688e+01
0.000000000000000000e+00,2.742242622375488281e+01,1.264007091522216797e+01,9.049994659423828125e+01,2.111796569824218750e+01,0.000000000000000000e+00,0.000000000000000000e+00,3.496212387084960938e+01
0.000000000000000000e+00,2.293844795227050781e+01,1.939879417419433594e+01,9.153749847412109375e+01,1.426140689849853516e+01,0.000000000000000000e+00,0.000000000000000000e+00,3.392362594604492188e+01
9.243361949920654297e-01,2.538747215270996094e+01,1.935837936401367188e+01,9.536053466796875000e+01,1.473591327667236328e+01,0.000000000000000000e+00,0.000000000000000000e+00,3.403889083862304688e+01
0.000000000000000000e+00,2.908647727966308594e+01,1.616016960144042969e+01,9.876247406005859375e+01,1.874994850158691406e+01,0.000000000000000000e+00,0.000000000000000000e+00,3.834866714477539062e+01
1.390155410766601562e+01,1.133607769012451172e+01,2.360086441040039062e+01,4.116165161132812500e+01,0.000000000000000000e+00,0.000000000000000000e+00,0.000000000000000000e+00,2.432700395584106445e+00
1.697392082214355469e+01,5.782139301300048828e+00,2.764379692077636719e+01,3.920188522338867188e+01,0.000000000000000000e+00,0.000000000000000000e+00,0.000000000000000000e+00,0.000000000000000000e+00
1.600137233734130859e+00,2.360733222961425781e+01,1.825520896911621094e+01,8.960835266113281250e+01,1.511751842498779297e+01,0.000000000000000000e+00,0.000000000000000000e+00,3.014402580261230469e+01
3.762870788574218750e+00,2.711207389831542969e+01,1.671688270568847656e+01,8.792839813232421875e+01,1.182523155212402344e+01,0.000000000000000000e+00,0.000000000000000000e+00,2.929637718200683594e+01
3.230268239974975586e+00,2.595568275451660156e+01,1.869383621215820312e+01,9.013881683349609375e+01,1.164173412322998047e+01,0.000000000000000000e+00,0.000000000000000000e+00,3.014860725402832031e+01
3.281158447265625000e+00,2.621112632751464844e+01,2.041755676269531250e+01,9.459096527099609375e+01,1.284450435638427734e+01,0.000000000000000000e+00,0.000000000000000000e+00,3.102781295776367188e+01
3.086656808853149414e+00,2.637896537780761719e+01,1.839605712890625000e+01,9.250746917724609375e+01,1.415258789062500000e+01,0.000000000000000000e+00,0.000000000000000000e+00,3.004017066955566406e+01
3.513911962509155273e+00,2.265406608581542969e+01,2.385511398315429688e+01,9.525208282470703125e+01,1.095315647125244141e+01,0.000000000000000000e+00,0.000000000000000000e+00,2.813064002990722656e+01
3.394873857498168945e+00,2.519149208068847656e+01,1.814683532714843750e+01,8.923017120361328125e+01,1.420071125030517578e+01,0.000000000000000000e+00,0.000000000000000000e+00,2.840796852111816406e+01
1.182501554489135742e+00,2.551660156250000000e+01,1.868982696533203125e+01,9.296836090087890625e+01,1.349502754211425781e+01,0.000000000000000000e+00,0.000000000000000000e+00,3.345661544799804688e+01
2.910139560699462891e-01,2.635079765319824219e+01,1.832958793640136719e+01,9.529846954345703125e+01,1.540203857421875000e+01,0.000000000000000000e+00,0.000000000000000000e+00,3.611732101440429688e+01
6.692972183227539062e-01,2.708439254760742188e+01,1.136959648132324219e+01,8.612064361572265625e+01,2.040639305114746094e+01,0.000000000000000000e+00,0.000000000000000000e+00,3.178179359436035156e+01
2.303797721862792969e+00,2.323239707946777344e+01,2.145964813232421875e+01,9.201564788818359375e+01,1.011674785614013672e+01,0.000000000000000000e+00,0.000000000000000000e+00,3.084393310546875000e+01
1.551721000671386719e+01,1.219689655303955078e+01,1.081555080413818359e+01,1.258239173889160156e+01,0.000000000000000000e+00,0.000000000000000000e+00,5.045754432678222656e+00,0.000000000000000000e+00
2.290223503112792969e+01,0.000000000000000000e+00,1.417733192443847656e+01,9.864245057106018066e-01,0.000000000000000000e+00,0.000000000000000000e+00,2.586022758483886719e+01,4.476180076599121094e+00
8.076702117919921875e+00,0.000000000000000000e+00,0.000000000000000000e+00,0.000000000000000000e+00,2.718722915649414062e+01,0.000000000000000000e+00,2.360733604431152344e+01,4.206687164306640625e+01
9.314918518066406250e+00,0.000000000000000000e+00,0.000000000000000000e+00,0.000000000000000000e+00,3.892757034301757812e+01,0.000000000000000000e+00,3.886410903930664062e+01,6.224031448364257812e+01
4.187323093414306641e+00,0.000000000000000000e+00,0.000000000000000000e+00,0.000000000000000000e+00,2.636445236206054688e+01,0.000000000000000000e+00,2.112871551513671875e+01,3.746123123168945312e+01
4.198684692382812500e+00,0.000000000000000000e+00,0.000000000000000000e+00,0.000000000000000000e+00,2.132647895812988281e+01,0.000000000000000000e+00,1.765452766418457031e+01,2.961815071105957031e+01
1.038936614990234375e+01,0.000000000000000000e+00,0.000000000000000000e+00,0.000000000000000000e+00,3.471892929077148438e+01,0.000000000000000000e+00,3.199363136291503906e+01,5.166865921020507812e+01
2.929485321044921875e+00,0.000000000000000000e+00,0.000000000000000000e+00,0.000000000000000000e+00,4.126939010620117188e+01,0.000000000000000000e+00,2.256834983825683594e+01,5.566662597656250000e+01
7.919456958770751953e+00,0.000000000000000000e+00,0.000000000000000000e+00,0.000000000000000000e+00,2.538208770751953125e+01,0.000000000000000000e+00,2.971083068847656250e+01,4.182075119018554688e+01
6.212293148040771484e+00,0.000000000000000000e+00,0.000000000000000000e+00,0.000000000000000000e+00,2.111692047119140625e+01,0.000000000000000000e+00,2.156446838378906250e+01,2.987318611145019531e+01
6.643938541412353516e+00,0.000000000000000000e+00,0.000000000000000000e+00,2.036195755004882812e+00,1.933383178710937500e+01,0.000000000000000000e+00,2.436304855346679688e+01,2.776073074340820312e+01
6.832948207855224609e+00,0.000000000000000000e+00,0.000000000000000000e+00,0.000000000000000000e+00,2.676441001892089844e+01,0.000000000000000000e+00,2.631563186645507812e+01,4.043229293823242188e+01
7.384912490844726562e+00,0.000000000000000000e+00,0.000000000000000000e+00,0.000000000000000000e+00,4.947052001953125000e+01,0.000000000000000000e+00,3.672581481933593750e+01,7.585910034179687500e+01
6.372708320617675781e+00,0.000000000000000000e+00,0.000000000000000000e+00,0.000000000000000000e+00,3.193110466003417969e+01,0.000000000000000000e+00,3.164821624755859375e+01,5.018194198608398438e+01
7.155164718627929688e+00,2.440948247909545898e+00,0.000000000000000000e+00,0.000000000000000000e+00,3.728482437133789062e+01,0.000000000000000000e+00,4.212802124023437500e+01,6.099303054809570312e+01
4.916274547576904297e+00,0.000000000000000000e+00,0.000000000000000000e+00,0.000000000000000000e+00,3.409584045410156250e+01,0.000000000000000000e+00,2.914850997924804688e+01,5.135896682739257812e+01
1.275056838989257812e+01,5.802505970001220703e+00,1.206339836120605469e+00,5.943760395050048828e+00,4.524885654449462891e+00,0.000000000000000000e+00,3.735946273803710938e+01,1.909396743774414062e+01
6.713653087615966797e+00,2.259553194046020508e+00,0.000000000000000000e+00,0.000000000000000000e+00,3.401693344116210938e+01,0.000000000000000000e+00,3.769766616821289062e+01,5.475750350952148438e+01
5.961128711700439453e+00,6.750733852386474609e+00,0.000000000000000000e+00,0.000000000000000000e+00,5.263083267211914062e+01,0.000000000000000000e+00,5.519139862060546875e+01,8.116614532470703125e+01
8.272035598754882812e+00,1.229316520690917969e+01,0.000000000000000000e+00,0.000000000000000000e+00,3.695386123657226562e+01,0.000000000000000000e+00,5.741067123413085938e+01,6.448133087158203125e+01
9.585309982299804688e+00,7.665248394012451172e+00,0.000000000000000000e+00,0.000000000000000000e+00,3.341471481323242188e+01,0.000000000000000000e+00,5.670311355590820312e+01,5.953879547119140625e+01
8.984537124633789062e+00,1.475487112998962402e+00,0.000000000000000000e+00,0.000000000000000000e+00,3.833257293701171875e+01,0.000000000000000000e+00,4.672398757934570312e+01,6.418291473388671875e+01
1.089403343200683594e+01,0.000000000000000000e+00,0.000000000000000000e+00,0.000000000000000000e+00,5.196040725708007812e+01,0.000000000000000000e+00,4.797767257690429688e+01,8.302392578125000000e+01
6.081064701080322266e+00,4.085524559020996094e+00,0.000000000000000000e+00,0.000000000000000000e+00,2.641871833801269531e+01,0.000000000000000000e+00,3.742670059204101562e+01,4.485596466064453125e+01
1.292671203613281250e+01,3.439320802688598633e+00,0.000000000000000000e+00,1.374726295471191406e+00,2.393323326110839844e+01,0.000000000000000000e+00,5.136934661865234375e+01,4.814091110229492188e+01
8.685979843139648438e+00,0.000000000000000000e+00,0.000000000000000000e+00,0.000000000000000000e+00,2.214288330078125000e+01,0.000000000000000000e+00,2.469555091857910156e+01,3.545170974731445312e+01
1.679562187194824219e+01,0.000000000000000000e+00,1.603299903869628906e+01,2.438315629959106445e+00,7.016599178314208984e-01,0.000000000000000000e+00,1.658143234252929688e+01,5.874540328979492188e+00
1.031258964538574219e+01,0.000000000000000000e+00,0.000000000000000000e+00,0.000000000000000000e+00,2.385751724243164062e+01,0.000000000000000000e+00,2.476672744750976562e+01,3.968468093872070312e+01
5.933591842651367188e+00,0.000000000000000000e+00,0.000000000000000000e+00,0.000000000000000000e+00,4.409252166748046875e+01,0.000000000000000000e+00,3.698673629760742188e+01,6.747036743164062500e+01
6.059197425842285156e+00,5.271415233612060547e+00,0.000000000000000000e+00,0.000000000000000000e+00,3.471897506713867188e+01,0.000000000000000000e+00,4.109754180908203125e+01,5.656686019897460938e+01
8.575504302978515625e+00,8.418781280517578125e+00,0.000000000000000000e+00,0.000000000000000000e+00,3.128298950195312500e+01,0.000000000000000000e+00,4.785800170898437500e+01,5.646140670776367188e+01
6.264789104461669922e+00,3.394085645675659180e+00,0.000000000000000000e+00,0.000000000000000000e+00,3.764984130859375000e+01,0.000000000000000000e+00,4.083555984497070312e+01,5.802608871459960938e+01
8.666316986083984375e+00,8.164083480834960938e+00,0.000000000000000000e+00,0.000000000000000000e+00,4.445275115966796875e+01,0.000000000000000000e+00,5.485059356689453125e+01,7.197176361083984375e+01
5.283631801605224609e+00,0.000000000000000000e+00,0.000000000000000000e+00,0.000000000000000000e+00,2.756803512573242188e+01,0.000000000000000000e+00,2.819372367858886719e+01,4.311194992065429688e+01
4.744093418121337891e+00,4.520245075225830078e+00,0.000000000000000000e+00,0.000000000000000000e+00,4.113280105590820312e+01,0.000000000000000000e+00,4.192858886718750000e+01,6.308913421630859375e+01
7.040433406829833984e+00,1.935610175132751465e+00,0.000000000000000000e+00,0.000000000000000000e+00,2.475003814697265625e+01,0.000000000000000000e+00,3.342322921752929688e+01,4.015201950073242188e+01
7.748553752899169922e+00,8.044553756713867188e+00,0.000000000000000000e+00,0.000000000000000000e+00,3.106576347351074219e+01,0.000000000000000000e+00,4.478435134887695312e+01,5.300362396240234375e+01
6.795588016510009766e+00,5.593596935272216797e+00,0.000000000000000000e+00,0.000000000000000000e+00,3.889257812500000000e+01,0.000000000000000000e+00,4.422320175170898438e+01,6.087329483032226562e+01
7.728015899658203125e+00,0.000000000000000000e+00,0.000000000000000000e+00,0.000000000000000000e+00,3.447134017944335938e+01,0.000000000000000000e+00,2.973549842834472656e+01,5.359539413452148438e+01
4.744196414947509766e+00,2.807993412017822266e+00,0.000000000000000000e+00,0.000000000000000000e+00,4.666799545288085938e+01,0.000000000000000000e+00,4.247751617431640625e+01,7.105330657958984375e+01
6.092312812805175781e+00,0.000000000000000000e+00,0.000000000000000000e+00,0.000000000000000000e+00,3.426020050048828125e+01,0.000000000000000000e+00,3.074407958984375000e+01,5.254290390014648438e+01
3.348077297210693359e+00,0.000000000000000000e+00,0.000000000000000000e+00,0.000000000000000000e+00,2.354379081726074219e+01,0.000000000000000000e+00,1.529529285430908203e+01,3.165179634094238281e+01
4.399858474731445312e+00,8.896179199218750000e+00,0.000000000000000000e+00,0.000000000000000000e+00,3.639396667480468750e+01,0.000000000000000000e+00,4.244359970092773438e+01,5.652552413940429688e+01
4.477589130401611328e+00,1.395168590545654297e+01,0.000000000000000000e+00,0.000000000000000000e+00,3.610885620117187500e+01,0.000000000000000000e+00,4.934949874877929688e+01,5.697317123413085938e+01
5.657696723937988281e+00,6.504704475402832031e+00,0.000000000000000000e+00,0.000000000000000000e+00,4.287195968627929688e+01,0.000000000000000000e+00,4.864748382568359375e+01,6.679615783691406250e+01
8.020816802978515625e+00,1.469468212127685547e+01,0.000000000000000000e+00,0.000000000000000000e+00,4.293731307983398438e+01,0.000000000000000000e+00,6.371895980834960938e+01,7.161549377441406250e+01
8.499668121337890625e+00,3.476998567581176758e+00,0.000000000000000000e+00,0.000000000000000000e+00,3.920724105834960938e+01,0.000000000000000000e+00,4.441742324829101562e+01,6.231906890869140625e+01
7.942144870758056641e+00,3.484586179256439209e-01,0.000000000000000000e+00,0.000000000000000000e+00,3.720845794677734375e+01,0.000000000000000000e+00,3.802621841430664062e+01,6.048079299926757812e+01
8.133428573608398438e+00,3.896759271621704102e+00,0.000000000000000000e+00,0.000000000000000000e+00,3.534282684326171875e+01,0.000000000000000000e+00,4.306500244140625000e+01,5.712625885009765625e+01
7.995738029479980469e+00,4.186740875244140625e+00,0.000000000000000000e+00,0.000000000000000000e+00,2.801455116271972656e+01,0.000000000000000000e+00,3.991492843627929688e+01,4.647269058227539062e+01
1.928558540344238281e+01,0.000000000000000000e+00,1.326961803436279297e+01,3.590157270431518555e+00,0.000000000000000000e+00,0.000000000000000000e+00,2.226990699768066406e+01,2.366167783737182617e+00
2.234953117370605469e+01,0.000000000000000000e+00,2.956263160705566406e+01,1.517938804626464844e+01,0.000000000000000000e+00,0.000000000000000000e+00,3.952928304672241211e+00,5.321103334426879883e-01
1.552523422241210938e+01,4.434515476226806641e+00,3.335760498046875000e+01,6.278096389770507812e+01,5.767970085144042969e-01,0.000000000000000000e+00,0.000000000000000000e+00,1.047530841827392578e+01
5.523162841796875000e+00,2.059606170654296875e+01,2.621185684204101562e+01,8.927713012695312500e+01,5.239758491516113281e+00,0.000000000000000000e+00,0.000000000000000000e+00,2.451884651184082031e+01
6.234426021575927734e+00,1.961822319030761719e+01,2.120309448242187500e+01,7.673694610595703125e+01,7.022061347961425781e+00,0.000000000000000000e+00,0.000000000000000000e+00,1.995508003234863281e+01
3.114719390869140625e-01,2.378836441040039062e+01,1.450844573974609375e+01,8.374260711669921875e+01,1.620345687866210938e+01,0.000000000000000000e+00,0.000000000000000000e+00,3.151714324951171875e+01
2.667141199111938477e+00,2.561500167846679688e+01,1.548885345458984375e+01,8.518341827392578125e+01,1.527345943450927734e+01,0.000000000000000000e+00,0.000000000000000000e+00,2.962707710266113281e+01
1.462550163269042969e+00,2.552030563354492188e+01,1.411778831481933594e+01,8.419558715820312500e+01,1.660120773315429688e+01,0.000000000000000000e+00,0.000000000000000000e+00,3.138544464111328125e+01
2.768640995025634766e+00,2.547015571594238281e+01,1.741968917846679688e+01,8.873314666748046875e+01,1.492413234710693359e+01,0.000000000000000000e+00,0.000000000000000000e+00,3.006686782836914062e+01
2.842334032058715820e+00,2.469979095458984375e+01,1.673427581787109375e+01,8.673970794677734375e+01,1.524538230895996094e+01,0.000000000000000000e+00,0.000000000000000000e+00,2.833056831359863281e+01
2.186867713928222656e+00,2.485702896118164062e+01,1.587824058532714844e+01,8.715702056884765625e+01,1.610386466979980469e+01,0.000000000000000000e+00,0.000000000000000000e+00,2.889344406127929688e+01
1.432619571685791016e+00,2.578626823425292969e+01,1.981654167175292969e+01,9.539548492431640625e+01,1.405692195892333984e+01,0.000000000000000000e+00,0.000000000000000000e+00,3.402857971191406250e+01
3.069560527801513672e+00,2.062967300415039062e+01,2.359073638916015625e+01,8.891972351074218750e+01,8.266356468200683594e+00,0.000000000000000000e+00,0.000000000000000000e+00,2.849559783935546875e+01
1.788580894470214844e+01,5.982677459716796875e+00,1.661001586914062500e+01,9.172274589538574219e+00,0.000000000000000000e+00,0.000000000000000000e+00,3.838664054870605469e+00,0.000000000000000000e+00
2.549047851562500000e+01,2.388877296447753906e+01,1.085950183868408203e+01,8.031558990478515625e+00,0.000000000000000000e+00,0.000000000000000000e+00,3.315835189819335938e+01,0.000000000000000000e+00
2.451207160949707031e+01,3.529564285278320312e+01,5.379553437232971191e-01,9.716575622558593750e+00,0.000000000000000000e+00,0.000000000000000000e+00,4.674071121215820312e+01,0.000000000000000000e+00
2.912931060791015625e+01,3.352213668823242188e+01,7.781175136566162109e+00,1.235887241363525391e+01,0.000000000000000000e+00,0.000000000000000000e+00,3.603164672851562500e+01,0.000000000000000000e+00
2.358227920532226562e+01,3.599512481689453125e+01,0.000000000000000000e+00,9.494315147399902344e+00,0.000000000000000000e+00,0.000000000000000000e+00,4.809397125244140625e+01,0.000000000000000000e+00
2.303147315979003906e+01,2.987919998168945312e+01,9.776974320411682129e-01,6.946236133575439453e+00,0.000000000000000000e+00,0.000000000000000000e+00,4.108041381835937500e+01,0.000000000000000000e+00
1.113423919677734375e+01,6.377307415008544922e+00,0.000000000000000000e+00,0.000000000000000000e+00,1.235637569427490234e+01,0.000000000000000000e+00,2.434349250793457031e+01,2.263893318176269531e+01
8.662235260009765625e+00,1.061720466613769531e+01,1.415051746368408203e+01,3.539959716796875000e+01,0.000000000000000000e+00,0.000000000000000000e+00,0.000000000000000000e+00,6.396445274353027344e+00
2.623720407485961914e+00,1.910218620300292969e+01,1.385212612152099609e+01,6.694171905517578125e+01,1.244110298156738281e+01,0.000000000000000000e+00,0.000000000000000000e+00,2.375319099426269531e+01
1.526526927947998047e+00,2.586057472229003906e+01,1.039208316802978516e+01,7.862394714355468750e+01,1.733746147155761719e+01,0.000000000000000000e+00,0.000000000000000000e+00,2.919315338134765625e+01
2.314440727233886719e+00,2.400705528259277344e+01,1.500274944305419922e+01,8.111194610595703125e+01,1.294986629486083984e+01,0.000000000000000000e+00,0.000000000000000000e+00,2.824611473083496094e+01
8.635509014129638672e-01,2.442186164855957031e+01,1.567794132232666016e+01,8.547772216796875000e+01,1.374490737915039062e+01,0.000000000000000000e+00,0.000000000000000000e+00,3.164121055603027344e+01
3.464433670043945312e+00,2.702437400817871094e+01,1.454112243652343750e+01,8.490857696533203125e+01,1.438235759735107422e+01,0.000000000000000000e+00,0.000000000000000000e+00,2.879052543640136719e+01
3.387117385864257812e+00,2.650080490112304688e+01,1.984239006042480469e+01,9.300164031982421875e+01,1.231662368774414062e+01,0.000000000000000000e+00,0.000000000000000000e+00,3.132509803771972656e+01
1.107563495635986328e+00,2.390609931945800781e+01,1.974536895751953125e+01,9.133959960937500000e+01,1.460661602020263672e+01,0.000000000000000000e+00,0.000000000000000000e+00,3.344396591186523438e+01
3.541050672531127930e+00,2.427844429016113281e+01,1.839635276794433594e+01,8.676488494873046875e+01,1.288490676879882812e+01,0.000000000000000000e+00,0.000000000000000000e+00,2.766117668151855469e+01
1.576129198074340820e+00,2.587679100036621094e+01,1.479533672332763672e+01,8.671402740478515625e+01,1.628871154785156250e+01,0.000000000000000000e+00,0.000000000000000000e+00,3.120843505859375000e+01
1.224052190780639648e+00,2.483851623535156250e+01,1.500043296813964844e+01,8.524219512939453125e+01,1.646041488647460938e+01,0.000000000000000000e+00,0.000000000000000000e+00,3.121132659912109375e+01
8.975706100463867188e+00,5.937134742736816406e+00,2.140118408203125000e+01,4.718756484985351562e+01,1.806926429271697998e-01,0.000000000000000000e+00,0.000000000000000000e+00,1.117238998413085938e+01
7.591877460479736328e+00,3.120428323745727539e+00,0.000000000000000000e+00,0.000000000000000000e+00,2.804584312438964844e+01,0.000000000000000000e+00,3.684774780273437500e+01,4.634277725219726562e+01
7.198870658874511719e+00,9.926733016967773438e+00,0.000000000000000000e+00,0.000000000000000000e+00,5.334442901611328125e+01,0.000000000000000000e+00,6.136464309692382812e+01,8.402531433105468750e+01
5.100051879882812500e+00,6.179837703704833984e+00,0.000000000000000000e+00,0.000000000000000000e+00,2.948628807067871094e+01,0.000000000000000000e+00,3.656113052368164062e+01,4.673974609375000000e+01
6.359079837799072266e+00,1.657870173454284668e+00,0.000000000000000000e+00,3.420997142791748047e+00,2.059306907653808594e+01,0.000000000000000000e+00,3.163772010803222656e+01,3.175057029724121094e+01
3.113733768463134766e+00,1.474974274635314941e+00,0.000000000000000000e+00,0.000000000000000000e+00,1.539811706542968750e+01,0.000000000000000000e+00,1.607773971557617188e+01,2.139835166931152344e+01
3.012446880340576172e+00,0.000000000000000000e+00,0.000000000000000000e+00,0.000000000000000000e+00,1.536317539215087891e+01,0.000000000000000000e+00,1.246631145477294922e+01,1.931471061706542969e+01
2.862194776535034180e+00,0.000000000000000000e+00,0.000000000000000000e+00,0.000000000000000000e+00,2.404869270324707031e+01,0.000000000000000000e+00,1.902203941345214844e+01,3.286581420898437500e+01
1.012598800659179688e+01,4.867560386657714844e+00,2.399979114532470703e+00,7.353569984436035156e+00,5.921390056610107422e+00,0.000000000000000000e+00,3.067341232299804688e+01,1.598483753204345703e+01
7.626872539520263672e+00,3.825295209884643555e+00,2.167708873748779297e+00,3.518308639526367188e+00,2.643632411956787109e+00,0.000000000000000000e+00,2.025590133666992188e+01,9.966143608093261719e+00
9.647932052612304688e+00,0.000000000000000000e+00,2.715911865234375000e+00,1.988053679466247559e+00,1.573139286041259766e+01,0.000000000000000000e+00,2.899143218994140625e+01,2.639780616760253906e+01
4.526751995086669922e+00,3.434733629226684570e+00,0.000000000000000000e+00,6.027964115142822266e+00,1.326102256774902344e+01,0.000000000000000000e+00,2.411034011840820312e+01,2.164313316345214844e+01
1.613080787658691406e+01,2.177508771419525146e-01,8.929507255554199219e+00,5.409846782684326172e+00,0.000000000000000000e+00,0.000000000000000000e+00,2.733117294311523438e+01,9.053906440734863281e+00
1.183351135253906250e+01,0.000000000000000000e+00,2.348502635955810547e+00,0.000000000000000000e+00,1.896693801879882812e+01,0.000000000000000000e+00,1.962423706054687500e+01,3.213267898559570312e+01
1.160157394409179688e+01,6.587346196174621582e-01,0.000000000000000000e+00,2.529592514038085938e+00,1.504403686523437500e+01,0.000000000000000000e+00,3.747300720214843750e+01,3.209855270385742188e+01
9.552080154418945312e+00,5.464927196502685547e+00,0.000000000000000000e+00,0.000000000000000000e+00,3.004789543151855469e+01,0.000000000000000000e+00,4.083343124389648438e+01,5.076316452026367188e+01
3.619118690490722656e+00,2.157951295375823975e-01,0.000000000000000000e+00,0.000000000000000000e+00,1.887351608276367188e+01,0.000000000000000000e+00,1.687020874023437500e+01,2.670355415344238281e+01
5.196215152740478516e+00,0.000000000000000000e+00,0.000000000000000000e+00,0.000000000000000000e+00,3.270568084716796875e+01,0.000000000000000000e+00,2.412773323059082031e+01,4.683245468139648438e+01
7.643458843231201172e+00,7.336972355842590332e-01,0.000000000000000000e+00,1.266483068466186523e+00,1.748936080932617188e+01,0.000000000000000000e+00,3.307961654663085938e+01,3.115800666809082031e+01
5.302884101867675781e+00,0.000000000000000000e+00,0.000000000000000000e+00,0.000000000000000000e+00,2.642001152038574219e+01,0.000000000000000000e+00,2.054804039001464844e+01,3.861586380004882812e+01
5.352977275848388672e+00,0.000000000000000000e+00,0.000000000000000000e+00,0.000000000000000000e+00,2.322288131713867188e+01,0.000000000000000000e+00,1.804854774475097656e+01,3.084538841247558594e+01
9.924081802368164062e+00,0.000000000000000000e+00,0.000000000000000000e+00,1.841214776039123535e+00,1.429979133605957031e+01,0.000000000000000000e+00,3.084507369995117188e+01,2.819722557067871094e+01
7.266859531402587891e+00,2.389450788497924805e+00,0.000000000000000000e+00,0.000000000000000000e+00,2.119396781921386719e+01,0.000000000000000000e+00,3.104446792602539062e+01,3.659604263305664062e+01
1.326953315734863281e+01,7.841532230377197266e+00,0.000000000000000000e+00,3.772551774978637695e+00,7.578168869018554688e+00,0.000000000000000000e+00,4.168133544921875000e+01,2.582180213928222656e+01
1.067473030090332031e+01,3.711560487747192383e+00,0.000000000000000000e+00,0.000000000000000000e+00,2.645456123352050781e+01,0.000000000000000000e+00,4.511406326293945312e+01,4.688285446166992188e+01
1.205036544799804688e+01,0.000000000000000000e+00,4.403555393218994141e+00,2.664256095886230469e+00,1.261461162567138672e+01,0.000000000000000000e+00,2.631012725830078125e+01,2.291462516784667969e+01
5.761252880096435547e+00,0.000000000000000000e+00,2.914176940917968750e+00,0.000000000000000000e+00,2.287758636474609375e+01,0.000000000000000000e+00,1.333544445037841797e+01,2.692511940002441406e+01
5.067773818969726562e+00,0.000000000000000000e+00,0.000000000000000000e+00,4.092333912849426270e-01,1.467768287658691406e+01,0.000000000000000000e+00,2.005226898193359375e+01,2.213717269897460938e+01
1.066961097717285156e+01,0.000000000000000000e+00,5.997523307800292969e+00,3.083131909370422363e-01,1.265120887756347656e+01,0.000000000000000000e+00,1.534630680084228516e+01,1.864278602600097656e+01
1.111062526702880859e+00,0.000000000000000000e+00,0.000000000000000000e+00,0.000000000000000000e+00,6.270586013793945312e+01,0.000000000000000000e+00,5.676280975341796875e+01,8.718593597412109375e+01
8.638887405395507812e+00,0.000000000000000000e+00,3.082003116607666016e+00,4.966921329498291016e+00,1.728342819213867188e+01,0.000000000000000000e+00,2.676977348327636719e+01,2.683994102478027344e+01
6.309655666351318359e+00,6.158087849617004395e-01,1.240063190460205078e+00,7.184970378875732422e+00,2.291312026977539062e+01,0.000000000000000000e+00,2.856917572021484375e+01,3.051260375976562500e+01
5.035733222961425781e+00,0.000000000000000000e+00,2.826597690582275391e+00,5.089914798736572266e+00,2.670680809020996094e+01,0.000000000000000000e+00,1.925147438049316406e+01,3.084905433654785156e+01
5.571810245513916016e+00,4.280880451202392578e+00,0.000000000000000000e+00,9.526476860046386719e+00,2.192291069030761719e+01,0.000000000000000000e+00,3.248405838012695312e+01,3.248460769653320312e+01
1.063178253173828125e+01,0.000000000000000000e+00,8.145080208778381348e-01,0.000000000000000000e+00,2.618881607055664062e+01,0.000000000000000000e+00,2.476506614685058594e+01,3.810262298583984375e+01
1.137789916992187500e+01,1.668602347373962402e+00,3.528961181640625000e+00,6.621331691741943359e+00,6.361623764038085938e+00,0.000000000000000000e+00,3.245682144165039062e+01,1.834099197387695312e+01
1.544759559631347656e+01,7.285473942756652832e-01,1.064195919036865234e+01,5.689321041107177734e+00,0.000000000000000000e+00,0.000000000000000000e+00,2.293350982666015625e+01,5.510578155517578125e+00
7.365512371063232422e+00,0.000000000000000000e+00,0.000000000000000000e+00,0.000000000000000000e+00,2.487471580505371094e+01,0.000000000000000000e+00,1.676450729370117188e+01,3.407199096679687500e+01
6.746946811676025391e+00,0.000000000000000000e+00,0.000000000000000000e+00,0.000000000000000000e+00,2.444283485412597656e+01,0.000000000000000000e+00,2.458932495117187500e+01,3.711043930053710938e+01
8.533302307128906250e+00,0.000000000000000000e+00,0.000000000000000000e+00,5.038382112979888916e-02,1.615204238891601562e+01,0.000000000000000000e+00,2.862077331542968750e+01,2.986218070983886719e+01
8.647651672363281250e+00,0.000000000000000000e+00,0.000000000000000000e+00,0.000000000000000000e+00,2.078780555725097656e+01,0.000000000000000000e+00,2.433350753784179688e+01,3.395853424072265625e+01
1.301198387145996094e+01,7.054501056671142578e+00,0.000000000000000000e+00,0.000000000000000000e+00,3.098944282531738281e+01,0.000000000000000000e+00,4.845290756225585938e+01,5.736611938476562500e+01
7.358554840087890625e+00,1.022961020469665527e+00,0.000000000000000000e+00,0.000000000000000000e+00,2.881033897399902344e+01,0.000000000000000000e+00,4.085187530517578125e+01,4.840860366821289062e+01
1.267279815673828125e+01,0.000000000000000000e+00,1.157408356666564941e-01,0.000000000000000000e+00,2.156836128234863281e+01,0.000000000000000000e+00,3.024585151672363281e+01,3.925917053222656250e+01
3.755879640579223633e+00,4.313408374786376953e+00,0.000000000000000000e+00,0.000000000000000000e+00,3.073191642761230469e+01,0.000000000000000000e+00,3.185059547424316406e+01,4.653538131713867188e+01
8.535411834716796875e+00,0.000000000000000000e+00,0.000000000000000000e+00,0.000000000000000000e+00,2.979894447326660156e+01,0.000000000000000000e+00,2.679967117309570312e+01,4.783050155639648438e+01
1.362247276306152344e+01,0.000000000000000000e+00,4.379214763641357422e+00,0.000000000000000000e+00,1.462875843048095703e+01,0.000000000000000000e+00,2.075227355957031250e+01,2.687973213195800781e+01
1.195161628723144531e+01,1.947642683982849121e+00,0.000000000000000000e+00,4.086009502410888672e+00,9.006061553955078125e+00,0.000000000000000000e+00,3.691260910034179688e+01,2.589096260070800781e+01
1.233622360229492188e+01,0.000000000000000000e+00,2.194211006164550781e+00,0.000000000000000000e+00,1.691507148742675781e+01,0.000000000000000000e+00,2.770395660400390625e+01,3.170191383361816406e+01
1.122817420959472656e+01,0.000000000000000000e+00,2.650176048278808594e+00,1.541414856910705566e+00,9.973991394042968750e+00,0.000000000000000000e+00,2.359898567199707031e+01,2.139734840393066406e+01
4.826348781585693359e+00,5.561648845672607422e+00,0.000000000000000000e+00,3.091271638870239258e+00,1.127693653106689453e+01,0.000000000000000000e+00,2.261653518676757812e+01,1.670656776428222656e+01
1.939366722106933594e+01,0.000000000000000000e+00,2.650231552124023438e+01,1.440882778167724609e+01,0.000000000000000000e+00,0.000000000000000000e+00,1.860080957412719727e+00,0.000000000000000000e+00
1.229550743103027344e+01,8.177709579467773438e+00,1.731815147399902344e+01,2.835070610046386719e+01,0.000000000000000000e+00,0.000000000000000000e+00,0.000000000000000000e+00,0.000000000000000000e+00
5.732463359832763672e+00,1.992091751098632812e+01,1.897668457031250000e+01,7.351517486572265625e+01,8.816035270690917969e+00,0.000000000000000000e+00,0.000000000000000000e+00,2.080216598510742188e+01
8.289964199066162109e-01,2.313758468627929688e+01,1.755259704589843750e+01,8.873667144775390625e+01,1.553886604309082031e+01,0.000000000000000000e+00,0.000000000000000000e+00,3.051741790771484375e+01
1.853278279304504395e+00,2.381809043884277344e+01,2.119957160949707031e+01,9.322615814208984375e+01,1.203780460357666016e+01,0.000000000000000000e+00,0.000000000000000000e+00,3.205644989013671875e+01
1.502710342407226562e+00,2.337394523620605469e+01,1.888725280761718750e+01,8.894412231445312500e+01,1.397422027587890625e+01,0.000000000000000000e+00,0.000000000000000000e+00,3.115231323242187500e+01
6.565864086151123047e-01,2.554418373107910156e+01,2.075548553466796875e+01,9.749106597900390625e+01,1.380756378173828125e+01,0.000000000000000000e+00,0.000000000000000000e+00,3.631802749633789062e+01
1.626565933227539062e+00,2.517409706115722656e+01,2.199720764160156250e+01,9.623215484619140625e+01,1.171817111968994141e+01,0.000000000000000000e+00,0.000000000000000000e+00,3.525179290771484375e+01
2.361770153045654297e+00,2.701694679260253906e+01,1.621895790100097656e+01,8.985805511474609375e+01,1.480546951293945312e+01,0.000000000000000000e+00,0.000000000000000000e+00,3.174744224548339844e+01
2.831482410430908203e+00,2.677429771423339844e+01,1.741374397277832031e+01,9.289124298095703125e+01,1.693925666809082031e+01,0.000000000000000000e+00,0.000000000000000000e+00,3.061619758605957031e+01
2.263349533081054688e+00,2.443274879455566406e+01,1.936171531677246094e+01,9.398022460937500000e+01,1.603400230407714844e+01,0.000000000000000000e+00,0.000000000000000000e+00,2.945127868652343750e+01
2.864464521408081055e+00,2.571925163269042969e+01,1.964922904968261719e+01,9.376218414306640625e+01,1.420601463317871094e+01,0.000000000000000000e+00,0.000000000000000000e+00,3.076814842224121094e+01
2.890718460083007812e+00,2.594959640502929688e+01,1.603645515441894531e+01,8.802015686035156250e+01,1.587973403930664062e+01,0.000000000000000000e+00,0.000000000000000000e+00,2.907091140747070312e+01
4.216787815093994141e+00,2.669240379333496094e+01,1.713571739196777344e+01,8.805060577392578125e+01,1.352318954467773438e+01,0.000000000000000000e+00,0.000000000000000000e+00,2.839080619812011719e+01
4.518821239471435547e+00,2.498395538330078125e+01,2.056334114074707031e+01,9.118213653564453125e+01,1.227803134918212891e+01,0.000000000000000000e+00,0.000000000000000000e+00,2.745942497253417969e+01
4.588945865631103516e+00,2.431615257263183594e+01,2.556680870056152344e+01,9.864980316162109375e+01,9.221174240112304688e+00,0.000000000000000000e+00,0.000000000000000000e+00,2.918792152404785156e+01
1.470854759216308594e+00,2.675693702697753906e+01,1.524629688262939453e+01,9.153298187255859375e+01,1.897597122192382812e+01,0.000000000000000000e+00,0.000000000000000000e+00,3.180477714538574219e+01
8.778644561767578125e+00,9.633176803588867188e+00,2.638709831237792969e+01,6.813416290283203125e+01,3.997219085693359375e+00,0.000000000000000000e+00,0.000000000000000000e+00,1.490222644805908203e+01
3.596944046020507812e+01,8.697519302368164062e+00,2.242630004882812500e+01,4.028515338897705078e+00,0.000000000000000000e+00,0.000000000000000000e+00,3.813565826416015625e+01,0.000000000000000000e+00
3.029838943481445312e+01,1.100020599365234375e+01,2.004022407531738281e+01,8.837123870849609375e+00,0.000000000000000000e+00,0.000000000000000000e+00,2.546307754516601562e+01,0.000000000000000000e+00
2.940959453582763672e+00,1.011429786682128906e+01,2.139031600952148438e+01,6.297172927856445312e+01,5.904015064239501953e+00,0.000000000000000000e+00,0.000000000000000000e+00,1.699249649047851562e+01
2.181957006454467773e+00,2.187176704406738281e+01,1.747294044494628906e+01,8.192031097412109375e+01,1.313913822174072266e+01,0.000000000000000000e+00,0.000000000000000000e+00,2.760848999023437500e+01
2.368471622467041016e+00,2.229271888732910156e+01,1.758975410461425781e+01,8.329932403564453125e+01,1.336439990997314453e+01,0.000000000000000000e+00,0.000000000000000000e+00,2.733976364135742188e+01
1.903001070022583008e+00,2.271071434020996094e+01,1.701535606384277344e+01,8.439998626708984375e+01,1.429224681854248047e+01,0.000000000000000000e+00,0.000000000000000000e+00,2.813534355163574219e+01
5.551671981811523438e+00,2.243408966064453125e+01,2.107763862609863281e+01,8.412541961669921875e+01,9.060859680175781250e+00,0.000000000000000000e+00,0.000000000000000000e+00,2.357015991210937500e+01
3.138932943344116211e+00,2.565332984924316406e+01,1.805532455444335938e+01,8.821292877197265625e+01,1.246528339385986328e+01,0.000000000000000000e+00,0.000000000000000000e+00,3.014775276184082031e+01
0.000000000000000000e+00,2.756365013122558594e+01,1.910799407958984375e+01,9.929213714599609375e+01,1.511908912658691406e+01,0.000000000000000000e+00,0.000000000000000000e+00,3.949803543090820312e+01
1.014420986175537109e+00,2.604640007019042969e+01,1.637499237060546875e+01,9.045832061767578125e+01,1.562408351898193359e+01,0.000000000000000000e+00,0.000000000000000000e+00,3.323537063598632812e+01
1.142970561981201172e+00,2.761026954650878906e+01,1.640487480163574219e+01,9.360461425781250000e+01,1.636048316955566406e+01,0.000000000000000000e+00,0.000000000000000000e+00,3.445934677124023438e+01
3.839918851852416992e+00,2.611732101440429688e+01,1.817816162109375000e+01,8.913323974609375000e+01,1.309344387054443359e+01,0.000000000000000000e+00,0.000000000000000000e+00,2.898557281494140625e+01
1.728183984756469727e+00,2.472667884826660156e+01,1.789083862304687500e+01,9.136794281005859375e+01,1.586130714416503906e+01,0.000000000000000000e+00,0.000000000000000000e+00,3.044939804077148438e+01
1.593908429145812988e+00,1.646381568908691406e+01,1.398593521118164062e+01,6.504148101806640625e+01,6.990808010101318359e+00,0.000000000000000000e+00,0.000000000000000000e+00,1.947594070434570312e+01
1.208150291442871094e+01,4.124090194702148438e+00,1.169663524627685547e+01,1.036558437347412109e+01,0.000000000000000000e+00,0.000000000000000000e+00,7.192853093147277832e-01,0.000000000000000000e+00
9.033840179443359375e+00,4.230789661407470703e+00,4.649885177612304688e+00,4.859268188476562500e+00,0.000000000000000000e+00,0.000000000000000000e+00,1.576244449615478516e+01,4.046230316162109375e+00
4.557228088378906250e+00,2.015113115310668945e+00,0.000000000000000000e+00,0.000000000000000000e+00,2.326585769653320312e+01,0.000000000000000000e+00,2.552583503723144531e+01,3.426742553710937500e+01
6.363681316375732422e+00,0.000000000000000000e+00,0.000000000000000000e+00,0.000000000000000000e+00,3.629084396362304688e+01,0.000000000000000000e+00,2.864309883117675781e+01,5.435488128662109375e+01
6.392076492309570312e+00,8.784299850463867188e+00,0.000000000000000000e+00,0.000000000000000000e+00,1.270658111572265625e+01,0.000000000000000000e+00,3.013980102539062500e+01,2.576197624206542969e+01
8.763885498046875000e+00,4.165390491485595703e+00,0.000000000000000000e+00,3.025976657867431641e+00,1.340568637847900391e+01,0.000000000000000000e+00,3.303100585937500000e+01,2.616520118713378906e+01
7.922002792358398438e+00,7.140052914619445801e-01,0.000000000000000000e+00,9.566529393196105957e-01,1.320301246643066406e+01,0.000000000000000000e+00,2.320488357543945312e+01,2.223581123352050781e+01
1.510387420654296875e+01,6.780420780181884766e+00,0.000000000000000000e+00,3.092212200164794922e+00,2.336773109436035156e+01,0.000000000000000000e+00,5.728401947021484375e+01,4.997576522827148438e+01
1.445413780212402344e+01,0.000000000000000000e+00,5.375285625457763672e+00,0.000000000000000000e+00,9.452852249145507812e+00,0.000000000000000000e+00,1.923036956787109375e+01,2.211194610595703125e+01
1.024500656127929688e+01,0.000000000000000000e+00,0.000000000000000000e+00,0.000000000000000000e+00,2.164235496520996094e+01,0.000000000000000000e+00,2.627080535888671875e+01,3.774402236938476562e+01
8.315097808837890625e+00,0.000000000000000000e+00,0.000000000000000000e+00,0.000000000000000000e+00,1.839468002319335938e+01,0.000000000000000000e+00,1.944593429565429688e+01,2.643651008605957031e+01
5.709670066833496094e+00,0.000000000000000000e+00,1.176758408546447754e-01,6.872058510780334473e-01,1.691096496582031250e+01,0.000000000000000000e+00,1.797729110717773438e+01,2.298965263366699219e+01
9.943441390991210938e+00,0.000000000000000000e+00,5.891300201416015625e+00,0.000000000000000000e+00,1.941415214538574219e+01,0.000000000000000000e+00,1.416453838348388672e+01,2.512616920471191406e+01
2.275387954711914062e+01,6.426019191741943359e+00,9.907084465026855469e+00,6.590091705322265625e+00,0.000000000000000000e+00,0.000000000000000000e+00,3.802322769165039062e+01,7.074455261230468750e+00
7.458052635192871094e+00,6.647064685821533203e+00,0.000000000000000000e+00,0.000000000000000000e+00,4.483332824707031250e+01,0.000000000000000000e+00,4.986412811279296875e+01,7.026113128662109375e+01
1.079081344604492188e+01,3.673375844955444336e+00,0.000000000000000000e+00,0.000000000000000000e+00,4.050529479980468750e+01,0.000000000000000000e+00,4.817964553833007812e+01,6.644280242919921875e+01
1.049229621887207031e+01,0.000000000000000000e+00,0.000000000000000000e+00,0.000000000000000000e+00,2.543117904663085938e+01,0.000000000000000000e+00,3.080710220336914062e+01,4.013661575317382812e+01
8.711839675903320312e+00,3.250436544418334961e+00,0.000000000000000000e+00,1.925522923469543457e+00,1.534790039062500000e+01,0.000000000000000000e+00,3.073930168151855469e+01,2.713992881774902344e+01
9.267629623413085938e+00,0.000000000000000000e+00,0.000000000000000000e+00,0.000000000000000000e+00,2.046220397949218750e+01,0.000000000000000000e+00,2.188511848449707031e+01,3.393908309936523438e+01
1.040682029724121094e+01,0.000000000000000000e+00,1.912881374359130859e+00,0.000000000000000000e+00,1.950596809387207031e+01,0.000000000000000000e+00,2.112681388854980469e+01,3.163841819763183594e+01
7.445443630218505859e+00,0.000000000000000000e+00,0.000000000000000000e+00,0.000000000000000000e+00,2.809509849548339844e+01,0.000000000000000000e+00,3.237654495239257812e+01,4.024173736572265625e+01
7.162096500396728516e+00,0.000000000000000000e+00,3.583697319030761719e+00,0.000000000000000000e+00,2.272399139404296875e+01,0.000000000000000000e+00,1.496716022491455078e+01,2.704379844665527344e+01
4.135349750518798828e+00,9.833391308784484863e-01,1.732067346572875977e+00,6.598463535308837891e+00,1.288868808746337891e+01,0.000000000000000000e+00,1.602718734741210938e+01,1.687751579284667969e+01
3.092849969863891602e+00,0.000000000000000000e+00,0.000000000000000000e+00,0.000000000000000000e+00,1.811538505554199219e+01,0.000000000000000000e+00,1.681402397155761719e+01,2.603404235839843750e+01
4.392042160034179688e+00,0.000000000000000000e+00,1.869948625564575195e+00,0.000000000000000000e+00,1.873569107055664062e+01,0.000000000000000000e+00,1.371421146392822266e+01,2.286143493652343750e+01
6.743052005767822266e+00,0.000000000000000000e+00,3.986697673797607422e+00,1.127113699913024902e+00,2.176211547851562500e+01,0.000000000000000000e+00,1.887253952026367188e+01,2.656398582458496094e+01
1.190775108337402344e+01,0.000000000000000000e+00,1.204271411895751953e+01,9.005221366882324219e+00,2.704251861572265625e+01,0.000000000000000000e+00,2.452023506164550781e+01,3.168396568298339844e+01
1.988696098327636719e+01,0.000000000000000000e+00,9.943400025367736816e-01,3.321888923645019531e+00,2.953858184814453125e+01,0.000000000000000000e+00,6.261767959594726562e+01,5.650019454956054688e+01
5.867764949798583984e+00,0.000000000000000000e+00,0.000000000000000000e+00,0.000000000000000000e+00,3.940882873535156250e+01,0.000000000000000000e+00,3.488995742797851562e+01,5.514072418212890625e+01
6.849748134613037109e+00,0.000000000000000000e+00,2.848449707031250000e+00,4.479835510253906250e+00,1.862686729431152344e+01,0.000000000000000000e+00,2.394037818908691406e+01,2.645948219299316406e+01
1.480310201644897461e+00,2.763567924499511719e+00,0.000000000000000000e+00,7.549549579620361328e+00,2.325076484680175781e+01,0.000000000000000000e+00,2.102903175354003906e+01,2.783167076110839844e+01
3.091903209686279297e+00,8.920508027076721191e-01,1.009304046630859375e+00,7.132480621337890625e+00,2.517949485778808594e+01,0.000000000000000000e+00,1.902377319335937500e+01,2.742635917663574219e+01
4.150078773498535156e+00,4.898124635219573975e-01,1.845491170883178711e+00,7.095582485198974609e+00,2.078927803039550781e+01,0.000000000000000000e+00,1.979603385925292969e+01,2.442550468444824219e+01
4.955364704132080078e+00,0.000000000000000000e+00,3.209177255630493164e+00,6.366621494293212891e+00,2.128208351135253906e+01,0.000000000000000000e+00,1.857390213012695312e+01,2.480086326599121094e+01
5.882019996643066406e+00,0.000000000000000000e+00,1.307879090309143066e-01,5.347039699554443359e+00,2.558221626281738281e+01,0.000000000000000000e+00,3.195213317871093750e+01,3.660448074340820312e+01
2.576103687286376953e+00,0.000000000000000000e+00,0.000000000000000000e+00,1.549555182456970215e+00,3.066495895385742188e+01,0.000000000000000000e+00,2.539786338806152344e+01,3.811714553833007812e+01
6.750296115875244141e+00,0.000000000000000000e+00,5.508831501007080078e+00,0.000000000000000000e+00,1.602389717102050781e+01,0.000000000000000000e+00,7.085748672485351562e+00,1.703727531433105469e+01
5.748986721038818359e+00,0.000000000000000000e+00,0.000000000000000000e+00,0.000000000000000000e+00,1.827734565734863281e+01,0.000000000000000000e+00,1.894876480102539062e+01,2.579158210754394531e+01
7.671559810638427734e+00,0.000000000000000000e+00,0.000000000000000000e+00,0.000000000000000000e+00,3.134651756286621094e+01,0.000000000000000000e+00,2.875021362304687500e+01,4.837242889404296875e+01
6.303543090820312500e+00,0.000000000000000000e+00,0.000000000000000000e+00,0.000000000000000000e+00,3.091311645507812500e+01,0.000000000000000000e+00,3.109000968933105469e+01,4.616158294677734375e+01
2.441964149475097656e-01,1.093974933028221130e-01,0.000000000000000000e+00,2.825098633766174316e-01,3.252365112304687500e+01,0.000000000000000000e+00,2.127354240417480469e+01,3.807683181762695312e+01
7.425424098968505859e+00,0.000000000000000000e+00,0.000000000000000000e+00,1.616727948188781738e+00,2.767827415466308594e+01,0.000000000000000000e+00,3.203353500366210938e+01,3.945738601684570312e+01
7.320348262786865234e+00,3.922856569290161133e+00,0.000000000000000000e+00,0.000000000000000000e+00,3.883995819091796875e+01,0.000000000000000000e+00,4.337697982788085938e+01,6.047528076171875000e+01
7.218592166900634766e+00,8.141070365905761719e+00,0.000000000000000000e+00,0.000000000000000000e+00,4.689280700683593750e+01,0.000000000000000000e+00,5.456086349487304688e+01,7.492588043212890625e+01
1.111087036132812500e+01,1.388327956199645996e+00,0.000000000000000000e+00,0.000000000000000000e+00,3.414187240600585938e+01,0.000000000000000000e+00,4.580376434326171875e+01,5.975320053100585938e+01
1.278072166442871094e+01,0.000000000000000000e+00,5.569023609161376953e+00,0.000000000000000000e+00,1.747775650024414062e+01,0.000000000000000000e+00,1.959725189208984375e+01,2.701666069030761719e+01
8.163634300231933594e+00,0.000000000000000000e+00,0.000000000000000000e+00,0.000000000000000000e+00,2.370412445068359375e+01,0.000000000000000000e+00,1.108371734619140625e+01,3.171520805358886719e+01
7.144001483917236328e+00,4.814344882965087891e+00,0.000000000000000000e+00,0.000000000000000000e+00,2.941504478454589844e+01,0.000000000000000000e+00,3.901813507080078125e+01,4.897056198120117188e+01
1.047404098510742188e+01,1.835835814476013184e+00,0.000000000000000000e+00,0.000000000000000000e+00,3.511961364746093750e+01,0.000000000000000000e+00,4.041755294799804688e+01,5.933222961425781250e+01
1.124536514282226562e+01,0.000000000000000000e+00,0.000000000000000000e+00,0.000000000000000000e+00,2.151939392089843750e+01,0.000000000000000000e+00,2.932312393188476562e+01,4.029679107666015625e+01
1.730614852905273438e+01,0.000000000000000000e+00,1.202894496917724609e+01,0.000000000000000000e+00,3.655173301696777344e+00,0.000000000000000000e+00,1.690063858032226562e+01,1.326649284362792969e+01
2.570515060424804688e+01,0.000000000000000000e+00,2.138022613525390625e+01,6.763550281524658203e+00,0.000000000000000000e+00,0.000000000000000000e+00,2.399326705932617188e+01,0.000000000000000000e+00
1.865872001647949219e+01,2.475068330764770508e+00,1.911913108825683594e+01,9.710557937622070312e+00,0.000000000000000000e+00,0.000000000000000000e+00,2.538745641708374023e+00,0.000000000000000000e+00
1.034854507446289062e+01,1.303675460815429688e+01,1.840159988403320312e+01,4.594556808471679688e+01,0.000000000000000000e+00,0.000000000000000000e+00,0.000000000000000000e+00,8.973397254943847656e+00
7.650344371795654297e-01,2.185733032226562500e+01,1.693862533569335938e+01,8.421902465820312500e+01,1.496500492095947266e+01,0.000000000000000000e+00,0.000000000000000000e+00,2.971158790588378906e+01
7.267289161682128906e-01,2.554195213317871094e+01,1.595556926727294922e+01,8.943273162841796875e+01,1.669174003601074219e+01,0.000000000000000000e+00,0.000000000000000000e+00,3.320689010620117188e+01
3.557052612304687500e-01,2.476951026916503906e+01,1.590601539611816406e+01,8.953874969482421875e+01,1.735789489746093750e+01,0.000000000000000000e+00,0.000000000000000000e+00,3.244997406005859375e+01
3.187871932983398438e+00,2.553391456604003906e+01,1.374597740173339844e+01,8.076248931884765625e+01,1.524742984771728516e+01,0.000000000000000000e+00,0.000000000000000000e+00,2.789640998840332031e+01
2.621544361114501953e+00,2.481937980651855469e+01,1.492530345916748047e+01,8.450691223144531250e+01,1.643308258056640625e+01,0.000000000000000000e+00,0.000000000000000000e+00,2.779522895812988281e+01
2.614936590194702148e+00,2.266297721862792969e+01,1.898287391662597656e+01,8.638948059082031250e+01,1.203268432617187500e+01,0.000000000000000000e+00,0.000000000000000000e+00,2.779318809509277344e+01
2.276486396789550781e+00,2.481018638610839844e+01,1.846184539794921875e+01,8.841930389404296875e+01,1.263560295104980469e+01,0.000000000000000000e+00,0.000000000000000000e+00,3.132202339172363281e+01
3.951833009719848633e+00,2.594768714904785156e+01,1.686382484436035156e+01,8.720008087158203125e+01,1.437322330474853516e+01,0.000000000000000000e+00,0.000000000000000000e+00,2.765292930603027344e+01
7.906231880187988281e-01,2.445019531250000000e+01,1.587490844726562500e+01,8.730036926269531250e+01,1.629101753234863281e+01,0.000000000000000000e+00,0.000000000000000000e+00,3.171305847167968750e+01
2.189331054687500000e+00,2.666477775573730469e+01,1.608110427856445312e+01,8.905028533935546875e+01,1.568288230895996094e+01,0.000000000000000000e+00,0.000000000000000000e+00,3.180632400512695312e+01
0.000000000000000000e+00,2.405586433410644531e+01,1.670018386840820312e+01,8.967525482177734375e+01,1.617568397521972656e+01,0.000000000000000000e+00,0.000000000000000000e+00,3.410148239135742188e+01
1.430821418762207031e-01,2.498093032836914062e+01,1.404130649566650391e+01,8.704742431640625000e+01,1.893428230285644531e+01,0.000000000000000000e+00,0.000000000000000000e+00,3.221827316284179688e+01
1.786484718322753906e-01,2.746222114562988281e+01,1.595289611816406250e+01,9.367655944824218750e+01,1.696819496154785156e+01,0.000000000000000000e+00,0.000000000000000000e+00,3.608650970458984375e+01
8.716411590576171875e+00,5.532485485076904297e+00,2.588462066650390625e+01,4.884104537963867188e+01,0.000000000000000000e+00,0.000000000000000000e+00,0.000000000000000000e+00,5.633910179138183594e+00
